index,Customer_ID,First_Purchase_Date,Age,Gender,City,Is_Returning_Customer,Year,Month,Quarter,Weekday,Weekday_Name,Month_Name,Is_Weekend,Six_Months_Window,Total_Spend,Total_Quantity,Total_Discount,Avg_Discount_Rate,Avg_Session_Duration_Minutes,Avg_Pages_Viewed,Avg_Customer_Rating,Avg_Delivery_Time_Days,Num_First_Day_Orders,Product_Category,Payment_Method,Device_Type,Avg_Price_Per_Item,Discount_Ratio,Engagement_Rate,Retention
0,CUST_00001,2023-05-29,40,Male,Ankara,True,2023,5,2,0,Monday,May,False,2023-11-29,29.18,1,0.0,0.0,14.0,9.0,4.0,13.0,1,Books,Digital Wallet,Mobile,29.18,0.0,0.643,1
1,CUST_00002,2023-02-27,33,Male,Istanbul,True,2023,2,1,0,Monday,February,False,2023-08-27,332.34,2,0.0,0.0,3.0,8.0,5.0,8.0,1,Fashion,Debit Card,Mobile,166.17,0.0,2.667,1
2,CUST_00003,2023-01-13,42,Male,Konya,False,2023,1,1,4,Friday,January,False,2023-07-13,66.44,1,0.0,0.0,9.0,5.0,5.0,3.0,1,Food,Debit Card,Desktop,66.44,0.0,0.556,0
3,CUST_00004,2024-01-15,53,Male,Izmir,False,2024,1,1,0,Monday,January,False,2024-07-15,112.65,1,0.0,0.0,9.0,6.0,4.0,5.0,1,Food,Bank Transfer,Mobile,112.65,0.0,0.667,0
4,CUST_00005,2023-03-16,32,Male,Ankara,False,2023,3,1,3,Thursday,March,False,2023-09-16,1601.01,3,0.0,0.0,12.0,8.0,5.0,5.0,1,Home & Garden,Bank Transfer,Mobile,533.67,0.0,0.667,1
5,CUST_00006,2023-05-06,32,Female,Istanbul,True,2023,5,2,5,Saturday,May,True,2023-11-06,131.96,1,0.0,0.0,17.0,9.0,5.0,4.0,1,Food,Credit Card,Desktop,131.96,0.0,0.529,1
6,CUST_00007,2023-04-25,53,Female,Ankara,True,2023,4,2,1,Tuesday,April,False,2023-10-25,150.41,3,8.92,0.055984434820812154,19.0,13.0,3.0,2.0,1,Food,Credit Card,Desktop,50.13666666666666,0.05930456751545775,0.684,0
7,CUST_00008,2023-03-13,44,Female,Konya,False,2023,3,1,0,Monday,March,False,2023-09-13,49.1,2,0.0,0.0,15.0,8.0,5.0,7.0,1,Food,Debit Card,Desktop,24.55,0.0,0.533,0
8,CUST_00009,2024-01-13,29,Male,Ankara,False,2024,1,1,5,Saturday,January,True,2024-07-13,55.89,1,3.04,0.05158662820295266,13.0,3.0,3.0,14.0,1,Beauty,Credit Card,Desktop,55.89,0.054392556808015746,0.231,0
9,CUST_00010,2023-02-22,41,Male,Kayseri,True,2023,2,1,2,Wednesday,February,False,2023-08-22,215.13,2,13.61,0.059499868846725534,22.0,9.0,5.0,5.0,1,Home & Garden,Credit Card,Desktop,107.565,0.06326407288616186,0.409,0
10,CUST_00011,2023-04-08,29,Male,Kayseri,True,2023,4,2,5,Saturday,April,True,2023-10-08,849.8,4,0.0,0.0,8.0,8.0,5.0,5.0,1,Beauty,Credit Card,Mobile,212.45,0.0,1.0,0
11,CUST_00012,2024-01-15,29,Other,Istanbul,False,2024,1,1,0,Monday,January,False,2024-07-15,1090.15,5,0.0,0.0,3.0,8.0,3.0,4.0,1,Toys,Credit Card,Mobile,218.03000000000003,0.0,2.667,0
12,CUST_00013,2023-02-09,37,Female,Istanbul,True,2023,2,1,3,Thursday,February,False,2023-08-09,627.38,1,172.04,0.21520602436766656,12.0,7.0,5.0,13.0,1,Home & Garden,Digital Wallet,Mobile,627.38,0.274219771111607,0.583,0
13,CUST_00014,2023-01-22,18,Female,Konya,True,2023,1,1,6,Sunday,January,True,2023-07-22,74.76,1,0.0,0.0,13.0,6.0,3.0,5.0,1,Food,Debit Card,Desktop,74.76,0.0,0.462,0
14,CUST_00015,2023-02-13,18,Male,Ankara,False,2023,2,1,0,Monday,February,False,2023-08-13,5642.07,3,0.0,0.0,18.0,12.0,4.0,4.0,1,Electronics,Credit Card,Mobile,1880.6899999999998,0.0,0.667,0
15,CUST_00016,2023-01-23,28,Female,Istanbul,True,2023,1,1,0,Monday,January,False,2023-07-23,1666.56,2,194.12,0.10432745017950426,14.0,7.0,4.0,8.0,1,Electronics,Bank Transfer,Mobile,833.28,0.11647945468509985,0.5,1
16,CUST_00017,2023-01-17,22,Male,Ankara,True,2023,1,1,1,Tuesday,January,False,2023-07-17,67.22,1,0.0,0.0,3.0,8.0,5.0,6.0,1,Beauty,Bank Transfer,Mobile,67.22,0.0,2.667,0
17,CUST_00018,2023-01-01,38,Female,Bursa,True,2023,1,1,6,Sunday,January,True,2023-07-01,104.2,5,0.0,0.0,17.0,10.0,4.0,5.0,1,Books,Bank Transfer,Mobile,20.84,0.0,0.588,0
18,CUST_00019,2023-02-17,24,Female,Gaziantep,True,2023,2,1,4,Friday,February,False,2023-08-17,321.57,1,59.02,0.1550750151081216,8.0,10.0,5.0,4.0,1,Electronics,Credit Card,Desktop,321.57,0.18353702148832293,1.25,0
19,CUST_00020,2023-04-22,18,Female,Istanbul,True,2023,4,2,5,Saturday,April,True,2023-10-22,303.91,1,0.0,0.0,9.0,4.0,1.0,6.0,1,Toys,Credit Card,Desktop,303.91,0.0,0.444,0
20,CUST_00021,2023-04-30,52,Female,Istanbul,False,2023,4,2,6,Sunday,April,True,2023-10-30,449.19,1,84.22,0.15788980334076977,14.0,6.0,5.0,2.0,1,Fashion,Credit Card,Mobile,449.19,0.18749304303301498,0.429,0
21,CUST_00022,2023-05-28,32,Male,Kayseri,False,2023,5,2,6,Sunday,May,True,2023-11-28,242.82,3,0.0,0.0,17.0,9.0,3.0,6.0,1,Toys,Credit Card,Desktop,80.94,0.0,0.529,1
22,CUST_00023,2023-11-05,35,Female,Adana,True,2023,11,4,6,Sunday,November,True,2024-05-05,245.95,1,85.23,0.2573524971314693,7.0,9.0,5.0,3.0,1,Sports,Credit Card,Mobile,245.95,0.3465338483431592,1.286,0
23,CUST_00024,2023-01-14,18,Female,Bursa,False,2023,1,1,5,Saturday,January,True,2023-07-14,79.59,1,0.0,0.0,6.0,11.0,3.0,4.0,1,Sports,Bank Transfer,Mobile,79.59,0.0,1.833,1
24,CUST_00025,2023-01-28,28,Male,Adana,True,2023,1,1,5,Saturday,January,True,2023-07-28,817.59,2,66.41,0.07512443438914027,9.0,11.0,5.0,2.0,1,Home & Garden,Credit Card,Desktop,408.795,0.0812265316356609,1.222,0
25,CUST_00026,2023-04-12,36,Male,Izmir,False,2023,4,2,2,Wednesday,April,False,2023-10-12,176.44,2,0.0,0.0,19.0,9.0,2.0,4.0,1,Fashion,Digital Wallet,Desktop,88.22,0.0,0.474,1
26,CUST_00027,2023-01-10,21,Male,Adana,False,2023,1,1,1,Tuesday,January,False,2023-07-10,1259.36,4,0.0,0.0,14.0,8.0,4.0,9.0,1,Toys,Debit Card,Mobile,314.84,0.0,0.571,0
27,CUST_00028,2023-02-07,39,Male,Ankara,True,2023,2,1,1,Tuesday,February,False,2023-08-07,673.5,3,0.0,0.0,16.0,10.0,5.0,3.0,1,Fashion,Debit Card,Mobile,224.5,0.0,0.625,0
28,CUST_00029,2023-03-26,27,Male,Istanbul,True,2023,3,1,6,Sunday,March,True,2023-09-26,156.08,4,0.0,0.0,12.0,7.0,2.0,3.0,1,Books,Bank Transfer,Desktop,39.02,0.0,0.583,1
29,CUST_00030,2023-01-05,31,Female,Adana,True,2023,1,1,3,Thursday,January,False,2023-07-05,52.2,1,12.11,0.18830663971388584,9.0,13.0,5.0,8.0,1,Beauty,Credit Card,Desktop,52.2,0.23199233716475093,1.444,1
30,CUST_00031,2023-03-17,27,Male,Izmir,False,2023,3,1,4,Friday,March,False,2023-09-17,161.13,3,0.0,0.0,15.0,11.0,4.0,9.0,1,Food,Bank Transfer,Mobile,53.71,0.0,0.733,0
31,CUST_00032,2023-04-23,57,Male,Eskisehir,True,2023,4,2,6,Sunday,April,True,2023-10-23,88.67,1,0.0,0.0,11.0,8.0,2.0,7.0,1,Food,Credit Card,Desktop,88.67,0.0,0.727,0
32,CUST_00033,2023-04-30,34,Female,Ankara,False,2023,4,2,6,Sunday,April,True,2023-10-30,83.15,1,0.0,0.0,14.0,12.0,3.0,5.0,1,Toys,Credit Card,Mobile,83.15,0.0,0.857,0
33,CUST_00034,2023-01-26,22,Female,Kayseri,True,2023,1,1,3,Thursday,January,False,2023-07-26,4937.34,3,930.12,0.1585217453548895,15.0,9.0,5.0,6.0,1,Electronics,Bank Transfer,Desktop,1645.78,0.18838483879983958,0.6,0
34,CUST_00035,2023-05-23,44,Female,Kayseri,True,2023,5,2,1,Tuesday,May,False,2023-11-23,9406.46,2,0.0,0.0,6.0,9.0,1.0,10.0,1,Electronics,Credit Card,Mobile,4703.23,0.0,1.5,0
35,CUST_00036,2023-05-01,20,Male,Istanbul,True,2023,5,2,0,Monday,May,False,2023-11-01,81.84,3,0.0,0.0,11.0,8.0,4.0,6.0,1,Food,Debit Card,Mobile,27.28,0.0,0.727,1
36,CUST_00037,2023-12-29,37,Female,Gaziantep,False,2023,12,4,4,Friday,December,False,2024-06-29,3599.4,3,0.0,0.0,17.0,4.0,5.0,15.0,1,Home & Garden,Credit Card,Tablet,1199.8,0.0,0.235,0
37,CUST_00038,2023-01-04,18,Female,Izmir,False,2023,1,1,2,Wednesday,January,False,2023-07-04,391.05,5,0.0,0.0,9.0,7.0,4.0,8.0,1,Beauty,Digital Wallet,Mobile,78.21000000000001,0.0,0.778,1
38,CUST_00039,2023-03-23,19,Male,Kayseri,False,2023,3,1,3,Thursday,March,False,2023-09-23,406.74,2,0.0,0.0,12.0,11.0,5.0,7.0,1,Beauty,Credit Card,Mobile,203.37,0.0,0.917,0
39,CUST_00040,2023-12-22,37,Male,Izmir,False,2023,12,4,4,Friday,December,False,2024-06-22,1400.91,3,0.0,0.0,13.0,6.0,5.0,8.0,1,Toys,Credit Card,Mobile,466.97,0.0,0.462,1
40,CUST_00041,2023-03-23,43,Female,Adana,False,2023,3,1,3,Thursday,March,False,2023-09-23,4005.45,5,33.29,0.06126242178873758,16.0,9.0,3.5,7.0,2,Sports,Debit Card,Desktop,801.0899999999999,0.008311176022669113,0.562,0
41,CUST_00042,2023-03-02,37,Female,Izmir,True,2023,3,1,3,Thursday,March,False,2023-09-02,3465.84,3,0.0,0.0,11.0,10.0,5.0,4.0,1,Home & Garden,Debit Card,Tablet,1155.28,0.0,0.909,0
42,CUST_00043,2023-02-05,33,Female,Istanbul,True,2023,2,1,6,Sunday,February,True,2023-08-05,592.58,3,78.73,0.11727815763209247,17.0,10.0,5.0,10.0,1,Fashion,Credit Card,Mobile,197.52666666666667,0.1328596982685882,0.588,0
43,CUST_00044,2023-04-05,31,Female,Istanbul,False,2023,4,2,2,Wednesday,April,False,2023-10-05,210.12,4,0.0,0.0,12.0,4.0,5.0,2.0,1,Beauty,Digital Wallet,Mobile,52.53,0.0,0.333,0
44,CUST_00045,2023-05-23,18,Female,Izmir,True,2023,5,2,1,Tuesday,May,False,2023-11-23,241.44,2,24.74,0.0929446239386881,12.0,7.0,5.0,4.0,1,Fashion,Digital Wallet,Mobile,120.72,0.10246852220013253,0.583,0
45,CUST_00046,2023-01-12,26,Female,Adana,True,2023,1,1,3,Thursday,January,False,2023-07-12,1748.35,5,0.0,0.0,14.0,9.0,3.0,4.0,1,Electronics,Digital Wallet,Desktop,349.66999999999996,0.0,0.643,0
46,CUST_00047,2023-02-15,29,Male,Bursa,True,2023,2,1,2,Wednesday,February,False,2023-08-15,906.25,2,234.25,0.20539237176676897,17.0,9.0,5.0,3.0,1,Home & Garden,Credit Card,Mobile,453.125,0.25848275862068965,0.529,0
47,CUST_00048,2023-04-01,47,Male,Antalya,True,2023,4,2,5,Saturday,April,True,2023-10-01,2582.12,4,436.52,0.14460816791667772,13.0,11.0,2.0,2.0,1,Home & Garden,Credit Card,Mobile,645.53,0.1690548851331464,0.846,1
48,CUST_00049,2023-03-13,39,Male,Ankara,True,2023,3,1,0,Monday,March,False,2023-09-13,246.46,2,0.0,0.0,14.0,10.0,5.0,10.0,1,Beauty,Credit Card,Desktop,123.23,0.0,0.714,1
49,CUST_00050,2023-02-22,18,Female,Izmir,True,2023,2,1,2,Wednesday,February,False,2023-08-22,933.58,2,0.0,0.0,13.0,10.0,5.0,9.0,1,Sports,Digital Wallet,Mobile,466.79,0.0,0.769,0
50,CUST_00051,2023-01-03,38,Female,Istanbul,False,2023,1,1,1,Tuesday,January,False,2023-07-03,254.45,1,34.32,0.11884891089794647,11.0,8.0,4.0,14.0,1,Sports,Credit Card,Desktop,254.45,0.13487915111023777,0.727,0
51,CUST_00052,2023-04-13,30,Female,Gaziantep,True,2023,4,2,3,Thursday,April,False,2023-10-13,5480.96,5,1212.19,0.1811090443214331,13.0,10.0,3.0,11.0,1,Home & Garden,Credit Card,Mobile,1096.192,0.22116381071929006,0.769,1
52,CUST_00053,2023-02-19,26,Male,Eskisehir,True,2023,2,1,6,Sunday,February,True,2023-08-19,1351.08,2,0.0,0.0,16.0,8.0,1.0,11.0,1,Sports,Credit Card,Mobile,675.54,0.0,0.5,0
53,CUST_00054,2023-07-03,42,Female,Izmir,True,2023,7,3,0,Monday,July,False,2024-01-03,3314.93,1,0.0,0.0,16.0,8.0,5.0,3.0,1,Electronics,Debit Card,Mobile,3314.93,0.0,0.5,0
54,CUST_00055,2023-05-30,47,Male,Istanbul,True,2023,5,2,1,Tuesday,May,False,2023-11-30,240.15,3,0.0,0.0,19.0,6.0,4.0,13.0,1,Beauty,Digital Wallet,Mobile,80.05,0.0,0.316,0
55,CUST_00056,2023-05-09,46,Male,Istanbul,True,2023,5,2,1,Tuesday,May,False,2023-11-09,2648.97,3,0.0,0.0,17.0,11.0,5.0,3.0,1,Electronics,Credit Card,Mobile,882.9899999999999,0.0,0.647,1
56,CUST_00057,2023-03-27,24,Female,Antalya,False,2023,3,1,0,Monday,March,False,2023-09-27,1046.32,4,0.0,0.0,11.0,9.0,4.0,5.0,1,Sports,Credit Card,Tablet,261.58,0.0,0.818,0
57,CUST_00058,2023-05-16,31,Female,Bursa,True,2023,5,2,1,Tuesday,May,False,2023-11-16,844.32,4,0.0,0.0,21.0,11.0,2.0,3.0,1,Home & Garden,Debit Card,Mobile,211.08,0.0,0.524,1
58,CUST_00059,2023-02-11,38,Other,Gaziantep,False,2023,2,1,5,Saturday,February,True,2023-08-11,1067.75,5,0.0,0.0,16.0,11.0,3.0,10.0,1,Fashion,Debit Card,Tablet,213.55,0.0,0.687,0
59,CUST_00060,2023-01-23,46,Male,Ankara,True,2023,1,1,0,Monday,January,False,2023-07-23,19.74,1,0.0,0.0,28.0,8.0,5.0,3.0,1,Books,Digital Wallet,Mobile,19.74,0.0,0.286,0
60,CUST_00061,2023-01-08,29,Female,Adana,True,2023,1,1,6,Sunday,January,True,2023-07-08,318.92,1,84.63,0.20971379011274932,14.0,8.0,1.0,5.0,1,Fashion,Cash on Delivery,Mobile,318.92,0.2653643546971027,0.571,0
61,CUST_00062,2023-02-12,32,Male,Antalya,True,2023,2,1,6,Sunday,February,True,2023-08-12,347.1,5,0.0,0.0,17.0,10.0,5.0,3.0,1,Beauty,Credit Card,Tablet,69.42,0.0,0.588,0
62,CUST_00063,2023-01-08,21,Male,Ankara,True,2023,1,1,6,Sunday,January,True,2023-07-08,1826.1,5,0.0,0.0,12.0,9.0,5.0,4.0,1,Fashion,Digital Wallet,Mobile,365.21999999999997,0.0,0.75,0
63,CUST_00064,2023-03-05,20,Female,Bursa,True,2023,3,1,6,Sunday,March,True,2023-09-05,377.6,3,36.19,0.08745982261533627,11.0,14.0,4.0,11.0,1,Food,Credit Card,Mobile,125.86666666666667,0.09584216101694915,1.273,0
64,CUST_00065,2023-07-13,44,Female,Istanbul,True,2023,7,3,3,Thursday,July,False,2024-01-13,164.43,1,0.0,0.0,6.0,10.0,4.0,3.0,1,Beauty,Debit Card,Desktop,164.43,0.0,1.667,0
65,CUST_00066,2023-02-10,51,Female,Izmir,True,2023,2,1,4,Friday,February,False,2023-08-10,1344.46,2,0.0,0.0,33.0,10.0,4.0,7.0,1,Home & Garden,Digital Wallet,Desktop,672.23,0.0,0.303,0
66,CUST_00067,2023-01-13,34,Male,Konya,True,2023,1,1,4,Friday,January,False,2023-07-13,142.22,2,0.0,0.0,16.0,9.0,4.0,6.0,1,Food,Bank Transfer,Desktop,71.11,0.0,0.562,1
67,CUST_00068,2023-05-31,47,Female,Izmir,True,2023,5,2,2,Wednesday,May,False,2023-11-30,2613.26,1,595.11,0.1854867113207018,14.0,13.0,3.0,5.0,1,Electronics,Credit Card,Tablet,2613.26,0.22772705356527861,0.929,0
68,CUST_00069,2023-08-11,39,Male,Gaziantep,True,2023,8,3,4,Friday,August,False,2024-02-11,374.38,2,0.0,0.0,13.0,11.0,2.0,11.0,1,Fashion,Digital Wallet,Tablet,187.19,0.0,0.846,0
69,CUST_00070,2023-01-20,27,Female,Bursa,True,2023,1,1,4,Friday,January,False,2023-07-20,108.56,1,10.05,0.08473147289435967,11.0,6.0,5.0,3.0,1,Toys,Credit Card,Mobile,108.56,0.09257553426676493,0.545,0
70,CUST_00071,2023-01-29,39,Male,Istanbul,True,2023,1,1,6,Sunday,January,True,2023-07-29,159.18,4,14.42,0.08306451612903226,15.0,4.0,5.0,9.0,1,Books,Credit Card,Mobile,39.795,0.09058927000879508,0.267,0
71,CUST_00072,2023-01-08,53,Male,Bursa,True,2023,1,1,6,Sunday,January,True,2023-07-08,2877.12,2,0.0,0.0,11.0,8.0,4.0,12.0,1,Sports,Credit Card,Mobile,1438.56,0.0,0.727,0
72,CUST_00073,2023-07-05,34,Female,Izmir,True,2023,7,3,2,Wednesday,July,False,2024-01-05,875.18,2,0.0,0.0,10.0,11.0,4.0,4.0,1,Fashion,Digital Wallet,Mobile,437.59,0.0,1.1,0
73,CUST_00074,2023-01-13,53,Female,Ankara,False,2023,1,1,4,Friday,January,False,2023-07-13,195.21,4,18.95,0.0884852446768771,11.0,6.0,3.0,6.0,1,Home & Garden,Credit Card,Tablet,48.8025,0.09707494493109983,0.545,1
74,CUST_00075,2023-04-09,18,Male,Istanbul,False,2023,4,2,6,Sunday,April,True,2023-10-09,250.32,5,13.58,0.051458885941644564,24.0,9.0,5.0,4.0,1,Beauty,Bank Transfer,Mobile,50.064,0.05425055928411633,0.375,0
75,CUST_00076,2023-04-08,44,Male,Izmir,True,2023,4,2,5,Saturday,April,True,2023-10-08,306.85,2,63.05,0.1704514733711814,15.0,6.0,5.0,7.0,1,Books,Digital Wallet,Mobile,153.425,0.2054749877790451,0.4,1
76,CUST_00077,2023-02-05,36,Female,Istanbul,True,2023,2,1,6,Sunday,February,True,2023-08-05,165.02,1,0.0,0.0,7.0,13.0,2.0,3.0,1,Fashion,Digital Wallet,Desktop,165.02,0.0,1.857,1
77,CUST_00078,2023-01-24,31,Male,Istanbul,False,2023,1,1,1,Tuesday,January,False,2023-07-24,39.77,1,0.0,0.0,12.0,6.0,5.0,9.0,1,Books,Digital Wallet,Mobile,39.77,0.0,0.5,1
78,CUST_00079,2023-02-21,36,Male,Izmir,True,2023,2,1,1,Tuesday,February,False,2023-08-21,459.24,4,0.0,0.0,16.0,8.0,5.0,10.0,1,Toys,Debit Card,Mobile,114.81,0.0,0.5,1
79,CUST_00080,2023-03-19,18,Male,Ankara,True,2023,3,1,6,Sunday,March,True,2023-09-19,156.48,2,0.0,0.0,13.0,9.0,4.0,5.0,1,Toys,Digital Wallet,Mobile,78.24,0.0,0.692,1
80,CUST_00081,2023-11-02,32,Male,Kayseri,False,2023,11,4,3,Thursday,November,False,2024-05-02,1985.21,2,324.15,0.14036356393113242,12.0,10.0,2.0,3.0,1,Electronics,Credit Card,Mobile,992.605,0.16328247389444944,0.833,0
81,CUST_00082,2023-01-08,39,Female,Ankara,False,2023,1,1,6,Sunday,January,True,2023-07-08,271.55,5,0.0,0.0,18.0,7.0,4.0,12.0,1,Books,Debit Card,Mobile,54.31,0.0,0.389,1
82,CUST_00083,2023-02-10,52,Female,Adana,True,2023,2,1,4,Friday,February,False,2023-08-10,42.89,1,0.0,0.0,26.0,10.0,5.0,8.0,1,Books,Digital Wallet,Desktop,42.89,0.0,0.385,0
83,CUST_00084,2023-04-07,28,Female,Bursa,False,2023,4,2,4,Friday,April,False,2023-10-07,149.11,1,0.0,0.0,14.0,10.0,4.0,5.0,1,Sports,Cash on Delivery,Desktop,149.11,0.0,0.714,1
84,CUST_00085,2023-04-30,25,Other,Adana,False,2023,4,2,6,Sunday,April,True,2023-10-30,265.45,5,0.0,0.0,5.0,3.0,4.0,6.0,1,Books,Debit Card,Mobile,53.089999999999996,0.0,0.6,1
85,CUST_00086,2023-01-22,28,Male,Ankara,False,2023,1,1,6,Sunday,January,True,2023-07-22,191.9,5,0.0,0.0,12.0,13.0,5.0,10.0,1,Books,Debit Card,Mobile,38.38,0.0,1.083,0
86,CUST_00087,2023-02-17,45,Male,Kayseri,False,2023,2,1,4,Friday,February,False,2023-08-17,61.9,4,9.22,0.1296400449943757,13.0,10.0,3.0,4.0,1,Books,Credit Card,Desktop,15.475,0.14894991922455575,0.769,1
87,CUST_00088,2023-05-05,38,Male,Bursa,True,2023,5,2,4,Friday,May,False,2023-11-05,48.14,1,0.0,0.0,15.0,8.0,5.0,5.0,1,Books,Credit Card,Mobile,48.14,0.0,0.533,1
88,CUST_00089,2023-01-14,28,Male,Gaziantep,True,2023,1,1,5,Saturday,January,True,2023-07-14,681.12,1,0.0,0.0,14.0,7.0,4.0,7.0,1,Home & Garden,Credit Card,Desktop,681.12,0.0,0.5,1
89,CUST_00090,2023-05-03,41,Male,Ankara,True,2023,5,2,2,Wednesday,May,False,2023-11-03,2290.48,4,0.0,0.0,11.0,9.0,2.0,7.0,1,Home & Garden,Credit Card,Desktop,572.62,0.0,0.818,1
90,CUST_00091,2023-02-14,36,Female,Istanbul,False,2023,2,1,1,Tuesday,February,False,2023-08-14,97.58,2,25.5,0.20718232044198895,14.0,7.0,5.0,4.0,1,Sports,Debit Card,Mobile,48.79,0.2613240418118467,0.5,1
91,CUST_00092,2023-01-08,46,Female,Antalya,True,2023,1,1,6,Sunday,January,True,2023-07-08,3168.36,3,0.0,0.0,17.0,8.0,4.0,5.0,1,Electronics,Debit Card,Mobile,1056.1200000000001,0.0,0.471,1
92,CUST_00093,2023-07-06,26,Male,Istanbul,True,2023,7,3,3,Thursday,July,False,2024-01-06,539.39,3,46.36,0.0791463935125907,21.0,12.0,4.0,11.0,1,Beauty,Debit Card,Mobile,179.79666666666665,0.08594894232373608,0.571,1
93,CUST_00094,2023-03-25,31,Female,Izmir,False,2023,3,1,5,Saturday,March,True,2023-09-25,88.89,4,6.27,0.0658890290037831,15.0,9.0,5.0,11.0,1,Books,Credit Card,Mobile,22.2225,0.07053661829227134,0.6,0
94,CUST_00095,2023-05-08,30,Female,Istanbul,False,2023,5,2,0,Monday,May,False,2023-11-08,31.69,1,0.0,0.0,20.0,10.0,5.0,9.0,1,Toys,Digital Wallet,Mobile,31.69,0.0,0.5,1
95,CUST_00096,2023-07-01,18,Female,Antalya,True,2023,7,3,5,Saturday,July,True,2024-01-01,14.65,1,0.0,0.0,37.0,7.0,3.0,4.0,1,Food,Debit Card,Mobile,14.65,0.0,0.189,1
96,CUST_00097,2023-04-18,38,Female,Eskisehir,True,2023,4,2,1,Tuesday,April,False,2023-10-18,616.85,5,0.0,0.0,30.0,11.0,4.0,5.0,1,Fashion,Digital Wallet,Mobile,123.37,0.0,0.367,0
97,CUST_00098,2023-05-29,38,Female,Izmir,True,2023,5,2,0,Monday,May,False,2023-11-29,233.84,4,0.0,0.0,19.0,7.0,2.0,7.0,1,Food,Digital Wallet,Mobile,58.46,0.0,0.368,0
98,CUST_00099,2023-05-17,35,Female,Gaziantep,True,2023,5,2,2,Wednesday,May,False,2023-11-17,235.59,1,0.0,0.0,14.0,8.0,4.0,6.0,1,Fashion,Debit Card,Desktop,235.59,0.0,0.571,1
99,CUST_00100,2023-12-26,32,Female,Izmir,False,2023,12,4,1,Tuesday,December,False,2024-06-26,1722.72,2,0.0,0.0,21.0,6.0,5.0,14.0,1,Sports,Credit Card,Mobile,861.36,0.0,0.286,0
100,CUST_00101,2023-01-24,18,Female,Izmir,True,2023,1,1,1,Tuesday,January,False,2023-07-24,893.8,5,0.0,0.0,17.0,12.0,3.0,6.0,1,Toys,Debit Card,Mobile,178.76,0.0,0.706,1
101,CUST_00102,2023-04-15,29,Male,Kayseri,True,2023,4,2,5,Saturday,April,True,2023-10-15,1958.74,2,0.0,0.0,11.0,7.0,1.0,9.0,1,Sports,Bank Transfer,Mobile,979.37,0.0,0.636,0
102,CUST_00103,2023-02-06,30,Male,Konya,True,2023,2,1,0,Monday,February,False,2023-08-06,734.8,2,0.0,0.0,22.0,9.0,5.0,7.0,1,Sports,Digital Wallet,Mobile,367.4,0.0,0.409,1
103,CUST_00104,2023-01-01,25,Female,Gaziantep,True,2023,1,1,6,Sunday,January,True,2023-07-01,382.88,1,0.0,0.0,16.0,8.0,4.0,7.0,1,Fashion,Digital Wallet,Desktop,382.88,0.0,0.5,1
104,CUST_00105,2023-10-21,33,Male,Ankara,False,2023,10,4,5,Saturday,October,True,2024-04-21,1340.43,5,205.77,0.13308110205665502,16.0,6.0,4.0,12.0,1,Home & Garden,Debit Card,Desktop,268.086,0.15351044067948344,0.375,1
105,CUST_00106,2023-03-29,39,Male,Bursa,True,2023,3,1,2,Wednesday,March,False,2023-09-29,2507.04,4,0.0,0.0,29.0,8.0,3.0,6.0,1,Fashion,Digital Wallet,Mobile,626.76,0.0,0.276,0
106,CUST_00107,2023-02-15,57,Female,Istanbul,True,2023,2,1,2,Wednesday,February,False,2023-08-15,148.09,1,0.0,0.0,10.0,7.0,5.0,12.0,1,Home & Garden,Credit Card,Mobile,148.09,0.0,0.7,1
107,CUST_00108,2023-03-10,37,Male,Izmir,True,2023,3,1,4,Friday,March,False,2023-09-10,8674.5,3,0.0,0.0,13.0,9.0,5.0,1.0,1,Electronics,Bank Transfer,Mobile,2891.5,0.0,0.692,0
108,CUST_00109,2023-02-17,38,Female,Izmir,True,2023,2,1,4,Friday,February,False,2023-08-17,526.55,1,0.0,0.0,17.0,8.0,5.0,2.0,1,Home & Garden,Credit Card,Tablet,526.55,0.0,0.471,1
109,CUST_00110,2023-03-25,34,Female,Gaziantep,False,2023,3,1,5,Saturday,March,True,2023-09-25,709.95,2,26.91,0.03651982737562088,8.0,12.0,5.0,3.0,1,Fashion,Digital Wallet,Desktop,354.975,0.03790407775195436,1.5,1
110,CUST_00111,2023-01-05,18,Female,Konya,True,2023,1,1,3,Thursday,January,False,2023-07-05,117.23,1,0.0,0.0,13.0,9.0,4.0,7.0,1,Beauty,Credit Card,Desktop,117.23,0.0,0.692,0
111,CUST_00112,2023-07-14,34,Female,Izmir,True,2023,7,3,4,Friday,July,False,2024-01-14,54.71,1,18.95,0.257263100733098,11.0,9.0,3.0,10.0,1,Beauty,Digital Wallet,Mobile,54.71,0.3463717784682873,0.818,1
112,CUST_00113,2023-05-19,35,Male,Istanbul,False,2023,5,2,4,Friday,May,False,2023-11-19,68.43,2,3.85,0.05326508024349751,9.0,11.0,4.0,9.0,1,Books,Bank Transfer,Mobile,34.215,0.05626187344731842,1.222,0
113,CUST_00114,2023-06-25,64,Female,Konya,False,2023,6,2,6,Sunday,June,True,2023-12-25,159.57,3,39.12,0.19688962705722482,21.0,11.0,5.0,4.0,1,Beauty,Credit Card,Desktop,53.19,0.24515886444820453,0.524,1
114,CUST_00115,2023-02-12,32,Female,Istanbul,False,2023,2,1,6,Sunday,February,True,2023-08-12,305.4,3,0.0,0.0,13.0,11.0,4.0,4.0,1,Beauty,Debit Card,Desktop,101.8,0.0,0.846,1
115,CUST_00116,2023-04-21,38,Other,Antalya,True,2023,4,2,4,Friday,April,False,2023-10-21,360.9,5,0.0,0.0,14.0,12.0,2.0,7.0,1,Toys,Credit Card,Desktop,72.17999999999999,0.0,0.857,1
116,CUST_00117,2023-01-02,34,Male,Istanbul,True,2023,1,1,0,Monday,January,False,2023-07-02,399.26,1,0.0,0.0,11.0,11.0,2.0,3.0,1,Fashion,Credit Card,Mobile,399.26,0.0,1.0,1
117,CUST_00118,2023-07-12,20,Male,Ankara,False,2023,7,3,2,Wednesday,July,False,2024-01-12,619.35,5,0.0,0.0,12.0,10.0,4.0,6.0,1,Beauty,Debit Card,Desktop,123.87,0.0,0.833,1
118,CUST_00119,2023-04-01,48,Female,Eskisehir,False,2023,4,2,5,Saturday,April,True,2023-10-01,120.82,1,0.0,0.0,17.0,8.0,2.0,13.0,1,Food,Debit Card,Mobile,120.82,0.0,0.471,0
119,CUST_00120,2023-12-14,44,Male,Istanbul,True,2023,12,4,3,Thursday,December,False,2024-06-14,199.55,5,0.0,0.0,20.0,9.0,4.0,5.0,1,Books,Credit Card,Mobile,39.910000000000004,0.0,0.45,1
120,CUST_00121,2023-07-17,44,Female,Izmir,True,2023,7,3,0,Monday,July,False,2024-01-17,79.85,5,0.0,0.0,15.0,7.0,3.0,7.0,1,Beauty,Credit Card,Desktop,15.969999999999999,0.0,0.467,0
121,CUST_00122,2023-01-09,24,Male,Ankara,False,2023,1,1,0,Monday,January,False,2023-07-09,3620.16,4,0.0,0.0,13.0,8.0,4.0,6.0,1,Sports,Cash on Delivery,Desktop,905.04,0.0,0.615,0
122,CUST_00123,2023-01-29,51,Male,Konya,True,2023,1,1,6,Sunday,January,True,2023-07-29,11.02,1,2.36,0.1763826606875934,11.0,9.0,1.0,5.0,1,Books,Cash on Delivery,Mobile,11.02,0.21415607985480944,0.818,0
123,CUST_00124,2023-04-28,18,Male,Konya,True,2023,4,2,4,Friday,April,False,2023-10-28,252.12,2,0.0,0.0,28.0,11.0,4.0,8.0,1,Food,Credit Card,Desktop,126.06,0.0,0.393,0
124,CUST_00125,2023-02-17,42,Male,Istanbul,True,2023,2,1,4,Friday,February,False,2023-08-17,4285.19,3,901.6,0.17382620079085523,13.0,8.0,3.0,9.0,1,Home & Garden,Credit Card,Mobile,1428.3966666666665,0.2103990721531601,0.615,1
125,CUST_00126,2023-01-17,61,Female,Istanbul,False,2023,1,1,1,Tuesday,January,False,2023-07-17,185.75,1,0.0,0.0,24.0,12.0,5.0,10.0,1,Toys,Digital Wallet,Mobile,185.75,0.0,0.5,1
126,CUST_00127,2023-08-10,23,Female,Antalya,True,2023,8,3,3,Thursday,August,False,2024-02-10,6599.33,3,1157.56,0.14922991044091122,11.0,10.0,5.0,3.0,1,Electronics,Credit Card,Desktop,2199.7766666666666,0.17540568512258062,0.909,0
127,CUST_00128,2023-06-11,28,Male,Ankara,True,2023,6,2,6,Sunday,June,True,2023-12-11,466.1,5,0.0,0.0,13.0,6.0,1.0,2.0,1,Food,Credit Card,Mobile,93.22,0.0,0.462,0
128,CUST_00129,2023-05-11,36,Female,Antalya,False,2023,5,2,3,Thursday,May,False,2023-11-11,3776.99,3,746.35,0.1649997568168654,21.0,6.0,5.0,4.0,1,Home & Garden,Debit Card,Mobile,1258.9966666666667,0.1976044416320933,0.286,1
129,CUST_00130,2023-01-17,28,Male,Istanbul,False,2023,1,1,1,Tuesday,January,False,2023-07-17,82.26,2,0.0,0.0,21.0,6.0,4.0,14.0,1,Toys,Debit Card,Mobile,41.13,0.0,0.286,1
130,CUST_00131,2023-02-03,18,Female,Istanbul,False,2023,2,1,4,Friday,February,False,2023-08-03,234.44,2,0.0,0.0,17.0,8.0,4.0,3.0,1,Sports,Debit Card,Tablet,117.22,0.0,0.471,0
131,CUST_00132,2023-04-19,35,Male,Antalya,True,2023,4,2,2,Wednesday,April,False,2023-10-19,383.14,3,28.04,0.06819397830633786,14.0,13.0,5.0,4.0,1,Beauty,Credit Card,Mobile,127.71333333333332,0.07318473664978858,0.929,0
132,CUST_00133,2023-03-02,22,Female,Istanbul,True,2023,3,1,3,Thursday,March,False,2023-09-02,85.05,3,0.0,0.0,12.0,9.0,4.0,6.0,1,Books,Bank Transfer,Mobile,28.349999999999998,0.0,0.75,0
133,CUST_00134,2023-03-20,40,Female,Konya,True,2023,3,1,0,Monday,March,False,2023-09-20,151.2,1,0.0,0.0,14.0,10.0,3.0,4.0,1,Food,Credit Card,Mobile,151.2,0.0,0.714,0
134,CUST_00135,2023-05-01,23,Female,Istanbul,True,2023,5,2,0,Monday,May,False,2023-11-01,562.0,4,0.0,0.0,18.0,10.0,2.0,7.0,1,Beauty,Cash on Delivery,Mobile,140.5,0.0,0.556,1
135,CUST_00136,2023-06-11,53,Female,Istanbul,True,2023,6,2,6,Sunday,June,True,2023-12-11,176.88,1,0.0,0.0,9.0,5.0,4.0,4.0,1,Food,Credit Card,Desktop,176.88,0.0,0.556,1
136,CUST_00137,2023-01-02,25,Female,Eskisehir,True,2023,1,1,0,Monday,January,False,2023-07-02,59.03,2,15.95,0.21272339290477457,15.0,10.0,5.0,4.0,1,Books,Debit Card,Mobile,29.515,0.2702015924106386,0.667,1
137,CUST_00138,2023-04-03,31,Female,Izmir,True,2023,4,2,0,Monday,April,False,2023-10-03,3559.78,1,0.0,0.0,14.0,13.0,5.0,6.0,1,Electronics,Debit Card,Desktop,3559.78,0.0,0.929,0
138,CUST_00139,2023-06-13,44,Female,Adana,True,2023,6,2,1,Tuesday,June,False,2023-12-13,1357.45,5,0.0,0.0,14.0,6.0,4.0,2.0,1,Home & Garden,Debit Card,Desktop,271.49,0.0,0.429,1
139,CUST_00140,2023-01-31,20,Female,Istanbul,True,2023,1,1,1,Tuesday,January,False,2023-07-31,95.32,1,0.0,0.0,16.0,7.0,5.0,8.0,1,Beauty,Credit Card,Mobile,95.32,0.0,0.437,1
140,CUST_00141,2023-02-12,37,Female,Bursa,False,2023,2,1,6,Sunday,February,True,2023-08-12,431.28,5,45.67,0.09575427193626167,15.0,13.0,3.0,1.0,1,Food,Credit Card,Mobile,86.256,0.10589408273047674,0.867,0
141,CUST_00142,2023-02-13,50,Male,Adana,False,2023,2,1,0,Monday,February,False,2023-08-13,111.19,1,0.0,0.0,15.0,6.0,4.0,10.0,1,Beauty,Bank Transfer,Mobile,111.19,0.0,0.4,1
142,CUST_00143,2023-02-11,18,Female,Ankara,True,2023,2,1,5,Saturday,February,True,2023-08-11,154.5,2,0.0,0.0,12.0,10.0,4.0,20.0,1,Beauty,Credit Card,Tablet,77.25,0.0,0.833,1
143,CUST_00144,2023-03-16,37,Male,Gaziantep,True,2023,3,1,3,Thursday,March,False,2023-09-16,3723.46,2,0.0,0.0,15.0,9.0,4.0,4.0,1,Electronics,Bank Transfer,Mobile,1861.73,0.0,0.6,0
144,CUST_00145,2023-03-13,38,Female,Bursa,True,2023,3,1,0,Monday,March,False,2023-09-13,275.43,4,9.13,0.032084621872364355,15.0,9.0,2.0,1.0,1,Food,Credit Card,Desktop,68.8575,0.03314816831862905,0.6,1
145,CUST_00146,2023-05-07,44,Female,Ankara,True,2023,5,2,6,Sunday,May,True,2023-11-07,3937.68,4,0.0,0.0,5.0,11.0,2.0,10.0,1,Electronics,Debit Card,Mobile,984.42,0.0,2.2,1
146,CUST_00147,2023-06-30,20,Female,Bursa,False,2023,6,2,4,Friday,June,False,2023-12-30,2072.91,5,289.79,0.12265205062005333,16.0,10.0,5.0,3.0,1,Sports,Credit Card,Mobile,414.582,0.13979864055844202,0.625,0
147,CUST_00148,2023-04-18,19,Male,Bursa,True,2023,4,2,1,Tuesday,April,False,2023-10-18,3264.7,5,0.0,0.0,15.0,9.0,5.0,5.0,1,Sports,Credit Card,Mobile,652.9399999999999,0.0,0.6,1
148,CUST_00149,2023-06-11,41,Male,Istanbul,True,2023,6,2,6,Sunday,June,True,2023-12-11,498.78,4,111.9,0.1832383572411083,15.0,5.0,4.0,10.0,1,Sports,Credit Card,Desktop,124.695,0.22434740767472636,0.333,0
149,CUST_00150,2023-05-15,38,Female,Izmir,True,2023,5,2,0,Monday,May,False,2023-11-15,135.98,1,45.0,0.24864625925516634,10.0,8.0,3.0,6.0,1,Toys,Digital Wallet,Desktop,135.98,0.3309310192675394,0.8,0
150,CUST_00151,2023-06-14,38,Female,Ankara,False,2023,6,2,2,Wednesday,June,False,2023-12-14,90.74,1,0.0,0.0,16.0,10.0,5.0,7.0,1,Food,Digital Wallet,Mobile,90.74,0.0,0.625,0
151,CUST_00152,2023-01-20,39,Male,Izmir,False,2023,1,1,4,Friday,January,False,2023-07-20,105.33,1,0.0,0.0,11.0,8.0,5.0,5.0,1,Toys,Digital Wallet,Desktop,105.33,0.0,0.727,0
152,CUST_00153,2023-01-03,26,Male,Adana,False,2023,1,1,1,Tuesday,January,False,2023-07-03,1251.52,4,0.0,0.0,12.0,7.0,3.0,10.0,1,Fashion,Credit Card,Desktop,312.88,0.0,0.583,0
153,CUST_00154,2023-01-04,37,Female,Izmir,True,2023,1,1,2,Wednesday,January,False,2023-07-04,4440.99,3,452.49,0.09246793692832095,18.0,10.0,3.0,15.0,1,Electronics,Credit Card,Desktop,1480.33,0.1018894435700148,0.556,1
154,CUST_00155,2023-02-19,38,Female,Kayseri,False,2023,2,1,6,Sunday,February,True,2023-08-19,256.1,2,0.0,0.0,19.0,9.0,5.0,5.0,1,Toys,Digital Wallet,Mobile,128.05,0.0,0.474,1
155,CUST_00156,2023-02-23,26,Male,Ankara,True,2023,2,1,3,Thursday,February,False,2023-08-23,1604.7,3,0.0,0.0,19.0,8.0,4.0,10.0,1,Home & Garden,Cash on Delivery,Desktop,534.9,0.0,0.421,0
156,CUST_00157,2023-02-07,57,Male,Izmir,False,2023,2,1,1,Tuesday,February,False,2023-08-07,405.7,5,0.0,0.0,16.0,8.0,5.0,9.0,1,Books,Cash on Delivery,Mobile,81.14,0.0,0.5,1
157,CUST_00158,2023-01-15,40,Male,Gaziantep,False,2023,1,1,6,Sunday,January,True,2023-07-15,703.8,2,99.76,0.12414754343172882,10.0,10.0,4.0,10.0,1,Toys,Debit Card,Desktop,351.9,0.14174481386757604,1.0,1
158,CUST_00159,2023-06-19,20,Female,Bursa,False,2023,6,2,0,Monday,June,False,2023-12-19,2443.68,2,0.0,0.0,12.0,10.0,3.0,7.0,1,Electronics,Debit Card,Mobile,1221.84,0.0,0.833,0
159,CUST_00160,2023-09-10,42,Male,Bursa,True,2023,9,3,6,Sunday,September,True,2024-03-10,30.78,1,7.72,0.20051948051948051,14.0,6.0,4.0,9.0,1,Beauty,Credit Card,Desktop,30.78,0.2508122157244964,0.429,0
160,CUST_00161,2023-02-16,23,Male,Istanbul,True,2023,2,1,3,Thursday,February,False,2023-08-16,4731.0,2,0.0,0.0,16.0,8.0,4.0,3.0,1,Electronics,Credit Card,Desktop,2365.5,0.0,0.5,1
161,CUST_00162,2023-07-20,44,Male,Ankara,False,2023,7,3,3,Thursday,July,False,2024-01-20,237.6,2,0.0,0.0,16.0,11.0,5.0,7.0,1,Fashion,Credit Card,Mobile,118.8,0.0,0.687,0
162,CUST_00163,2023-01-25,48,Male,Ankara,True,2023,1,1,2,Wednesday,January,False,2023-07-25,2099.56,2,0.0,0.0,10.0,7.0,5.0,11.0,1,Home & Garden,Digital Wallet,Mobile,1049.78,0.0,0.7,1
163,CUST_00164,2023-07-26,25,Female,Eskisehir,False,2023,7,3,2,Wednesday,July,False,2024-01-26,56.65,1,15.59,0.21580841638981174,13.0,9.0,5.0,3.0,1,Toys,Credit Card,Desktop,56.65,0.27519858781994705,0.692,0
164,CUST_00165,2023-02-26,46,Male,Ankara,False,2023,2,1,6,Sunday,February,True,2023-08-26,112.18,3,9.11,0.07510924231181466,4.0,8.0,5.0,8.0,1,Food,Digital Wallet,Mobile,37.39333333333334,0.08120877161704403,2.0,0
165,CUST_00166,2023-03-20,39,Male,Konya,True,2023,3,1,0,Monday,March,False,2023-09-20,85.71,1,0.0,0.0,16.0,12.0,5.0,8.0,1,Food,Credit Card,Mobile,85.71,0.0,0.75,1
166,CUST_00167,2023-01-11,44,Male,Antalya,True,2023,1,1,2,Wednesday,January,False,2023-07-11,113.66,3,13.84,0.10854901960784313,13.0,4.0,5.0,4.0,1,Food,Debit Card,Desktop,37.88666666666666,0.12176667253211332,0.308,1
167,CUST_00168,2023-02-23,57,Male,Ankara,False,2023,2,1,3,Thursday,February,False,2023-08-23,84.92,4,0.0,0.0,7.0,8.0,5.0,4.0,1,Books,Bank Transfer,Mobile,21.23,0.0,1.143,1
168,CUST_00169,2023-11-12,32,Male,Bursa,True,2023,11,4,6,Sunday,November,True,2024-05-12,86.93,1,18.03,0.17177972560975613,17.0,9.0,5.0,4.0,1,Food,Bank Transfer,Mobile,86.93,0.20740825951915334,0.529,1
169,CUST_00170,2023-03-22,25,Female,Gaziantep,True,2023,3,1,2,Wednesday,March,False,2023-09-22,220.54,4,38.66,0.14915123456790122,15.0,6.0,4.0,3.0,1,Food,Debit Card,Mobile,55.135,0.17529699827695655,0.4,0
170,CUST_00171,2023-01-20,24,Female,Konya,True,2023,1,1,4,Friday,January,False,2023-07-20,411.47,3,64.84,0.1361298314123155,12.0,9.0,4.0,4.0,1,Toys,Debit Card,Desktop,137.15666666666667,0.1575813546552604,0.75,0
171,CUST_00172,2023-09-13,25,Female,Istanbul,True,2023,9,3,2,Wednesday,September,False,2024-03-13,450.2,4,0.0,0.0,17.0,10.0,5.0,5.0,1,Food,Debit Card,Mobile,112.55,0.0,0.588,1
172,CUST_00173,2023-02-02,34,Female,Ankara,True,2023,2,1,3,Thursday,February,False,2023-08-02,4690.59,3,0.0,0.0,5.0,8.0,4.0,7.0,1,Electronics,Cash on Delivery,Desktop,1563.53,0.0,1.6,0
173,CUST_00174,2023-02-21,39,Female,Ankara,True,2023,2,1,1,Tuesday,February,False,2023-08-21,13368.22,5,2146.78,0.13836803093780214,17.0,11.0,2.0,2.0,1,Electronics,Digital Wallet,Mobile,2673.644,0.16058832065899575,0.647,1
174,CUST_00175,2023-02-20,38,Male,Istanbul,False,2023,2,1,0,Monday,February,False,2023-08-20,2523.69,3,0.0,0.0,17.0,10.0,4.0,9.0,1,Sports,Digital Wallet,Mobile,841.23,0.0,0.588,0
175,CUST_00176,2023-03-15,44,Female,Bursa,False,2023,3,1,2,Wednesday,March,False,2023-09-15,1207.95,3,0.0,0.0,20.0,10.0,5.0,5.0,1,Fashion,Credit Card,Desktop,402.65000000000003,0.0,0.5,0
176,CUST_00177,2023-04-29,35,Female,Konya,True,2023,4,2,5,Saturday,April,True,2023-10-29,378.7,5,0.0,0.0,14.0,7.0,4.0,4.0,1,Books,Debit Card,Mobile,75.74,0.0,0.5,1
177,CUST_00178,2023-04-02,52,Female,Ankara,True,2023,4,2,6,Sunday,April,True,2023-10-02,183.56,4,0.0,0.0,18.0,10.0,4.0,8.0,1,Food,Digital Wallet,Tablet,45.89,0.0,0.556,1
178,CUST_00179,2023-05-09,31,Female,Adana,False,2023,5,2,1,Tuesday,May,False,2023-11-09,2848.29,1,286.99,0.09153568421321222,28.0,13.0,4.0,3.0,1,Electronics,Credit Card,Mobile,2848.29,0.10075870083453581,0.464,0
179,CUST_00180,2023-03-14,67,Male,Antalya,True,2023,3,1,1,Tuesday,March,False,2023-09-14,545.64,5,138.51,0.20245560184170133,14.0,8.0,5.0,6.0,1,Sports,Bank Transfer,Mobile,109.128,0.25384869144490874,0.571,0
180,CUST_00181,2023-07-30,42,Female,Ankara,True,2023,7,3,6,Sunday,July,True,2024-01-30,612.85,4,91.03,0.12932602148093425,13.0,9.0,5.0,7.0,1,Beauty,Credit Card,Desktop,153.2125,0.14853553071714123,0.692,1
181,CUST_00182,2023-01-06,24,Female,Istanbul,True,2023,1,1,4,Friday,January,False,2023-07-06,136.19,1,28.42,0.17265050725958325,15.0,12.0,4.0,7.0,1,Electronics,Credit Card,Mobile,136.19,0.2086790513253543,0.8,0
182,CUST_00183,2023-02-07,22,Other,Adana,True,2023,2,1,1,Tuesday,February,False,2023-08-07,283.56,4,0.0,0.0,17.0,7.0,1.0,4.0,1,Books,Bank Transfer,Mobile,70.89,0.0,0.412,1
183,CUST_00184,2023-01-20,40,Male,Konya,False,2023,1,1,4,Friday,January,False,2023-07-20,142.33,3,32.84,0.18747502426214535,18.0,9.0,4.0,9.0,1,Toys,Credit Card,Mobile,47.443333333333335,0.23073139886180005,0.5,0
184,CUST_00185,2023-02-28,32,Male,Antalya,False,2023,2,1,1,Tuesday,February,False,2023-08-28,6229.91,4,361.69,0.05487135141695491,1.0,13.0,5.0,14.0,1,Home & Garden,Digital Wallet,Tablet,1557.4775,0.05805701848020276,13.0,0
185,CUST_00186,2023-02-03,43,Male,Istanbul,False,2023,2,1,4,Friday,February,False,2023-08-03,478.67,4,37.41,0.07248876143233605,14.0,9.0,4.0,12.0,1,Sports,Cash on Delivery,Mobile,119.6675,0.07815405185200659,0.643,0
186,CUST_00187,2023-06-06,40,Female,Istanbul,False,2023,6,2,1,Tuesday,June,False,2023-12-06,1857.24,2,0.0,0.0,16.0,13.0,2.0,6.0,1,Home & Garden,Bank Transfer,Mobile,928.62,0.0,0.812,1
187,CUST_00188,2023-11-17,34,Male,Istanbul,True,2023,11,4,4,Friday,November,False,2024-05-17,81.09,3,0.0,0.0,18.0,7.0,4.0,9.0,1,Books,Debit Card,Desktop,27.03,0.0,0.389,0
188,CUST_00189,2023-03-01,24,Male,Bursa,True,2023,3,1,2,Wednesday,March,False,2023-09-01,39.48,2,0.0,0.0,9.0,4.0,5.0,5.0,1,Fashion,Credit Card,Mobile,19.74,0.0,0.444,1
189,CUST_00190,2023-03-05,18,Other,Adana,False,2023,3,1,6,Sunday,March,True,2023-09-05,10813.2,5,0.0,0.0,17.0,12.0,4.0,6.0,1,Electronics,Credit Card,Mobile,2162.6400000000003,0.0,0.706,1
190,CUST_00191,2023-08-26,29,Male,Istanbul,False,2023,8,3,5,Saturday,August,True,2024-02-26,1415.54,3,183.76,0.11490026886762957,17.0,10.0,5.0,5.0,1,Electronics,Credit Card,Mobile,471.84666666666664,0.12981618322336352,0.588,1
191,CUST_00192,2023-06-24,45,Female,Gaziantep,True,2023,6,2,5,Saturday,June,True,2023-12-24,176.38,1,47.75,0.21304600008923394,12.0,7.0,5.0,5.0,1,Fashion,Credit Card,Mobile,176.38,0.2707223041161129,0.583,0
192,CUST_00193,2023-02-27,37,Male,Bursa,True,2023,2,1,0,Monday,February,False,2023-08-27,2450.69,1,0.0,0.0,31.0,8.0,4.0,6.0,1,Electronics,Credit Card,Desktop,2450.69,0.0,0.258,1
193,CUST_00194,2023-05-31,20,Female,Antalya,False,2023,5,2,2,Wednesday,May,False,2023-11-30,253.8,3,0.0,0.0,21.0,7.0,5.0,2.0,1,Books,Bank Transfer,Desktop,84.60000000000001,0.0,0.333,0
194,CUST_00195,2023-02-02,37,Female,Eskisehir,True,2023,2,1,3,Thursday,February,False,2023-08-02,179.56,4,0.0,0.0,17.0,9.0,3.0,9.0,1,Food,Digital Wallet,Mobile,44.89,0.0,0.529,0
195,CUST_00196,2023-03-19,39,Female,Istanbul,True,2023,3,1,6,Sunday,March,True,2023-09-19,41.71,1,8.98,0.17715525744722826,16.0,5.0,4.0,5.0,1,Beauty,Credit Card,Desktop,41.71,0.21529609206425318,0.312,1
196,CUST_00197,2023-01-04,24,Female,Konya,True,2023,1,1,2,Wednesday,January,False,2023-07-04,446.16,1,0.0,0.0,11.0,13.0,5.0,4.0,1,Sports,Cash on Delivery,Desktop,446.16,0.0,1.182,1
197,CUST_00198,2023-01-02,36,Male,Istanbul,True,2023,1,1,0,Monday,January,False,2023-07-02,81.91,1,0.0,0.0,8.0,14.0,4.0,6.0,1,Books,Credit Card,Mobile,81.91,0.0,1.75,0
198,CUST_00199,2023-06-03,35,Male,Ankara,True,2023,6,2,5,Saturday,June,True,2023-12-03,175.01,1,0.0,0.0,13.0,10.0,2.0,5.0,1,Beauty,Debit Card,Mobile,175.01,0.0,0.769,1
199,CUST_00200,2023-03-28,21,Male,Konya,True,2023,3,1,1,Tuesday,March,False,2023-09-28,3337.59,3,0.0,0.0,15.0,12.0,4.0,8.0,1,Electronics,Debit Card,Mobile,1112.53,0.0,0.8,0
200,CUST_00201,2023-03-29,39,Female,Konya,True,2023,3,1,2,Wednesday,March,False,2023-09-29,103.56,3,0.0,0.0,19.0,7.0,4.0,4.0,1,Beauty,Credit Card,Tablet,34.52,0.0,0.368,0
201,CUST_00202,2023-01-21,41,Female,Izmir,True,2023,1,1,5,Saturday,January,True,2023-07-21,131.92,4,0.0,0.0,16.0,15.0,5.0,4.0,1,Food,Bank Transfer,Desktop,32.98,0.0,0.937,0
202,CUST_00203,2023-02-11,47,Male,Bursa,True,2023,2,1,5,Saturday,February,True,2023-08-11,253.92,5,30.03,0.10575805599577391,9.0,11.0,5.0,9.0,1,Books,Debit Card,Mobile,50.784,0.118265595463138,1.222,0
203,CUST_00204,2023-03-03,47,Female,Adana,False,2023,3,1,4,Friday,March,False,2023-09-03,561.72,3,0.0,0.0,19.0,8.0,5.0,3.0,1,Sports,Cash on Delivery,Desktop,187.24,0.0,0.421,0
204,CUST_00205,2023-01-01,18,Male,Gaziantep,False,2023,1,1,6,Sunday,January,True,2023-07-01,72.68,4,5.52,0.07058823529411763,18.0,12.0,4.0,3.0,1,Books,Digital Wallet,Desktop,18.17,0.07594936708860758,0.667,1
205,CUST_00206,2023-03-10,23,Female,Istanbul,False,2023,3,1,4,Friday,March,False,2023-09-10,642.95,5,0.0,0.0,18.0,11.0,2.0,11.0,1,Toys,Credit Card,Mobile,128.59,0.0,0.611,0
206,CUST_00207,2023-02-24,41,Female,Gaziantep,True,2023,2,1,4,Friday,February,False,2023-08-24,397.89,1,151.72,0.27605029020578226,11.0,7.0,5.0,9.0,1,Toys,Debit Card,Desktop,397.89,0.38131141772851795,0.636,0
207,CUST_00208,2023-04-10,41,Male,Izmir,True,2023,4,2,0,Monday,April,False,2023-10-10,2215.8,4,0.0,0.0,20.0,7.0,4.0,14.0,1,Home & Garden,Cash on Delivery,Mobile,553.95,0.0,0.35,0
208,CUST_00209,2023-06-04,41,Female,Izmir,True,2023,6,2,6,Sunday,June,True,2023-12-04,248.11,2,40.75,0.14107179948764106,14.0,10.0,2.0,3.0,1,Beauty,Cash on Delivery,Desktop,124.055,0.1642416670025392,0.714,1
209,CUST_00210,2023-02-15,75,Male,Izmir,True,2023,2,1,2,Wednesday,February,False,2023-08-15,11038.56,3,0.0,0.0,15.0,13.0,3.0,4.0,1,Electronics,Debit Card,Mobile,3679.52,0.0,0.867,1
210,CUST_00211,2023-05-02,41,Female,Izmir,False,2023,5,2,1,Tuesday,May,False,2023-11-02,301.65,5,0.0,0.0,12.0,4.0,3.0,10.0,1,Beauty,Credit Card,Desktop,60.33,0.0,0.333,0
211,CUST_00212,2023-02-22,48,Female,Kayseri,True,2023,2,1,2,Wednesday,February,False,2023-08-22,5830.8,3,1523.28,0.20713399908622152,14.0,10.0,4.0,7.0,1,Electronics,Digital Wallet,Mobile,1943.6000000000001,0.26124717019962956,0.714,1
212,CUST_00213,2023-02-13,46,Male,Bursa,True,2023,2,1,0,Monday,February,False,2023-08-13,521.16,3,59.58,0.1025932431036264,14.0,6.0,4.0,7.0,1,Sports,Digital Wallet,Mobile,173.72,0.11432189730600967,0.429,0
213,CUST_00214,2023-01-23,42,Male,Kayseri,True,2023,1,1,0,Monday,January,False,2023-07-23,1862.0,3,285.37,0.13289279444157273,15.0,8.0,5.0,12.0,1,Sports,Credit Card,Desktop,620.6666666666666,0.15325993555316864,0.533,0
214,CUST_00215,2023-01-17,31,Male,Istanbul,True,2023,1,1,1,Tuesday,January,False,2023-07-17,718.65,4,141.71,0.16471012134455346,14.0,7.0,2.0,13.0,1,Sports,Cash on Delivery,Mobile,179.6625,0.19718917414596815,0.5,0
215,CUST_00216,2023-01-07,44,Female,Adana,True,2023,1,1,5,Saturday,January,True,2023-07-07,4600.64,4,0.0,0.0,14.0,7.0,5.0,11.0,1,Home & Garden,Credit Card,Tablet,1150.16,0.0,0.5,1
216,CUST_00217,2023-07-11,25,Female,Gaziantep,True,2023,7,3,1,Tuesday,July,False,2024-01-11,419.19,4,11.57,0.026859504132231406,13.0,11.0,5.0,6.0,1,Food,Digital Wallet,Mobile,104.7975,0.027600849256900213,0.846,0
217,CUST_00218,2023-03-08,32,Male,Antalya,True,2023,3,1,2,Wednesday,March,False,2023-09-08,4766.7,4,792.1,0.1424947830467007,11.0,10.0,1.0,4.0,1,Home & Garden,Bank Transfer,Mobile,1191.675,0.16617366312123694,0.909,0
218,CUST_00219,2023-03-24,29,Female,Bursa,False,2023,3,1,4,Friday,March,False,2023-09-24,30.85,1,0.0,0.0,5.0,10.0,5.0,3.0,1,Books,Credit Card,Mobile,30.85,0.0,2.0,1
219,CUST_00220,2023-08-03,35,Female,Bursa,True,2023,8,3,3,Thursday,August,False,2024-02-03,509.01,3,102.42,0.16750895441833077,16.0,10.0,3.0,4.0,1,Toys,Credit Card,Tablet,169.67,0.20121412153002888,0.625,1
220,CUST_00221,2023-06-04,62,Male,Konya,True,2023,6,2,6,Sunday,June,True,2023-12-04,1329.36,3,0.0,0.0,14.0,7.0,4.0,8.0,1,Sports,Bank Transfer,Mobile,443.11999999999995,0.0,0.5,0
221,CUST_00222,2023-05-07,18,Male,Gaziantep,True,2023,5,2,6,Sunday,May,True,2023-11-07,38.45,1,0.0,0.0,19.0,8.0,5.0,3.0,1,Books,Cash on Delivery,Desktop,38.45,0.0,0.421,1
222,CUST_00223,2023-01-01,43,Female,Istanbul,True,2023,1,1,6,Sunday,January,True,2023-07-01,122.46,1,0.0,0.0,14.0,9.0,5.0,9.0,1,Beauty,Credit Card,Mobile,122.46,0.0,0.643,1
223,CUST_00224,2023-06-20,18,Female,Gaziantep,False,2023,6,2,1,Tuesday,June,False,2023-12-20,684.24,2,0.0,0.0,17.0,10.0,5.0,8.0,1,Sports,Credit Card,Desktop,342.12,0.0,0.588,1
224,CUST_00225,2023-03-01,29,Male,Izmir,False,2023,3,1,2,Wednesday,March,False,2023-09-01,6147.78,3,0.0,0.0,8.0,7.0,4.0,4.0,1,Electronics,Credit Card,Tablet,2049.2599999999998,0.0,0.875,0
225,CUST_00226,2023-09-08,48,Male,Ankara,False,2023,9,3,4,Friday,September,False,2024-03-08,592.09,1,0.0,0.0,16.0,8.0,5.0,5.0,1,Home & Garden,Digital Wallet,Tablet,592.09,0.0,0.5,0
226,CUST_00227,2023-01-10,35,Male,Konya,True,2023,1,1,1,Tuesday,January,False,2023-07-10,78.19,1,0.0,0.0,12.0,12.0,5.0,3.0,1,Food,Digital Wallet,Mobile,78.19,0.0,1.0,0
227,CUST_00228,2023-02-11,22,Female,Izmir,True,2023,2,1,5,Saturday,February,True,2023-08-11,263.24,1,0.0,0.0,15.0,11.0,5.0,2.0,1,Toys,Credit Card,Mobile,263.24,0.0,0.733,1
228,CUST_00229,2023-01-02,26,Male,Gaziantep,True,2023,1,1,0,Monday,January,False,2023-07-02,383.83,1,0.0,0.0,15.0,12.0,4.0,11.0,1,Sports,Digital Wallet,Mobile,383.83,0.0,0.8,0
229,CUST_00230,2024-03-12,43,Male,Ankara,True,2024,3,1,1,Tuesday,March,False,2024-09-12,195.79,2,31.45,0.13839992958986094,14.0,10.0,5.0,7.0,1,Books,Credit Card,Mobile,97.895,0.16063128862556822,0.714,1
230,CUST_00231,2023-04-15,26,Female,Istanbul,False,2023,4,2,5,Saturday,April,True,2023-10-15,424.92,3,0.0,0.0,13.0,10.0,3.0,12.0,1,Beauty,Credit Card,Desktop,141.64000000000001,0.0,0.769,0
231,CUST_00232,2024-01-17,37,Female,Izmir,True,2024,1,1,2,Wednesday,January,False,2024-07-17,426.24,2,0.0,0.0,10.0,8.0,5.0,3.0,1,Beauty,Digital Wallet,Mobile,213.12,0.0,0.8,0
232,CUST_00233,2023-06-07,35,Male,Istanbul,True,2023,6,2,2,Wednesday,June,False,2023-12-07,347.05,1,88.84,0.20381288857280508,17.0,8.0,5.0,5.0,1,Toys,Debit Card,Mobile,347.05,0.2559861691398934,0.471,0
233,CUST_00234,2023-05-03,27,Male,Adana,False,2023,5,2,2,Wednesday,May,False,2023-11-03,27.62,1,6.33,0.1864506627393225,17.0,12.0,4.0,12.0,1,Food,Debit Card,Mobile,27.62,0.22918175235336713,0.706,0
234,CUST_00235,2023-01-30,60,Female,Ankara,True,2023,1,1,0,Monday,January,False,2023-07-30,785.55,1,0.0,0.0,1.0,11.0,4.0,9.0,1,Sports,Credit Card,Mobile,785.55,0.0,11.0,0
235,CUST_00236,2023-05-04,42,Male,Izmir,False,2023,5,2,3,Thursday,May,False,2023-11-04,26.92,2,0.0,0.0,16.0,6.0,3.0,7.0,1,Books,Digital Wallet,Mobile,13.46,0.0,0.375,0
236,CUST_00237,2023-01-27,18,Male,Istanbul,True,2023,1,1,4,Friday,January,False,2023-07-27,103.37,5,8.18,0.07333034513671,8.0,11.0,5.0,4.0,1,Beauty,Digital Wallet,Desktop,20.674,0.0791332107961691,1.375,0
237,CUST_00238,2023-01-26,37,Female,Ankara,False,2023,1,1,3,Thursday,January,False,2023-07-26,444.1,3,43.94,0.09003360380296696,12.0,10.0,1.0,6.0,1,Toys,Bank Transfer,Mobile,148.03333333333333,0.09894167980184643,0.833,1
238,CUST_00239,2023-02-10,27,Male,Gaziantep,False,2023,2,1,4,Friday,February,False,2023-08-10,532.88,2,0.0,0.0,19.0,10.0,5.0,4.0,1,Fashion,Digital Wallet,Tablet,266.44,0.0,0.526,1
239,CUST_00240,2023-02-13,45,Female,Istanbul,False,2023,2,1,0,Monday,February,False,2023-08-13,10295.6,5,0.0,0.0,3.0,9.0,4.0,5.0,1,Electronics,Debit Card,Mobile,2059.12,0.0,3.0,0
240,CUST_00241,2023-01-18,25,Female,Antalya,False,2023,1,1,2,Wednesday,January,False,2023-07-18,15.38,1,3.83,0.19937532535137947,14.0,10.0,3.0,2.0,1,Books,Credit Card,Mobile,15.38,0.24902470741222366,0.714,1
241,CUST_00242,2023-04-07,33,Male,Kayseri,True,2023,4,2,4,Friday,April,False,2023-10-07,3242.76,4,0.0,0.0,12.0,10.0,2.0,10.0,1,Electronics,Digital Wallet,Mobile,810.69,0.0,0.833,1
242,CUST_00243,2023-12-09,41,Male,Antalya,False,2023,12,4,5,Saturday,December,True,2024-06-09,661.9,2,0.0,0.0,14.0,8.0,5.0,11.0,1,Sports,Credit Card,Desktop,330.95,0.0,0.571,1
243,CUST_00244,2023-02-05,45,Female,Gaziantep,False,2023,2,1,6,Sunday,February,True,2023-08-05,21.76,1,0.0,0.0,8.0,9.0,4.0,9.0,1,Fashion,Bank Transfer,Desktop,21.76,0.0,1.125,0
244,CUST_00245,2023-01-25,20,Female,Istanbul,False,2023,1,1,2,Wednesday,January,False,2023-07-25,1646.12,4,0.0,0.0,17.0,10.0,3.0,2.0,1,Home & Garden,Debit Card,Mobile,411.53,0.0,0.588,1
245,CUST_00246,2023-07-10,30,Female,Ankara,False,2023,7,3,0,Monday,July,False,2024-01-10,156.65,1,0.0,0.0,12.0,11.0,4.0,4.0,1,Beauty,Credit Card,Mobile,156.65,0.0,0.917,1
246,CUST_00247,2023-02-04,29,Female,Konya,True,2023,2,1,5,Saturday,February,True,2023-08-04,293.22,3,0.0,0.0,12.0,8.0,4.0,12.0,1,Beauty,Cash on Delivery,Mobile,97.74000000000001,0.0,0.667,1
247,CUST_00248,2023-03-06,27,Male,Adana,False,2023,3,1,0,Monday,March,False,2023-09-06,324.57,1,29.33,0.08287651879061882,29.0,12.0,5.0,6.0,1,Home & Garden,Bank Transfer,Tablet,324.57,0.09036571463782851,0.414,0
248,CUST_00249,2023-03-07,56,Female,Antalya,True,2023,3,1,1,Tuesday,March,False,2023-09-07,142.5,2,13.24,0.08501348401181456,15.0,9.0,4.0,2.0,1,Sports,Debit Card,Mobile,71.25,0.09291228070175439,0.6,1
249,CUST_00250,2023-10-02,39,Male,Antalya,True,2023,10,4,0,Monday,October,False,2024-04-02,12718.2,5,0.0,0.0,16.0,6.0,3.0,6.0,1,Electronics,Cash on Delivery,Desktop,2543.6400000000003,0.0,0.375,0
250,CUST_00251,2023-09-01,19,Male,Izmir,False,2023,9,3,4,Friday,September,False,2024-03-01,555.28,1,0.0,0.0,7.0,8.0,3.0,8.0,1,Home & Garden,Digital Wallet,Desktop,555.28,0.0,1.143,1
251,CUST_00252,2023-02-08,46,Male,Istanbul,True,2023,2,1,2,Wednesday,February,False,2023-08-08,6825.8,5,0.0,0.0,16.0,12.0,3.0,11.0,1,Home & Garden,Credit Card,Mobile,1365.16,0.0,0.75,0
252,CUST_00253,2023-03-26,60,Male,Gaziantep,False,2023,3,1,6,Sunday,March,True,2023-09-26,192.69,3,0.0,0.0,22.0,8.0,5.0,6.0,1,Books,Credit Card,Desktop,64.23,0.0,0.364,1
253,CUST_00254,2023-01-11,47,Female,Antalya,False,2023,1,1,2,Wednesday,January,False,2023-07-11,191.28,4,39.72,0.17194805194805193,15.0,13.0,3.0,19.0,1,Food,Bank Transfer,Desktop,47.82,0.20765370138017566,0.867,1
254,CUST_00255,2023-01-19,18,Male,Izmir,True,2023,1,1,3,Thursday,January,False,2023-07-19,115.2,5,0.0,0.0,15.0,10.0,5.0,7.0,1,Food,Credit Card,Mobile,23.04,0.0,0.667,0
255,CUST_00256,2023-03-24,29,Male,Konya,False,2023,3,1,4,Friday,March,False,2023-09-24,247.05,1,28.96,0.10492373464729539,14.0,6.0,2.0,10.0,1,Toys,Credit Card,Mobile,247.05,0.11722323416312487,0.429,1
256,CUST_00257,2023-10-16,50,Male,Ankara,False,2023,10,4,0,Monday,October,False,2024-04-16,662.46,3,0.0,0.0,20.0,9.0,5.0,5.0,1,Beauty,Debit Card,Desktop,220.82000000000002,0.0,0.45,1
257,CUST_00258,2023-01-09,26,Female,Ankara,False,2023,1,1,0,Monday,January,False,2023-07-09,594.49,2,69.63,0.1048455098476179,16.0,11.0,5.0,2.0,1,Fashion,Credit Card,Mobile,297.245,0.11712560345842654,0.687,0
258,CUST_00259,2023-04-19,40,Female,Konya,False,2023,4,2,2,Wednesday,April,False,2023-10-19,219.57,1,0.0,0.0,8.0,9.0,5.0,3.0,1,Home & Garden,Credit Card,Mobile,219.57,0.0,1.125,1
259,CUST_00260,2023-04-23,44,Male,Gaziantep,True,2023,4,2,6,Sunday,April,True,2023-10-23,146.22,3,0.0,0.0,15.0,9.0,4.0,2.0,1,Books,Digital Wallet,Desktop,48.74,0.0,0.6,1
260,CUST_00261,2023-01-19,23,Male,Izmir,False,2023,1,1,3,Thursday,January,False,2023-07-19,305.88,4,0.0,0.0,18.0,7.0,4.0,2.0,1,Books,Credit Card,Desktop,76.47,0.0,0.389,0
261,CUST_00262,2023-06-13,34,Male,Istanbul,False,2023,6,2,1,Tuesday,June,False,2023-12-13,50.9,5,4.25,0.0770625566636446,15.0,9.0,3.0,8.0,1,Food,Debit Card,Mobile,10.18,0.08349705304518665,0.6,0
262,CUST_00263,2023-01-26,18,Female,Istanbul,True,2023,1,1,3,Thursday,January,False,2023-07-26,57.92,2,0.0,0.0,13.0,9.0,5.0,8.0,1,Books,Digital Wallet,Mobile,28.96,0.0,0.692,0
263,CUST_00264,2023-04-13,22,Female,Antalya,True,2023,4,2,3,Thursday,April,False,2023-10-13,122.17,1,0.0,0.0,17.0,7.0,5.0,3.0,1,Toys,Digital Wallet,Mobile,122.17,0.0,0.412,0
264,CUST_00265,2023-01-22,31,Female,Ankara,False,2023,1,1,6,Sunday,January,True,2023-07-22,243.75,3,0.0,0.0,10.0,9.0,4.0,8.0,1,Toys,Debit Card,Desktop,81.25,0.0,0.9,1
265,CUST_00266,2023-05-25,20,Female,Gaziantep,True,2023,5,2,3,Thursday,May,False,2023-11-25,61.24,4,0.0,0.0,15.0,4.0,4.0,4.0,1,Books,Credit Card,Mobile,15.31,0.0,0.267,0
266,CUST_00267,2023-06-13,54,Male,Kayseri,False,2023,6,2,1,Tuesday,June,False,2023-12-13,5004.9,4,427.22,0.07864701074350347,13.0,7.0,4.0,7.0,1,Home & Garden,Digital Wallet,Mobile,1251.225,0.08536034686007714,0.538,0
267,CUST_00268,2023-04-23,18,Female,Gaziantep,True,2023,4,2,6,Sunday,April,True,2023-10-23,497.32,4,0.0,0.0,14.0,9.0,5.0,9.0,1,Toys,Debit Card,Mobile,124.33,0.0,0.643,0
268,CUST_00269,2023-08-30,29,Female,Ankara,True,2023,8,3,2,Wednesday,August,False,2024-02-29,2800.5,2,574.5,0.17022222222222222,15.0,11.0,5.0,6.0,1,Home & Garden,Debit Card,Mobile,1400.25,0.2051419389394751,0.733,0
269,CUST_00270,2023-07-11,36,Male,Gaziantep,False,2023,7,3,1,Tuesday,July,False,2024-01-11,68.48,1,11.58,0.14464151886085436,2.0,10.0,2.0,6.0,1,Toys,Digital Wallet,Desktop,68.48,0.1691004672897196,5.0,0
270,CUST_00271,2023-02-22,52,Male,Ankara,True,2023,2,1,2,Wednesday,February,False,2023-08-22,172.92,1,15.41,0.08182445707003663,19.0,10.0,3.0,9.0,1,Fashion,Debit Card,Desktop,172.92,0.08911635438352997,0.526,0
271,CUST_00272,2023-02-22,18,Female,Istanbul,False,2023,2,1,2,Wednesday,February,False,2023-08-22,5861.2,5,0.0,0.0,13.0,9.0,5.0,9.0,1,Sports,Credit Card,Desktop,1172.24,0.0,0.692,1
272,CUST_00273,2023-01-27,48,Female,Istanbul,True,2023,1,1,4,Friday,January,False,2023-07-27,6248.78,2,690.2,0.09946706864697695,14.0,12.0,2.0,6.0,1,Electronics,Digital Wallet,Mobile,3124.39,0.11045356053501644,0.857,0
273,CUST_00274,2023-03-03,35,Male,Ankara,True,2023,3,1,4,Friday,March,False,2023-09-03,431.26,3,32.39,0.06985872964520651,17.0,8.0,3.0,8.0,1,Fashion,Bank Transfer,Mobile,143.75333333333333,0.0751055047998887,0.471,0
274,CUST_00275,2023-05-07,23,Female,Konya,False,2023,5,2,6,Sunday,May,True,2023-11-07,221.34,2,0.0,0.0,17.0,6.0,4.0,10.0,1,Food,Digital Wallet,Mobile,110.67,0.0,0.353,0
275,CUST_00276,2023-04-26,40,Female,Istanbul,False,2023,4,2,2,Wednesday,April,False,2023-10-26,1025.35,4,36.65,0.03451035781544256,16.0,5.0,5.0,4.0,1,Beauty,Debit Card,Desktop,256.3375,0.03574389232944848,0.312,0
276,CUST_00277,2023-01-23,37,Male,Istanbul,True,2023,1,1,0,Monday,January,False,2023-07-23,107.69,1,9.72,0.0827868154330977,16.0,5.0,5.0,3.0,1,Books,Debit Card,Tablet,107.69,0.09025907698022101,0.312,0
277,CUST_00278,2023-06-23,27,Male,Eskisehir,True,2023,6,2,4,Friday,June,False,2023-12-23,363.12,2,0.0,0.0,14.0,5.0,5.0,7.0,1,Home & Garden,Credit Card,Mobile,181.56,0.0,0.357,0
278,CUST_00279,2023-01-11,35,Male,Istanbul,False,2023,1,1,2,Wednesday,January,False,2023-07-11,1148.11,1,0.0,0.0,26.0,9.0,5.0,12.0,1,Sports,Digital Wallet,Mobile,1148.11,0.0,0.346,1
279,CUST_00280,2023-04-30,30,Female,Gaziantep,False,2023,4,2,6,Sunday,April,True,2023-10-30,363.61,1,0.0,0.0,9.0,6.0,5.0,2.0,1,Fashion,Bank Transfer,Desktop,363.61,0.0,0.667,0
280,CUST_00281,2023-01-11,36,Male,Ankara,False,2023,1,1,2,Wednesday,January,False,2023-07-11,517.01,1,0.0,0.0,12.0,10.0,5.0,3.0,1,Sports,Credit Card,Mobile,517.01,0.0,0.833,0
281,CUST_00282,2023-04-28,42,Male,Istanbul,True,2023,4,2,4,Friday,April,False,2023-10-28,1843.57,1,0.0,0.0,9.0,7.0,1.0,4.0,1,Electronics,Credit Card,Tablet,1843.57,0.0,0.778,0
282,CUST_00283,2023-10-29,54,Female,Kayseri,True,2023,10,4,6,Sunday,October,True,2024-04-29,188.47,1,0.0,0.0,13.0,7.0,5.0,9.0,1,Beauty,Digital Wallet,Mobile,188.47,0.0,0.538,0
283,CUST_00284,2023-04-23,20,Female,Istanbul,False,2023,4,2,6,Sunday,April,True,2023-10-23,2300.52,2,146.22,0.05976115157311362,13.0,6.0,4.0,6.0,1,Home & Garden,Credit Card,Mobile,1150.26,0.06355954305982996,0.462,1
284,CUST_00285,2023-01-04,60,Male,Bursa,True,2023,1,1,2,Wednesday,January,False,2023-07-04,3585.16,4,63.68,0.01745212177020642,13.0,10.0,5.0,4.0,1,Home & Garden,Bank Transfer,Mobile,896.29,0.017762108246214953,0.769,0
285,CUST_00286,2023-02-06,18,Male,Ankara,False,2023,2,1,0,Monday,February,False,2023-08-06,233.52,4,0.0,0.0,12.0,11.0,5.0,3.0,1,Toys,Credit Card,Mobile,58.38,0.0,0.917,1
286,CUST_00287,2023-02-02,33,Female,Istanbul,False,2023,2,1,3,Thursday,February,False,2023-08-02,275.97,3,0.0,0.0,13.0,10.0,5.0,13.0,1,Fashion,Debit Card,Desktop,91.99000000000001,0.0,0.769,0
287,CUST_00288,2023-03-14,42,Female,Istanbul,True,2023,3,1,1,Tuesday,March,False,2023-09-14,2262.53,4,161.27,0.06653601782325275,14.0,7.0,4.0,3.0,1,Home & Garden,Digital Wallet,Mobile,565.6325,0.0712786128802712,0.5,1
288,CUST_00289,2023-01-01,38,Female,Istanbul,False,2023,1,1,6,Sunday,January,True,2023-07-01,1955.88,3,0.0,0.0,15.0,3.0,3.0,11.0,1,Electronics,Debit Card,Mobile,651.96,0.0,0.2,1
289,CUST_00290,2023-04-28,27,Male,Istanbul,False,2023,4,2,4,Friday,April,False,2023-10-28,1484.76,2,0.0,0.0,18.0,6.0,5.0,8.0,1,Sports,Bank Transfer,Mobile,742.38,0.0,0.333,1
290,CUST_00291,2023-02-04,32,Female,Adana,True,2023,2,1,5,Saturday,February,True,2023-08-04,349.92,1,0.0,0.0,12.0,7.0,5.0,3.0,1,Home & Garden,Digital Wallet,Mobile,349.92,0.0,0.583,0
291,CUST_00292,2023-01-17,29,Female,Izmir,False,2023,1,1,1,Tuesday,January,False,2023-07-17,140.69,1,0.0,0.0,22.0,12.0,5.0,5.0,1,Beauty,Credit Card,Mobile,140.69,0.0,0.545,1
292,CUST_00293,2023-04-18,27,Female,Ankara,False,2023,4,2,1,Tuesday,April,False,2023-10-18,4505.56,4,0.0,0.0,14.0,7.0,4.0,9.0,1,Home & Garden,Digital Wallet,Desktop,1126.39,0.0,0.5,0
293,CUST_00294,2023-05-12,45,Female,Izmir,False,2023,5,2,4,Friday,May,False,2023-11-12,3774.26,4,577.02,0.13260925520766303,13.0,10.0,5.0,8.0,1,Sports,Credit Card,Mobile,943.565,0.15288294924038087,0.769,1
294,CUST_00295,2023-02-06,39,Male,Kayseri,True,2023,2,1,0,Monday,February,False,2023-08-06,81.6,3,0.0,0.0,10.0,10.0,1.0,6.0,1,Books,Digital Wallet,Mobile,27.2,0.0,1.0,1
295,CUST_00296,2023-06-05,26,Male,Kayseri,True,2023,6,2,0,Monday,June,False,2023-12-05,589.2,3,0.0,0.0,15.0,9.0,1.0,5.0,1,Fashion,Debit Card,Desktop,196.4,0.0,0.6,0
296,CUST_00297,2023-01-04,45,Female,Adana,True,2023,1,1,2,Wednesday,January,False,2023-07-04,5371.04,4,0.0,0.0,16.0,11.0,3.0,7.0,1,Electronics,Debit Card,Mobile,1342.76,0.0,0.687,0
297,CUST_00298,2023-05-23,38,Female,Konya,False,2023,5,2,1,Tuesday,May,False,2023-11-23,1436.44,2,0.0,0.0,23.0,17.0,5.0,7.0,1,Fashion,Credit Card,Mobile,718.22,0.0,0.739,0
298,CUST_00299,2023-03-10,44,Female,Ankara,True,2023,3,1,4,Friday,March,False,2023-09-10,1990.13,1,450.06,0.18443645781680934,16.0,8.0,4.0,10.0,1,Electronics,Digital Wallet,Desktop,1990.13,0.22614603066131359,0.5,0
299,CUST_00300,2023-05-24,42,Male,Ankara,True,2023,5,2,2,Wednesday,May,False,2023-11-24,507.25,1,0.0,0.0,12.0,9.0,5.0,13.0,1,Sports,Credit Card,Desktop,507.25,0.0,0.75,1
300,CUST_00301,2023-04-16,25,Female,Bursa,False,2023,4,2,6,Sunday,April,True,2023-10-16,684.78,3,0.0,0.0,16.0,7.0,2.0,4.0,1,Toys,Digital Wallet,Desktop,228.26,0.0,0.437,1
301,CUST_00302,2023-05-13,28,Female,Antalya,True,2023,5,2,5,Saturday,May,True,2023-11-13,1223.25,5,0.0,0.0,13.0,6.0,4.0,7.0,1,Toys,Credit Card,Tablet,244.65,0.0,0.462,1
302,CUST_00303,2023-01-22,43,Male,Izmir,True,2023,1,1,6,Sunday,January,True,2023-07-22,366.4,2,0.0,0.0,20.0,12.0,3.0,4.0,1,Sports,Credit Card,Desktop,183.2,0.0,0.6,0
303,CUST_00304,2023-01-04,42,Male,Izmir,True,2023,1,1,2,Wednesday,January,False,2023-07-04,3768.09,4,202.07,0.05089719306022931,14.0,6.0,5.0,5.0,1,Home & Garden,Digital Wallet,Desktop,942.0225,0.053626638429549185,0.429,0
304,CUST_00305,2023-03-19,34,Female,Eskisehir,True,2023,3,1,6,Sunday,March,True,2023-09-19,3185.14,1,326.45,0.09296358629566663,14.0,9.0,4.0,3.0,1,Electronics,Debit Card,Mobile,3185.14,0.1024915702292521,0.643,0
305,CUST_00306,2023-04-15,36,Female,Gaziantep,True,2023,4,2,5,Saturday,April,True,2023-10-15,1326.24,4,0.0,0.0,15.0,8.0,1.0,8.0,1,Toys,Debit Card,Mobile,331.56,0.0,0.533,0
306,CUST_00307,2023-05-25,50,Female,Izmir,True,2023,5,2,3,Thursday,May,False,2023-11-25,3914.45,5,0.0,0.0,12.0,6.0,2.0,16.0,1,Sports,Credit Card,Mobile,782.89,0.0,0.5,1
307,CUST_00308,2023-05-05,27,Female,Adana,True,2023,5,2,4,Friday,May,False,2023-11-05,76.77,1,0.0,0.0,7.0,7.0,5.0,2.0,1,Toys,Debit Card,Desktop,76.77,0.0,1.0,1
308,CUST_00309,2023-02-09,41,Male,Ankara,True,2023,2,1,3,Thursday,February,False,2023-08-09,392.49,3,0.0,0.0,9.0,8.0,3.0,4.0,1,Sports,Credit Card,Desktop,130.83,0.0,0.889,1
309,CUST_00310,2023-08-31,32,Male,Istanbul,True,2023,8,3,3,Thursday,August,False,2024-02-29,234.0,4,0.0,0.0,14.0,9.0,5.0,3.0,1,Food,Credit Card,Mobile,58.5,0.0,0.643,0
310,CUST_00311,2024-01-02,32,Female,Ankara,False,2024,1,1,1,Tuesday,January,False,2024-07-02,1388.77,4,118.99,0.07891839550061018,18.0,7.0,2.0,10.0,1,Toys,Digital Wallet,Tablet,347.1925,0.08568013421948918,0.389,1
311,CUST_00312,2023-07-28,48,Female,Izmir,False,2023,7,3,4,Friday,July,False,2024-01-28,1351.23,4,51.81,0.0369269586041738,22.0,10.0,3.0,7.0,1,Fashion,Debit Card,Mobile,337.8075,0.038342843187318225,0.455,0
312,CUST_00313,2023-02-09,44,Female,Istanbul,True,2023,2,1,3,Thursday,February,False,2023-08-09,359.14,2,61.46,0.1461245839277223,14.0,8.0,4.0,14.0,1,Toys,Debit Card,Desktop,179.57,0.1711310352508771,0.571,0
313,CUST_00314,2023-02-18,44,Female,Gaziantep,False,2023,2,1,5,Saturday,February,True,2023-08-18,143.4,4,0.0,0.0,5.0,7.0,2.0,2.0,1,Food,Credit Card,Mobile,35.85,0.0,1.4,0
314,CUST_00315,2023-02-19,50,Male,Ankara,True,2023,2,1,6,Sunday,February,True,2023-08-19,471.06,3,0.0,0.0,5.0,8.0,5.0,5.0,1,Toys,Credit Card,Mobile,157.02,0.0,1.6,1
315,CUST_00316,2023-10-14,35,Female,Bursa,True,2023,10,4,5,Saturday,October,True,2024-04-14,1295.0,4,0.0,0.0,13.0,6.0,5.0,2.0,1,Fashion,Credit Card,Desktop,323.75,0.0,0.462,0
316,CUST_00317,2023-08-09,43,Male,Istanbul,True,2023,8,3,2,Wednesday,August,False,2024-02-09,3802.5,1,0.0,0.0,14.0,7.0,4.0,14.0,1,Electronics,Credit Card,Desktop,3802.5,0.0,0.5,1
317,CUST_00318,2023-03-01,31,Male,Istanbul,False,2023,3,1,2,Wednesday,March,False,2023-09-01,577.44,2,0.0,0.0,10.0,13.0,5.0,12.0,1,Electronics,Debit Card,Desktop,288.72,0.0,1.3,1
318,CUST_00319,2023-01-14,38,Male,Konya,True,2023,1,1,5,Saturday,January,True,2023-07-14,1449.78,3,0.0,0.0,13.0,11.0,4.0,4.0,1,Fashion,Credit Card,Desktop,483.26,0.0,0.846,0
319,CUST_00320,2023-07-30,33,Male,Bursa,True,2023,7,3,6,Sunday,July,True,2024-01-30,72.16,1,0.0,0.0,7.0,14.0,3.0,4.0,1,Sports,Bank Transfer,Desktop,72.16,0.0,2.0,0
320,CUST_00321,2023-01-14,36,Male,Kayseri,False,2023,1,1,5,Saturday,January,True,2023-07-14,117.2,5,12.5,0.09637625289128758,18.0,11.0,3.0,4.0,1,Food,Digital Wallet,Mobile,23.44,0.10665529010238907,0.611,1
321,CUST_00322,2023-02-06,42,Male,Eskisehir,False,2023,2,1,0,Monday,February,False,2023-08-06,2536.32,3,0.0,0.0,7.0,8.0,4.0,5.0,1,Electronics,Bank Transfer,Mobile,845.44,0.0,1.143,0
322,CUST_00323,2023-02-03,25,Male,Ankara,True,2023,2,1,4,Friday,February,False,2023-08-03,637.45,5,91.1,0.12504289341843386,15.0,6.0,5.0,17.0,1,Sports,Debit Card,Desktop,127.49000000000001,0.1429131696603655,0.4,0
323,CUST_00324,2023-01-28,60,Male,Ankara,True,2023,1,1,5,Saturday,January,True,2023-07-28,49.39,1,0.0,0.0,14.0,12.0,4.0,6.0,1,Food,Debit Card,Tablet,49.39,0.0,0.857,1
324,CUST_00325,2023-08-13,22,Female,Konya,True,2023,8,3,6,Sunday,August,True,2024-02-13,2178.78,4,483.38,0.1815743606695315,18.0,11.0,4.0,9.0,1,Home & Garden,Credit Card,Mobile,544.695,0.2218581040765933,0.611,0
325,CUST_00326,2023-01-23,20,Male,Eskisehir,True,2023,1,1,0,Monday,January,False,2023-07-23,396.35,5,0.0,0.0,15.0,8.0,4.0,4.0,1,Beauty,Credit Card,Tablet,79.27000000000001,0.0,0.533,0
326,CUST_00327,2023-03-31,48,Male,Antalya,True,2023,3,1,4,Friday,March,False,2023-09-30,105.48,4,0.0,0.0,11.0,7.0,3.0,4.0,1,Food,Debit Card,Desktop,26.37,0.0,0.636,0
327,CUST_00328,2023-02-20,44,Female,Gaziantep,False,2023,2,1,0,Monday,February,False,2023-08-20,33.42,2,0.0,0.0,21.0,9.0,3.0,7.0,1,Food,Digital Wallet,Desktop,16.71,0.0,0.429,0
328,CUST_00329,2023-02-01,42,Female,Gaziantep,True,2023,2,1,2,Wednesday,February,False,2023-08-01,394.76,1,0.0,0.0,21.0,13.0,5.0,3.0,1,Fashion,Debit Card,Mobile,394.76,0.0,0.619,1
329,CUST_00330,2023-07-26,42,Female,Ankara,True,2023,7,3,2,Wednesday,July,False,2024-01-26,644.84,4,0.0,0.0,12.0,5.0,4.0,2.0,1,Toys,Credit Card,Mobile,161.21,0.0,0.417,0
330,CUST_00331,2023-02-03,34,Male,Bursa,False,2023,2,1,4,Friday,February,False,2023-08-03,943.72,4,0.0,0.0,10.0,9.0,5.0,6.0,1,Home & Garden,Digital Wallet,Desktop,235.93,0.0,0.9,0
331,CUST_00332,2023-06-14,24,Female,Gaziantep,False,2023,6,2,2,Wednesday,June,False,2023-12-14,159.8,1,9.89,0.05828275089869763,13.0,13.0,3.0,17.0,1,Electronics,Credit Card,Mobile,159.8,0.061889862327909884,1.0,1
332,CUST_00333,2023-01-08,35,Male,Antalya,False,2023,1,1,6,Sunday,January,True,2023-07-08,568.64,4,0.0,0.0,15.0,9.0,4.0,3.0,1,Beauty,Credit Card,Desktop,142.16,0.0,0.6,0
333,CUST_00334,2023-06-14,26,Male,Istanbul,True,2023,6,2,2,Wednesday,June,False,2023-12-14,4190.25,5,0.0,0.0,14.0,8.0,5.0,7.0,1,Sports,Credit Card,Mobile,838.05,0.0,0.571,0
334,CUST_00335,2023-02-25,46,Male,Ankara,False,2023,2,1,5,Saturday,February,True,2023-08-25,1030.8,5,0.0,0.0,9.0,9.0,3.0,15.0,1,Beauty,Credit Card,Mobile,206.16,0.0,1.0,0
335,CUST_00336,2023-01-17,33,Female,Istanbul,False,2023,1,1,1,Tuesday,January,False,2023-07-17,35.76,1,0.0,0.0,11.0,7.0,4.0,4.0,1,Books,Credit Card,Mobile,35.76,0.0,0.636,1
336,CUST_00337,2023-04-09,25,Male,Istanbul,False,2023,4,2,6,Sunday,April,True,2023-10-09,76.27,1,5.79,0.07055812819887887,19.0,12.0,5.0,7.0,1,Books,Credit Card,Desktop,76.27,0.07591451422577684,0.632,0
337,CUST_00338,2023-04-08,31,Male,Konya,False,2023,4,2,5,Saturday,April,True,2023-10-08,1025.43,3,0.0,0.0,13.0,6.0,5.0,9.0,1,Sports,Credit Card,Mobile,341.81,0.0,0.462,0
338,CUST_00339,2023-06-22,39,Male,Istanbul,False,2023,6,2,3,Thursday,June,False,2023-12-22,93.48,1,0.0,0.0,11.0,9.0,5.0,3.0,1,Beauty,Digital Wallet,Mobile,93.48,0.0,0.818,1
339,CUST_00340,2023-08-18,28,Female,Istanbul,False,2023,8,3,4,Friday,August,False,2024-02-18,392.76,2,0.0,0.0,9.0,10.0,3.0,6.0,1,Toys,Debit Card,Mobile,196.38,0.0,1.111,1
340,CUST_00341,2023-01-28,25,Female,Ankara,False,2023,1,1,5,Saturday,January,True,2023-07-28,100.58,2,0.0,0.0,15.0,10.0,4.0,14.0,1,Beauty,Debit Card,Tablet,50.29,0.0,0.667,0
341,CUST_00342,2023-01-26,37,Male,Bursa,True,2023,1,1,3,Thursday,January,False,2023-07-26,103.36,1,0.0,0.0,11.0,11.0,2.0,14.0,1,Toys,Credit Card,Desktop,103.36,0.0,1.0,1
342,CUST_00343,2023-04-04,37,Female,Bursa,True,2023,4,2,1,Tuesday,April,False,2023-10-04,255.96,1,0.0,0.0,21.0,9.0,2.0,5.0,1,Fashion,Debit Card,Mobile,255.96,0.0,0.429,0
343,CUST_00344,2023-02-10,28,Female,Istanbul,True,2023,2,1,4,Friday,February,False,2023-08-10,1618.91,3,429.88,0.20982140678156375,15.0,8.0,5.0,9.0,1,Home & Garden,Debit Card,Mobile,539.6366666666667,0.26553668826556137,0.533,1
344,CUST_00345,2023-03-12,29,Female,Istanbul,True,2023,3,1,6,Sunday,March,True,2023-09-12,291.18,1,19.82,0.0637299035369775,14.0,11.0,5.0,7.0,1,Toys,Digital Wallet,Mobile,291.18,0.06806786180369531,0.786,1
345,CUST_00346,2023-03-17,37,Male,Istanbul,False,2023,3,1,4,Friday,March,False,2023-09-17,69.8,4,0.0,0.0,11.0,11.0,2.0,2.0,1,Books,Credit Card,Desktop,17.45,0.0,1.0,1
346,CUST_00347,2023-01-14,18,Female,Izmir,False,2023,1,1,5,Saturday,January,True,2023-07-14,3160.05,5,0.0,0.0,16.0,6.0,3.0,6.0,1,Fashion,Credit Card,Mobile,632.01,0.0,0.375,1
347,CUST_00348,2023-01-18,18,Male,Ankara,True,2023,1,1,2,Wednesday,January,False,2023-07-18,474.63,1,0.0,0.0,12.0,6.0,3.0,3.0,1,Toys,Credit Card,Desktop,474.63,0.0,0.5,0
348,CUST_00349,2023-03-23,26,Female,Kayseri,True,2023,3,1,3,Thursday,March,False,2023-09-23,576.55,5,0.0,0.0,13.0,13.0,4.0,7.0,1,Books,Digital Wallet,Mobile,115.30999999999999,0.0,1.0,1
349,CUST_00350,2023-01-18,32,Male,Izmir,True,2023,1,1,2,Wednesday,January,False,2023-07-18,3351.67,5,539.98,0.1387534850256318,17.0,5.0,5.0,10.0,1,Sports,Credit Card,Mobile,670.3340000000001,0.16110774628767152,0.294,0
350,CUST_00351,2023-02-24,38,Male,Istanbul,True,2023,2,1,4,Friday,February,False,2023-08-24,1124.78,3,72.43,0.06049899349320504,17.0,10.0,5.0,9.0,1,Electronics,Debit Card,Desktop,374.9266666666667,0.06439481498604173,0.588,1
351,CUST_00352,2023-01-25,52,Male,Adana,True,2023,1,1,2,Wednesday,January,False,2023-07-25,75.96,4,0.0,0.0,17.0,9.0,5.0,8.0,1,Food,Debit Card,Mobile,18.99,0.0,0.529,0
352,CUST_00353,2023-03-30,45,Female,Ankara,False,2023,3,1,3,Thursday,March,False,2023-09-30,704.54,2,0.0,0.0,13.0,8.0,4.0,4.0,1,Toys,Credit Card,Tablet,352.27,0.0,0.615,1
353,CUST_00354,2023-02-20,33,Male,Antalya,True,2023,2,1,0,Monday,February,False,2023-08-20,281.58,1,0.0,0.0,6.0,11.0,5.0,3.0,1,Toys,Credit Card,Tablet,281.58,0.0,1.833,1
354,CUST_00355,2023-01-01,34,Female,Ankara,True,2023,1,1,6,Sunday,January,True,2023-07-01,1254.26,1,0.0,0.0,14.0,6.0,5.0,10.0,1,Electronics,Digital Wallet,Mobile,1254.26,0.0,0.429,1
355,CUST_00356,2023-07-21,22,Male,Bursa,True,2023,7,3,4,Friday,July,False,2024-01-21,1104.3,5,0.0,0.0,9.0,7.0,4.0,9.0,1,Sports,Cash on Delivery,Mobile,220.85999999999999,0.0,0.778,1
356,CUST_00357,2023-03-30,34,Female,Adana,True,2023,3,1,3,Thursday,March,False,2023-09-30,187.79,4,15.65,0.07692685804168306,16.0,9.0,3.0,2.0,1,Books,Digital Wallet,Mobile,46.9475,0.0833377709143192,0.562,0
357,CUST_00358,2023-08-31,31,Female,Kayseri,False,2023,8,3,3,Thursday,August,False,2024-02-29,2005.55,5,0.0,0.0,11.0,11.0,5.0,12.0,1,Sports,Debit Card,Desktop,401.11,0.0,1.0,0
358,CUST_00359,2023-01-01,38,Female,Ankara,True,2023,1,1,6,Sunday,January,True,2023-07-01,107.95,1,0.0,0.0,14.0,5.0,4.0,5.0,1,Fashion,Credit Card,Tablet,107.95,0.0,0.357,0
359,CUST_00360,2023-02-17,25,Female,Ankara,True,2023,2,1,4,Friday,February,False,2023-08-17,140.24,2,0.0,0.0,13.0,7.0,4.0,8.0,1,Toys,Debit Card,Tablet,70.12,0.0,0.538,0
360,CUST_00361,2023-04-18,41,Female,Izmir,True,2023,4,2,1,Tuesday,April,False,2023-10-18,1406.98,1,0.0,0.0,16.0,8.0,5.0,3.0,1,Electronics,Digital Wallet,Mobile,1406.98,0.0,0.5,1
361,CUST_00362,2023-12-16,53,Male,Kayseri,True,2023,12,4,5,Saturday,December,True,2024-06-16,1367.58,2,0.0,0.0,13.0,8.0,5.0,3.0,1,Sports,Debit Card,Mobile,683.79,0.0,0.615,0
362,CUST_00363,2023-01-31,33,Female,Konya,True,2023,1,1,1,Tuesday,January,False,2023-07-31,538.59,3,0.0,0.0,16.0,7.0,5.0,3.0,1,Sports,Credit Card,Desktop,179.53,0.0,0.437,0
363,CUST_00364,2023-03-27,39,Male,Istanbul,False,2023,3,1,0,Monday,March,False,2023-09-27,40.18,1,0.0,0.0,21.0,6.0,2.0,9.0,1,Food,Digital Wallet,Mobile,40.18,0.0,0.286,0
364,CUST_00365,2023-06-29,43,Female,Istanbul,True,2023,6,2,3,Thursday,June,False,2023-12-29,5233.04,4,0.0,0.0,19.0,5.0,3.0,12.0,1,Electronics,Credit Card,Mobile,1308.26,0.0,0.263,1
365,CUST_00366,2023-02-07,30,Female,Izmir,True,2023,2,1,1,Tuesday,February,False,2023-08-07,542.1,5,0.0,0.0,17.0,10.0,5.0,3.0,1,Fashion,Credit Card,Mobile,108.42,0.0,0.588,0
366,CUST_00367,2023-04-01,37,Male,Istanbul,False,2023,4,2,5,Saturday,April,True,2023-10-01,438.31,5,83.54,0.16008431541630738,8.0,11.0,4.0,4.0,1,Beauty,Digital Wallet,Mobile,87.662,0.19059569710935184,1.375,0
367,CUST_00368,2023-03-30,35,Male,Ankara,False,2023,3,1,3,Thursday,March,False,2023-09-30,16541.08,4,0.0,0.0,16.0,7.0,4.0,12.0,1,Electronics,Digital Wallet,Desktop,4135.27,0.0,0.437,1
368,CUST_00369,2024-03-16,36,Male,Istanbul,False,2024,3,1,5,Saturday,March,True,2024-09-16,14.81,1,0.0,0.0,11.0,9.0,5.0,10.0,1,Books,Credit Card,Mobile,14.81,0.0,0.818,0
369,CUST_00370,2023-02-04,25,Female,Antalya,True,2023,2,1,5,Saturday,February,True,2023-08-04,2147.84,2,0.0,0.0,11.0,8.0,5.0,4.0,1,Electronics,Cash on Delivery,Mobile,1073.92,0.0,0.727,0
370,CUST_00371,2023-01-31,35,Female,Kayseri,False,2023,1,1,1,Tuesday,January,False,2023-07-31,37.56,1,14.38,0.2768579129765114,1.0,8.0,3.0,7.0,1,Books,Digital Wallet,Desktop,37.56,0.3828541001064963,8.0,0
371,CUST_00372,2023-03-26,40,Female,Eskisehir,False,2023,3,1,6,Sunday,March,True,2023-09-26,29.66,1,0.0,0.0,20.0,8.0,5.0,3.0,1,Books,Debit Card,Mobile,29.66,0.0,0.4,1
372,CUST_00373,2023-06-08,52,Female,Ankara,False,2023,6,2,3,Thursday,June,False,2023-12-08,5334.5,5,0.0,0.0,14.0,6.0,5.0,6.0,1,Home & Garden,Debit Card,Mobile,1066.9,0.0,0.429,1
373,CUST_00374,2023-01-02,46,Female,Bursa,True,2023,1,1,0,Monday,January,False,2023-07-02,431.85,1,0.0,0.0,27.0,11.0,4.0,6.0,1,Sports,Debit Card,Mobile,431.85,0.0,0.407,0
374,CUST_00375,2023-02-01,60,Male,Konya,False,2023,2,1,2,Wednesday,February,False,2023-08-01,727.4,5,0.0,0.0,14.0,6.0,5.0,3.0,1,Toys,Debit Card,Desktop,145.48,0.0,0.429,1
375,CUST_00376,2023-05-16,25,Male,Istanbul,True,2023,5,2,1,Tuesday,May,False,2023-11-16,1624.74,3,0.0,0.0,3.0,7.0,1.0,1.0,1,Sports,Credit Card,Desktop,541.58,0.0,2.333,1
376,CUST_00377,2023-07-05,45,Female,Antalya,True,2023,7,3,2,Wednesday,July,False,2024-01-05,174.37,1,16.21,0.08505614440130128,21.0,9.0,3.0,3.0,1,Food,Debit Card,Tablet,174.37,0.09296323908929288,0.429,0
377,CUST_00378,2023-04-12,37,Female,Izmir,True,2023,4,2,2,Wednesday,April,False,2023-10-12,82.63,3,9.2,0.10018512468692148,11.0,10.0,4.0,6.0,1,Books,Digital Wallet,Mobile,27.543333333333333,0.11133970712816169,0.909,0
378,CUST_00379,2023-08-21,61,Female,Istanbul,True,2023,8,3,0,Monday,August,False,2024-02-21,70.96,1,3.75,0.050194083790657214,20.0,7.0,4.0,2.0,1,Books,Debit Card,Mobile,70.96,0.05284667418263811,0.35,1
379,CUST_00380,2023-05-27,25,Male,Izmir,False,2023,5,2,5,Saturday,May,True,2023-11-27,941.45,5,0.0,0.0,10.0,11.0,3.0,18.0,1,Beauty,Digital Wallet,Mobile,188.29000000000002,0.0,1.1,1
380,CUST_00381,2023-08-05,24,Male,Istanbul,False,2023,8,3,5,Saturday,August,True,2024-02-05,796.68,2,0.0,0.0,12.0,7.0,5.0,7.0,1,Sports,Credit Card,Mobile,398.34,0.0,0.583,0
381,CUST_00382,2023-07-07,27,Male,Antalya,True,2023,7,3,4,Friday,July,False,2024-01-07,161.95,5,0.0,0.0,20.0,10.0,5.0,18.0,1,Food,Credit Card,Mobile,32.39,0.0,0.5,0
382,CUST_00383,2023-11-30,18,Male,Ankara,False,2023,11,4,3,Thursday,November,False,2024-05-30,2064.38,2,0.0,0.0,13.0,13.0,4.0,10.0,1,Electronics,Debit Card,Desktop,1032.19,0.0,1.0,1
383,CUST_00384,2023-10-16,28,Male,Ankara,True,2023,10,4,0,Monday,October,False,2024-04-16,690.2,4,0.0,0.0,19.0,4.0,4.0,7.0,1,Home & Garden,Credit Card,Desktop,172.55,0.0,0.211,0
384,CUST_00385,2023-02-21,25,Female,Istanbul,True,2023,2,1,1,Tuesday,February,False,2023-08-21,494.6,1,0.0,0.0,11.0,8.0,2.0,12.0,1,Electronics,Credit Card,Desktop,494.6,0.0,0.727,1
385,CUST_00386,2023-01-27,36,Male,Konya,True,2023,1,1,4,Friday,January,False,2023-07-27,114.13,1,0.0,0.0,15.0,15.0,5.0,4.0,1,Food,Debit Card,Tablet,114.13,0.0,1.0,0
386,CUST_00387,2023-06-21,39,Female,Izmir,True,2023,6,2,2,Wednesday,June,False,2023-12-21,298.26,1,29.96,0.09128023886417647,16.0,9.0,3.0,4.0,1,Toys,Credit Card,Mobile,298.26,0.10044927244685845,0.562,0
387,CUST_00388,2023-01-15,57,Male,Bursa,True,2023,1,1,6,Sunday,January,True,2023-07-15,179.68,1,26.39,0.1280632794681419,14.0,12.0,3.0,7.0,1,Beauty,Credit Card,Mobile,179.68,0.14687221727515584,0.857,1
388,CUST_00389,2023-03-21,46,Female,Bursa,True,2023,3,1,1,Tuesday,March,False,2023-09-21,706.88,4,0.0,0.0,10.0,12.0,4.0,5.0,1,Toys,Credit Card,Mobile,176.72,0.0,1.2,1
389,CUST_00390,2023-02-08,28,Male,Izmir,True,2023,2,1,2,Wednesday,February,False,2023-08-08,4636.24,5,1299.91,0.21898200011792157,13.0,8.0,4.0,2.0,1,Electronics,Credit Card,Mobile,927.2479999999999,0.2803802219039567,0.615,0
390,CUST_00391,2023-06-01,24,Male,Istanbul,True,2023,6,2,3,Thursday,June,False,2023-12-01,33.29,1,0.0,0.0,10.0,5.0,5.0,3.0,1,Books,Digital Wallet,Mobile,33.29,0.0,0.5,0
391,CUST_00392,2023-03-01,40,Male,Adana,True,2023,3,1,2,Wednesday,March,False,2023-09-01,128.78,2,0.0,0.0,13.0,8.0,5.0,7.0,1,Books,Digital Wallet,Desktop,64.39,0.0,0.615,1
392,CUST_00393,2023-01-30,19,Female,Istanbul,True,2023,1,1,0,Monday,January,False,2023-07-30,16.4,1,1.41,0.07916900617630544,17.0,11.0,5.0,6.0,1,Food,Debit Card,Mobile,16.4,0.08597560975609757,0.647,0
393,CUST_00394,2023-02-28,56,Female,Istanbul,True,2023,2,1,1,Tuesday,February,False,2023-08-28,1503.62,1,0.0,0.0,17.0,9.0,3.0,3.0,1,Home & Garden,Bank Transfer,Mobile,1503.62,0.0,0.529,1
394,CUST_00395,2023-03-09,49,Male,Adana,False,2023,3,1,3,Thursday,March,False,2023-09-09,5991.04,4,0.0,0.0,9.0,9.0,5.0,7.0,1,Home & Garden,Credit Card,Mobile,1497.76,0.0,1.0,0
395,CUST_00396,2023-08-13,29,Male,Istanbul,False,2023,8,3,6,Sunday,August,True,2024-02-13,83.33,1,0.0,0.0,14.0,9.0,2.0,5.0,1,Beauty,Credit Card,Mobile,83.33,0.0,0.643,1
396,CUST_00397,2023-02-01,18,Female,Ankara,True,2023,2,1,2,Wednesday,February,False,2023-08-01,1024.26,1,177.05,0.14738077598621507,20.0,10.0,5.0,12.0,1,Electronics,Credit Card,Desktop,1024.26,0.17285650127897215,0.5,1
397,CUST_00398,2023-03-09,51,Male,Izmir,False,2023,3,1,3,Thursday,March,False,2023-09-09,210.08,2,0.0,0.0,15.0,9.0,4.0,8.0,1,Food,Debit Card,Tablet,105.04,0.0,0.6,1
398,CUST_00399,2023-04-19,33,Male,Izmir,True,2023,4,2,2,Wednesday,April,False,2023-10-19,21.08,1,0.0,0.0,15.0,7.0,4.0,13.0,1,Food,Credit Card,Mobile,21.08,0.0,0.467,1
399,CUST_00400,2023-01-30,49,Female,Adana,True,2023,1,1,0,Monday,January,False,2023-07-30,356.38,2,0.0,0.0,16.0,9.0,3.0,4.0,1,Beauty,Debit Card,Mobile,178.19,0.0,0.562,1
400,CUST_00401,2023-01-26,18,Female,Antalya,True,2023,1,1,3,Thursday,January,False,2023-07-26,118.11,1,0.0,0.0,45.0,7.0,5.0,2.0,1,Sports,Credit Card,Desktop,118.11,0.0,0.156,1
401,CUST_00402,2023-08-25,27,Male,Antalya,True,2023,8,3,4,Friday,August,False,2024-02-25,225.9,5,0.0,0.0,15.0,10.0,1.0,10.0,1,Books,Credit Card,Desktop,45.18,0.0,0.667,1
402,CUST_00403,2023-02-05,35,Male,Adana,False,2023,2,1,6,Sunday,February,True,2023-08-05,624.48,4,0.0,0.0,18.0,5.0,5.0,5.0,1,Beauty,Debit Card,Desktop,156.12,0.0,0.278,0
403,CUST_00404,2023-07-26,35,Female,Ankara,False,2023,7,3,2,Wednesday,July,False,2024-01-26,2491.7,3,502.48,0.16781890200321958,18.0,9.0,3.0,3.0,1,Electronics,Credit Card,Tablet,830.5666666666666,0.20166151623389655,0.5,1
404,CUST_00405,2023-09-27,29,Male,Ankara,False,2023,9,3,2,Wednesday,September,False,2024-03-27,2160.88,4,0.0,0.0,14.0,8.0,4.0,6.0,1,Home & Garden,Digital Wallet,Mobile,540.22,0.0,0.571,0
405,CUST_00406,2023-03-12,42,Male,Izmir,False,2023,3,1,6,Sunday,March,True,2023-09-12,362.79,5,40.06,0.09944147945885566,17.0,9.0,5.0,4.0,1,Beauty,Debit Card,Desktop,72.558,0.11042200722180875,0.529,1
406,CUST_00407,2023-02-08,22,Female,Ankara,True,2023,2,1,2,Wednesday,February,False,2023-08-08,205.86,3,57.18,0.21738138686131386,14.0,8.0,5.0,13.0,1,Beauty,Debit Card,Desktop,68.62,0.2777615855435733,0.571,0
407,CUST_00408,2023-01-13,33,Female,Eskisehir,True,2023,1,1,4,Friday,January,False,2023-07-13,5895.7,5,315.4,0.0507800550627103,14.0,12.0,5.0,6.0,1,Electronics,Bank Transfer,Mobile,1179.1399999999999,0.05349661617789236,0.857,1
408,CUST_00409,2023-09-18,36,Male,Gaziantep,True,2023,9,3,0,Monday,September,False,2024-03-18,140.95,1,0.0,0.0,8.0,6.0,2.0,13.0,1,Beauty,Credit Card,Mobile,140.95,0.0,0.75,1
409,CUST_00410,2023-02-11,41,Other,Istanbul,True,2023,2,1,5,Saturday,February,True,2023-08-11,149.14,1,36.34,0.19592408885054996,12.0,12.0,5.0,5.0,1,Books,Cash on Delivery,Tablet,149.14,0.24366367171784906,1.0,0
410,CUST_00411,2023-06-05,43,Female,Istanbul,True,2023,6,2,0,Monday,June,False,2023-12-05,1319.63,1,0.0,0.0,14.0,10.0,2.0,7.0,1,Sports,Digital Wallet,Mobile,1319.63,0.0,0.714,0
411,CUST_00412,2023-04-06,21,Male,Istanbul,False,2023,4,2,3,Thursday,April,False,2023-10-06,192.69,1,25.68,0.11759857123231213,13.0,10.0,4.0,6.0,1,Fashion,Debit Card,Mobile,192.69,0.13327105713840884,0.769,0
412,CUST_00413,2023-02-05,18,Other,Istanbul,True,2023,2,1,6,Sunday,February,True,2023-08-05,1456.73,1,0.0,0.0,13.0,8.0,3.0,3.0,1,Electronics,Debit Card,Desktop,1456.73,0.0,0.615,0
413,CUST_00414,2023-05-10,50,Male,Istanbul,False,2023,5,2,2,Wednesday,May,False,2023-11-10,1271.8,5,0.0,0.0,13.0,6.0,5.0,14.0,1,Sports,Credit Card,Tablet,254.35999999999999,0.0,0.462,0
414,CUST_00415,2023-02-04,38,Male,Bursa,False,2023,2,1,5,Saturday,February,True,2023-08-04,527.38,4,16.14,0.02969531939947012,13.0,15.0,4.0,7.0,1,Beauty,Credit Card,Desktop,131.845,0.03060411847244871,1.154,0
415,CUST_00416,2023-10-12,26,Female,Konya,True,2023,10,4,3,Thursday,October,False,2024-04-12,1778.52,3,0.0,0.0,15.0,11.0,4.0,5.0,1,Sports,Credit Card,Desktop,592.84,0.0,0.733,1
416,CUST_00417,2023-02-20,53,Male,Adana,True,2023,2,1,0,Monday,February,False,2023-08-20,292.71,3,0.0,0.0,12.0,8.0,5.0,10.0,1,Food,Credit Card,Mobile,97.57,0.0,0.667,1
417,CUST_00418,2023-05-01,36,Male,Istanbul,True,2023,5,2,0,Monday,May,False,2023-11-01,440.2,1,0.0,0.0,7.0,7.0,5.0,8.0,1,Sports,Credit Card,Desktop,440.2,0.0,1.0,1
418,CUST_00419,2023-04-10,49,Male,Ankara,False,2023,4,2,0,Monday,April,False,2023-10-10,30.44,5,2.76,0.08313253012048193,17.0,8.0,2.0,11.0,1,Food,Credit Card,Mobile,6.088,0.09067017082785807,0.471,1
419,CUST_00420,2023-03-03,35,Male,Izmir,False,2023,3,1,4,Friday,March,False,2023-09-03,28.4,1,2.2,0.07189542483660132,7.0,6.0,5.0,4.0,1,Food,Debit Card,Mobile,28.4,0.07746478873239437,0.857,0
420,CUST_00421,2023-04-13,59,Female,Gaziantep,False,2023,4,2,3,Thursday,April,False,2023-10-13,285.5,2,76.4,0.21110804089527496,13.0,11.0,5.0,2.0,1,Food,Debit Card,Mobile,142.75,0.2676007005253941,0.846,0
421,CUST_00422,2023-03-03,56,Female,Gaziantep,True,2023,3,1,4,Friday,March,False,2023-09-03,390.78,4,34.7,0.08155494970386387,14.0,4.0,5.0,4.0,1,Fashion,Credit Card,Desktop,97.695,0.08879676544347205,0.286,0
422,CUST_00423,2023-02-11,32,Other,Konya,True,2023,2,1,5,Saturday,February,True,2023-08-11,959.25,5,0.0,0.0,8.0,11.0,4.0,7.0,1,Toys,Digital Wallet,Desktop,191.85,0.0,1.375,0
423,CUST_00424,2023-06-11,46,Male,Izmir,True,2023,6,2,6,Sunday,June,True,2023-12-11,1139.55,5,0.0,0.0,18.0,7.0,4.0,6.0,1,Fashion,Credit Card,Mobile,227.91,0.0,0.389,0
424,CUST_00425,2023-01-21,42,Male,Antalya,True,2023,1,1,5,Saturday,January,True,2023-07-21,103.29,3,5.01,0.04626038781163434,52.0,7.0,4.0,4.0,1,Books,Debit Card,Tablet,34.43,0.04850421144350856,0.135,1
425,CUST_00426,2023-05-18,51,Male,Istanbul,True,2023,5,2,3,Thursday,May,False,2023-11-18,141.22,2,0.0,0.0,19.0,7.0,5.0,6.0,1,Beauty,Debit Card,Mobile,70.61,0.0,0.368,1
426,CUST_00427,2023-02-11,23,Male,Bursa,False,2023,2,1,5,Saturday,February,True,2023-08-11,6363.98,4,178.7,0.027312966551932844,7.0,9.0,1.0,11.0,1,Electronics,Cash on Delivery,Desktop,1590.995,0.02807991225616674,1.286,1
427,CUST_00428,2023-08-03,43,Male,Istanbul,False,2023,8,3,3,Thursday,August,False,2024-02-03,81.83,1,5.76,0.06576093161319785,16.0,4.0,4.0,8.0,1,Beauty,Bank Transfer,Tablet,81.83,0.07038983257973848,0.25,0
428,CUST_00429,2023-03-01,47,Female,Izmir,False,2023,3,1,2,Wednesday,March,False,2023-09-01,36.95,1,0.0,0.0,15.0,10.0,1.0,1.0,1,Beauty,Credit Card,Mobile,36.95,0.0,0.667,1
429,CUST_00430,2023-01-17,18,Female,Antalya,True,2023,1,1,1,Tuesday,January,False,2023-07-17,209.0,2,0.0,0.0,12.0,12.0,5.0,10.0,1,Books,Credit Card,Mobile,104.5,0.0,1.0,1
430,CUST_00431,2023-01-30,20,Female,Ankara,True,2023,1,1,0,Monday,January,False,2023-07-30,434.64,1,69.52,0.13789273246588382,16.0,13.0,4.0,12.0,1,Home & Garden,Credit Card,Mobile,434.64,0.15994846309589544,0.812,1
431,CUST_00432,2023-02-21,18,Male,Istanbul,True,2023,2,1,1,Tuesday,February,False,2023-08-21,1052.14,1,0.0,0.0,18.0,7.0,5.0,2.0,1,Home & Garden,Debit Card,Tablet,1052.14,0.0,0.389,1
432,CUST_00433,2023-06-11,31,Female,Istanbul,False,2023,6,2,6,Sunday,June,True,2023-12-11,4180.2,5,0.0,0.0,8.0,10.0,5.0,8.0,1,Electronics,Debit Card,Desktop,836.04,0.0,1.25,0
433,CUST_00434,2023-05-14,43,Male,Istanbul,True,2023,5,2,6,Sunday,May,True,2023-11-14,550.06,2,0.0,0.0,16.0,12.0,5.0,12.0,1,Fashion,Credit Card,Mobile,275.03,0.0,0.75,0
434,CUST_00435,2023-02-02,53,Male,Istanbul,True,2023,2,1,3,Thursday,February,False,2023-08-02,10662.6,5,0.0,0.0,20.0,6.0,4.0,6.0,1,Electronics,Bank Transfer,Mobile,2132.52,0.0,0.3,0
435,CUST_00436,2023-01-30,35,Female,Istanbul,False,2023,1,1,0,Monday,January,False,2023-07-30,2680.07,3,498.97,0.15695618803160705,12.0,11.0,3.0,15.0,1,Home & Garden,Debit Card,Desktop,893.3566666666667,0.18617797296339275,0.917,0
436,CUST_00437,2023-01-19,54,Female,Istanbul,True,2023,1,1,3,Thursday,January,False,2023-07-19,9328.86,5,1453.19,0.1347786367156524,15.0,11.0,1.0,6.0,1,Electronics,Credit Card,Desktop,1865.7720000000002,0.15577358862712057,0.733,0
437,CUST_00438,2023-02-12,18,Male,Istanbul,True,2023,2,1,6,Sunday,February,True,2023-08-12,3124.37,3,287.68,0.08431294969299982,14.0,7.0,2.0,10.0,1,Sports,Credit Card,Desktop,1041.4566666666667,0.09207616255437097,0.5,1
438,CUST_00439,2023-04-10,18,Male,Eskisehir,True,2023,4,2,0,Monday,April,False,2023-10-10,534.0,4,0.0,0.0,13.0,11.0,4.0,11.0,1,Toys,Credit Card,Tablet,133.5,0.0,0.846,0
439,CUST_00440,2023-02-10,34,Male,Ankara,True,2023,2,1,4,Friday,February,False,2023-08-10,194.2,4,0.0,0.0,16.0,8.0,4.0,5.0,1,Books,Debit Card,Mobile,48.55,0.0,0.5,0
440,CUST_00441,2023-02-24,39,Female,Istanbul,True,2023,2,1,4,Friday,February,False,2023-08-24,257.4,5,0.0,0.0,16.0,13.0,5.0,3.0,1,Fashion,Credit Card,Mobile,51.48,0.0,0.812,1
441,CUST_00442,2023-03-09,34,Male,Bursa,False,2023,3,1,3,Thursday,March,False,2023-09-09,84.6,2,6.6,0.07236842105263157,15.0,5.0,3.0,5.0,1,Food,Credit Card,Mobile,42.3,0.07801418439716312,0.333,0
442,CUST_00443,2023-03-05,18,Other,Konya,True,2023,3,1,6,Sunday,March,True,2023-09-05,70.21,1,0.0,0.0,8.0,8.0,5.0,9.0,1,Beauty,Credit Card,Tablet,70.21,0.0,1.0,1
443,CUST_00444,2023-05-30,33,Male,Antalya,True,2023,5,2,1,Tuesday,May,False,2023-11-30,629.89,4,157.11,0.19963151207115631,9.0,10.0,5.0,4.0,1,Sports,Cash on Delivery,Mobile,157.4725,0.24942450269094607,1.111,1
444,CUST_00445,2023-06-03,19,Male,Ankara,False,2023,6,2,5,Saturday,June,True,2023-12-03,132.39,1,0.0,0.0,9.0,11.0,5.0,5.0,1,Beauty,Digital Wallet,Mobile,132.39,0.0,1.222,1
445,CUST_00446,2023-01-23,43,Female,Bursa,True,2023,1,1,0,Monday,January,False,2023-07-23,87.63,3,16.44,0.15797059671375038,13.0,11.0,3.0,5.0,1,Food,Credit Card,Desktop,29.209999999999997,0.18760698390962002,0.846,0
446,CUST_00447,2023-01-23,39,Female,Adana,True,2023,1,1,0,Monday,January,False,2023-07-23,3132.6,3,0.0,0.0,13.0,5.0,3.0,6.0,1,Electronics,Bank Transfer,Desktop,1044.2,0.0,0.385,1
447,CUST_00448,2023-08-06,23,Male,Adana,False,2023,8,3,6,Sunday,August,True,2024-02-06,2259.9,3,0.0,0.0,13.0,9.0,4.0,4.0,1,Sports,Debit Card,Mobile,753.3000000000001,0.0,0.692,1
448,CUST_00449,2023-02-07,28,Female,Antalya,False,2023,2,1,1,Tuesday,February,False,2023-08-07,2134.26,3,0.0,0.0,16.0,9.0,5.0,11.0,1,Home & Garden,Digital Wallet,Mobile,711.4200000000001,0.0,0.562,0
449,CUST_00450,2023-01-05,22,Female,Konya,True,2023,1,1,3,Thursday,January,False,2023-07-05,66.91,1,10.69,0.1377577319587629,9.0,10.0,4.0,1.0,1,Books,Cash on Delivery,Mobile,66.91,0.15976685099387236,1.111,0
450,CUST_00451,2023-08-23,34,Female,Konya,False,2023,8,3,2,Wednesday,August,False,2024-02-23,141.96,1,30.83,0.17842467735401354,16.0,9.0,4.0,11.0,1,Home & Garden,Digital Wallet,Mobile,141.96,0.21717385178923637,0.562,0
451,CUST_00452,2023-01-05,46,Female,Bursa,True,2023,1,1,3,Thursday,January,False,2023-07-05,182.0,2,0.0,0.0,15.0,7.0,2.0,6.0,1,Beauty,Credit Card,Mobile,91.0,0.0,0.467,0
452,CUST_00453,2023-10-04,23,Female,Izmir,False,2023,10,4,2,Wednesday,October,False,2024-04-04,1547.6,4,0.0,0.0,18.0,6.0,5.0,3.0,1,Sports,Bank Transfer,Desktop,386.9,0.0,0.333,1
453,CUST_00454,2023-02-21,41,Female,Antalya,False,2023,2,1,1,Tuesday,February,False,2023-08-21,214.36,1,0.0,0.0,8.0,7.0,5.0,8.0,1,Fashion,Credit Card,Mobile,214.36,0.0,0.875,0
454,CUST_00455,2023-02-07,28,Female,Gaziantep,True,2023,2,1,1,Tuesday,February,False,2023-08-07,271.91,1,22.04,0.07497873788059194,10.0,10.0,5.0,12.0,1,Home & Garden,Credit Card,Tablet,271.91,0.08105623184141811,1.0,0
455,CUST_00456,2023-07-06,25,Male,Istanbul,False,2023,7,3,3,Thursday,July,False,2024-01-06,3333.16,4,0.0,0.0,11.0,7.0,2.0,1.0,1,Home & Garden,Debit Card,Desktop,833.29,0.0,0.636,1
456,CUST_00457,2023-04-10,33,Male,Eskisehir,True,2023,4,2,0,Monday,April,False,2023-10-10,89.92,2,16.08,0.15169811320754714,14.0,10.0,5.0,5.0,1,Books,Credit Card,Mobile,44.96,0.1788256227758007,0.714,1
457,CUST_00458,2023-05-13,22,Male,Istanbul,False,2023,5,2,5,Saturday,May,True,2023-11-13,847.39,3,177.86,0.17347963911241163,16.0,9.0,5.0,4.0,1,Sports,Bank Transfer,Desktop,282.4633333333333,0.2098915493456378,0.562,0
458,CUST_00459,2023-05-16,28,Male,Izmir,False,2023,5,2,1,Tuesday,May,False,2023-11-16,855.08,4,0.0,0.0,22.0,5.0,4.0,2.0,1,Beauty,Credit Card,Desktop,213.77,0.0,0.227,0
459,CUST_00460,2023-03-09,20,Male,Konya,False,2023,3,1,3,Thursday,March,False,2023-09-09,192.46,2,0.0,0.0,26.0,13.0,4.0,3.0,1,Fashion,Digital Wallet,Desktop,96.23,0.0,0.5,0
460,CUST_00461,2023-01-03,58,Female,Istanbul,True,2023,1,1,1,Tuesday,January,False,2023-07-03,1878.96,3,0.0,0.0,14.0,10.0,5.0,3.0,1,Sports,Digital Wallet,Mobile,626.32,0.0,0.714,1
461,CUST_00462,2023-01-17,35,Male,Izmir,True,2023,1,1,1,Tuesday,January,False,2023-07-17,2320.62,3,0.0,0.0,15.0,10.0,5.0,2.0,1,Fashion,Digital Wallet,Mobile,773.54,0.0,0.667,1
462,CUST_00463,2023-02-09,26,Male,Istanbul,False,2023,2,1,3,Thursday,February,False,2023-08-09,483.42,5,90.53,0.15773150971338964,14.0,6.0,5.0,11.0,1,Fashion,Digital Wallet,Desktop,96.684,0.18726986885110256,0.429,0
463,CUST_00464,2023-05-06,37,Female,Ankara,False,2023,5,2,5,Saturday,May,True,2023-11-06,206.18,2,0.0,0.0,15.0,8.0,3.0,5.0,1,Beauty,Credit Card,Mobile,103.09,0.0,0.533,1
464,CUST_00465,2023-07-09,33,Male,Istanbul,True,2023,7,3,6,Sunday,July,True,2024-01-09,1717.15,5,0.0,0.0,16.0,9.0,1.0,4.0,1,Home & Garden,Credit Card,Mobile,343.43,0.0,0.562,0
465,CUST_00466,2023-02-15,32,Male,Ankara,False,2023,2,1,2,Wednesday,February,False,2023-08-15,346.86,2,0.0,0.0,13.0,10.0,5.0,2.0,1,Home & Garden,Credit Card,Tablet,173.43,0.0,0.769,0
466,CUST_00467,2023-02-26,42,Male,Ankara,True,2023,2,1,6,Sunday,February,True,2023-08-26,220.82,2,0.0,0.0,17.0,8.0,1.0,5.0,1,Toys,Credit Card,Desktop,110.41,0.0,0.471,1
467,CUST_00468,2023-08-13,44,Male,Eskisehir,True,2023,8,3,6,Sunday,August,True,2024-02-13,159.43,5,3.22,0.019797110359668,16.0,10.0,4.0,5.0,1,Books,Credit Card,Desktop,31.886000000000003,0.02019695164021828,0.625,0
468,CUST_00469,2023-05-20,28,Male,Eskisehir,False,2023,5,2,5,Saturday,May,True,2023-11-20,78.87,1,0.0,0.0,15.0,10.0,4.0,6.0,1,Beauty,Debit Card,Mobile,78.87,0.0,0.667,1
469,CUST_00470,2023-06-18,28,Female,Istanbul,False,2023,6,2,6,Sunday,June,True,2023-12-18,156.95,2,41.31,0.2083627559769999,15.0,11.0,5.0,13.0,1,Home & Garden,Debit Card,Desktop,78.475,0.26320484230646707,0.733,1
470,CUST_00471,2023-08-08,31,Female,Adana,False,2023,8,3,1,Tuesday,August,False,2024-02-08,1376.8,5,0.0,0.0,14.0,11.0,5.0,8.0,1,Fashion,Debit Card,Mobile,275.36,0.0,0.786,1
471,CUST_00472,2023-01-13,18,Male,Istanbul,True,2023,1,1,4,Friday,January,False,2023-07-13,3782.76,4,0.0,0.0,13.0,6.0,5.0,8.0,1,Sports,Bank Transfer,Mobile,945.69,0.0,0.462,1
472,CUST_00473,2023-02-16,18,Male,Istanbul,True,2023,2,1,3,Thursday,February,False,2023-08-16,612.82,4,88.1,0.12569194772584602,19.0,9.0,4.0,7.0,1,Beauty,Debit Card,Mobile,153.205,0.14376162657876698,0.474,0
473,CUST_00474,2023-02-06,51,Male,Istanbul,True,2023,2,1,0,Monday,February,False,2023-08-06,704.18,5,44.77,0.05977702116296149,14.0,10.0,5.0,11.0,1,Toys,Debit Card,Mobile,140.83599999999998,0.06357749439063877,0.714,0
474,CUST_00475,2023-01-19,54,Female,Eskisehir,True,2023,1,1,3,Thursday,January,False,2023-07-19,2649.96,4,0.0,0.0,15.0,8.0,5.0,5.0,1,Electronics,Digital Wallet,Desktop,662.49,0.0,0.533,0
475,CUST_00476,2023-02-12,32,Male,Kayseri,True,2023,2,1,6,Sunday,February,True,2023-08-12,6426.88,4,0.0,0.0,18.0,11.0,4.0,17.0,1,Electronics,Credit Card,Mobile,1606.72,0.0,0.611,0
476,CUST_00477,2023-01-05,41,Male,Istanbul,True,2023,1,1,3,Thursday,January,False,2023-07-05,155.46,1,26.42,0.14526061139212668,14.0,9.0,5.0,9.0,1,Toys,Bank Transfer,Mobile,155.46,0.16994725331274926,0.643,0
477,CUST_00478,2023-02-14,38,Female,Istanbul,True,2023,2,1,1,Tuesday,February,False,2023-08-14,15.7,1,3.03,0.16177255739455418,15.0,8.0,2.0,10.0,1,Food,Cash on Delivery,Mobile,15.7,0.1929936305732484,0.533,0
478,CUST_00479,2023-10-01,71,Male,Istanbul,False,2023,10,4,6,Sunday,October,True,2024-04-01,340.5,3,0.0,0.0,15.0,7.0,3.0,9.0,1,Toys,Debit Card,Mobile,113.5,0.0,0.467,0
479,CUST_00480,2023-07-18,48,Male,Izmir,False,2023,7,3,1,Tuesday,July,False,2024-01-18,39.3,1,3.86,0.08943466172381835,10.0,8.0,2.0,4.0,1,Food,Bank Transfer,Desktop,39.3,0.09821882951653944,0.8,0
480,CUST_00481,2023-03-29,33,Male,Bursa,False,2023,3,1,2,Wednesday,March,False,2023-09-29,148.78,1,0.0,0.0,20.0,10.0,4.0,3.0,1,Fashion,Cash on Delivery,Mobile,148.78,0.0,0.5,0
481,CUST_00482,2023-01-03,23,Female,Istanbul,True,2023,1,1,1,Tuesday,January,False,2023-07-03,2215.68,3,0.0,0.0,17.0,8.0,2.0,7.0,1,Electronics,Debit Card,Mobile,738.56,0.0,0.471,0
482,CUST_00483,2023-02-23,18,Female,Adana,False,2023,2,1,3,Thursday,February,False,2023-08-23,911.25,1,0.0,0.0,7.0,11.0,2.0,10.0,1,Electronics,Debit Card,Tablet,911.25,0.0,1.571,1
483,CUST_00484,2023-03-26,37,Female,Ankara,True,2023,3,1,6,Sunday,March,True,2023-09-26,469.5,5,0.0,0.0,20.0,11.0,4.0,6.0,1,Home & Garden,Debit Card,Tablet,93.9,0.0,0.55,0
484,CUST_00485,2023-02-17,25,Female,Kayseri,True,2023,2,1,4,Friday,February,False,2023-08-17,228.67,4,27.69,0.10801217038539554,13.0,8.0,5.0,6.0,1,Beauty,Digital Wallet,Mobile,57.1675,0.12109152927799888,0.615,1
485,CUST_00486,2023-01-17,18,Female,Antalya,False,2023,1,1,1,Tuesday,January,False,2023-07-17,1235.1,5,0.0,0.0,14.0,11.0,4.0,6.0,1,Home & Garden,Credit Card,Mobile,247.01999999999998,0.0,0.786,1
486,CUST_00487,2023-01-14,27,Female,Izmir,False,2023,1,1,5,Saturday,January,True,2023-07-14,2027.28,3,0.0,0.0,9.0,11.0,3.0,11.0,1,Electronics,Digital Wallet,Desktop,675.76,0.0,1.222,0
487,CUST_00488,2023-02-24,22,Female,Gaziantep,False,2023,2,1,4,Friday,February,False,2023-08-24,42.67,1,0.0,0.0,15.0,10.0,4.0,3.0,1,Food,Credit Card,Mobile,42.67,0.0,0.667,0
488,CUST_00489,2023-02-27,55,Male,Gaziantep,True,2023,2,1,0,Monday,February,False,2023-08-27,1063.4,4,0.0,0.0,10.0,8.0,2.0,2.0,1,Sports,Credit Card,Mobile,265.85,0.0,0.8,1
489,CUST_00490,2023-07-08,45,Female,Ankara,False,2023,7,3,5,Saturday,July,True,2024-01-08,4019.88,3,0.0,0.0,12.0,8.0,5.0,6.0,1,Electronics,Credit Card,Mobile,1339.96,0.0,0.667,1
490,CUST_00491,2023-03-21,34,Male,Ankara,False,2023,3,1,1,Tuesday,March,False,2023-09-21,103.22,1,8.74,0.07806359414076457,9.0,8.0,5.0,4.0,1,Toys,Debit Card,Mobile,103.22,0.08467351288509979,0.889,0
491,CUST_00492,2023-05-20,52,Male,Kayseri,False,2023,5,2,5,Saturday,May,True,2023-11-20,750.72,2,0.0,0.0,15.0,9.0,3.0,11.0,1,Toys,Credit Card,Desktop,375.36,0.0,0.6,0
492,CUST_00493,2023-05-25,35,Female,Istanbul,False,2023,5,2,3,Thursday,May,False,2023-11-25,318.0,1,0.0,0.0,32.0,11.0,2.0,3.0,1,Fashion,Credit Card,Mobile,318.0,0.0,0.344,1
493,CUST_00494,2023-01-06,24,Male,Istanbul,False,2023,1,1,4,Friday,January,False,2023-07-06,680.82,3,0.0,0.0,16.0,10.0,4.0,7.0,1,Sports,Credit Card,Desktop,226.94000000000003,0.0,0.625,0
494,CUST_00495,2023-04-18,53,Female,Izmir,True,2023,4,2,1,Tuesday,April,False,2023-10-18,82.32,1,0.0,0.0,16.0,10.0,4.0,4.0,1,Beauty,Credit Card,Desktop,82.32,0.0,0.625,0
495,CUST_00496,2023-12-12,41,Male,Gaziantep,True,2023,12,4,1,Tuesday,December,False,2024-06-12,3589.44,4,0.0,0.0,16.0,6.0,4.0,3.0,1,Fashion,Credit Card,Desktop,897.36,0.0,0.375,1
496,CUST_00497,2023-04-07,22,Female,Adana,True,2023,4,2,4,Friday,April,False,2023-10-07,2065.98,5,184.77,0.08209263578807065,16.0,7.0,5.0,6.0,1,Sports,Bank Transfer,Tablet,413.196,0.08943455406151077,0.437,0
497,CUST_00498,2023-04-15,32,Female,Kayseri,True,2023,4,2,5,Saturday,April,True,2023-10-15,669.82,1,0.0,0.0,9.0,9.0,5.0,8.0,1,Fashion,Bank Transfer,Desktop,669.82,0.0,1.0,1
498,CUST_00499,2023-12-01,24,Female,Bursa,True,2023,12,4,4,Friday,December,False,2024-06-01,1529.88,4,0.0,0.0,12.0,8.0,5.0,4.0,1,Sports,Debit Card,Tablet,382.47,0.0,0.667,1
499,CUST_00500,2023-03-19,18,Male,Istanbul,False,2023,3,1,6,Sunday,March,True,2023-09-19,936.12,1,72.52,0.07189879441624365,13.0,9.0,3.0,17.0,1,Fashion,Bank Transfer,Desktop,936.12,0.07746870059394094,0.692,0
500,CUST_00501,2023-11-11,46,Male,Bursa,False,2023,11,4,5,Saturday,November,True,2024-05-11,2506.87,1,202.27,0.07466206988195517,21.0,10.0,5.0,6.0,1,Electronics,Digital Wallet,Mobile,2506.87,0.08068627411872176,0.476,1
501,CUST_00502,2023-05-16,57,Female,Adana,True,2023,5,2,1,Tuesday,May,False,2023-11-16,846.24,2,0.0,0.0,17.0,12.0,5.0,7.0,1,Home & Garden,Digital Wallet,Desktop,423.12,0.0,0.706,0
502,CUST_00503,2023-04-08,18,Male,Istanbul,False,2023,4,2,5,Saturday,April,True,2023-10-08,19.38,2,4.58,0.19115191986644406,13.0,8.0,2.0,7.0,1,Books,Debit Card,Mobile,9.69,0.2363261093911249,0.615,1
503,CUST_00504,2023-03-07,41,Female,Istanbul,True,2023,3,1,1,Tuesday,March,False,2023-09-07,202.21,1,0.0,0.0,15.0,10.0,3.0,2.0,1,Beauty,Debit Card,Mobile,202.21,0.0,0.667,0
504,CUST_00505,2023-05-09,27,Female,Istanbul,True,2023,5,2,1,Tuesday,May,False,2023-11-09,266.0,2,0.0,0.0,8.0,9.0,2.0,5.0,1,Beauty,Bank Transfer,Desktop,133.0,0.0,1.125,0
505,CUST_00506,2023-01-24,29,Male,Bursa,True,2023,1,1,1,Tuesday,January,False,2023-07-24,1302.9,4,169.7,0.11523835393182127,10.0,12.0,5.0,5.0,1,Home & Garden,Digital Wallet,Tablet,325.725,0.1302479085117814,1.2,1
506,CUST_00507,2023-01-01,27,Male,Konya,True,2023,1,1,6,Sunday,January,True,2023-07-01,138.8,1,0.0,0.0,13.0,3.0,5.0,7.0,1,Toys,Credit Card,Mobile,138.8,0.0,0.231,1
507,CUST_00508,2023-02-17,24,Male,Antalya,True,2023,2,1,4,Friday,February,False,2023-08-17,40.43,1,0.0,0.0,16.0,7.0,5.0,3.0,1,Books,Debit Card,Mobile,40.43,0.0,0.437,1
508,CUST_00509,2023-05-28,35,Female,Eskisehir,True,2023,5,2,6,Sunday,May,True,2023-11-28,2080.25,5,0.0,0.0,13.0,8.0,3.0,17.0,1,Sports,Digital Wallet,Desktop,416.05,0.0,0.615,1
509,CUST_00510,2023-03-07,25,Male,Istanbul,True,2023,3,1,1,Tuesday,March,False,2023-09-07,290.52,2,0.0,0.0,20.0,7.0,3.0,2.0,1,Toys,Credit Card,Desktop,145.26,0.0,0.35,1
510,CUST_00511,2023-01-28,38,Male,Konya,True,2023,1,1,5,Saturday,January,True,2023-07-28,21.09,1,3.31,0.13565573770491804,18.0,7.0,5.0,5.0,1,Books,Credit Card,Desktop,21.09,0.15694642010431484,0.389,0
511,CUST_00512,2023-03-01,34,Male,Gaziantep,False,2023,3,1,2,Wednesday,March,False,2023-09-01,234.4,5,0.0,0.0,6.0,6.0,5.0,9.0,1,Food,Credit Card,Mobile,46.88,0.0,1.0,1
512,CUST_00513,2023-01-20,32,Female,Ankara,True,2023,1,1,4,Friday,January,False,2023-07-20,2094.33,3,0.0,0.0,11.0,13.0,3.0,11.0,1,Sports,Credit Card,Desktop,698.11,0.0,1.182,1
513,CUST_00514,2023-01-02,24,Male,Eskisehir,True,2023,1,1,0,Monday,January,False,2023-07-02,4485.1,5,0.0,0.0,17.0,7.0,4.0,8.0,1,Home & Garden,Digital Wallet,Desktop,897.0200000000001,0.0,0.412,0
514,CUST_00515,2023-03-12,28,Male,Ankara,True,2023,3,1,6,Sunday,March,True,2023-09-12,564.31,5,86.29,0.13263141715339688,18.0,9.0,4.0,3.0,1,Beauty,Credit Card,Mobile,112.862,0.15291240630150096,0.5,1
515,CUST_00516,2023-03-01,44,Female,Konya,False,2023,3,1,2,Wednesday,March,False,2023-09-01,57.1,1,11.08,0.16251100029334115,17.0,11.0,5.0,9.0,1,Beauty,Credit Card,Mobile,57.1,0.19404553415061296,0.647,1
516,CUST_00517,2023-03-08,41,Female,Konya,True,2023,3,1,2,Wednesday,March,False,2023-09-08,187.45,5,0.0,0.0,9.0,10.0,3.0,8.0,1,Food,Credit Card,Desktop,37.489999999999995,0.0,1.111,0
517,CUST_00518,2023-02-07,23,Female,Adana,True,2023,2,1,1,Tuesday,February,False,2023-08-07,83.31,1,0.0,0.0,15.0,6.0,5.0,5.0,1,Toys,Digital Wallet,Mobile,83.31,0.0,0.4,0
518,CUST_00519,2023-02-06,36,Male,Bursa,True,2023,2,1,0,Monday,February,False,2023-08-06,577.76,1,0.0,0.0,13.0,10.0,5.0,1.0,1,Home & Garden,Digital Wallet,Mobile,577.76,0.0,0.769,1
519,CUST_00520,2023-03-24,44,Male,Istanbul,True,2023,3,1,4,Friday,March,False,2023-09-24,43.96,1,0.0,0.0,24.0,5.0,3.0,4.0,1,Food,Debit Card,Mobile,43.96,0.0,0.208,0
520,CUST_00521,2023-04-30,18,Female,Bursa,True,2023,4,2,6,Sunday,April,True,2023-10-30,224.14,4,12.34,0.05218200270635995,13.0,9.0,5.0,8.0,1,Books,Bank Transfer,Mobile,56.035,0.055054876416525386,0.692,1
521,CUST_00522,2023-04-09,41,Male,Ankara,False,2023,4,2,6,Sunday,April,True,2023-10-09,371.41,1,0.0,0.0,13.0,10.0,5.0,18.0,1,Toys,Digital Wallet,Desktop,371.41,0.0,0.769,1
522,CUST_00523,2023-01-28,27,Female,Gaziantep,True,2023,1,1,5,Saturday,January,True,2023-07-28,76.48,2,8.28,0.09768758848513448,14.0,8.0,5.0,3.0,1,Beauty,Bank Transfer,Mobile,38.24,0.10826359832635982,0.571,1
523,CUST_00524,2023-02-06,41,Female,Adana,False,2023,2,1,0,Monday,February,False,2023-08-06,5098.1,5,0.0,0.0,15.0,12.0,5.0,4.0,1,Electronics,Credit Card,Mobile,1019.6200000000001,0.0,0.8,0
524,CUST_00525,2023-02-21,25,Male,Kayseri,False,2023,2,1,1,Tuesday,February,False,2023-08-21,108.84,4,0.0,0.0,15.0,11.0,5.0,13.0,1,Food,Credit Card,Mobile,27.21,0.0,0.733,1
525,CUST_00526,2023-05-31,18,Female,Istanbul,False,2023,5,2,2,Wednesday,May,False,2023-11-30,262.93,1,41.79,0.13714229456550275,15.0,9.0,3.0,5.0,1,Sports,Debit Card,Desktop,262.93,0.15893964172973796,0.6,1
526,CUST_00527,2023-01-05,18,Female,Gaziantep,True,2023,1,1,3,Thursday,January,False,2023-07-05,746.9,1,0.0,0.0,13.0,6.0,5.0,8.0,1,Fashion,Credit Card,Mobile,746.9,0.0,0.462,0
527,CUST_00528,2023-02-18,35,Male,Kayseri,False,2023,2,1,5,Saturday,February,True,2023-08-18,704.97,4,126.99,0.15263954997836432,13.0,12.0,4.0,6.0,1,Fashion,Debit Card,Mobile,176.2425,0.18013532490744286,0.923,1
528,CUST_00529,2023-02-08,38,Female,Gaziantep,True,2023,2,1,2,Wednesday,February,False,2023-08-08,116.84,1,0.0,0.0,32.0,6.0,5.0,3.0,1,Toys,Debit Card,Tablet,116.84,0.0,0.187,0
529,CUST_00530,2023-05-25,24,Male,Istanbul,False,2023,5,2,3,Thursday,May,False,2023-11-25,456.88,4,0.0,0.0,16.0,11.0,4.0,5.0,1,Fashion,Debit Card,Mobile,114.22,0.0,0.687,0
530,CUST_00531,2023-03-18,42,Male,Istanbul,False,2023,3,1,5,Saturday,March,True,2023-09-18,108.28,1,45.44,0.2956023939630497,17.0,8.0,3.0,5.0,1,Toys,Debit Card,Mobile,108.28,0.4196527521241226,0.471,0
531,CUST_00532,2023-01-11,18,Male,Istanbul,True,2023,1,1,2,Wednesday,January,False,2023-07-11,1236.96,1,127.94,0.09373580482086599,14.0,5.0,3.0,7.0,1,Electronics,Debit Card,Tablet,1236.96,0.10343099210968826,0.357,0
532,CUST_00533,2023-01-19,34,Female,Antalya,False,2023,1,1,3,Thursday,January,False,2023-07-19,47.57,1,13.77,0.22448646886208018,27.0,9.0,4.0,16.0,1,Food,Digital Wallet,Desktop,47.57,0.28946815219676264,0.333,1
533,CUST_00534,2023-02-16,20,Female,Antalya,True,2023,2,1,3,Thursday,February,False,2023-08-16,321.44,1,42.34,0.11638902633459786,6.0,7.0,5.0,9.0,1,Sports,Debit Card,Mobile,321.44,0.13171976107516178,1.167,0
534,CUST_00535,2023-07-09,27,Female,Eskisehir,False,2023,7,3,6,Sunday,July,True,2024-01-09,339.98,1,0.0,0.0,9.0,8.0,2.0,7.0,1,Home & Garden,Bank Transfer,Mobile,339.98,0.0,0.889,0
535,CUST_00536,2023-02-11,35,Male,Ankara,False,2023,2,1,5,Saturday,February,True,2023-08-11,90.79,2,15.75,0.1478318002628121,17.0,8.0,4.0,12.0,1,Books,Debit Card,Desktop,45.395,0.17347725520431764,0.471,0
536,CUST_00537,2023-10-10,24,Female,Ankara,True,2023,10,4,1,Tuesday,October,False,2024-04-10,602.61,4,18.67,0.030050862734998716,18.0,3.0,5.0,9.0,1,Food,Credit Card,Desktop,150.6525,0.030981895421582785,0.167,0
537,CUST_00538,2023-03-17,30,Male,Antalya,False,2023,3,1,4,Friday,March,False,2023-09-17,712.9,1,0.0,0.0,13.0,11.0,5.0,4.0,1,Fashion,Digital Wallet,Desktop,712.9,0.0,0.846,0
538,CUST_00539,2023-03-18,47,Female,Gaziantep,False,2023,3,1,5,Saturday,March,True,2023-09-18,836.32,4,0.0,0.0,13.0,10.0,4.0,5.0,1,Beauty,Debit Card,Desktop,209.08,0.0,0.769,1
539,CUST_00540,2023-03-07,28,Male,Kayseri,True,2023,3,1,1,Tuesday,March,False,2023-09-07,1492.32,3,155.64,0.09444403990388116,27.0,9.0,3.0,4.0,1,Electronics,Credit Card,Desktop,497.44,0.10429398520424574,0.333,0
540,CUST_00541,2023-01-22,45,Male,Gaziantep,True,2023,1,1,6,Sunday,January,True,2023-07-22,609.04,1,0.0,0.0,15.0,14.0,5.0,4.0,1,Electronics,Digital Wallet,Mobile,609.04,0.0,0.933,0
541,CUST_00542,2023-06-07,21,Male,Izmir,True,2023,6,2,2,Wednesday,June,False,2023-12-07,284.01,3,0.0,0.0,5.0,9.0,3.0,7.0,1,Toys,Debit Card,Desktop,94.67,0.0,1.8,0
542,CUST_00543,2023-07-06,41,Female,Antalya,True,2023,7,3,3,Thursday,July,False,2024-01-06,602.76,4,0.0,0.0,7.0,9.0,4.0,6.0,1,Books,Bank Transfer,Desktop,150.69,0.0,1.286,0
543,CUST_00544,2023-03-22,52,Male,Konya,True,2023,3,1,2,Wednesday,March,False,2023-09-22,233.25,3,21.15,0.08313679245283019,16.0,10.0,4.0,12.0,1,Food,Digital Wallet,Desktop,77.75,0.09067524115755626,0.625,0
544,CUST_00545,2023-05-28,18,Female,Izmir,True,2023,5,2,6,Sunday,May,True,2023-11-28,1676.64,3,0.0,0.0,16.0,7.0,3.0,6.0,1,Home & Garden,Bank Transfer,Desktop,558.88,0.0,0.437,0
545,CUST_00546,2023-01-17,25,Male,Istanbul,True,2023,1,1,1,Tuesday,January,False,2023-07-17,57.8,4,0.0,0.0,14.0,7.0,4.0,5.0,1,Books,Digital Wallet,Mobile,14.45,0.0,0.5,0
546,CUST_00547,2023-05-30,41,Male,Istanbul,True,2023,5,2,1,Tuesday,May,False,2023-11-30,176.4,2,0.0,0.0,14.0,9.0,5.0,6.0,1,Food,Cash on Delivery,Desktop,88.2,0.0,0.643,0
547,CUST_00548,2023-03-17,32,Male,Istanbul,True,2023,3,1,4,Friday,March,False,2023-09-17,290.88,2,0.0,0.0,18.0,10.0,4.0,6.0,1,Home & Garden,Credit Card,Desktop,145.44,0.0,0.556,0
548,CUST_00549,2023-08-05,39,Female,Adana,True,2023,8,3,5,Saturday,August,True,2024-02-05,789.54,2,0.0,0.0,15.0,11.0,4.0,5.0,1,Sports,Credit Card,Mobile,394.77,0.0,0.733,0
549,CUST_00550,2023-04-02,27,Female,Istanbul,False,2023,4,2,6,Sunday,April,True,2023-10-02,179.53,2,23.99,0.117875393081761,10.0,10.0,5.0,5.0,1,Beauty,Credit Card,Mobile,89.765,0.1336266919177853,1.0,1
550,CUST_00551,2023-06-01,36,Male,Istanbul,False,2023,6,2,3,Thursday,June,False,2023-12-01,437.11,1,0.0,0.0,14.0,10.0,4.0,5.0,1,Home & Garden,Credit Card,Mobile,437.11,0.0,0.714,0
551,CUST_00552,2023-01-05,33,Male,Ankara,True,2023,1,1,3,Thursday,January,False,2023-07-05,369.09,3,62.58,0.14497185349920078,15.0,9.0,5.0,7.0,1,Home & Garden,Credit Card,Desktop,123.02999999999999,0.16955214175404373,0.6,1
552,CUST_00553,2023-02-19,49,Male,Bursa,False,2023,2,1,6,Sunday,February,True,2023-08-19,16697.15,5,0.0,0.0,15.0,7.0,3.0,5.0,1,Electronics,Credit Card,Desktop,3339.4300000000003,0.0,0.467,0
553,CUST_00554,2023-10-01,38,Female,Ankara,True,2023,10,4,6,Sunday,October,True,2024-04-01,85.24,2,0.0,0.0,14.0,11.0,2.0,9.0,1,Food,Debit Card,Mobile,42.62,0.0,0.786,1
554,CUST_00555,2023-04-24,39,Male,Antalya,True,2023,4,2,0,Monday,April,False,2023-10-24,441.45,3,0.0,0.0,22.0,7.0,4.0,9.0,1,Toys,Cash on Delivery,Mobile,147.15,0.0,0.318,0
555,CUST_00556,2023-08-02,30,Female,Istanbul,False,2023,8,3,2,Wednesday,August,False,2024-02-02,320.72,2,0.0,0.0,11.0,9.0,5.0,3.0,1,Beauty,Debit Card,Tablet,160.36,0.0,0.818,0
556,CUST_00557,2023-07-28,29,Female,Istanbul,False,2023,7,3,4,Friday,July,False,2024-01-28,259.04,4,0.0,0.0,8.0,3.0,5.0,11.0,1,Beauty,Debit Card,Mobile,64.76,0.0,0.375,0
557,CUST_00558,2023-03-11,29,Male,Izmir,False,2023,3,1,5,Saturday,March,True,2023-09-11,1887.65,3,204.58,0.09778083671489272,12.0,9.0,4.0,8.0,1,Sports,Debit Card,Mobile,629.2166666666667,0.10837814213439992,0.75,0
558,CUST_00559,2023-02-15,39,Female,Ankara,False,2023,2,1,2,Wednesday,February,False,2023-08-15,883.82,2,0.0,0.0,12.0,8.0,2.0,4.0,1,Sports,Bank Transfer,Desktop,441.91,0.0,0.667,0
559,CUST_00560,2023-03-21,29,Female,Ankara,False,2023,3,1,1,Tuesday,March,False,2023-09-21,120.51,1,0.0,0.0,11.0,13.0,5.0,8.0,1,Food,Credit Card,Desktop,120.51,0.0,1.182,0
560,CUST_00561,2023-05-02,38,Female,Istanbul,False,2023,5,2,1,Tuesday,May,False,2023-11-02,607.09,5,13.36,0.021532758481747117,18.0,7.0,3.0,11.0,1,Books,Debit Card,Mobile,121.418,0.022006621752952607,0.389,0
561,CUST_00562,2023-08-20,59,Male,Konya,True,2023,8,3,6,Sunday,August,True,2024-02-20,82.6,2,0.0,0.0,8.0,9.0,4.0,4.0,1,Beauty,Bank Transfer,Desktop,41.3,0.0,1.125,0
562,CUST_00563,2023-02-09,45,Male,Antalya,True,2023,2,1,3,Thursday,February,False,2023-08-09,6704.43,2,888.51,0.11701791400959313,17.0,8.0,2.0,9.0,1,Electronics,Credit Card,Mobile,3352.215,0.13252580756305904,0.471,1
563,CUST_00564,2023-07-12,31,Male,Istanbul,True,2023,7,3,2,Wednesday,July,False,2024-01-12,2918.76,2,0.0,0.0,14.0,12.0,5.0,6.0,1,Electronics,Debit Card,Mobile,1459.38,0.0,0.857,0
564,CUST_00565,2023-06-01,49,Male,Istanbul,False,2023,6,2,3,Thursday,June,False,2023-12-01,447.93,1,50.02,0.10045185259564214,18.0,12.0,3.0,6.0,1,Home & Garden,Debit Card,Mobile,447.93,0.11166923403210323,0.667,0
565,CUST_00566,2023-04-01,30,Male,Eskisehir,True,2023,4,2,5,Saturday,April,True,2023-10-01,4364.74,2,0.0,0.0,13.0,9.0,5.0,5.0,1,Home & Garden,Debit Card,Tablet,2182.37,0.0,0.692,1
566,CUST_00567,2023-03-06,18,Male,Antalya,False,2023,3,1,0,Monday,March,False,2023-09-06,384.76,4,0.0,0.0,16.0,10.0,5.0,7.0,1,Toys,Credit Card,Mobile,96.19,0.0,0.625,1
567,CUST_00568,2023-01-11,22,Female,Izmir,False,2023,1,1,2,Wednesday,January,False,2023-07-11,1542.82,2,0.0,0.0,16.0,3.0,4.0,9.0,1,Fashion,Cash on Delivery,Mobile,771.41,0.0,0.187,1
568,CUST_00569,2023-04-02,18,Male,Adana,False,2023,4,2,6,Sunday,April,True,2023-10-02,646.84,4,0.0,0.0,13.0,8.0,2.0,2.0,1,Toys,Digital Wallet,Mobile,161.71,0.0,0.615,1
569,CUST_00570,2023-03-24,30,Male,Adana,True,2023,3,1,4,Friday,March,False,2023-09-24,271.42,4,67.98,0.20029463759575725,17.0,9.0,5.0,7.0,1,Toys,Credit Card,Mobile,67.855,0.250460540859185,0.529,0
570,CUST_00571,2023-06-20,35,Male,Adana,False,2023,6,2,1,Tuesday,June,False,2023-12-20,58.58,2,0.0,0.0,10.0,10.0,1.0,6.0,1,Books,Credit Card,Mobile,29.29,0.0,1.0,0
571,CUST_00572,2023-08-02,55,Female,Izmir,True,2023,8,3,2,Wednesday,August,False,2024-02-02,53.95,1,0.0,0.0,20.0,9.0,1.0,5.0,1,Sports,Credit Card,Mobile,53.95,0.0,0.45,1
572,CUST_00573,2023-07-30,38,Female,Izmir,True,2023,7,3,6,Sunday,July,True,2024-01-30,2581.0,5,0.0,0.0,9.0,9.0,5.0,8.0,1,Home & Garden,Credit Card,Mobile,516.2,0.0,1.0,0
573,CUST_00574,2024-01-17,32,Female,Istanbul,False,2024,1,1,2,Wednesday,January,False,2024-07-17,5803.24,2,0.0,0.0,12.0,7.0,4.0,10.0,1,Electronics,Debit Card,Desktop,2901.62,0.0,0.583,0
574,CUST_00575,2023-05-24,44,Male,Kayseri,True,2023,5,2,2,Wednesday,May,False,2023-11-24,4146.04,2,0.0,0.0,16.0,9.0,3.0,3.0,1,Electronics,Digital Wallet,Mobile,2073.02,0.0,0.562,0
575,CUST_00576,2023-03-02,18,Female,Bursa,True,2023,3,1,3,Thursday,March,False,2023-09-02,235.76,2,0.0,0.0,9.0,10.0,5.0,4.0,1,Books,Digital Wallet,Desktop,117.88,0.0,1.111,1
576,CUST_00577,2023-04-09,37,Male,Istanbul,False,2023,4,2,6,Sunday,April,True,2023-10-09,139.7,4,12.14,0.07995258166491043,16.0,9.0,3.0,7.0,1,Food,Digital Wallet,Desktop,34.925,0.08690050107372943,0.562,1
577,CUST_00578,2023-01-28,44,Male,Kayseri,True,2023,1,1,5,Saturday,January,True,2023-07-28,432.15,3,0.0,0.0,15.0,7.0,4.0,4.0,1,Books,Bank Transfer,Desktop,144.04999999999998,0.0,0.467,0
578,CUST_00579,2023-05-08,18,Male,Kayseri,False,2023,5,2,0,Monday,May,False,2023-11-08,267.15,3,12.18,0.043604338953925466,24.0,7.0,5.0,15.0,1,Beauty,Cash on Delivery,Desktop,89.05,0.045592363840539024,0.292,0
579,CUST_00580,2023-04-27,48,Male,Eskisehir,False,2023,4,2,3,Thursday,April,False,2023-10-27,108.28,2,0.0,0.0,14.0,8.0,4.0,3.0,1,Beauty,Debit Card,Desktop,54.14,0.0,0.571,1
580,CUST_00581,2023-03-23,39,Male,Konya,True,2023,3,1,3,Thursday,March,False,2023-09-23,3528.37,4,144.07,0.03923004868697651,30.0,9.0,3.0,8.0,1,Electronics,Debit Card,Mobile,882.0925,0.04083188554488333,0.3,1
581,CUST_00582,2023-02-15,30,Female,Eskisehir,True,2023,2,1,2,Wednesday,February,False,2023-08-15,4114.72,2,0.0,0.0,10.0,5.0,4.0,4.0,1,Electronics,Credit Card,Desktop,2057.36,0.0,0.5,0
582,CUST_00583,2023-04-27,42,Female,Istanbul,False,2023,4,2,3,Thursday,April,False,2023-10-27,918.44,5,81.31,0.08133033258314579,13.0,7.0,2.0,3.0,1,Fashion,Debit Card,Mobile,183.68800000000002,0.08853055180523496,0.538,1
583,CUST_00584,2023-01-20,62,Male,Gaziantep,False,2023,1,1,4,Friday,January,False,2023-07-20,622.15,5,0.0,0.0,17.0,8.0,4.0,10.0,1,Books,Debit Card,Tablet,124.42999999999999,0.0,0.471,0
584,CUST_00585,2023-01-12,37,Female,Gaziantep,True,2023,1,1,3,Thursday,January,False,2023-07-12,377.86,3,47.9,0.11250469748214957,12.0,7.0,4.0,9.0,1,Sports,Credit Card,Desktop,125.95333333333333,0.1267665272852379,0.583,1
585,CUST_00586,2023-05-15,37,Male,Istanbul,True,2023,5,2,0,Monday,May,False,2023-11-15,580.8,5,0.0,0.0,15.0,7.0,4.0,8.0,1,Beauty,Credit Card,Desktop,116.16,0.0,0.467,1
586,CUST_00587,2023-01-20,29,Male,Istanbul,False,2023,1,1,4,Friday,January,False,2023-07-20,923.93,1,0.0,0.0,30.0,11.0,5.0,2.0,1,Home & Garden,Credit Card,Mobile,923.93,0.0,0.367,0
587,CUST_00588,2023-01-01,24,Female,Eskisehir,True,2023,1,1,6,Sunday,January,True,2023-07-01,757.94,4,82.26,0.09790526065222566,18.0,9.0,3.0,9.0,1,Sports,Credit Card,Desktop,189.485,0.10853101828640789,0.5,0
588,CUST_00589,2023-01-05,44,Female,Ankara,False,2023,1,1,3,Thursday,January,False,2023-07-05,351.99,3,0.0,0.0,16.0,7.0,5.0,3.0,1,Toys,Debit Card,Desktop,117.33,0.0,0.437,0
589,CUST_00590,2023-04-24,24,Male,Konya,False,2023,4,2,0,Monday,April,False,2023-10-24,680.35,5,0.0,0.0,10.0,9.0,5.0,3.0,1,Fashion,Debit Card,Mobile,136.07,0.0,0.9,0
590,CUST_00591,2023-01-27,35,Male,Istanbul,True,2023,1,1,4,Friday,January,False,2023-07-27,1034.21,1,0.0,0.0,12.0,11.0,4.0,5.0,1,Sports,Credit Card,Desktop,1034.21,0.0,0.917,1
591,CUST_00592,2023-02-11,29,Female,Istanbul,True,2023,2,1,5,Saturday,February,True,2023-08-11,382.46,2,0.0,0.0,13.0,6.0,4.0,5.0,1,Home & Garden,Credit Card,Mobile,191.23,0.0,0.462,1
592,CUST_00593,2023-01-11,40,Female,Izmir,True,2023,1,1,2,Wednesday,January,False,2023-07-11,76.02,2,0.0,0.0,14.0,11.0,1.0,7.0,1,Food,Debit Card,Tablet,38.01,0.0,0.786,0
593,CUST_00594,2023-06-29,39,Female,Istanbul,True,2023,6,2,3,Thursday,June,False,2023-12-29,354.06,2,0.0,0.0,17.0,10.0,4.0,2.0,1,Fashion,Credit Card,Desktop,177.03,0.0,0.588,0
594,CUST_00595,2023-01-22,47,Male,Antalya,True,2023,1,1,6,Sunday,January,True,2023-07-22,551.56,2,0.0,0.0,12.0,7.0,5.0,5.0,1,Home & Garden,Credit Card,Mobile,275.78,0.0,0.583,1
595,CUST_00596,2023-05-24,28,Male,Bursa,True,2023,5,2,2,Wednesday,May,False,2023-11-24,445.28,2,0.0,0.0,16.0,10.0,5.0,2.0,1,Fashion,Digital Wallet,Mobile,222.64,0.0,0.625,0
596,CUST_00597,2023-02-18,31,Male,Istanbul,False,2023,2,1,5,Saturday,February,True,2023-08-18,601.07,5,152.28,0.20213712086015798,18.0,9.0,5.0,10.0,1,Home & Garden,Bank Transfer,Mobile,120.21400000000001,0.25334819571763684,0.5,1
597,CUST_00598,2023-02-18,23,Male,Istanbul,False,2023,2,1,5,Saturday,February,True,2023-08-18,168.82,2,0.0,0.0,13.0,9.0,5.0,4.0,1,Toys,Debit Card,Mobile,84.41,0.0,0.692,1
598,CUST_00599,2023-04-26,29,Female,Ankara,False,2023,4,2,2,Wednesday,April,False,2023-10-26,184.68,3,0.0,0.0,17.0,9.0,4.0,6.0,1,Books,Credit Card,Mobile,61.56,0.0,0.529,0
599,CUST_00600,2023-02-04,39,Male,Istanbul,True,2023,2,1,5,Saturday,February,True,2023-08-04,796.57,4,95.71,0.10726453579593849,17.0,11.0,4.0,3.0,1,Toys,Digital Wallet,Mobile,199.1425,0.12015265450619529,0.647,1
600,CUST_00601,2023-01-13,44,Male,Gaziantep,True,2023,1,1,4,Friday,January,False,2023-07-13,952.19,1,0.0,0.0,33.0,8.0,2.0,3.0,1,Electronics,Debit Card,Mobile,952.19,0.0,0.242,1
601,CUST_00602,2023-01-03,23,Female,Izmir,True,2023,1,1,1,Tuesday,January,False,2023-07-03,13483.75,5,0.0,0.0,10.0,10.0,4.0,4.0,1,Electronics,Debit Card,Tablet,2696.75,0.0,1.0,1
602,CUST_00603,2023-01-31,45,Female,Istanbul,True,2023,1,1,1,Tuesday,January,False,2023-07-31,368.16,4,0.0,0.0,11.0,12.0,3.0,2.0,1,Food,Debit Card,Desktop,92.04,0.0,1.091,1
603,CUST_00604,2023-07-24,51,Male,Izmir,True,2023,7,3,0,Monday,July,False,2024-01-24,648.31,1,0.0,0.0,22.0,11.0,5.0,17.0,1,Sports,Credit Card,Desktop,648.31,0.0,0.5,1
604,CUST_00605,2023-03-06,39,Female,Istanbul,False,2023,3,1,0,Monday,March,False,2023-09-06,136.25,1,0.0,0.0,16.0,6.0,5.0,11.0,1,Sports,Debit Card,Mobile,136.25,0.0,0.375,1
605,CUST_00606,2023-05-23,57,Female,Istanbul,True,2023,5,2,1,Tuesday,May,False,2023-11-23,768.42,4,11.1,0.014239532019704433,20.0,10.0,4.0,10.0,1,Beauty,Cash on Delivery,Desktop,192.105,0.014445225267431874,0.5,1
606,CUST_00607,2023-09-03,25,Female,Istanbul,True,2023,9,3,6,Sunday,September,True,2024-03-03,87.2,5,13.7,0.13577799801783944,13.0,10.0,3.0,7.0,1,Food,Credit Card,Desktop,17.44,0.15711009174311924,0.769,0
607,CUST_00608,2023-02-05,20,Male,Konya,False,2023,2,1,6,Sunday,February,True,2023-08-05,1119.96,1,0.0,0.0,16.0,12.0,5.0,5.0,1,Home & Garden,Bank Transfer,Desktop,1119.96,0.0,0.75,1
608,CUST_00609,2023-06-12,18,Female,Kayseri,False,2023,6,2,0,Monday,June,False,2023-12-12,506.95,5,0.0,0.0,16.0,6.0,4.0,9.0,1,Books,Credit Card,Desktop,101.39,0.0,0.375,0
609,CUST_00610,2023-01-27,52,Female,Gaziantep,False,2023,1,1,4,Friday,January,False,2023-07-27,233.07,4,44.05,0.15895640877598152,9.0,12.0,3.0,11.0,1,Beauty,Bank Transfer,Desktop,58.2675,0.1889990131720084,1.333,1
610,CUST_00611,2023-06-29,42,Male,Ankara,False,2023,6,2,3,Thursday,June,False,2023-12-29,150.49,1,0.0,0.0,18.0,8.0,4.0,8.0,1,Toys,Credit Card,Desktop,150.49,0.0,0.444,1
611,CUST_00612,2023-01-27,34,Male,Ankara,False,2023,1,1,4,Friday,January,False,2023-07-27,453.25,1,0.0,0.0,12.0,8.0,3.0,5.0,1,Home & Garden,Credit Card,Desktop,453.25,0.0,0.667,1
612,CUST_00613,2023-02-23,38,Female,Bursa,False,2023,2,1,3,Thursday,February,False,2023-08-23,2314.05,5,0.0,0.0,11.0,9.0,2.0,9.0,1,Sports,Credit Card,Desktop,462.81000000000006,0.0,0.818,1
613,CUST_00614,2023-07-24,21,Male,Adana,True,2023,7,3,0,Monday,July,False,2024-01-24,193.69,1,0.0,0.0,24.0,13.0,5.0,4.0,1,Beauty,Digital Wallet,Mobile,193.69,0.0,0.542,0
614,CUST_00615,2023-02-04,64,Female,Eskisehir,True,2023,2,1,5,Saturday,February,True,2023-08-04,652.23,4,36.05,0.052376939617597484,11.0,11.0,5.0,4.0,1,Toys,Debit Card,Mobile,163.0575,0.0552719132821244,1.0,0
615,CUST_00616,2023-04-02,36,Male,Istanbul,False,2023,4,2,6,Sunday,April,True,2023-10-02,96.6,3,0.0,0.0,18.0,10.0,4.0,5.0,1,Toys,Digital Wallet,Mobile,32.199999999999996,0.0,0.556,0
616,CUST_00617,2023-01-15,36,Male,Istanbul,True,2023,1,1,6,Sunday,January,True,2023-07-15,718.57,3,65.36,0.08337479111655377,10.0,10.0,5.0,6.0,1,Fashion,Credit Card,Mobile,239.52333333333334,0.09095843132888931,1.0,1
617,CUST_00618,2023-03-08,43,Male,Antalya,True,2023,3,1,2,Wednesday,March,False,2023-09-08,224.3,1,0.0,0.0,18.0,10.0,5.0,6.0,1,Fashion,Debit Card,Desktop,224.3,0.0,0.556,1
618,CUST_00619,2023-01-15,40,Female,Gaziantep,True,2023,1,1,6,Sunday,January,True,2023-07-15,1239.23,1,0.0,0.0,31.0,13.0,5.0,12.0,1,Electronics,Credit Card,Desktop,1239.23,0.0,0.419,0
619,CUST_00620,2023-03-01,37,Male,Gaziantep,False,2023,3,1,2,Wednesday,March,False,2023-09-01,631.0,5,0.0,0.0,13.0,13.0,5.0,5.0,1,Beauty,Credit Card,Mobile,126.2,0.0,1.0,0
620,CUST_00621,2023-04-10,25,Female,Antalya,False,2023,4,2,0,Monday,April,False,2023-10-10,220.47,3,0.0,0.0,17.0,6.0,5.0,8.0,1,Food,Credit Card,Mobile,73.49,0.0,0.353,0
621,CUST_00622,2023-05-14,40,Female,Kayseri,False,2023,5,2,6,Sunday,May,True,2023-11-14,863.05,1,77.46,0.08235957087112311,7.0,9.0,4.0,3.0,1,Sports,Digital Wallet,Desktop,863.05,0.08975146283529344,1.286,1
622,CUST_00623,2023-04-02,57,Female,Izmir,False,2023,4,2,6,Sunday,April,True,2023-10-02,351.37,1,0.0,0.0,13.0,6.0,5.0,6.0,1,Sports,Credit Card,Desktop,351.37,0.0,0.462,1
623,CUST_00624,2023-10-25,51,Female,Kayseri,True,2023,10,4,2,Wednesday,October,False,2024-04-25,84.04,1,21.03,0.20015227943275915,6.0,7.0,1.0,4.0,1,Food,Credit Card,Mobile,84.04,0.2502379819133746,1.167,0
624,CUST_00625,2023-05-16,54,Female,Eskisehir,True,2023,5,2,1,Tuesday,May,False,2023-11-16,100.18,2,0.0,0.0,36.0,14.0,4.0,5.0,1,Books,Credit Card,Desktop,50.09,0.0,0.389,1
625,CUST_00626,2023-01-20,28,Male,Gaziantep,True,2023,1,1,4,Friday,January,False,2023-07-20,46.78,1,13.38,0.22240691489361705,10.0,3.0,4.0,16.0,1,Books,Debit Card,Desktop,46.78,0.2860196665241556,0.3,1
626,CUST_00627,2023-01-27,23,Female,Ankara,True,2023,1,1,4,Friday,January,False,2023-07-27,967.94,2,0.0,0.0,15.0,10.0,4.0,7.0,1,Sports,Credit Card,Desktop,483.97,0.0,0.667,1
627,CUST_00628,2023-06-04,33,Female,Istanbul,True,2023,6,2,6,Sunday,June,True,2023-12-04,28.45,1,0.0,0.0,14.0,7.0,5.0,6.0,1,Food,Cash on Delivery,Mobile,28.45,0.0,0.5,1
628,CUST_00629,2023-01-27,35,Male,Bursa,False,2023,1,1,4,Friday,January,False,2023-07-27,983.98,5,228.72,0.18860394161787747,10.0,11.0,5.0,9.0,1,Sports,Debit Card,Mobile,196.796,0.23244374885668406,1.1,0
629,CUST_00630,2023-06-26,48,Male,Izmir,False,2023,6,2,0,Monday,June,False,2023-12-26,93.68,1,21.05,0.18347424387692843,12.0,13.0,2.0,5.0,1,Books,Credit Card,Desktop,93.68,0.22470111016225447,1.083,0
630,CUST_00631,2023-10-29,18,Female,Konya,True,2023,10,4,6,Sunday,October,True,2024-04-29,2004.92,2,0.0,0.0,10.0,10.0,5.0,5.0,1,Sports,Credit Card,Mobile,1002.46,0.0,1.0,1
631,CUST_00632,2023-07-04,53,Male,Istanbul,True,2023,7,3,1,Tuesday,July,False,2024-01-04,45.17,1,0.0,0.0,18.0,10.0,5.0,3.0,1,Food,Debit Card,Mobile,45.17,0.0,0.556,0
632,CUST_00633,2023-01-13,33,Female,Ankara,True,2023,1,1,4,Friday,January,False,2023-07-13,102.43,1,0.0,0.0,12.0,10.0,2.0,4.0,1,Books,Debit Card,Desktop,102.43,0.0,0.833,1
633,CUST_00634,2023-08-06,29,Male,Adana,False,2023,8,3,6,Sunday,August,True,2024-02-06,21.43,1,1.56,0.06785558938668987,12.0,6.0,3.0,11.0,1,Beauty,Debit Card,Mobile,21.43,0.07279514699020066,0.5,1
634,CUST_00635,2023-08-16,22,Male,Istanbul,True,2023,8,3,2,Wednesday,August,False,2024-02-16,83.2,2,0.0,0.0,9.0,9.0,5.0,2.0,1,Books,Debit Card,Desktop,41.6,0.0,1.0,1
635,CUST_00636,2023-05-11,18,Female,Ankara,True,2023,5,2,3,Thursday,May,False,2023-11-11,76.34,3,15.94,0.17273515387949717,14.0,6.0,3.0,7.0,1,Books,Debit Card,Tablet,25.44666666666667,0.20880272465286873,0.429,0
636,CUST_00637,2023-03-01,44,Male,Ankara,True,2023,3,1,2,Wednesday,March,False,2023-09-01,506.32,4,0.0,0.0,10.0,12.0,2.0,7.0,1,Fashion,Debit Card,Tablet,126.58,0.0,1.2,0
637,CUST_00638,2023-01-25,35,Male,Antalya,False,2023,1,1,2,Wednesday,January,False,2023-07-25,196.3,4,40.58,0.17131036811887876,16.0,3.0,4.0,18.0,1,Books,Digital Wallet,Mobile,49.075,0.20672440142638815,0.187,1
638,CUST_00639,2023-10-23,19,Female,Istanbul,True,2023,10,4,0,Monday,October,False,2024-04-23,656.45,1,0.0,0.0,10.0,7.0,5.0,5.0,1,Fashion,Bank Transfer,Tablet,656.45,0.0,0.7,1
639,CUST_00640,2023-04-08,19,Male,Konya,True,2023,4,2,5,Saturday,April,True,2023-10-08,1066.04,3,33.82,0.030749368101394718,19.0,9.0,5.0,7.0,1,Toys,Debit Card,Mobile,355.34666666666664,0.0317248883719185,0.474,1
640,CUST_00641,2023-01-03,30,Female,Izmir,True,2023,1,1,1,Tuesday,January,False,2023-07-03,102.74,1,24.57,0.19299348048071635,16.0,10.0,4.0,5.0,1,Beauty,Digital Wallet,Mobile,102.74,0.23914736227370062,0.625,1
641,CUST_00642,2023-01-23,55,Female,Kayseri,True,2023,1,1,0,Monday,January,False,2023-07-23,16214.2,5,0.0,0.0,2.0,10.0,5.0,5.0,1,Electronics,Credit Card,Desktop,3242.84,0.0,5.0,0
642,CUST_00643,2023-02-25,31,Female,Izmir,True,2023,2,1,5,Saturday,February,True,2023-08-25,506.16,4,0.0,0.0,18.0,9.0,2.0,5.0,1,Beauty,Debit Card,Tablet,126.54,0.0,0.5,0
643,CUST_00644,2023-07-23,18,Male,Ankara,True,2023,7,3,6,Sunday,July,True,2024-01-23,10128.15,3,0.0,0.0,15.0,8.0,4.0,11.0,1,Electronics,Bank Transfer,Mobile,3376.0499999999997,0.0,0.533,1
644,CUST_00645,2023-01-01,32,Male,Istanbul,False,2023,1,1,6,Sunday,January,True,2023-07-01,574.78,1,229.28,0.285152849289854,8.0,10.0,4.0,1.0,1,Electronics,Credit Card,Mobile,574.78,0.3989004488673928,1.25,0
645,CUST_00646,2023-01-03,31,Female,Istanbul,True,2023,1,1,1,Tuesday,January,False,2023-07-03,1051.3,5,227.8,0.17809397232429053,22.0,7.0,5.0,5.0,1,Sports,Digital Wallet,Mobile,210.26,0.21668410539332258,0.318,1
646,CUST_00647,2023-02-19,18,Female,Bursa,True,2023,2,1,6,Sunday,February,True,2023-08-19,1752.75,5,0.0,0.0,14.0,5.0,5.0,5.0,1,Home & Garden,Debit Card,Mobile,350.55,0.0,0.357,0
647,CUST_00648,2023-10-03,34,Female,Istanbul,False,2023,10,4,1,Tuesday,October,False,2024-04-03,240.48,2,0.0,0.0,14.0,10.0,5.0,5.0,1,Toys,Credit Card,Mobile,120.24,0.0,0.714,1
648,CUST_00649,2023-03-03,32,Female,Ankara,True,2023,3,1,4,Friday,March,False,2023-09-03,658.54,2,0.0,0.0,15.0,8.0,4.0,7.0,1,Home & Garden,Bank Transfer,Mobile,329.27,0.0,0.533,0
649,CUST_00650,2023-01-25,43,Male,Bursa,True,2023,1,1,2,Wednesday,January,False,2023-07-25,2253.5,5,0.0,0.0,14.0,11.0,3.0,6.0,1,Home & Garden,Digital Wallet,Mobile,450.7,0.0,0.786,0
650,CUST_00651,2023-09-16,57,Male,Ankara,False,2023,9,3,5,Saturday,September,True,2024-03-16,85.19,5,6.51,0.07099236641221374,17.0,6.0,3.0,14.0,1,Food,Cash on Delivery,Desktop,17.038,0.07641741988496302,0.353,1
651,CUST_00652,2023-12-13,48,Male,Istanbul,False,2023,12,4,2,Wednesday,December,False,2024-06-13,9922.62,4,1051.46,0.09581304309791801,15.0,9.0,4.0,6.0,1,Electronics,Credit Card,Mobile,2480.655,0.10596596463434052,0.6,1
652,CUST_00653,2023-03-12,31,Male,Adana,False,2023,3,1,6,Sunday,March,True,2023-09-12,397.3,5,0.0,0.0,12.0,12.0,3.0,10.0,1,Toys,Cash on Delivery,Mobile,79.46000000000001,0.0,1.0,0
653,CUST_00654,2023-04-11,21,Male,Kayseri,True,2023,4,2,1,Tuesday,April,False,2023-10-11,762.12,2,0.0,0.0,20.0,7.0,5.0,8.0,1,Home & Garden,Credit Card,Tablet,381.06,0.0,0.35,1
654,CUST_00655,2023-02-16,65,Female,Istanbul,False,2023,2,1,3,Thursday,February,False,2023-08-16,4967.1,5,1026.15,0.1712176198223001,13.0,7.0,4.0,6.0,1,Electronics,Credit Card,Mobile,993.4200000000001,0.20658935797547864,0.538,0
655,CUST_00656,2023-08-09,35,Male,Istanbul,True,2023,8,3,2,Wednesday,August,False,2024-02-09,28.6,1,0.0,0.0,15.0,8.0,4.0,7.0,1,Food,Debit Card,Mobile,28.6,0.0,0.533,1
656,CUST_00657,2023-02-05,35,Male,Eskisehir,False,2023,2,1,6,Sunday,February,True,2023-08-05,4740.2,3,201.73,0.040820084460929225,16.0,11.0,4.0,4.0,1,Home & Garden,Digital Wallet,Desktop,1580.0666666666666,0.04255727606430108,0.687,1
657,CUST_00658,2023-09-12,34,Male,Istanbul,True,2023,9,3,1,Tuesday,September,False,2024-03-12,394.36,4,45.88,0.10421588224604761,13.0,8.0,5.0,8.0,1,Food,Debit Card,Mobile,98.59,0.1163403996348514,0.615,1
658,CUST_00659,2023-06-19,37,Female,Eskisehir,False,2023,6,2,0,Monday,June,False,2023-12-19,148.56,4,8.24,0.052551020408163264,21.0,11.0,5.0,2.0,1,Food,Digital Wallet,Desktop,37.14,0.05546580506192784,0.524,0
659,CUST_00660,2023-11-16,33,Female,Istanbul,True,2023,11,4,3,Thursday,November,False,2024-05-16,114.0,1,0.0,0.0,13.0,4.0,5.0,9.0,1,Fashion,Debit Card,Mobile,114.0,0.0,0.308,0
660,CUST_00661,2023-06-10,28,Female,Konya,True,2023,6,2,5,Saturday,June,True,2023-12-10,697.96,4,0.0,0.0,11.0,5.0,4.0,6.0,1,Home & Garden,Bank Transfer,Mobile,174.49,0.0,0.455,1
661,CUST_00662,2023-10-18,28,Female,Ankara,False,2023,10,4,2,Wednesday,October,False,2024-04-18,1071.42,3,0.0,0.0,14.0,8.0,4.0,9.0,1,Fashion,Credit Card,Desktop,357.14000000000004,0.0,0.571,1
662,CUST_00663,2023-02-16,34,Male,Kayseri,False,2023,2,1,3,Thursday,February,False,2023-08-16,848.0,5,0.0,0.0,11.0,9.0,3.0,4.0,1,Beauty,Credit Card,Desktop,169.6,0.0,0.818,0
663,CUST_00664,2023-03-05,28,Female,Ankara,False,2023,3,1,6,Sunday,March,True,2023-09-05,369.47,1,0.0,0.0,9.0,8.0,4.0,5.0,1,Fashion,Debit Card,Mobile,369.47,0.0,0.889,1
664,CUST_00665,2023-03-09,26,Male,Antalya,True,2023,3,1,3,Thursday,March,False,2023-09-09,226.68,3,0.0,0.0,17.0,7.0,3.0,6.0,1,Food,Credit Card,Mobile,75.56,0.0,0.412,0
665,CUST_00666,2023-06-03,36,Male,Istanbul,False,2023,6,2,5,Saturday,June,True,2023-12-03,375.36,3,0.0,0.0,27.0,9.0,5.0,7.0,1,Toys,Digital Wallet,Mobile,125.12,0.0,0.333,1
666,CUST_00667,2023-06-29,31,Female,Istanbul,False,2023,6,2,3,Thursday,June,False,2023-12-29,2048.68,4,0.0,0.0,15.0,6.0,5.0,8.0,1,Electronics,Credit Card,Desktop,512.17,0.0,0.4,1
667,CUST_00668,2023-02-26,53,Female,Adana,False,2023,2,1,6,Sunday,February,True,2023-08-26,919.92,4,0.0,0.0,19.0,12.0,4.0,18.0,1,Toys,Credit Card,Mobile,229.98,0.0,0.632,1
668,CUST_00669,2023-05-05,18,Male,Bursa,True,2023,5,2,4,Friday,May,False,2023-11-05,836.04,1,80.1,0.08743205186980155,17.0,14.0,3.0,12.0,1,Home & Garden,Cash on Delivery,Desktop,836.04,0.09580881297545572,0.824,1
669,CUST_00670,2023-01-11,48,Male,Kayseri,True,2023,1,1,2,Wednesday,January,False,2023-07-11,55.68,3,0.0,0.0,12.0,10.0,5.0,4.0,1,Toys,Credit Card,Tablet,18.56,0.0,0.833,0
670,CUST_00671,2023-06-17,49,Female,Izmir,True,2023,6,2,5,Saturday,June,True,2023-12-17,1293.15,5,0.0,0.0,16.0,7.0,4.0,5.0,1,Electronics,Debit Card,Mobile,258.63,0.0,0.437,0
671,CUST_00672,2023-02-21,18,Male,Konya,False,2023,2,1,1,Tuesday,February,False,2023-08-21,590.04,4,0.0,0.0,15.0,9.0,4.0,7.0,1,Toys,Debit Card,Mobile,147.51,0.0,0.6,1
672,CUST_00673,2023-11-18,30,Male,Izmir,True,2023,11,4,5,Saturday,November,True,2024-05-18,1168.84,2,0.0,0.0,18.0,15.0,4.0,4.0,1,Fashion,Debit Card,Desktop,584.42,0.0,0.833,0
673,CUST_00674,2023-03-01,30,Male,Eskisehir,True,2023,3,1,2,Wednesday,March,False,2023-09-01,1006.13,4,65.47,0.06109555804404629,12.0,7.0,5.0,4.0,1,Fashion,Debit Card,Mobile,251.5325,0.06507111407074632,0.583,0
674,CUST_00675,2023-03-25,18,Male,Kayseri,True,2023,3,1,5,Saturday,March,True,2023-09-25,510.5,1,0.0,0.0,15.0,5.0,5.0,4.0,1,Sports,Debit Card,Desktop,510.5,0.0,0.333,0
675,CUST_00676,2023-01-28,25,Female,Ankara,True,2023,1,1,5,Saturday,January,True,2023-07-28,8373.45,5,0.0,0.0,16.0,7.0,4.0,7.0,1,Electronics,Credit Card,Desktop,1674.69,0.0,0.437,1
676,CUST_00677,2023-04-09,21,Male,Konya,True,2023,4,2,6,Sunday,April,True,2023-10-09,4674.4,5,0.0,0.0,12.0,6.0,4.0,5.0,1,Home & Garden,Credit Card,Desktop,934.8799999999999,0.0,0.5,0
677,CUST_00678,2023-08-04,56,Male,Gaziantep,False,2023,8,3,4,Friday,August,False,2024-02-04,362.94,3,0.0,0.0,21.0,11.0,4.0,2.0,1,Food,Credit Card,Desktop,120.98,0.0,0.524,0
678,CUST_00679,2023-01-26,46,Female,Istanbul,False,2023,1,1,3,Thursday,January,False,2023-07-26,728.75,5,0.0,0.0,15.0,8.0,4.0,4.0,1,Home & Garden,Digital Wallet,Desktop,145.75,0.0,0.533,1
679,CUST_00680,2023-05-01,50,Female,Antalya,True,2023,5,2,0,Monday,May,False,2023-11-01,442.21,1,69.63,0.13603860581431698,14.0,8.0,4.0,5.0,1,Fashion,Bank Transfer,Mobile,442.21,0.15745912575473192,0.571,1
680,CUST_00681,2023-02-15,43,Male,Istanbul,False,2023,2,1,2,Wednesday,February,False,2023-08-15,480.88,4,0.0,0.0,15.0,8.0,5.0,5.0,1,Beauty,Credit Card,Mobile,120.22,0.0,0.533,0
681,CUST_00682,2023-08-25,21,Male,Gaziantep,False,2023,8,3,4,Friday,August,False,2024-02-25,32.03,1,4.23,0.11665747380033097,13.0,10.0,3.0,5.0,1,Books,Credit Card,Mobile,32.03,0.1320636902903528,0.769,1
682,CUST_00683,2023-01-19,28,Male,Istanbul,True,2023,1,1,3,Thursday,January,False,2023-07-19,716.84,4,0.0,0.0,11.0,8.0,4.0,6.0,1,Food,Debit Card,Desktop,179.21,0.0,0.727,1
683,CUST_00684,2023-01-16,40,Female,Istanbul,True,2023,1,1,0,Monday,January,False,2023-07-16,590.1,5,0.0,0.0,12.0,10.0,5.0,5.0,1,Beauty,Cash on Delivery,Desktop,118.02000000000001,0.0,0.833,1
684,CUST_00685,2023-08-26,20,Female,Izmir,True,2023,8,3,5,Saturday,August,True,2024-02-26,671.92,4,47.88,0.06651847735482079,19.0,11.0,5.0,4.0,1,Toys,Credit Card,Mobile,167.98,0.07125848315275629,0.579,0
685,CUST_00686,2023-03-18,43,Female,Bursa,True,2023,3,1,5,Saturday,March,True,2023-09-18,30.7,1,0.0,0.0,14.0,7.0,4.0,9.0,1,Food,Debit Card,Mobile,30.7,0.0,0.5,1
686,CUST_00687,2023-01-19,32,Female,Konya,False,2023,1,1,3,Thursday,January,False,2023-07-19,68.19,1,0.0,0.0,14.0,12.0,5.0,3.0,1,Books,Digital Wallet,Tablet,68.19,0.0,0.857,1
687,CUST_00688,2023-03-24,30,Female,Eskisehir,False,2023,3,1,4,Friday,March,False,2023-09-24,131.85,5,0.0,0.0,11.0,11.0,3.0,4.0,1,Books,Credit Card,Desktop,26.369999999999997,0.0,1.0,0
688,CUST_00689,2023-08-19,43,Female,Izmir,False,2023,8,3,5,Saturday,August,True,2024-02-19,241.87,3,18.2,0.06998115891875265,17.0,8.0,4.0,4.0,1,Fashion,Credit Card,Mobile,80.62333333333333,0.07524703353040889,0.471,0
689,CUST_00690,2023-01-01,40,Female,Istanbul,True,2023,1,1,6,Sunday,January,True,2023-07-01,3778.05,5,0.0,0.0,21.0,10.0,4.0,7.0,1,Sports,Cash on Delivery,Desktop,755.61,0.0,0.476,0
690,CUST_00691,2023-05-15,30,Male,Adana,False,2023,5,2,0,Monday,May,False,2023-11-15,301.92,2,59.38,0.164350954885137,10.0,10.0,4.0,8.0,1,Fashion,Debit Card,Desktop,150.96,0.19667461579226284,1.0,1
691,CUST_00692,2023-01-18,48,Other,Bursa,True,2023,1,1,2,Wednesday,January,False,2023-07-18,3449.5,5,0.0,0.0,15.0,6.0,5.0,13.0,1,Sports,Credit Card,Mobile,689.9,0.0,0.4,1
692,CUST_00693,2023-04-18,22,Male,Izmir,False,2023,4,2,1,Tuesday,April,False,2023-10-18,914.24,1,0.0,0.0,15.0,14.0,3.0,12.0,1,Sports,Credit Card,Mobile,914.24,0.0,0.933,0
693,CUST_00694,2023-05-24,42,Male,Ankara,True,2023,5,2,2,Wednesday,May,False,2023-11-24,420.93,3,112.68,0.21116545791870467,15.0,8.0,5.0,10.0,1,Fashion,Debit Card,Mobile,140.31,0.2676929655762241,0.533,1
694,CUST_00695,2023-09-08,42,Female,Izmir,True,2023,9,3,4,Friday,September,False,2024-03-08,220.95,3,0.0,0.0,14.0,7.0,4.0,4.0,1,Beauty,Credit Card,Tablet,73.64999999999999,0.0,0.5,0
695,CUST_00696,2023-05-07,31,Male,Ankara,False,2023,5,2,6,Sunday,May,True,2023-11-07,130.21,3,27.44,0.17405645417063118,16.0,7.0,3.0,4.0,1,Books,Digital Wallet,Desktop,43.403333333333336,0.21073650257276708,0.437,1
696,CUST_00697,2023-01-18,38,Female,Adana,False,2023,1,1,2,Wednesday,January,False,2023-07-18,1200.22,2,0.0,0.0,17.0,13.0,5.0,6.0,1,Sports,Cash on Delivery,Mobile,600.11,0.0,0.765,1
697,CUST_00698,2023-01-24,19,Female,Bursa,True,2023,1,1,1,Tuesday,January,False,2023-07-24,329.58,3,0.0,0.0,19.0,11.0,3.0,5.0,1,Toys,Digital Wallet,Mobile,109.86,0.0,0.579,0
698,CUST_00699,2023-04-15,46,Male,Konya,False,2023,4,2,5,Saturday,April,True,2023-10-15,92.58,2,0.0,0.0,12.0,7.0,4.0,6.0,1,Fashion,Digital Wallet,Mobile,46.29,0.0,0.583,0
699,CUST_00700,2023-07-23,32,Female,Bursa,False,2023,7,3,6,Sunday,July,True,2024-01-23,1307.68,3,174.89,0.11796407589523597,12.0,11.0,2.0,2.0,1,Fashion,Credit Card,Desktop,435.8933333333334,0.13374067050042823,0.917,1
700,CUST_00701,2023-07-10,28,Male,Istanbul,False,2023,7,3,0,Monday,July,False,2024-01-10,1376.39,1,281.51,0.16979914349478253,14.0,9.0,3.0,2.0,1,Electronics,Bank Transfer,Desktop,1376.39,0.2045277864558737,0.643,1
701,CUST_00702,2023-03-04,47,Male,Konya,True,2023,3,1,5,Saturday,March,True,2023-09-04,962.03,2,134.13,0.12236352357320097,13.0,12.0,3.0,9.0,1,Sports,Credit Card,Mobile,481.015,0.13942392648877894,0.923,1
702,CUST_00703,2023-02-27,26,Female,Bursa,True,2023,2,1,0,Monday,February,False,2023-08-27,1225.76,4,0.0,0.0,16.0,8.0,4.0,4.0,1,Toys,Credit Card,Tablet,306.44,0.0,0.5,1
703,CUST_00704,2023-02-07,18,Female,Istanbul,True,2023,2,1,1,Tuesday,February,False,2023-08-07,371.55,3,79.23,0.1757620125116465,17.0,10.0,4.0,7.0,1,Beauty,Digital Wallet,Desktop,123.85000000000001,0.21324182478805007,0.588,1
704,CUST_00705,2023-09-19,18,Female,Antalya,True,2023,9,3,1,Tuesday,September,False,2024-03-19,164.06,3,14.02,0.07872866127583109,16.0,9.0,4.0,5.0,1,Toys,Credit Card,Mobile,54.68666666666667,0.08545654029013774,0.562,0
705,CUST_00706,2023-03-19,42,Male,Ankara,True,2023,3,1,6,Sunday,March,True,2023-09-19,1319.1,3,0.0,0.0,12.0,7.0,5.0,8.0,1,Electronics,Credit Card,Desktop,439.7,0.0,0.583,1
706,CUST_00707,2023-03-27,19,Female,Gaziantep,True,2023,3,1,0,Monday,March,False,2023-09-27,2200.14,3,0.0,0.0,16.0,10.0,4.0,9.0,1,Sports,Credit Card,Desktop,733.38,0.0,0.625,0
707,CUST_00708,2023-05-15,56,Male,Izmir,False,2023,5,2,0,Monday,May,False,2023-11-15,48.24,2,0.0,0.0,23.0,10.0,2.0,10.0,1,Books,Credit Card,Desktop,24.12,0.0,0.435,1
708,CUST_00709,2023-02-26,18,Female,Adana,True,2023,2,1,6,Sunday,February,True,2023-08-26,1534.48,2,84.02,0.05191226444238492,13.0,8.0,5.0,8.0,1,Home & Garden,Digital Wallet,Mobile,767.24,0.05475470517699807,0.615,1
709,CUST_00710,2023-01-09,55,Male,Istanbul,True,2023,1,1,0,Monday,January,False,2023-07-09,207.08,1,44.13,0.17566975836949167,18.0,12.0,2.0,4.0,1,Home & Garden,Credit Card,Mobile,207.08,0.213106045972571,0.667,1
710,CUST_00711,2023-02-12,37,Female,Ankara,True,2023,2,1,6,Sunday,February,True,2023-08-12,1891.75,2,163.07,0.07935974927244234,12.0,12.0,4.0,10.0,1,Sports,Credit Card,Tablet,945.875,0.08620060790273557,1.0,0
711,CUST_00712,2023-02-13,33,Male,Eskisehir,True,2023,2,1,0,Monday,February,False,2023-08-13,665.62,2,0.0,0.0,26.0,8.0,4.0,13.0,1,Sports,Debit Card,Mobile,332.81,0.0,0.308,0
712,CUST_00713,2023-05-26,28,Male,Gaziantep,True,2023,5,2,4,Friday,May,False,2023-11-26,225.05,1,0.0,0.0,5.0,16.0,4.0,7.0,1,Fashion,Bank Transfer,Mobile,225.05,0.0,3.2,0
713,CUST_00714,2023-09-21,39,Female,Istanbul,True,2023,9,3,3,Thursday,September,False,2024-03-21,300.8,1,0.0,0.0,36.0,7.0,2.0,9.0,1,Sports,Digital Wallet,Mobile,300.8,0.0,0.194,0
714,CUST_00715,2023-02-07,34,Female,Ankara,True,2023,2,1,1,Tuesday,February,False,2023-08-07,4308.44,2,0.0,0.0,15.0,11.0,4.0,8.0,1,Electronics,Credit Card,Mobile,2154.22,0.0,0.733,0
715,CUST_00716,2023-01-05,48,Female,Ankara,False,2023,1,1,3,Thursday,January,False,2023-07-05,885.76,4,0.0,0.0,16.0,11.0,5.0,3.0,1,Fashion,Credit Card,Mobile,221.44,0.0,0.687,0
716,CUST_00717,2023-05-14,36,Female,Antalya,True,2023,5,2,6,Sunday,May,True,2023-11-14,37.54,1,0.0,0.0,15.0,9.0,5.0,10.0,1,Books,Cash on Delivery,Desktop,37.54,0.0,0.6,1
717,CUST_00718,2023-02-14,36,Female,Adana,False,2023,2,1,1,Tuesday,February,False,2023-08-14,313.6,4,0.0,0.0,9.0,6.0,4.0,4.0,1,Books,Bank Transfer,Mobile,78.4,0.0,0.667,1
718,CUST_00719,2023-02-17,30,Female,Adana,False,2023,2,1,4,Friday,February,False,2023-08-17,68.42,2,0.0,0.0,28.0,1.0,1.0,5.0,1,Beauty,Debit Card,Desktop,34.21,0.0,0.036,0
719,CUST_00720,2023-03-09,34,Male,Izmir,False,2023,3,1,3,Thursday,March,False,2023-09-09,433.14,3,0.0,0.0,14.0,6.0,4.0,5.0,1,Fashion,Credit Card,Mobile,144.38,0.0,0.429,1
720,CUST_00721,2023-05-10,38,Female,Gaziantep,False,2023,5,2,2,Wednesday,May,False,2023-11-10,679.05,1,0.0,0.0,12.0,12.0,3.0,5.0,1,Home & Garden,Credit Card,Desktop,679.05,0.0,1.0,0
721,CUST_00722,2023-05-01,18,Male,Izmir,True,2023,5,2,0,Monday,May,False,2023-11-01,69.2,1,14.08,0.1690682036503362,5.0,12.0,3.0,6.0,1,Food,Debit Card,Desktop,69.2,0.20346820809248553,2.4,1
722,CUST_00723,2023-07-02,18,Female,Istanbul,False,2023,7,3,6,Sunday,July,True,2024-01-02,160.24,4,0.0,0.0,15.0,9.0,5.0,4.0,1,Food,Credit Card,Tablet,40.06,0.0,0.6,1
723,CUST_00724,2023-04-28,43,Female,Bursa,True,2023,4,2,4,Friday,April,False,2023-10-28,323.75,5,0.0,0.0,7.0,7.0,5.0,4.0,1,Books,Debit Card,Desktop,64.75,0.0,1.0,1
724,CUST_00725,2023-02-08,37,Female,Kayseri,True,2023,2,1,2,Wednesday,February,False,2023-08-08,1146.0,5,0.0,0.0,12.0,9.0,2.0,7.0,1,Toys,Credit Card,Mobile,229.2,0.0,0.75,1
725,CUST_00726,2023-03-08,32,Female,Gaziantep,True,2023,3,1,2,Wednesday,March,False,2023-09-08,122.81,4,15.15,0.10981443896781676,14.0,7.0,4.0,8.0,1,Food,Bank Transfer,Desktop,30.7025,0.12336128979724778,0.5,1
726,CUST_00727,2023-01-07,35,Female,Bursa,True,2023,1,1,5,Saturday,January,True,2023-07-07,409.97,5,43.18,0.09528853580492111,17.0,8.0,5.0,7.0,1,Beauty,Bank Transfer,Mobile,81.994,0.10532477986194111,0.471,1
727,CUST_00728,2023-03-17,39,Female,Antalya,True,2023,3,1,4,Friday,March,False,2023-09-17,110.14,3,6.2,0.05329207495272477,5.0,6.0,3.0,6.0,1,Books,Digital Wallet,Desktop,36.71333333333333,0.05629199201016888,1.2,0
728,CUST_00729,2023-01-13,28,Male,Kayseri,False,2023,1,1,4,Friday,January,False,2023-07-13,164.14,2,0.0,0.0,8.0,10.0,2.0,4.0,1,Beauty,Digital Wallet,Mobile,82.07,0.0,1.25,0
729,CUST_00730,2023-01-24,25,Female,Izmir,True,2023,1,1,1,Tuesday,January,False,2023-07-24,4646.05,5,0.0,0.0,14.0,10.0,5.0,10.0,1,Electronics,Digital Wallet,Mobile,929.21,0.0,0.714,0
730,CUST_00731,2023-02-23,37,Male,Ankara,True,2023,2,1,3,Thursday,February,False,2023-08-23,104.14,1,13.89,0.11768194526815216,16.0,10.0,4.0,6.0,1,Beauty,Credit Card,Tablet,104.14,0.1333781448050701,0.625,1
731,CUST_00732,2023-04-05,23,Female,Eskisehir,True,2023,4,2,2,Wednesday,April,False,2023-10-05,5815.68,3,0.0,0.0,12.0,12.0,3.0,3.0,1,Electronics,Credit Card,Mobile,1938.5600000000002,0.0,1.0,1
732,CUST_00733,2023-06-01,39,Male,Konya,True,2023,6,2,3,Thursday,June,False,2023-12-01,549.39,3,0.0,0.0,17.0,2.0,3.0,4.0,1,Fashion,Debit Card,Desktop,183.13,0.0,0.118,1
733,CUST_00734,2024-02-11,18,Male,Ankara,True,2024,2,1,6,Sunday,February,True,2024-08-11,1121.67,3,0.0,0.0,14.0,7.0,5.0,3.0,1,Toys,Digital Wallet,Mobile,373.89000000000004,0.0,0.5,0
734,CUST_00735,2023-12-13,47,Male,Izmir,True,2023,12,4,2,Wednesday,December,False,2024-06-13,1518.94,2,0.0,0.0,12.0,8.0,2.0,4.0,1,Home & Garden,Credit Card,Desktop,759.47,0.0,0.667,1
735,CUST_00736,2023-02-07,40,Male,Izmir,True,2023,2,1,1,Tuesday,February,False,2023-08-07,6935.92,1,0.0,0.0,5.0,17.0,4.0,6.0,1,Electronics,Credit Card,Mobile,6935.92,0.0,3.4,0
736,CUST_00737,2023-04-02,38,Female,Istanbul,False,2023,4,2,6,Sunday,April,True,2023-10-02,1767.92,2,249.18,0.12353378612860047,17.0,9.0,4.0,15.0,1,Sports,Debit Card,Mobile,883.96,0.14094529164215575,0.529,1
737,CUST_00738,2023-03-07,46,Male,Kayseri,True,2023,3,1,1,Tuesday,March,False,2023-09-07,3262.0,5,0.0,0.0,19.0,9.0,5.0,6.0,1,Sports,Credit Card,Desktop,652.4,0.0,0.474,1
738,CUST_00739,2023-09-18,54,Female,Izmir,True,2023,9,3,0,Monday,September,False,2024-03-18,118.65,5,0.0,0.0,11.0,8.0,5.0,4.0,1,Books,Digital Wallet,Desktop,23.73,0.0,0.727,0
739,CUST_00740,2023-04-22,47,Male,Konya,True,2023,4,2,5,Saturday,April,True,2023-10-22,6800.97,5,377.98,0.05265115372025157,17.0,13.0,5.0,12.0,1,Electronics,Credit Card,Desktop,1360.194,0.055577366169825775,0.765,1
740,CUST_00741,2023-01-01,18,Female,Istanbul,True,2023,1,1,6,Sunday,January,True,2023-07-01,79.95,3,0.0,0.0,9.0,11.0,5.0,7.0,1,Food,Debit Card,Mobile,26.650000000000002,0.0,1.222,1
741,CUST_00742,2023-04-05,19,Female,Bursa,True,2023,4,2,2,Wednesday,April,False,2023-10-05,97.3,3,17.81,0.15472157067153158,13.0,7.0,5.0,2.0,1,Beauty,Digital Wallet,Mobile,32.43333333333333,0.1830421377183967,0.538,1
742,CUST_00743,2023-01-30,27,Female,Istanbul,False,2023,1,1,0,Monday,January,False,2023-07-30,3201.44,4,0.0,0.0,20.0,8.0,1.0,5.0,1,Sports,Credit Card,Mobile,800.36,0.0,0.4,0
743,CUST_00744,2023-05-11,35,Female,Adana,True,2023,5,2,3,Thursday,May,False,2023-11-11,620.46,2,94.78,0.13251496001342206,17.0,12.0,5.0,5.0,1,Fashion,Digital Wallet,Desktop,310.23,0.15275763143474197,0.706,1
744,CUST_00745,2023-03-27,41,Male,Bursa,True,2023,3,1,0,Monday,March,False,2023-09-27,6302.91,2,1206.57,0.16067290944246473,15.0,9.0,5.0,8.0,1,Electronics,Credit Card,Desktop,3151.455,0.19143062490183105,0.6,0
745,CUST_00746,2023-07-24,26,Female,Antalya,True,2023,7,3,0,Monday,July,False,2024-01-24,175.92,2,0.0,0.0,11.0,7.0,4.0,8.0,1,Food,Digital Wallet,Desktop,87.96,0.0,0.636,0
746,CUST_00747,2023-01-31,37,Male,Istanbul,False,2023,1,1,1,Tuesday,January,False,2023-07-31,73.08,3,0.0,0.0,16.0,7.0,5.0,7.0,1,Food,Bank Transfer,Mobile,24.36,0.0,0.437,1
747,CUST_00748,2023-03-17,25,Female,Istanbul,True,2023,3,1,4,Friday,March,False,2023-09-17,185.72,2,0.0,0.0,24.0,11.0,4.0,16.0,1,Beauty,Credit Card,Mobile,92.86,0.0,0.458,1
748,CUST_00749,2023-02-10,27,Female,Istanbul,True,2023,2,1,4,Friday,February,False,2023-08-10,537.6,1,0.0,0.0,16.0,7.0,3.0,5.0,1,Fashion,Debit Card,Desktop,537.6,0.0,0.437,0
749,CUST_00750,2023-03-12,18,Male,Ankara,False,2023,3,1,6,Sunday,March,True,2023-09-12,3279.2,5,0.0,0.0,15.0,11.0,5.0,7.0,1,Home & Garden,Credit Card,Desktop,655.8399999999999,0.0,0.733,0
750,CUST_00751,2023-01-03,23,Female,Antalya,True,2023,1,1,1,Tuesday,January,False,2023-07-03,20.99,1,1.65,0.0728798586572438,7.0,11.0,4.0,3.0,1,Food,Credit Card,Tablet,20.99,0.0786088613625536,1.571,0
751,CUST_00752,2023-05-13,18,Female,Bursa,False,2023,5,2,5,Saturday,May,True,2023-11-13,1205.35,3,100.1,0.07667853996706117,17.0,11.0,5.0,7.0,1,Home & Garden,Debit Card,Mobile,401.7833333333333,0.08304641805284772,0.647,1
752,CUST_00753,2023-08-15,23,Male,Bursa,True,2023,8,3,1,Tuesday,August,False,2024-02-15,60.21,1,5.38,0.08202469888702546,15.0,6.0,3.0,9.0,1,Toys,Credit Card,Desktop,60.21,0.08935392791895033,0.4,0
753,CUST_00754,2023-02-14,47,Male,Bursa,False,2023,2,1,1,Tuesday,February,False,2023-08-14,147.24,4,18.04,0.10914811229428847,15.0,13.0,4.0,9.0,1,Beauty,Digital Wallet,Tablet,36.81,0.12252105406139635,0.867,0
754,CUST_00755,2023-02-24,23,Male,Ankara,True,2023,2,1,4,Friday,February,False,2023-08-24,392.3,1,0.0,0.0,11.0,11.0,1.0,2.0,1,Sports,Credit Card,Mobile,392.3,0.0,1.0,1
755,CUST_00756,2023-05-29,66,Female,Istanbul,True,2023,5,2,0,Monday,May,False,2023-11-29,660.1,5,0.0,0.0,14.0,10.0,2.0,11.0,1,Food,Credit Card,Mobile,132.02,0.0,0.714,1
756,CUST_00757,2023-02-15,40,Female,Istanbul,True,2023,2,1,2,Wednesday,February,False,2023-08-15,182.98,2,0.0,0.0,16.0,10.0,5.0,6.0,1,Food,Bank Transfer,Desktop,91.49,0.0,0.625,1
757,CUST_00758,2023-02-08,37,Male,Gaziantep,True,2023,2,1,2,Wednesday,February,False,2023-08-08,235.61,5,18.44,0.07258413698090928,16.0,13.0,5.0,6.0,1,Books,Credit Card,Mobile,47.122,0.0782649293323713,0.812,1
758,CUST_00759,2023-04-01,24,Male,Bursa,True,2023,4,2,5,Saturday,April,True,2023-10-01,600.08,5,25.22,0.040332640332640335,14.0,9.0,4.0,4.0,1,Fashion,Bank Transfer,Desktop,120.016,0.04202772963604852,0.643,1
759,CUST_00760,2023-02-03,43,Female,Istanbul,False,2023,2,1,4,Friday,February,False,2023-08-03,209.24,4,0.0,0.0,16.0,10.0,5.0,14.0,1,Books,Debit Card,Desktop,52.31,0.0,0.625,0
760,CUST_00761,2023-05-08,28,Female,Istanbul,True,2023,5,2,0,Monday,May,False,2023-11-08,243.09,2,44.25,0.15399874712883693,13.0,8.0,5.0,7.0,1,Fashion,Credit Card,Mobile,121.545,0.18203134641490806,0.615,0
761,CUST_00762,2023-01-09,36,Male,Konya,True,2023,1,1,0,Monday,January,False,2023-07-09,876.78,1,0.0,0.0,23.0,6.0,5.0,5.0,1,Sports,Credit Card,Mobile,876.78,0.0,0.261,1
762,CUST_00763,2023-07-24,65,Male,Adana,True,2023,7,3,0,Monday,July,False,2024-01-24,126.01,1,0.0,0.0,21.0,11.0,3.0,3.0,1,Food,Bank Transfer,Mobile,126.01,0.0,0.524,1
763,CUST_00764,2023-01-26,33,Female,Antalya,False,2023,1,1,3,Thursday,January,False,2023-07-26,657.09,3,0.0,0.0,14.0,10.0,1.0,9.0,1,Home & Garden,Debit Card,Desktop,219.03,0.0,0.714,0
764,CUST_00765,2023-01-15,48,Male,Izmir,True,2023,1,1,6,Sunday,January,True,2023-07-15,448.28,2,0.0,0.0,11.0,6.0,5.0,3.0,1,Electronics,Credit Card,Mobile,224.14,0.0,0.545,1
765,CUST_00766,2023-05-08,26,Male,Ankara,True,2023,5,2,0,Monday,May,False,2023-11-08,207.38,2,0.0,0.0,30.0,13.0,4.0,17.0,1,Food,Debit Card,Desktop,103.69,0.0,0.433,0
766,CUST_00767,2023-04-03,34,Female,Eskisehir,True,2023,4,2,0,Monday,April,False,2023-10-03,183.08,2,14.66,0.07413775665014666,11.0,11.0,5.0,3.0,1,Food,Credit Card,Mobile,91.54,0.08007428446580729,1.0,0
767,CUST_00768,2023-03-01,56,Female,Gaziantep,False,2023,3,1,2,Wednesday,March,False,2023-09-01,69.25,2,13.51,0.16324311261478974,19.0,8.0,4.0,8.0,1,Beauty,Credit Card,Mobile,34.625,0.19509025270758124,0.421,1
768,CUST_00769,2023-04-10,27,Male,Ankara,False,2023,4,2,0,Monday,April,False,2023-10-10,688.08,4,0.0,0.0,13.0,9.0,4.0,5.0,1,Toys,Digital Wallet,Mobile,172.02,0.0,0.692,1
769,CUST_00770,2023-03-10,56,Male,Gaziantep,False,2023,3,1,4,Friday,March,False,2023-09-10,192.74,1,0.0,0.0,19.0,8.0,2.0,6.0,1,Sports,Credit Card,Mobile,192.74,0.0,0.421,0
770,CUST_00771,2023-01-17,43,Male,Adana,True,2023,1,1,1,Tuesday,January,False,2023-07-17,267.96,3,0.0,0.0,7.0,8.0,3.0,7.0,1,Books,Credit Card,Mobile,89.32,0.0,1.143,1
771,CUST_00772,2023-02-14,28,Male,Ankara,False,2023,2,1,1,Tuesday,February,False,2023-08-14,353.73,1,72.84,0.17075743723187287,10.0,7.0,5.0,12.0,1,Electronics,Bank Transfer,Desktop,353.73,0.20591976931557968,0.7,0
772,CUST_00773,2023-08-09,42,Female,Izmir,True,2023,8,3,2,Wednesday,August,False,2024-02-09,3577.9,5,0.0,0.0,16.0,8.0,3.0,5.0,1,Electronics,Bank Transfer,Mobile,715.58,0.0,0.5,0
773,CUST_00774,2023-01-05,46,Male,Istanbul,True,2023,1,1,3,Thursday,January,False,2023-07-05,1770.21,1,0.0,0.0,12.0,8.0,4.0,3.0,1,Electronics,Digital Wallet,Mobile,1770.21,0.0,0.667,0
774,CUST_00775,2023-01-05,42,Female,Istanbul,False,2023,1,1,3,Thursday,January,False,2023-07-05,1735.45,5,0.0,0.0,14.0,9.0,2.0,5.0,1,Sports,Digital Wallet,Desktop,347.09000000000003,0.0,0.643,0
775,CUST_00776,2023-04-17,18,Female,Adana,True,2023,4,2,0,Monday,April,False,2023-10-17,78.65,2,9.77,0.11049536304003618,14.0,11.0,5.0,7.0,1,Books,Debit Card,Desktop,39.325,0.12422123331214238,0.786,0
776,CUST_00777,2023-01-17,26,Male,Ankara,False,2023,1,1,1,Tuesday,January,False,2023-07-17,258.12,4,0.0,0.0,13.0,8.0,2.0,8.0,1,Fashion,Credit Card,Mobile,64.53,0.0,0.615,1
777,CUST_00778,2023-04-26,32,Male,Gaziantep,True,2023,4,2,2,Wednesday,April,False,2023-10-26,368.84,4,0.0,0.0,13.0,9.0,5.0,6.0,1,Beauty,Credit Card,Mobile,92.21,0.0,0.692,0
778,CUST_00779,2023-04-26,34,Female,Eskisehir,True,2023,4,2,2,Wednesday,April,False,2023-10-26,1032.87,2,192.93,0.1573910915320607,11.0,11.0,4.0,4.0,1,Sports,Bank Transfer,Mobile,516.435,0.18679020593104653,1.0,1
779,CUST_00780,2023-02-11,42,Female,Istanbul,True,2023,2,1,5,Saturday,February,True,2023-08-11,1110.84,1,225.25,0.16858894236166727,17.0,12.0,5.0,7.0,1,Electronics,Digital Wallet,Desktop,1110.84,0.20277447697238127,0.706,1
780,CUST_00781,2023-07-08,37,Female,Izmir,True,2023,7,3,5,Saturday,July,True,2024-01-08,42.59,1,0.0,0.0,16.0,12.0,5.0,6.0,1,Toys,Credit Card,Mobile,42.59,0.0,0.75,0
781,CUST_00782,2023-07-26,18,Male,Gaziantep,False,2023,7,3,2,Wednesday,July,False,2024-01-26,149.6,2,0.0,0.0,12.0,6.0,5.0,5.0,1,Beauty,Credit Card,Mobile,74.8,0.0,0.5,1
782,CUST_00783,2023-05-13,39,Female,Gaziantep,True,2023,5,2,5,Saturday,May,True,2023-11-13,4170.03,3,0.0,0.0,14.0,10.0,1.0,3.0,1,Electronics,Credit Card,Mobile,1390.01,0.0,0.714,1
783,CUST_00784,2023-01-15,42,Female,Adana,True,2023,1,1,6,Sunday,January,True,2023-07-15,594.45,5,0.0,0.0,14.0,9.0,4.0,5.0,1,Food,Debit Card,Mobile,118.89000000000001,0.0,0.643,1
784,CUST_00785,2023-03-11,41,Female,Ankara,True,2023,3,1,5,Saturday,March,True,2023-09-11,213.95,1,0.0,0.0,12.0,7.0,2.0,11.0,1,Food,Credit Card,Mobile,213.95,0.0,0.583,1
785,CUST_00786,2023-03-27,47,Male,Izmir,False,2023,3,1,0,Monday,March,False,2023-09-27,771.61,4,113.51,0.12824249819233552,13.0,7.0,4.0,2.0,1,Fashion,Digital Wallet,Mobile,192.9025,0.147107994971553,0.538,0
786,CUST_00787,2023-02-28,45,Female,Bursa,True,2023,2,1,1,Tuesday,February,False,2023-08-28,41.65,1,7.99,0.16095890410958905,15.0,11.0,5.0,14.0,1,Toys,Credit Card,Tablet,41.65,0.19183673469387758,0.733,0
787,CUST_00788,2023-02-15,40,Female,Eskisehir,False,2023,2,1,2,Wednesday,February,False,2023-08-15,1008.58,2,0.0,0.0,12.0,9.0,4.0,10.0,1,Sports,Credit Card,Desktop,504.29,0.0,0.75,1
788,CUST_00789,2023-01-05,34,Male,Ankara,True,2023,1,1,3,Thursday,January,False,2023-07-05,525.82,1,37.87,0.0671823165214923,13.0,14.0,5.0,2.0,1,Sports,Debit Card,Mobile,525.82,0.07202084363470387,1.077,0
789,CUST_00790,2023-01-23,18,Female,Kayseri,False,2023,1,1,0,Monday,January,False,2023-07-23,179.45,1,0.0,0.0,13.0,9.0,4.0,2.0,1,Toys,Credit Card,Mobile,179.45,0.0,0.692,0
790,CUST_00791,2023-01-22,40,Male,Ankara,False,2023,1,1,6,Sunday,January,True,2023-07-22,872.2,4,0.0,0.0,13.0,8.0,4.0,4.0,1,Toys,Debit Card,Mobile,218.05,0.0,0.615,1
791,CUST_00792,2023-02-10,37,Male,Eskisehir,False,2023,2,1,4,Friday,February,False,2023-08-10,10768.85,5,0.0,0.0,13.0,4.0,5.0,10.0,1,Electronics,Credit Card,Tablet,2153.77,0.0,0.308,1
792,CUST_00793,2023-02-19,38,Male,Antalya,True,2023,2,1,6,Sunday,February,True,2023-08-19,136.84,4,0.0,0.0,16.0,10.0,1.0,3.0,1,Books,Debit Card,Mobile,34.21,0.0,0.625,1
793,CUST_00794,2023-04-16,19,Female,Izmir,True,2023,4,2,6,Sunday,April,True,2023-10-16,1070.4,3,103.68,0.08830744071954212,17.0,9.0,4.0,3.0,1,Fashion,Credit Card,Desktop,356.8,0.0968609865470852,0.529,0
794,CUST_00795,2023-04-09,22,Male,Bursa,False,2023,4,2,6,Sunday,April,True,2023-10-09,433.45,4,116.03,0.21116328164810366,14.0,5.0,4.0,11.0,1,Books,Credit Card,Mobile,108.3625,0.2676894682200946,0.357,1
795,CUST_00796,2023-03-18,47,Male,Ankara,True,2023,3,1,5,Saturday,March,True,2023-09-18,586.03,1,117.35,0.16683727146066138,17.0,9.0,5.0,8.0,1,Electronics,Credit Card,Tablet,586.03,0.20024572120881184,0.529,0
796,CUST_00797,2023-04-22,34,Female,Ankara,False,2023,4,2,5,Saturday,April,True,2023-10-22,645.44,5,40.66,0.05926249817810814,12.0,10.0,5.0,6.0,1,Toys,Debit Card,Mobile,129.08800000000002,0.06299578582052552,0.833,0
797,CUST_00798,2023-02-24,43,Male,Istanbul,False,2023,2,1,4,Friday,February,False,2023-08-24,869.3,5,0.0,0.0,13.0,10.0,4.0,16.0,1,Beauty,Bank Transfer,Mobile,173.85999999999999,0.0,0.769,1
798,CUST_00799,2023-08-28,35,Female,Istanbul,False,2023,8,3,0,Monday,August,False,2024-02-28,7002.08,5,372.47,0.05050748859252429,13.0,10.0,5.0,9.0,1,Home & Garden,Debit Card,Mobile,1400.416,0.05319419372529306,0.769,0
799,CUST_00800,2023-01-21,35,Female,Ankara,False,2023,1,1,5,Saturday,January,True,2023-07-21,390.96,1,29.11,0.06929797414716594,14.0,8.0,5.0,13.0,1,Toys,Credit Card,Desktop,390.96,0.07445774503785554,0.571,0
800,CUST_00801,2023-08-25,46,Female,Adana,True,2023,8,3,4,Friday,August,False,2024-02-25,165.16,1,21.92,0.11716912550780414,17.0,13.0,5.0,8.0,1,Home & Garden,Cash on Delivery,Mobile,165.16,0.13271978687333497,0.765,1
801,CUST_00802,2023-09-06,28,Female,Bursa,True,2023,9,3,2,Wednesday,September,False,2024-03-06,43.43,1,0.0,0.0,9.0,8.0,5.0,4.0,1,Books,Credit Card,Mobile,43.43,0.0,0.889,0
802,CUST_00803,2023-01-12,36,Female,Istanbul,True,2023,1,1,3,Thursday,January,False,2023-07-12,2279.86,2,0.0,0.0,18.0,11.0,2.0,5.0,1,Sports,Credit Card,Tablet,1139.93,0.0,0.611,0
803,CUST_00804,2023-02-20,29,Male,Konya,False,2023,2,1,0,Monday,February,False,2023-08-20,470.25,5,128.55,0.21467935871743488,15.0,9.0,2.0,8.0,1,Beauty,Credit Card,Tablet,94.05,0.27336523125996814,0.6,1
804,CUST_00805,2023-03-16,29,Female,Bursa,False,2023,3,1,3,Thursday,March,False,2023-09-16,1559.72,5,349.28,0.18296490309062335,17.0,10.0,3.0,3.0,1,Sports,Digital Wallet,Desktop,311.944,0.22393762983099527,0.588,1
805,CUST_00806,2023-03-31,31,Male,Eskisehir,True,2023,3,1,4,Friday,March,False,2023-09-30,1044.22,2,155.3,0.129468454048286,10.0,7.0,5.0,8.0,1,Home & Garden,Debit Card,Mobile,522.11,0.14872344908161117,0.7,1
806,CUST_00807,2023-02-09,37,Female,Antalya,False,2023,2,1,3,Thursday,February,False,2023-08-09,808.64,3,36.61,0.04331262939958592,11.0,6.0,4.0,7.0,1,Fashion,Debit Card,Desktop,269.5466666666667,0.04527354570637119,0.545,1
807,CUST_00808,2023-01-04,29,Male,Istanbul,True,2023,1,1,2,Wednesday,January,False,2023-07-04,98.46,2,0.0,0.0,12.0,10.0,4.0,8.0,1,Books,Credit Card,Mobile,49.23,0.0,0.833,0
808,CUST_00809,2023-05-27,50,Female,Izmir,False,2023,5,2,5,Saturday,May,True,2023-11-27,178.83,1,33.91,0.1593964463664567,10.0,10.0,5.0,3.0,1,Fashion,Debit Card,Tablet,178.83,0.1896214281720069,1.0,1
809,CUST_00810,2023-05-01,24,Female,Antalya,True,2023,5,2,0,Monday,May,False,2023-11-01,1055.82,3,0.0,0.0,6.0,11.0,4.0,2.0,1,Toys,Credit Card,Mobile,351.94,0.0,1.833,1
810,CUST_00811,2023-01-08,32,Female,Istanbul,False,2023,1,1,6,Sunday,January,True,2023-07-08,579.16,4,0.0,0.0,7.0,5.0,5.0,3.0,1,Books,Credit Card,Desktop,144.79,0.0,0.714,1
811,CUST_00812,2023-05-24,29,Male,Istanbul,True,2023,5,2,2,Wednesday,May,False,2023-11-24,102.35,5,0.0,0.0,15.0,11.0,5.0,2.0,1,Books,Credit Card,Mobile,20.47,0.0,0.733,0
812,CUST_00813,2023-03-13,52,Male,Istanbul,False,2023,3,1,0,Monday,March,False,2023-09-13,234.01,3,56.18,0.19359729832178918,14.0,7.0,4.0,8.0,1,Fashion,Debit Card,Mobile,78.00333333333333,0.24007521046109143,0.5,0
813,CUST_00814,2023-06-12,37,Female,Ankara,True,2023,6,2,0,Monday,June,False,2023-12-12,394.4,4,0.0,0.0,15.0,13.0,4.0,3.0,1,Beauty,Digital Wallet,Mobile,98.6,0.0,0.867,1
814,CUST_00815,2023-02-11,47,Female,Izmir,True,2023,2,1,5,Saturday,February,True,2023-08-11,194.99,1,0.0,0.0,21.0,7.0,4.0,4.0,1,Toys,Debit Card,Desktop,194.99,0.0,0.333,1
815,CUST_00816,2023-03-12,18,Male,Izmir,False,2023,3,1,6,Sunday,March,True,2023-09-12,23.34,1,0.0,0.0,9.0,14.0,5.0,3.0,1,Beauty,Digital Wallet,Desktop,23.34,0.0,1.556,1
816,CUST_00817,2023-02-13,38,Female,Istanbul,True,2023,2,1,0,Monday,February,False,2023-08-13,8339.05,4,911.31,0.09851616585732878,12.0,10.0,4.0,9.0,1,Electronics,Credit Card,Desktop,2084.7625,0.10928223238858144,0.833,1
817,CUST_00818,2023-02-17,45,Female,Antalya,False,2023,2,1,4,Friday,February,False,2023-08-17,211.26,3,0.0,0.0,15.0,7.0,5.0,4.0,1,Books,Cash on Delivery,Mobile,70.42,0.0,0.467,0
818,CUST_00819,2023-02-28,35,Male,Bursa,True,2023,2,1,1,Tuesday,February,False,2023-08-28,211.95,2,18.35,0.07967867998263135,8.0,10.0,3.0,8.0,1,Food,Credit Card,Mobile,105.975,0.08657702288275537,1.25,1
819,CUST_00820,2023-01-08,47,Female,Ankara,False,2023,1,1,6,Sunday,January,True,2023-07-08,122.54,1,0.0,0.0,14.0,12.0,3.0,3.0,1,Beauty,Debit Card,Desktop,122.54,0.0,0.857,0
820,CUST_00821,2023-01-16,28,Female,Istanbul,True,2023,1,1,0,Monday,January,False,2023-07-16,230.5,1,27.92,0.10804117328380157,14.0,11.0,4.0,8.0,1,Fashion,Debit Card,Mobile,230.5,0.12112798264642083,0.786,1
821,CUST_00822,2023-05-27,51,Male,Istanbul,True,2023,5,2,5,Saturday,May,True,2023-11-27,919.5,3,0.0,0.0,20.0,8.0,4.0,7.0,1,Fashion,Digital Wallet,Tablet,306.5,0.0,0.4,1
822,CUST_00823,2023-03-11,62,Male,Ankara,True,2023,3,1,5,Saturday,March,True,2023-09-11,950.35,4,238.13,0.20036517232094775,15.0,7.0,4.0,8.0,1,Sports,Credit Card,Desktop,237.5875,0.25057084232125004,0.467,0
823,CUST_00824,2023-02-02,30,Female,Istanbul,True,2023,2,1,3,Thursday,February,False,2023-08-02,49.54,1,0.0,0.0,14.0,11.0,5.0,5.0,1,Books,Digital Wallet,Desktop,49.54,0.0,0.786,1
824,CUST_00825,2023-04-27,29,Female,Ankara,True,2023,4,2,3,Thursday,April,False,2023-10-27,3135.54,2,0.0,0.0,13.0,10.0,5.0,7.0,1,Home & Garden,Digital Wallet,Desktop,1567.77,0.0,0.769,1
825,CUST_00826,2023-05-13,52,Male,Antalya,False,2023,5,2,5,Saturday,May,True,2023-11-13,161.07,3,0.0,0.0,13.0,11.0,4.0,9.0,1,Food,Credit Card,Mobile,53.69,0.0,0.846,1
826,CUST_00827,2023-06-19,53,Female,Bursa,False,2023,6,2,0,Monday,June,False,2023-12-19,121.83,1,0.0,0.0,19.0,7.0,3.0,5.0,1,Books,Debit Card,Mobile,121.83,0.0,0.368,0
827,CUST_00828,2023-03-31,28,Female,Istanbul,False,2023,3,1,4,Friday,March,False,2023-09-30,3503.47,3,394.7,0.10125263905884042,16.0,9.0,5.0,7.0,1,Sports,Debit Card,Mobile,1167.8233333333333,0.11265973449180385,0.562,0
828,CUST_00829,2023-06-14,29,Female,Ankara,False,2023,6,2,2,Wednesday,June,False,2023-12-14,88.61,1,0.0,0.0,12.0,9.0,2.0,4.0,1,Books,Debit Card,Mobile,88.61,0.0,0.75,1
829,CUST_00830,2023-08-01,31,Male,Bursa,True,2023,8,3,1,Tuesday,August,False,2024-02-01,464.6,4,8.0,0.016927634363097757,4.0,12.0,4.0,7.0,1,Beauty,Debit Card,Mobile,116.15,0.017219113215669393,3.0,0
830,CUST_00831,2023-02-01,18,Female,Konya,False,2023,2,1,2,Wednesday,February,False,2023-08-01,1114.12,4,0.0,0.0,7.0,7.0,5.0,2.0,1,Home & Garden,Credit Card,Mobile,278.53,0.0,1.0,0
831,CUST_00832,2023-04-16,23,Male,Adana,True,2023,4,2,6,Sunday,April,True,2023-10-16,1400.66,2,0.0,0.0,8.0,5.0,2.0,9.0,1,Home & Garden,Debit Card,Desktop,700.33,0.0,0.625,1
832,CUST_00833,2023-05-26,22,Male,Bursa,True,2023,5,2,4,Friday,May,False,2023-11-26,2156.65,5,0.0,0.0,14.0,9.0,5.0,6.0,1,Home & Garden,Credit Card,Desktop,431.33000000000004,0.0,0.643,0
833,CUST_00834,2023-08-04,25,Male,Ankara,True,2023,8,3,4,Friday,August,False,2024-02-04,2481.99,3,0.0,0.0,4.0,12.0,2.0,11.0,1,Home & Garden,Debit Card,Mobile,827.3299999999999,0.0,3.0,0
834,CUST_00835,2023-03-06,34,Female,Ankara,True,2023,3,1,0,Monday,March,False,2023-09-06,598.32,3,0.0,0.0,13.0,11.0,4.0,8.0,1,Food,Debit Card,Desktop,199.44000000000003,0.0,0.846,1
835,CUST_00836,2023-04-04,37,Female,Konya,True,2023,4,2,1,Tuesday,April,False,2023-10-04,69.99,3,0.0,0.0,13.0,12.0,5.0,11.0,1,Food,Bank Transfer,Desktop,23.33,0.0,0.923,1
836,CUST_00837,2023-09-22,53,Male,Istanbul,True,2023,9,3,4,Friday,September,False,2024-03-22,508.64,4,0.0,0.0,12.0,8.0,5.0,11.0,1,Beauty,Credit Card,Mobile,127.16,0.0,0.667,1
837,CUST_00838,2023-01-18,23,Female,Eskisehir,False,2023,1,1,2,Wednesday,January,False,2023-07-18,149.32,2,0.0,0.0,12.0,7.0,4.0,9.0,1,Toys,Bank Transfer,Mobile,74.66,0.0,0.583,0
838,CUST_00839,2023-01-11,46,Male,Antalya,True,2023,1,1,2,Wednesday,January,False,2023-07-11,211.1,1,64.61,0.23434043016212688,16.0,11.0,4.0,7.0,1,Toys,Credit Card,Desktop,211.1,0.3060634770251066,0.687,0
839,CUST_00840,2023-02-03,32,Male,Antalya,True,2023,2,1,4,Friday,February,False,2023-08-03,61.4,1,0.0,0.0,13.0,5.0,4.0,5.0,1,Books,Credit Card,Mobile,61.4,0.0,0.385,0
840,CUST_00841,2023-08-18,34,Other,Istanbul,False,2023,8,3,4,Friday,August,False,2024-02-18,4575.39,3,0.0,0.0,14.0,9.0,4.0,13.0,1,Electronics,Credit Card,Desktop,1525.13,0.0,0.643,0
841,CUST_00842,2023-01-28,43,Female,Bursa,True,2023,1,1,5,Saturday,January,True,2023-07-28,13786.35,5,0.0,0.0,17.0,12.0,4.0,3.0,1,Electronics,Credit Card,Mobile,2757.27,0.0,0.706,0
842,CUST_00843,2023-08-26,21,Male,Izmir,True,2023,8,3,5,Saturday,August,True,2024-02-26,583.86,2,0.0,0.0,16.0,9.0,4.0,9.0,1,Fashion,Credit Card,Mobile,291.93,0.0,0.562,1
843,CUST_00844,2023-01-12,39,Female,Istanbul,False,2023,1,1,3,Thursday,January,False,2023-07-12,1235.14,4,139.9,0.1017424947637887,17.0,9.0,5.0,5.0,1,Home & Garden,Debit Card,Desktop,308.785,0.113266512298201,0.529,0
844,CUST_00845,2023-04-12,36,Male,Ankara,True,2023,4,2,2,Wednesday,April,False,2023-10-12,601.09,5,69.11,0.10311847209788123,18.0,7.0,4.0,4.0,1,Beauty,Credit Card,Desktop,120.218,0.11497446305877655,0.389,0
845,CUST_00846,2023-01-04,40,Male,Konya,False,2023,1,1,2,Wednesday,January,False,2023-07-04,2750.2,2,0.0,0.0,17.0,6.0,5.0,9.0,1,Home & Garden,Debit Card,Mobile,1375.1,0.0,0.353,0
846,CUST_00847,2023-06-30,38,Female,Bursa,False,2023,6,2,4,Friday,June,False,2023-12-30,2652.26,2,0.0,0.0,13.0,7.0,5.0,2.0,1,Electronics,Credit Card,Mobile,1326.13,0.0,0.538,1
847,CUST_00848,2023-02-08,64,Female,Izmir,True,2023,2,1,2,Wednesday,February,False,2023-08-08,132.87,2,20.39,0.13304188959937363,19.0,6.0,5.0,12.0,1,Food,Digital Wallet,Mobile,66.435,0.15345826747949123,0.316,1
848,CUST_00849,2023-07-25,27,Male,Istanbul,False,2023,7,3,1,Tuesday,July,False,2024-01-25,55.22,3,10.63,0.1614274867122248,11.0,6.0,3.0,2.0,1,Books,Cash on Delivery,Desktop,18.406666666666666,0.1925027164070989,0.545,1
849,CUST_00850,2023-07-19,28,Female,Adana,False,2023,7,3,2,Wednesday,July,False,2024-01-19,136.84,4,0.0,0.0,18.0,10.0,3.0,5.0,1,Beauty,Credit Card,Desktop,34.21,0.0,0.556,0
850,CUST_00851,2023-08-11,27,Female,Adana,True,2023,8,3,4,Friday,August,False,2024-02-11,922.1,2,130.54,0.12401200790393675,13.0,11.0,4.0,6.0,1,Fashion,Debit Card,Mobile,461.05,0.14156815963561434,0.846,0
851,CUST_00852,2023-03-25,28,Male,Bursa,True,2023,3,1,5,Saturday,March,True,2023-09-25,205.55,5,0.0,0.0,13.0,7.0,4.0,10.0,1,Books,Credit Card,Mobile,41.11,0.0,0.538,0
852,CUST_00853,2023-02-05,27,Female,Izmir,True,2023,2,1,6,Sunday,February,True,2023-08-05,436.27,4,114.85,0.20839381622877048,16.0,9.0,4.0,4.0,1,Books,Debit Card,Mobile,109.0675,0.26325440667476563,0.562,1
853,CUST_00854,2023-07-04,49,Female,Izmir,True,2023,7,3,1,Tuesday,July,False,2024-01-04,76.15,2,6.41,0.07764050387596899,13.0,9.0,4.0,4.0,1,Beauty,Bank Transfer,Mobile,38.075,0.08417596848325673,0.692,1
854,CUST_00855,2023-02-04,52,Female,Bursa,True,2023,2,1,5,Saturday,February,True,2023-08-04,165.99,3,0.0,0.0,19.0,8.0,5.0,8.0,1,Food,Digital Wallet,Mobile,55.330000000000005,0.0,0.421,1
855,CUST_00856,2023-08-06,28,Female,Istanbul,True,2023,8,3,6,Sunday,August,True,2024-02-06,333.6,3,0.0,0.0,18.0,8.0,3.0,4.0,1,Beauty,Credit Card,Mobile,111.2,0.0,0.444,1
856,CUST_00857,2023-10-07,25,Female,Kayseri,True,2023,10,4,5,Saturday,October,True,2024-04-07,36.78,1,11.65,0.24055337600660748,12.0,11.0,4.0,4.0,1,Toys,Digital Wallet,Desktop,36.78,0.31674823273518216,0.917,1
857,CUST_00858,2023-04-20,40,Male,Bursa,True,2023,4,2,3,Thursday,April,False,2023-10-20,2012.72,5,400.88,0.16609214451441828,16.0,10.0,5.0,3.0,1,Sports,Debit Card,Mobile,402.544,0.19917325807861996,0.625,1
858,CUST_00859,2023-02-11,28,Female,Ankara,False,2023,2,1,5,Saturday,February,True,2023-08-11,35.2,2,0.0,0.0,14.0,7.0,4.0,8.0,1,Food,Cash on Delivery,Mobile,17.6,0.0,0.5,0
859,CUST_00860,2023-02-01,42,Female,Izmir,False,2023,2,1,2,Wednesday,February,False,2023-08-01,96.37,1,7.76,0.07452223182560261,16.0,4.0,4.0,4.0,1,Fashion,Credit Card,Tablet,96.37,0.0805229843312234,0.25,1
860,CUST_00861,2023-07-05,37,Male,Gaziantep,True,2023,7,3,2,Wednesday,July,False,2024-01-05,681.42,3,0.0,0.0,15.0,14.0,4.0,3.0,1,Fashion,Credit Card,Mobile,227.14,0.0,0.933,1
861,CUST_00862,2023-02-22,18,Female,Istanbul,True,2023,2,1,2,Wednesday,February,False,2023-08-22,53.2,1,0.0,0.0,17.0,10.0,4.0,5.0,1,Beauty,Cash on Delivery,Mobile,53.2,0.0,0.588,0
862,CUST_00863,2023-02-01,53,Female,Ankara,True,2023,2,1,2,Wednesday,February,False,2023-08-01,405.42,3,0.0,0.0,14.0,7.0,4.0,6.0,1,Toys,Bank Transfer,Desktop,135.14000000000001,0.0,0.5,1
863,CUST_00864,2023-07-04,56,Female,Antalya,True,2023,7,3,1,Tuesday,July,False,2024-01-04,268.64,4,0.0,0.0,18.0,10.0,2.0,5.0,1,Books,Credit Card,Desktop,67.16,0.0,0.556,1
864,CUST_00865,2023-03-23,27,Male,Ankara,True,2023,3,1,3,Thursday,March,False,2023-09-23,2326.83,5,275.07,0.10571889772858295,16.0,12.0,5.0,10.0,1,Home & Garden,Credit Card,Mobile,465.366,0.11821662949162595,0.75,1
865,CUST_00866,2023-01-15,30,Male,Gaziantep,True,2023,1,1,6,Sunday,January,True,2023-07-15,74.72,1,0.0,0.0,12.0,4.0,5.0,7.0,1,Books,Credit Card,Tablet,74.72,0.0,0.333,0
866,CUST_00867,2023-01-31,38,Female,Istanbul,False,2023,1,1,1,Tuesday,January,False,2023-07-31,166.83,3,0.0,0.0,11.0,7.0,4.0,4.0,1,Beauty,Bank Transfer,Desktop,55.61000000000001,0.0,0.636,1
867,CUST_00868,2023-01-08,39,Male,Adana,False,2023,1,1,6,Sunday,January,True,2023-07-08,694.63,2,82.49,0.10614834259831171,18.0,8.0,5.0,2.0,1,Sports,Credit Card,Mobile,347.315,0.11875386896621222,0.444,1
868,CUST_00869,2023-07-11,42,Female,Istanbul,False,2023,7,3,1,Tuesday,July,False,2024-01-11,1819.56,4,0.0,0.0,12.0,9.0,3.0,10.0,1,Sports,Debit Card,Mobile,454.89,0.0,0.75,1
869,CUST_00870,2023-05-17,59,Male,Istanbul,True,2023,5,2,2,Wednesday,May,False,2023-11-17,302.08,2,0.0,0.0,16.0,9.0,5.0,7.0,1,Toys,Credit Card,Desktop,151.04,0.0,0.562,0
870,CUST_00871,2024-02-08,32,Male,Konya,False,2024,2,1,3,Thursday,February,False,2024-08-08,2035.35,5,0.0,0.0,14.0,5.0,4.0,15.0,1,Sports,Credit Card,Mobile,407.07,0.0,0.357,0
871,CUST_00872,2023-03-30,25,Male,Bursa,False,2023,3,1,3,Thursday,March,False,2023-09-30,239.06,3,14.62,0.05763166193629769,17.0,7.0,4.0,2.0,1,Books,Credit Card,Desktop,79.68666666666667,0.06115619509746507,0.412,1
872,CUST_00873,2023-02-07,18,Male,Ankara,True,2023,2,1,1,Tuesday,February,False,2023-08-07,644.2,5,0.0,0.0,14.0,7.0,5.0,9.0,1,Beauty,Credit Card,Mobile,128.84,0.0,0.5,0
873,CUST_00874,2023-01-23,26,Female,Istanbul,True,2023,1,1,0,Monday,January,False,2023-07-23,355.79,2,57.89,0.13993908334944885,15.0,7.0,3.0,4.0,1,Fashion,Digital Wallet,Desktop,177.895,0.16270833918884733,0.467,1
874,CUST_00875,2023-03-10,34,Male,Bursa,True,2023,3,1,4,Friday,March,False,2023-09-10,4653.85,5,606.7,0.11533014608738633,13.0,8.0,2.0,13.0,1,Electronics,Credit Card,Mobile,930.7700000000001,0.1303651815163789,0.615,0
875,CUST_00876,2023-06-04,56,Male,Izmir,True,2023,6,2,6,Sunday,June,True,2023-12-04,396.12,2,44.82,0.10164648251462784,9.0,9.0,5.0,4.0,1,Beauty,Credit Card,Mobile,198.06,0.11314753105119661,1.0,1
876,CUST_00877,2023-03-07,28,Male,Eskisehir,True,2023,3,1,1,Tuesday,March,False,2023-09-07,147.94,1,50.86,0.25583501006036213,19.0,10.0,1.0,9.0,1,Fashion,Digital Wallet,Mobile,147.94,0.34378802217115045,0.526,0
877,CUST_00878,2023-01-07,37,Female,Eskisehir,False,2023,1,1,5,Saturday,January,True,2023-07-07,2703.14,2,0.0,0.0,15.0,5.0,4.0,2.0,1,Electronics,Digital Wallet,Tablet,1351.57,0.0,0.333,1
878,CUST_00879,2023-10-01,34,Male,Antalya,False,2023,10,4,6,Sunday,October,True,2024-04-01,154.68,2,0.0,0.0,20.0,8.0,5.0,5.0,1,Toys,Credit Card,Mobile,77.34,0.0,0.4,0
879,CUST_00880,2023-01-05,49,Female,Izmir,True,2023,1,1,3,Thursday,January,False,2023-07-05,20.16,1,1.16,0.05440900562851782,17.0,8.0,5.0,7.0,1,Food,Credit Card,Mobile,20.16,0.057539682539682536,0.471,1
880,CUST_00881,2023-01-04,65,Female,Izmir,False,2023,1,1,2,Wednesday,January,False,2023-07-04,149.16,3,0.0,0.0,12.0,12.0,4.0,4.0,1,Books,Credit Card,Mobile,49.72,0.0,1.0,0
881,CUST_00882,2023-05-01,28,Female,Antalya,True,2023,5,2,0,Monday,May,False,2023-11-01,376.3,3,101.21,0.2119536763627987,14.0,9.0,5.0,4.0,1,Toys,Digital Wallet,Mobile,125.43333333333334,0.2689609354238639,0.643,1
882,CUST_00883,2023-10-16,29,Female,Istanbul,False,2023,10,4,0,Monday,October,False,2024-04-16,695.39,1,0.0,0.0,7.0,11.0,2.0,7.0,1,Fashion,Digital Wallet,Desktop,695.39,0.0,1.571,0
883,CUST_00884,2023-12-06,47,Female,Ankara,False,2023,12,4,2,Wednesday,December,False,2024-06-06,77.88,1,0.0,0.0,26.0,4.0,2.0,7.0,1,Food,Debit Card,Desktop,77.88,0.0,0.154,0
884,CUST_00885,2023-01-12,43,Female,Istanbul,True,2023,1,1,3,Thursday,January,False,2023-07-12,3941.25,3,0.0,0.0,17.0,10.0,3.0,3.0,1,Electronics,Digital Wallet,Tablet,1313.75,0.0,0.588,0
885,CUST_00886,2023-02-12,57,Male,Istanbul,True,2023,2,1,6,Sunday,February,True,2023-08-12,378.4,2,0.0,0.0,14.0,7.0,1.0,5.0,1,Beauty,Bank Transfer,Mobile,189.2,0.0,0.5,0
886,CUST_00887,2023-07-11,42,Male,Istanbul,True,2023,7,3,1,Tuesday,July,False,2024-01-11,637.86,3,0.0,0.0,15.0,9.5,3.0,8.5,2,Beauty,Bank Transfer,Mobile,212.62,0.0,0.633,1
887,CUST_00888,2023-08-08,30,Male,Izmir,True,2023,8,3,1,Tuesday,August,False,2024-02-08,6347.18,5,365.02,0.05438157385060039,5.0,11.0,4.0,9.0,1,Electronics,Credit Card,Desktop,1269.4360000000001,0.05750900399862616,2.2,0
888,CUST_00889,2023-03-11,42,Female,Gaziantep,False,2023,3,1,5,Saturday,March,True,2023-09-11,159.38,1,0.0,0.0,8.0,11.0,5.0,5.0,1,Home & Garden,Bank Transfer,Mobile,159.38,0.0,1.375,0
889,CUST_00890,2023-04-29,48,Female,Izmir,True,2023,4,2,5,Saturday,April,True,2023-10-29,1025.43,2,68.33,0.06247257167934465,19.0,6.0,2.0,5.0,1,Home & Garden,Credit Card,Mobile,512.715,0.06663546024594559,0.316,0
890,CUST_00891,2023-05-31,44,Female,Ankara,False,2023,5,2,2,Wednesday,May,False,2023-11-30,1009.74,2,112.24,0.10003743382234977,19.0,10.0,3.0,10.0,1,Sports,Debit Card,Mobile,504.87,0.11115732762889456,0.526,1
891,CUST_00892,2023-01-25,41,Male,Istanbul,True,2023,1,1,2,Wednesday,January,False,2023-07-25,1713.92,4,0.0,0.0,16.0,9.0,4.0,7.0,1,Home & Garden,Credit Card,Mobile,428.48,0.0,0.562,1
892,CUST_00893,2023-01-26,47,Female,Bursa,True,2023,1,1,3,Thursday,January,False,2023-07-26,203.68,2,0.0,0.0,16.0,11.0,4.0,3.0,1,Toys,Credit Card,Desktop,101.84,0.0,0.687,1
893,CUST_00894,2023-01-01,49,Male,Ankara,False,2023,1,1,6,Sunday,January,True,2023-07-01,529.91,3,53.05,0.09100109784547823,12.0,4.0,4.0,3.0,1,Beauty,Debit Card,Mobile,176.63666666666666,0.10011133966145194,0.333,1
894,CUST_00895,2023-07-14,51,Male,Bursa,False,2023,7,3,4,Friday,July,False,2024-01-14,1248.86,1,0.0,0.0,5.0,5.0,4.0,8.0,1,Home & Garden,Debit Card,Tablet,1248.86,0.0,1.0,0
895,CUST_00896,2023-04-15,42,Male,Eskisehir,True,2023,4,2,5,Saturday,April,True,2023-10-15,562.7,2,0.0,0.0,15.0,11.0,4.0,2.0,1,Sports,Credit Card,Mobile,281.35,0.0,0.733,0
896,CUST_00897,2023-01-05,32,Male,Istanbul,False,2023,1,1,3,Thursday,January,False,2023-07-05,113.14,5,8.21,0.06765554182117842,12.0,8.0,5.0,10.0,1,Beauty,Credit Card,Mobile,22.628,0.07256496376171116,0.667,1
897,CUST_00898,2023-08-21,36,Female,Istanbul,False,2023,8,3,0,Monday,August,False,2024-02-21,53.55,1,18.1,0.2526168876482903,26.0,12.0,5.0,6.0,1,Beauty,Credit Card,Desktop,53.55,0.33800186741363214,0.462,0
898,CUST_00899,2023-03-05,49,Male,Izmir,True,2023,3,1,6,Sunday,March,True,2023-09-05,3021.11,2,681.93,0.18415410041479433,19.0,9.0,5.0,12.0,1,Electronics,Credit Card,Mobile,1510.555,0.22572167183584838,0.474,1
899,CUST_00900,2023-03-01,25,Male,Eskisehir,False,2023,3,1,2,Wednesday,March,False,2023-09-01,258.36,4,68.72,0.21010150421915127,10.0,9.0,5.0,5.0,1,Books,Cash on Delivery,Mobile,64.59,0.2659854466635702,0.9,1
900,CUST_00901,2023-03-03,39,Female,Adana,True,2023,3,1,4,Friday,March,False,2023-09-03,1064.51,5,92.49,0.07993949870354364,11.0,10.0,4.0,7.0,1,Beauty,Credit Card,Mobile,212.902,0.08688504570177828,0.909,1
901,CUST_00902,2023-10-07,30,Female,Konya,True,2023,10,4,5,Saturday,October,True,2024-04-07,180.96,4,0.0,0.0,15.0,4.0,4.0,9.0,1,Food,Debit Card,Mobile,45.24,0.0,0.267,0
902,CUST_00903,2023-01-15,35,Female,Ankara,True,2023,1,1,6,Sunday,January,True,2023-07-15,117.37,1,27.22,0.18825644927035062,15.0,9.0,4.0,3.0,1,Toys,Credit Card,Mobile,117.37,0.23191616256283545,0.6,1
903,CUST_00904,2023-03-11,50,Male,Eskisehir,False,2023,3,1,5,Saturday,March,True,2023-09-11,577.8,2,0.0,0.0,11.0,10.0,4.0,5.0,1,Toys,Debit Card,Desktop,288.9,0.0,0.909,1
904,CUST_00905,2023-04-13,37,Female,Istanbul,True,2023,4,2,3,Thursday,April,False,2023-10-13,548.06,2,0.0,0.0,9.0,10.0,2.0,9.0,1,Fashion,Credit Card,Desktop,274.03,0.0,1.111,0
905,CUST_00906,2023-02-24,35,Female,Istanbul,True,2023,2,1,4,Friday,February,False,2023-08-24,57.78,3,0.0,0.0,14.0,6.0,4.0,7.0,1,Food,Debit Card,Mobile,19.26,0.0,0.429,1
906,CUST_00907,2023-03-24,18,Male,Konya,True,2023,3,1,4,Friday,March,False,2023-09-24,159.48,4,0.0,0.0,17.0,6.0,4.0,4.0,1,Books,Credit Card,Tablet,39.87,0.0,0.353,1
907,CUST_00908,2023-01-19,43,Female,Kayseri,True,2023,1,1,3,Thursday,January,False,2023-07-19,1228.55,5,0.0,0.0,9.0,9.0,1.0,5.0,1,Fashion,Bank Transfer,Desktop,245.70999999999998,0.0,1.0,0
908,CUST_00909,2023-01-30,42,Male,Istanbul,True,2023,1,1,0,Monday,January,False,2023-07-30,86.31,1,0.0,0.0,14.0,7.0,4.0,1.0,1,Books,Credit Card,Mobile,86.31,0.0,0.5,1
909,CUST_00910,2023-02-07,60,Male,Istanbul,False,2023,2,1,1,Tuesday,February,False,2023-08-07,97.46,1,9.19,0.08616971401781527,14.0,9.0,5.0,9.0,1,Home & Garden,Digital Wallet,Desktop,97.46,0.0942950954237636,0.643,1
910,CUST_00911,2023-05-31,31,Female,Istanbul,False,2023,5,2,2,Wednesday,May,False,2023-11-30,312.1,5,0.0,0.0,14.0,7.0,1.0,6.0,1,Food,Credit Card,Mobile,62.42,0.0,0.5,1
911,CUST_00912,2023-01-10,37,Female,Istanbul,True,2023,1,1,1,Tuesday,January,False,2023-07-10,252.81,3,6.36,0.024539877300613498,24.0,10.0,5.0,8.0,1,Food,Credit Card,Mobile,84.27,0.025157232704402517,0.417,0
912,CUST_00913,2023-03-27,37,Male,Istanbul,False,2023,3,1,0,Monday,March,False,2023-09-27,111.7,1,14.38,0.11405456852791879,21.0,9.0,5.0,6.0,1,Toys,Credit Card,Mobile,111.7,0.12873769024171888,0.429,1
913,CUST_00914,2023-01-03,53,Female,Eskisehir,False,2023,1,1,1,Tuesday,January,False,2023-07-03,2998.16,5,337.79,0.10125751285241086,14.0,4.0,2.0,15.0,1,Home & Garden,Debit Card,Desktop,599.632,0.11266576833791393,0.286,0
914,CUST_00915,2023-01-27,33,Female,Antalya,True,2023,1,1,4,Friday,January,False,2023-07-27,280.83,1,20.45,0.06787705788635157,31.0,9.0,2.0,4.0,1,Fashion,Cash on Delivery,Mobile,280.83,0.07281985542855109,0.29,1
915,CUST_00916,2023-03-04,38,Female,Adana,False,2023,3,1,5,Saturday,March,True,2023-09-04,508.62,2,0.0,0.0,14.0,12.0,2.0,18.0,1,Beauty,Digital Wallet,Desktop,254.31,0.0,0.857,1
916,CUST_00917,2023-04-25,42,Male,Adana,True,2023,4,2,1,Tuesday,April,False,2023-10-25,27.31,1,0.0,0.0,1.0,14.0,2.0,4.0,1,Food,Credit Card,Mobile,27.31,0.0,14.0,0
917,CUST_00918,2023-08-22,37,Female,Bursa,True,2023,8,3,1,Tuesday,August,False,2024-02-22,1803.49,5,165.11,0.08387178705679163,15.0,4.0,1.0,5.0,1,Sports,Debit Card,Desktop,360.698,0.0915502719726752,0.267,1
918,CUST_00919,2023-02-05,29,Male,Gaziantep,True,2023,2,1,6,Sunday,February,True,2023-08-05,114.01,2,10.07,0.08115731785944552,9.0,11.0,5.0,6.0,1,Books,Credit Card,Mobile,57.005,0.08832558547495833,1.222,0
919,CUST_00920,2023-04-07,37,Female,Bursa,False,2023,4,2,4,Friday,April,False,2023-10-07,327.3,1,0.0,0.0,19.0,11.0,3.0,6.0,1,Fashion,Credit Card,Desktop,327.3,0.0,0.579,1
920,CUST_00921,2023-01-02,47,Male,Ankara,False,2023,1,1,0,Monday,January,False,2023-07-02,2205.64,4,388.28,0.14968850234394274,16.0,9.0,4.0,3.0,1,Electronics,Credit Card,Mobile,551.41,0.17603960755154965,0.562,0
921,CUST_00922,2023-01-03,22,Male,Bursa,False,2023,1,1,1,Tuesday,January,False,2023-07-03,278.67,3,0.0,0.0,20.0,12.0,3.0,4.0,1,Food,Digital Wallet,Mobile,92.89,0.0,0.6,1
922,CUST_00923,2023-06-30,36,Female,Bursa,True,2023,6,2,4,Friday,June,False,2023-12-30,179.18,2,45.76,0.20343202631812926,15.0,9.0,2.0,4.0,1,Fashion,Digital Wallet,Mobile,89.59,0.2553856457193883,0.6,0
923,CUST_00924,2023-01-16,26,Male,Gaziantep,True,2023,1,1,0,Monday,January,False,2023-07-16,254.52,2,7.16,0.027361663099969426,14.0,8.0,4.0,6.0,1,Toys,Digital Wallet,Mobile,127.26,0.02813138456702813,0.571,0
924,CUST_00925,2023-05-07,49,Male,Eskisehir,True,2023,5,2,6,Sunday,May,True,2023-11-07,1201.3000000000002,3,168.68,0.07546393228467638,21.5,8.5,3.5,4.0,2,Home & Garden,Digital Wallet,Mobile,400.4333333333334,0.1404145509031882,0.395,1
925,CUST_00926,2023-04-01,18,Male,Izmir,True,2023,4,2,5,Saturday,April,True,2023-10-01,68.57,1,0.0,0.0,12.0,9.0,5.0,5.0,1,Books,Digital Wallet,Tablet,68.57,0.0,0.75,1
926,CUST_00927,2023-04-06,28,Female,Adana,False,2023,4,2,3,Thursday,April,False,2023-10-06,8237.23,2,1028.13,0.11096492742861584,13.0,6.0,5.0,4.0,1,Electronics,Credit Card,Mobile,4118.615,0.12481501669857466,0.462,1
927,CUST_00928,2023-01-11,39,Male,Istanbul,True,2023,1,1,2,Wednesday,January,False,2023-07-11,41.11,1,0.0,0.0,15.0,12.0,4.0,15.0,1,Beauty,Credit Card,Desktop,41.11,0.0,0.8,0
928,CUST_00929,2023-01-27,53,Female,Adana,True,2023,1,1,4,Friday,January,False,2023-07-27,224.58,1,40.03,0.15127924114734892,15.0,12.0,5.0,14.0,1,Sports,Digital Wallet,Desktop,224.58,0.17824383293258528,0.8,0
929,CUST_00930,2023-01-01,34,Male,Ankara,False,2023,1,1,6,Sunday,January,True,2023-07-01,468.56,4,0.0,0.0,17.0,13.0,3.0,8.0,1,Books,Digital Wallet,Tablet,117.14,0.0,0.765,1
930,CUST_00931,2023-04-06,28,Male,Istanbul,True,2023,4,2,3,Thursday,April,False,2023-10-06,82.85,1,0.0,0.0,18.0,8.0,1.0,15.0,1,Food,Credit Card,Desktop,82.85,0.0,0.444,1
931,CUST_00932,2023-01-28,57,Male,Ankara,False,2023,1,1,5,Saturday,January,True,2023-07-28,348.06,2,0.0,0.0,16.0,9.0,4.0,4.0,1,Fashion,Cash on Delivery,Mobile,174.03,0.0,0.562,1
932,CUST_00933,2023-03-18,18,Female,Bursa,True,2023,3,1,5,Saturday,March,True,2023-09-18,679.14,3,0.0,0.0,12.0,8.0,4.0,4.0,1,Home & Garden,Credit Card,Mobile,226.38,0.0,0.667,1
933,CUST_00934,2023-01-13,18,Male,Istanbul,False,2023,1,1,4,Friday,January,False,2023-07-13,519.28,4,0.0,0.0,17.0,7.0,3.0,1.0,1,Beauty,Bank Transfer,Mobile,129.82,0.0,0.412,0
934,CUST_00935,2023-02-28,40,Male,Kayseri,False,2023,2,1,1,Tuesday,February,False,2023-08-28,1123.34,2,0.0,0.0,20.0,7.0,3.0,9.0,1,Sports,Credit Card,Mobile,561.67,0.0,0.35,0
935,CUST_00936,2023-04-05,28,Female,Istanbul,False,2023,4,2,2,Wednesday,April,False,2023-10-05,110.55,1,0.0,0.0,14.0,10.0,3.0,2.0,1,Books,Debit Card,Tablet,110.55,0.0,0.714,0
936,CUST_00937,2023-03-29,22,Female,Kayseri,True,2023,3,1,2,Wednesday,March,False,2023-09-29,1155.26,4,226.22,0.1637519182326201,14.0,9.0,2.0,22.0,1,Toys,Credit Card,Mobile,288.815,0.19581739175596835,0.643,1
937,CUST_00938,2023-05-12,43,Male,Adana,False,2023,5,2,4,Friday,May,False,2023-11-12,101.87,1,20.66,0.1686117685464784,12.0,10.0,3.0,9.0,1,Toys,Debit Card,Mobile,101.87,0.20280749975458917,0.833,1
938,CUST_00939,2023-02-27,37,Male,Ankara,True,2023,2,1,0,Monday,February,False,2023-08-27,106.72,2,25.66,0.1938359268771718,11.0,11.0,2.0,9.0,1,Food,Bank Transfer,Desktop,53.36,0.2404422788605697,1.0,0
939,CUST_00940,2023-05-02,28,Female,Ankara,False,2023,5,2,1,Tuesday,May,False,2023-11-02,2295.53,5,151.62,0.06195778763050896,18.0,6.0,4.0,5.0,1,Electronics,Bank Transfer,Desktop,459.10600000000005,0.06605010607572107,0.333,1
940,CUST_00941,2023-02-10,19,Male,Adana,True,2023,2,1,4,Friday,February,False,2023-08-10,4618.48,3,1032.77,0.18275071886750718,17.0,7.0,3.0,4.0,1,Electronics,Credit Card,Mobile,1539.493333333333,0.2236168609585838,0.412,1
941,CUST_00942,2023-03-01,45,Male,Bursa,False,2023,3,1,2,Wednesday,March,False,2023-09-01,2237.53,3,458.63,0.17010488991751233,17.0,8.0,4.0,3.0,1,Sports,Credit Card,Mobile,745.8433333333334,0.20497155345403187,0.471,1
942,CUST_00943,2023-03-27,42,Female,Antalya,True,2023,3,1,0,Monday,March,False,2023-09-27,10287.25,5,0.0,0.0,32.0,6.0,4.0,7.0,1,Electronics,Credit Card,Desktop,2057.45,0.0,0.187,0
943,CUST_00944,2023-11-07,33,Female,Ankara,False,2023,11,4,1,Tuesday,November,False,2024-05-07,788.7,5,0.0,0.0,29.0,7.0,4.0,6.0,1,Home & Garden,Debit Card,Tablet,157.74,0.0,0.241,1
944,CUST_00945,2023-11-07,57,Female,Izmir,False,2023,11,4,1,Tuesday,November,False,2024-05-07,3332.45,5,0.0,0.0,15.0,8.0,3.0,5.0,1,Home & Garden,Credit Card,Desktop,666.49,0.0,0.533,1
945,CUST_00946,2023-09-28,22,Male,Eskisehir,False,2023,9,3,3,Thursday,September,False,2024-03-28,510.56,4,0.0,0.0,15.0,12.0,5.0,5.0,1,Fashion,Credit Card,Mobile,127.64,0.0,0.8,1
946,CUST_00947,2023-02-05,18,Male,Istanbul,False,2023,2,1,6,Sunday,February,True,2023-08-05,1429.76,4,0.0,0.0,16.0,10.0,4.0,8.0,1,Toys,Credit Card,Mobile,357.44,0.0,0.625,0
947,CUST_00948,2023-01-13,26,Female,Izmir,False,2023,1,1,4,Friday,January,False,2023-07-13,38.8,5,0.0,0.0,18.0,8.0,4.0,12.0,1,Food,Credit Card,Mobile,7.76,0.0,0.444,1
948,CUST_00949,2023-02-25,34,Male,Ankara,False,2023,2,1,5,Saturday,February,True,2023-08-25,312.05,5,0.0,0.0,17.0,7.0,3.0,14.0,1,Books,Digital Wallet,Desktop,62.410000000000004,0.0,0.412,0
949,CUST_00950,2023-01-04,37,Female,Adana,False,2023,1,1,2,Wednesday,January,False,2023-07-04,7840.1,5,0.0,0.0,9.0,10.0,5.0,4.0,1,Electronics,Bank Transfer,Tablet,1568.02,0.0,1.111,1
950,CUST_00951,2023-03-25,32,Female,Adana,True,2023,3,1,5,Saturday,March,True,2023-09-25,36.81,2,2.11,0.05421377183967111,20.0,9.0,1.0,7.0,1,Books,Debit Card,Tablet,18.405,0.057321380059766364,0.45,1
951,CUST_00952,2023-02-18,39,Male,Ankara,True,2023,2,1,5,Saturday,February,True,2023-08-18,105.3,5,0.0,0.0,14.0,7.0,4.0,16.0,1,Food,Credit Card,Tablet,21.06,0.0,0.5,1
952,CUST_00953,2023-02-07,19,Female,Istanbul,False,2023,2,1,1,Tuesday,February,False,2023-08-07,1283.45,5,0.0,0.0,11.0,7.0,3.0,11.0,1,Fashion,Digital Wallet,Mobile,256.69,0.0,0.636,1
953,CUST_00954,2023-10-24,52,Female,Istanbul,True,2023,10,4,1,Tuesday,October,False,2024-04-24,114.84,3,0.0,0.0,2.0,5.0,3.0,9.0,1,Books,Credit Card,Tablet,38.28,0.0,2.5,0
954,CUST_00955,2023-01-14,34,Female,Izmir,True,2023,1,1,5,Saturday,January,True,2023-07-14,33.9,1,0.0,0.0,3.0,6.0,5.0,5.0,1,Books,Credit Card,Mobile,33.9,0.0,2.0,0
955,CUST_00956,2023-02-04,48,Male,Izmir,False,2023,2,1,5,Saturday,February,True,2023-08-04,434.85,5,0.0,0.0,11.0,10.0,5.0,3.0,1,Food,Bank Transfer,Mobile,86.97,0.0,0.909,1
956,CUST_00957,2023-04-28,39,Male,Eskisehir,True,2023,4,2,4,Friday,April,False,2023-10-28,964.08,4,0.0,0.0,14.0,7.0,5.0,4.0,1,Toys,Bank Transfer,Mobile,241.02,0.0,0.5,0
957,CUST_00958,2023-04-14,40,Female,Izmir,True,2023,4,2,4,Friday,April,False,2023-10-14,2079.63,3,520.44,0.2001638417427223,12.0,4.0,5.0,6.0,1,Home & Garden,Debit Card,Desktop,693.21,0.25025605516365895,0.333,0
958,CUST_00959,2023-01-19,41,Male,Ankara,False,2023,1,1,3,Thursday,January,False,2023-07-19,128.4,5,33.35,0.20618238021638333,20.0,10.0,5.0,6.0,1,Books,Bank Transfer,Mobile,25.68,0.2597352024922118,0.5,0
959,CUST_00960,2023-07-23,40,Female,Konya,False,2023,7,3,6,Sunday,July,True,2024-01-23,5920.38,3,0.0,0.0,9.0,10.0,2.0,3.0,1,Home & Garden,Credit Card,Desktop,1973.46,0.0,1.111,0
960,CUST_00961,2023-02-09,42,Male,Izmir,True,2023,2,1,3,Thursday,February,False,2023-08-09,4381.05,3,0.0,0.0,14.0,6.0,4.0,5.0,1,Electronics,Credit Card,Desktop,1460.3500000000001,0.0,0.429,0
961,CUST_00962,2023-04-12,50,Female,Bursa,True,2023,4,2,2,Wednesday,April,False,2023-10-12,85.69,1,0.0,0.0,14.0,7.0,4.0,16.0,1,Beauty,Credit Card,Mobile,85.69,0.0,0.5,1
962,CUST_00963,2023-02-08,37,Male,Istanbul,True,2023,2,1,2,Wednesday,February,False,2023-08-08,75.36,4,0.0,0.0,12.0,10.0,4.0,3.0,1,Food,Bank Transfer,Desktop,18.84,0.0,0.833,1
963,CUST_00964,2023-02-05,43,Female,Ankara,False,2023,2,1,6,Sunday,February,True,2023-08-05,76.24,4,0.0,0.0,17.0,7.0,5.0,9.0,1,Food,Debit Card,Mobile,19.06,0.0,0.412,0
964,CUST_00965,2023-03-22,33,Male,Kayseri,True,2023,3,1,2,Wednesday,March,False,2023-09-22,912.85,4,113.19,0.11031733655607968,18.0,11.0,5.0,4.0,1,Toys,Credit Card,Desktop,228.2125,0.12399627540121597,0.611,1
965,CUST_00966,2023-02-04,52,Male,Bursa,True,2023,2,1,5,Saturday,February,True,2023-08-04,470.96,2,0.0,0.0,17.0,9.0,3.0,3.0,1,Electronics,Credit Card,Mobile,235.48,0.0,0.529,1
966,CUST_00967,2023-05-21,26,Male,Ankara,False,2023,5,2,6,Sunday,May,True,2023-11-21,440.43,1,0.0,0.0,12.0,4.0,5.0,10.0,1,Sports,Cash on Delivery,Mobile,440.43,0.0,0.333,1
967,CUST_00968,2023-03-23,56,Female,Antalya,True,2023,3,1,3,Thursday,March,False,2023-09-23,2723.07,1,0.0,0.0,13.0,8.0,4.0,2.0,1,Electronics,Credit Card,Mobile,2723.07,0.0,0.615,1
968,CUST_00969,2023-02-22,34,Male,Kayseri,False,2023,2,1,2,Wednesday,February,False,2023-08-22,303.54,1,0.0,0.0,23.0,9.0,2.0,3.0,1,Beauty,Bank Transfer,Mobile,303.54,0.0,0.391,1
969,CUST_00970,2023-06-19,18,Female,Ankara,True,2023,6,2,0,Monday,June,False,2023-12-19,782.44,5,71.21,0.0834182627540561,12.0,10.0,5.0,4.0,1,Sports,Debit Card,Desktop,156.488,0.09101017330402329,0.833,1
970,CUST_00971,2023-12-28,36,Female,Izmir,True,2023,12,4,3,Thursday,December,False,2024-06-28,1798.1,4,245.62,0.12018280390660169,15.0,7.0,3.0,7.0,1,Home & Garden,Cash on Delivery,Desktop,449.525,0.13659974417440632,0.467,0
971,CUST_00972,2023-02-22,26,Male,Kayseri,True,2023,2,1,2,Wednesday,February,False,2023-08-22,768.39,5,141.86,0.15584729469925845,13.0,8.0,4.0,5.0,1,Toys,Digital Wallet,Mobile,153.678,0.18461978942984683,0.615,1
972,CUST_00973,2023-01-27,45,Female,Istanbul,False,2023,1,1,4,Friday,January,False,2023-07-27,14994.2,3,3282.76,0.17961192670991238,13.0,9.0,4.0,5.0,1,Electronics,Digital Wallet,Mobile,4998.066666666667,0.21893532165770765,0.692,1
973,CUST_00974,2023-07-30,27,Male,Adana,True,2023,7,3,6,Sunday,July,True,2024-01-30,56.43,1,0.0,0.0,15.0,10.0,3.0,10.0,1,Fashion,Debit Card,Mobile,56.43,0.0,0.667,0
974,CUST_00975,2023-01-10,29,Female,Bursa,True,2023,1,1,1,Tuesday,January,False,2023-07-10,195.0,1,36.64,0.15817648074598517,10.0,8.0,5.0,14.0,1,Toys,Credit Card,Mobile,195.0,0.1878974358974359,0.8,1
975,CUST_00976,2023-02-03,18,Female,Antalya,False,2023,2,1,4,Friday,February,False,2023-08-03,39.01,1,0.0,0.0,14.0,5.0,2.0,7.0,1,Toys,Digital Wallet,Mobile,39.01,0.0,0.357,0
976,CUST_00977,2023-03-03,29,Male,Ankara,True,2023,3,1,4,Friday,March,False,2023-09-03,286.76,4,0.0,0.0,13.0,12.0,4.0,3.0,1,Food,Credit Card,Mobile,71.69,0.0,0.923,0
977,CUST_00978,2023-01-18,18,Male,Ankara,False,2023,1,1,2,Wednesday,January,False,2023-07-18,1029.77,5,230.08,0.18262491566456326,13.0,6.0,4.0,4.0,1,Sports,Debit Card,Desktop,205.954,0.22342853258494616,0.462,0
978,CUST_00979,2023-02-28,18,Male,Antalya,False,2023,2,1,1,Tuesday,February,False,2023-08-28,279.88,4,0.0,0.0,17.0,5.0,2.0,6.0,1,Food,Digital Wallet,Mobile,69.97,0.0,0.294,0
979,CUST_00980,2023-04-03,44,Other,Istanbul,True,2023,4,2,0,Monday,April,False,2023-10-03,1002.27,2,190.53,0.1597334004024145,8.0,8.0,5.0,7.0,1,Electronics,Debit Card,Desktop,501.135,0.19009847645843936,1.0,0
980,CUST_00981,2023-01-22,44,Male,Izmir,True,2023,1,1,6,Sunday,January,True,2023-07-22,160.25,5,0.0,0.0,6.0,11.0,4.0,5.0,1,Food,Credit Card,Mobile,32.05,0.0,1.833,0
981,CUST_00982,2023-01-10,40,Female,Istanbul,True,2023,1,1,1,Tuesday,January,False,2023-07-10,1746.05,5,0.0,0.0,16.0,7.0,2.0,3.0,1,Home & Garden,Credit Card,Desktop,349.21,0.0,0.437,1
982,CUST_00983,2023-09-30,23,Male,Istanbul,True,2023,9,3,5,Saturday,September,True,2024-03-30,74.07,1,0.0,0.0,5.0,9.0,4.0,10.0,1,Food,Debit Card,Mobile,74.07,0.0,1.8,1
983,CUST_00984,2023-05-18,34,Female,Eskisehir,True,2023,5,2,3,Thursday,May,False,2023-11-18,596.4,5,0.0,0.0,11.0,6.0,3.0,4.0,1,Books,Credit Card,Mobile,119.28,0.0,0.545,1
984,CUST_00985,2023-02-27,34,Male,Izmir,False,2023,2,1,0,Monday,February,False,2023-08-27,719.84,2,71.68,0.09055993531433193,19.0,8.0,5.0,4.0,1,Sports,Debit Card,Desktop,359.92,0.09957768392976217,0.421,0
985,CUST_00986,2023-05-16,21,Female,Eskisehir,False,2023,5,2,1,Tuesday,May,False,2023-11-16,628.03,1,0.0,0.0,15.0,8.0,3.0,13.0,1,Home & Garden,Debit Card,Tablet,628.03,0.0,0.533,0
986,CUST_00987,2023-02-05,53,Female,Istanbul,True,2023,2,1,6,Sunday,February,True,2023-08-05,217.67,1,71.21,0.24650373857657157,29.0,9.0,3.0,12.0,1,Sports,Credit Card,Mobile,217.67,0.32714659806128543,0.31,0
987,CUST_00988,2023-08-01,45,Female,Bursa,False,2023,8,3,1,Tuesday,August,False,2024-02-01,88.2,3,0.0,0.0,19.0,9.0,5.0,2.0,1,Food,Cash on Delivery,Tablet,29.400000000000002,0.0,0.474,0
988,CUST_00989,2023-01-20,32,Male,Istanbul,False,2023,1,1,4,Friday,January,False,2023-07-20,7189.85,5,0.0,0.0,13.0,10.0,4.0,5.0,1,Electronics,Debit Card,Mobile,1437.97,0.0,0.769,0
989,CUST_00990,2023-02-01,35,Male,Gaziantep,True,2023,2,1,2,Wednesday,February,False,2023-08-01,1260.85,5,0.0,0.0,14.0,11.0,1.0,2.0,1,Home & Garden,Credit Card,Tablet,252.17,0.0,0.786,0
990,CUST_00991,2023-01-07,37,Male,Gaziantep,True,2023,1,1,5,Saturday,January,True,2023-07-07,203.19,2,31.05,0.1325563524590164,14.0,11.0,4.0,7.0,1,Sports,Cash on Delivery,Mobile,101.595,0.15281263841724496,0.786,0
991,CUST_00992,2023-05-20,18,Female,Istanbul,True,2023,5,2,5,Saturday,May,True,2023-11-20,394.08,4,0.0,0.0,10.0,10.0,4.0,8.0,1,Books,Credit Card,Mobile,98.52,0.0,1.0,0
992,CUST_00993,2023-05-10,32,Male,Kayseri,True,2023,5,2,2,Wednesday,May,False,2023-11-10,69.94,2,0.0,0.0,12.0,10.0,4.0,9.0,1,Food,Credit Card,Mobile,34.97,0.0,0.833,1
993,CUST_00994,2023-07-28,26,Female,Istanbul,True,2023,7,3,4,Friday,July,False,2024-01-28,203.19,3,0.0,0.0,14.0,12.0,2.0,9.0,1,Books,Credit Card,Mobile,67.73,0.0,0.857,0
994,CUST_00995,2023-03-05,22,Male,Bursa,False,2023,3,1,6,Sunday,March,True,2023-09-05,55.26,2,0.0,0.0,13.0,15.0,3.0,4.0,1,Food,Debit Card,Desktop,27.63,0.0,1.154,1
995,CUST_00996,2023-02-24,31,Female,Eskisehir,False,2023,2,1,4,Friday,February,False,2023-08-24,302.64,3,0.0,0.0,15.0,10.0,4.0,2.0,1,Beauty,Bank Transfer,Mobile,100.88,0.0,0.667,0
996,CUST_00997,2023-04-26,56,Female,Konya,True,2023,4,2,2,Wednesday,April,False,2023-10-26,351.29,3,54.97,0.13530743858612712,18.0,10.0,5.0,8.0,1,Beauty,Debit Card,Desktop,117.09666666666668,0.15648040080844886,0.556,0
997,CUST_00998,2023-06-04,42,Female,Kayseri,True,2023,6,2,6,Sunday,June,True,2023-12-04,1626.4199999999998,7,287.6,0.15828016938784195,16.5,11.0,4.5,8.5,2,Home & Garden,Credit Card,Mobile,232.34571428571425,0.1768300930878863,0.667,1
998,CUST_00999,2023-08-17,28,Male,Ankara,True,2023,8,3,3,Thursday,August,False,2024-02-17,197.95,5,0.0,0.0,18.0,10.0,3.0,5.0,1,Books,Credit Card,Mobile,39.589999999999996,0.0,0.556,1
999,CUST_01000,2023-10-24,41,Male,Istanbul,True,2023,10,4,1,Tuesday,October,False,2024-04-24,318.43,5,72.42,0.18528847383906868,8.0,9.0,2.0,6.0,1,Beauty,Bank Transfer,Mobile,63.686,0.22742832019596143,1.125,0
1000,CUST_01001,2023-01-06,51,Male,Istanbul,False,2023,1,1,4,Friday,January,False,2023-07-06,65.69,1,0.0,0.0,20.0,7.0,2.0,8.0,1,Books,Credit Card,Mobile,65.69,0.0,0.35,0
1001,CUST_01002,2023-04-08,46,Male,Izmir,True,2023,4,2,5,Saturday,April,True,2023-10-08,314.04,4,0.0,0.0,17.0,8.0,5.0,5.0,1,Beauty,Debit Card,Desktop,78.51,0.0,0.471,1
1002,CUST_01003,2023-03-20,35,Female,Gaziantep,True,2023,3,1,0,Monday,March,False,2023-09-20,35.85,1,0.0,0.0,5.0,9.0,4.0,2.0,1,Books,Digital Wallet,Desktop,35.85,0.0,1.8,0
1003,CUST_01004,2023-08-11,27,Female,Istanbul,True,2023,8,3,4,Friday,August,False,2024-02-11,724.77,4,42.99,0.05599406064395124,4.0,7.0,1.0,2.0,1,Toys,Credit Card,Desktop,181.1925,0.05931536901361812,1.75,0
1004,CUST_01005,2023-03-14,43,Female,Antalya,True,2023,3,1,1,Tuesday,March,False,2023-09-14,158.43,4,31.29,0.16492726122707146,10.0,13.0,2.0,7.0,1,Food,Credit Card,Mobile,39.6075,0.19750047339519028,1.3,0
1005,CUST_01006,2023-02-17,39,Male,Ankara,False,2023,2,1,4,Friday,February,False,2023-08-17,15879.15,5,0.0,0.0,21.0,11.0,1.0,6.0,1,Electronics,Credit Card,Desktop,3175.83,0.0,0.524,1
1006,CUST_01007,2023-01-22,45,Female,Ankara,False,2023,1,1,6,Sunday,January,True,2023-07-22,6120.91,5,567.64,0.08486742268503636,13.0,8.0,5.0,5.0,1,Electronics,Credit Card,Mobile,1224.182,0.09273784453618825,0.615,0
1007,CUST_01008,2023-01-26,42,Female,Antalya,False,2023,1,1,3,Thursday,January,False,2023-07-26,1653.73,4,280.59,0.1450587286488275,14.0,6.0,4.0,2.0,1,Electronics,Debit Card,Mobile,413.4325,0.16967098619484436,0.429,1
1008,CUST_01009,2023-01-21,47,Female,Izmir,False,2023,1,1,5,Saturday,January,True,2023-07-21,84.17,1,0.0,0.0,15.0,8.0,4.0,8.0,1,Beauty,Debit Card,Desktop,84.17,0.0,0.533,1
1009,CUST_01010,2023-09-02,28,Male,Gaziantep,True,2023,9,3,5,Saturday,September,True,2024-03-02,910.08,3,0.0,0.0,13.0,8.0,4.0,7.0,1,Home & Garden,Debit Card,Mobile,303.36,0.0,0.615,1
1010,CUST_01011,2024-02-03,50,Male,Istanbul,False,2024,2,1,5,Saturday,February,True,2024-08-03,6618.35,5,0.0,0.0,12.0,11.0,2.0,5.0,1,Electronics,Credit Card,Mobile,1323.67,0.0,0.917,1
1011,CUST_01012,2023-10-03,37,Male,Gaziantep,True,2023,10,4,1,Tuesday,October,False,2024-04-03,284.56,5,6.64,0.0228021978021978,15.0,8.0,3.0,10.0,1,Food,Digital Wallet,Mobile,56.912,0.02333427045262862,0.533,0
1012,CUST_01013,2023-05-31,59,Female,Istanbul,True,2023,5,2,2,Wednesday,May,False,2023-11-30,812.4,5,0.0,0.0,13.0,13.0,2.0,13.0,1,Toys,Credit Card,Mobile,162.48,0.0,1.0,1
1013,CUST_01014,2023-04-29,26,Female,Istanbul,True,2023,4,2,5,Saturday,April,True,2023-10-29,1960.28,2,0.0,0.0,11.0,10.0,5.0,1.0,1,Electronics,Credit Card,Tablet,980.14,0.0,0.909,1
1014,CUST_01015,2023-05-21,55,Male,Antalya,False,2023,5,2,6,Sunday,May,True,2023-11-21,163.84,1,26.4,0.13877207737594616,15.0,5.0,5.0,9.0,1,Beauty,Debit Card,Desktop,163.84,0.1611328125,0.333,1
1015,CUST_01016,2023-05-24,37,Male,Konya,True,2023,5,2,2,Wednesday,May,False,2023-11-24,2432.25,5,0.0,0.0,15.0,9.0,4.0,9.0,1,Home & Garden,Bank Transfer,Mobile,486.45,0.0,0.6,1
1016,CUST_01017,2023-02-14,27,Female,Ankara,False,2023,2,1,1,Tuesday,February,False,2023-08-14,285.5,5,0.0,0.0,12.0,8.0,5.0,10.0,1,Beauty,Debit Card,Mobile,57.1,0.0,0.667,0
1017,CUST_01018,2023-11-02,29,Female,Ankara,True,2023,11,4,3,Thursday,November,False,2024-05-02,418.27,1,0.0,0.0,11.0,10.0,4.0,4.0,1,Fashion,Credit Card,Desktop,418.27,0.0,0.909,0
1018,CUST_01019,2023-02-11,31,Male,Bursa,True,2023,2,1,5,Saturday,February,True,2023-08-11,717.69,3,0.0,0.0,15.0,12.0,2.0,5.0,1,Toys,Debit Card,Mobile,239.23000000000002,0.0,0.8,1
1019,CUST_01020,2023-04-21,40,Female,Istanbul,False,2023,4,2,4,Friday,April,False,2023-10-21,424.15,5,0.0,0.0,16.0,7.0,2.0,3.0,1,Food,Bank Transfer,Mobile,84.83,0.0,0.437,1
1020,CUST_01021,2023-03-14,41,Other,Gaziantep,True,2023,3,1,1,Tuesday,March,False,2023-09-14,2152.3,5,169.5,0.07300370402274096,15.0,8.0,5.0,4.0,1,Sports,Debit Card,Mobile,430.46000000000004,0.07875296194768387,0.533,1
1021,CUST_01022,2023-02-10,28,Female,Adana,False,2023,2,1,4,Friday,February,False,2023-08-10,85.56,4,0.0,0.0,14.0,8.0,4.0,4.0,1,Books,Bank Transfer,Desktop,21.39,0.0,0.571,0
1022,CUST_01023,2023-02-17,34,Male,Istanbul,True,2023,2,1,4,Friday,February,False,2023-08-17,197.01,5,31.29,0.13705650459921156,19.0,10.0,4.0,7.0,1,Books,Cash on Delivery,Desktop,39.402,0.15882442515608344,0.526,0
1023,CUST_01024,2023-09-08,60,Female,Izmir,True,2023,9,3,4,Friday,September,False,2024-03-08,33.08,1,0.0,0.0,18.0,8.0,4.0,2.0,1,Food,Debit Card,Mobile,33.08,0.0,0.444,1
1024,CUST_01025,2023-02-08,55,Female,Adana,False,2023,2,1,2,Wednesday,February,False,2023-08-08,756.11,4,92.37,0.10886526494437111,20.0,9.0,2.0,14.0,1,Toys,Debit Card,Mobile,189.0275,0.1221647643861343,0.45,1
1025,CUST_01026,2023-01-01,40,Male,Ankara,True,2023,1,1,6,Sunday,January,True,2023-07-01,1480.6,5,258.8,0.14878693802460619,14.0,10.0,5.0,7.0,1,Fashion,Credit Card,Mobile,296.12,0.17479400243144672,0.714,1
1026,CUST_01027,2023-06-06,35,Female,Antalya,True,2023,6,2,1,Tuesday,June,False,2023-12-06,321.52,2,31.2,0.08845543207076434,13.0,11.0,3.0,3.0,1,Toys,Debit Card,Mobile,160.76,0.09703906444389152,0.846,1
1027,CUST_01028,2023-02-15,36,Female,Istanbul,False,2023,2,1,2,Wednesday,February,False,2023-08-15,353.22,2,0.0,0.0,18.0,12.0,3.0,4.0,1,Toys,Credit Card,Mobile,176.61,0.0,0.667,1
1028,CUST_01029,2023-10-25,42,Female,Bursa,True,2023,10,4,2,Wednesday,October,False,2024-04-25,292.3,2,0.0,0.0,14.0,4.0,5.0,5.0,1,Food,Credit Card,Mobile,146.15,0.0,0.286,0
1029,CUST_01030,2023-06-24,22,Male,Istanbul,False,2023,6,2,5,Saturday,June,True,2023-12-24,259.24,1,0.0,0.0,11.0,7.0,5.0,6.0,1,Electronics,Credit Card,Mobile,259.24,0.0,0.636,1
1030,CUST_01031,2023-01-16,31,Female,Gaziantep,False,2023,1,1,0,Monday,January,False,2023-07-16,4964.94,3,0.0,0.0,12.0,12.0,5.0,10.0,1,Home & Garden,Digital Wallet,Desktop,1654.9799999999998,0.0,1.0,1
1031,CUST_01032,2023-02-13,18,Female,Ankara,True,2023,2,1,0,Monday,February,False,2023-08-13,89.1,2,12.06,0.11921708185053381,16.0,8.0,2.0,9.0,1,Toys,Debit Card,Tablet,44.55,0.13535353535353536,0.5,0
1032,CUST_01033,2023-01-02,39,Male,Ankara,True,2023,1,1,0,Monday,January,False,2023-07-02,375.87,3,0.0,0.0,17.0,11.0,5.0,10.0,1,Toys,Debit Card,Mobile,125.29,0.0,0.647,0
1033,CUST_01034,2023-07-14,42,Female,Gaziantep,False,2023,7,3,4,Friday,July,False,2024-01-14,19.95,1,0.0,0.0,8.0,10.0,2.0,7.0,1,Food,Debit Card,Desktop,19.95,0.0,1.25,1
1034,CUST_01035,2023-02-11,29,Female,Istanbul,True,2023,2,1,5,Saturday,February,True,2023-08-11,746.97,3,0.0,0.0,11.0,9.0,4.0,8.0,1,Sports,Digital Wallet,Mobile,248.99,0.0,0.818,1
1035,CUST_01036,2023-01-15,53,Female,Ankara,False,2023,1,1,6,Sunday,January,True,2023-07-15,5608.35,5,0.0,0.0,18.0,8.0,3.0,4.0,1,Electronics,Cash on Delivery,Desktop,1121.67,0.0,0.444,1
1036,CUST_01037,2023-02-14,20,Male,Ankara,False,2023,2,1,1,Tuesday,February,False,2023-08-14,5298.18,3,0.0,0.0,11.0,13.0,3.0,7.0,1,Electronics,Bank Transfer,Mobile,1766.0600000000002,0.0,1.182,0
1037,CUST_01038,2023-05-22,18,Female,Ankara,True,2023,5,2,0,Monday,May,False,2023-11-22,328.76,3,26.07,0.09438129027586706,14.5,7.0,2.5,7.5,2,Toys,Credit Card,Mobile,109.58666666666666,0.07929796812264266,0.483,1
1038,CUST_01039,2023-06-16,37,Male,Kayseri,True,2023,6,2,4,Friday,June,False,2023-12-16,53.1,1,0.0,0.0,13.0,11.0,5.0,7.0,1,Beauty,Credit Card,Tablet,53.1,0.0,0.846,0
1039,CUST_01040,2023-04-04,47,Male,Adana,True,2023,4,2,1,Tuesday,April,False,2023-10-04,720.2,5,29.65,0.03954124158164966,22.0,8.0,5.0,3.0,1,Toys,Credit Card,Desktop,144.04000000000002,0.04116911968897528,0.364,0
1040,CUST_01041,2023-02-14,55,Female,Istanbul,False,2023,2,1,1,Tuesday,February,False,2023-08-14,243.56,2,0.0,0.0,15.0,7.0,5.0,3.0,1,Food,Bank Transfer,Desktop,121.78,0.0,0.467,0
1041,CUST_01042,2023-03-20,29,Male,Adana,True,2023,3,1,0,Monday,March,False,2023-09-20,49.59,1,0.0,0.0,13.0,11.0,4.0,11.0,1,Books,Bank Transfer,Mobile,49.59,0.0,0.846,0
1042,CUST_01043,2023-01-03,47,Female,Bursa,True,2023,1,1,1,Tuesday,January,False,2023-07-03,5408.76,4,0.0,0.0,14.0,12.0,5.0,10.0,1,Electronics,Digital Wallet,Mobile,1352.19,0.0,0.857,1
1043,CUST_01044,2023-07-01,34,Male,Konya,True,2023,7,3,5,Saturday,July,True,2024-01-01,31.71,3,0.0,0.0,16.0,12.0,5.0,18.0,1,Books,Digital Wallet,Mobile,10.57,0.0,0.75,0
1044,CUST_01045,2023-02-21,32,Male,Ankara,True,2023,2,1,1,Tuesday,February,False,2023-08-21,701.45,5,0.0,0.0,15.0,7.0,1.0,5.0,1,Fashion,Credit Card,Mobile,140.29000000000002,0.0,0.467,1
1045,CUST_01046,2023-06-24,45,Male,Bursa,True,2023,6,2,5,Saturday,June,True,2023-12-24,1369.6,5,0.0,0.0,16.0,12.0,1.0,7.0,1,Toys,Debit Card,Mobile,273.91999999999996,0.0,0.75,1
1046,CUST_01047,2023-01-22,42,Other,Izmir,True,2023,1,1,6,Sunday,January,True,2023-07-22,91.16,2,0.0,0.0,19.0,9.0,2.0,5.0,1,Books,Credit Card,Tablet,45.58,0.0,0.474,1
1047,CUST_01048,2023-02-05,18,Female,Izmir,False,2023,2,1,6,Sunday,February,True,2023-08-05,54.86,1,0.0,0.0,11.0,10.0,3.0,8.0,1,Books,Debit Card,Mobile,54.86,0.0,0.909,0
1048,CUST_01049,2023-02-09,52,Female,Izmir,False,2023,2,1,3,Thursday,February,False,2023-08-09,297.65,5,38.45,0.114400476048795,15.0,9.0,4.0,3.0,1,Food,Bank Transfer,Desktop,59.529999999999994,0.1291785654291954,0.6,1
1049,CUST_01050,2023-02-15,51,Male,Istanbul,True,2023,2,1,2,Wednesday,February,False,2023-08-15,395.79,3,32.73,0.07637916549985999,15.0,11.0,3.0,13.0,1,Toys,Cash on Delivery,Tablet,131.93,0.08269536875615856,0.733,1
1050,CUST_01051,2023-01-26,27,Male,Adana,True,2023,1,1,3,Thursday,January,False,2023-07-26,2817.66,3,0.0,0.0,19.0,6.0,5.0,4.0,1,Electronics,Bank Transfer,Mobile,939.2199999999999,0.0,0.316,1
1051,CUST_01052,2023-01-02,39,Female,Izmir,True,2023,1,1,0,Monday,January,False,2023-07-02,18002.25,5,0.0,0.0,12.0,6.0,3.0,4.0,1,Electronics,Digital Wallet,Mobile,3600.45,0.0,0.5,1
1052,CUST_01053,2023-02-07,40,Male,Kayseri,True,2023,2,1,1,Tuesday,February,False,2023-08-07,561.32,1,78.2,0.1222792094070553,12.0,8.0,3.0,4.0,1,Home & Garden,Bank Transfer,Desktop,561.32,0.1393144730278629,0.667,1
1053,CUST_01054,2023-01-06,38,Male,Ankara,True,2023,1,1,4,Friday,January,False,2023-07-06,51.32,1,0.0,0.0,7.0,9.0,5.0,9.0,1,Beauty,Credit Card,Tablet,51.32,0.0,1.286,0
1054,CUST_01055,2023-08-01,28,Female,Antalya,True,2023,8,3,1,Tuesday,August,False,2024-02-01,12292.85,5,0.0,0.0,16.0,10.0,4.0,7.0,1,Electronics,Credit Card,Mobile,2458.57,0.0,0.625,1
1055,CUST_01056,2023-02-18,26,Male,Kayseri,True,2023,2,1,5,Saturday,February,True,2023-08-18,459.56,2,0.0,0.0,19.0,7.0,2.0,15.0,1,Toys,Digital Wallet,Mobile,229.78,0.0,0.368,1
1056,CUST_01057,2023-01-07,34,Female,Antalya,True,2023,1,1,5,Saturday,January,True,2023-07-07,709.6,4,0.0,0.0,16.0,8.0,3.0,3.0,1,Food,Debit Card,Desktop,177.4,0.0,0.5,1
1057,CUST_01058,2023-05-04,49,Female,Konya,True,2023,5,2,3,Thursday,May,False,2023-11-04,152.12,1,0.0,0.0,20.0,14.0,2.0,9.0,1,Toys,Credit Card,Mobile,152.12,0.0,0.7,1
1058,CUST_01059,2023-12-04,41,Male,Gaziantep,True,2023,12,4,0,Monday,December,False,2024-06-04,214.71,3,13.04,0.036214174627860474,16.0,7.0,3.0,5.5,2,Books,Credit Card,Mobile,71.57000000000001,0.06073308183130734,0.437,1
1059,CUST_01060,2023-02-27,30,Male,Ankara,True,2023,2,1,0,Monday,February,False,2023-08-27,2288.32,4,0.0,0.0,15.0,12.0,3.0,11.0,1,Sports,Credit Card,Mobile,572.08,0.0,0.8,1
1060,CUST_01061,2023-03-31,44,Male,Bursa,True,2023,3,1,4,Friday,March,False,2023-09-30,230.7,2,0.0,0.0,13.0,12.0,5.0,3.0,1,Toys,Credit Card,Desktop,115.35,0.0,0.923,1
1061,CUST_01062,2023-02-21,18,Female,Istanbul,False,2023,2,1,1,Tuesday,February,False,2023-08-21,41.46,2,5.74,0.12161016949152542,13.0,10.0,5.0,6.0,1,Books,Credit Card,Mobile,20.73,0.13844669561022674,0.769,0
1062,CUST_01063,2023-02-16,48,Female,Bursa,True,2023,2,1,3,Thursday,February,False,2023-08-16,1936.94,2,186.2,0.08770029296231054,20.0,9.0,5.0,4.0,1,Home & Garden,Digital Wallet,Mobile,968.47,0.09613101076956436,0.45,0
1063,CUST_01064,2023-05-04,18,Male,Istanbul,True,2023,5,2,3,Thursday,May,False,2023-11-04,82.92,1,0.0,0.0,11.0,12.0,3.0,5.0,1,Toys,Credit Card,Mobile,82.92,0.0,1.091,1
1064,CUST_01065,2023-02-03,30,Male,Adana,False,2023,2,1,4,Friday,February,False,2023-08-03,71.62,2,0.0,0.0,15.0,11.0,3.0,4.0,1,Beauty,Credit Card,Mobile,35.81,0.0,0.733,0
1065,CUST_01066,2023-06-23,21,Female,Bursa,True,2023,6,2,4,Friday,June,False,2023-12-23,66.66,3,5.16,0.07184628237259816,13.0,9.0,2.0,10.0,1,Food,Debit Card,Mobile,22.22,0.07740774077407742,0.692,1
1066,CUST_01067,2023-04-11,19,Female,Izmir,True,2023,4,2,1,Tuesday,April,False,2023-10-11,682.96,4,0.0,0.0,14.0,13.0,5.0,7.0,1,Sports,Debit Card,Mobile,170.74,0.0,0.929,0
1067,CUST_01068,2023-12-31,48,Male,Ankara,True,2023,12,4,6,Sunday,December,True,2024-06-30,195.28,1,71.58,0.2682305328636738,10.0,13.0,4.0,7.0,1,Toys,Debit Card,Mobile,195.28,0.3665505940188447,1.3,0
1068,CUST_01069,2023-06-29,29,Male,Eskisehir,False,2023,6,2,3,Thursday,June,False,2023-12-29,39.16,1,0.0,0.0,14.0,12.0,3.0,7.0,1,Food,Debit Card,Tablet,39.16,0.0,0.857,1
1069,CUST_01070,2023-01-01,39,Male,Istanbul,True,2023,1,1,6,Sunday,January,True,2023-07-01,179.78,2,0.0,0.0,17.0,11.0,4.0,2.0,1,Books,Debit Card,Mobile,89.89,0.0,0.647,0
1070,CUST_01071,2024-02-10,34,Female,Istanbul,False,2024,2,1,5,Saturday,February,True,2024-08-10,68.06,3,2.11,0.030069830411856915,8.0,9.0,4.0,12.0,1,Food,Debit Card,Mobile,22.686666666666667,0.03100205700852189,1.125,0
1071,CUST_01072,2023-01-09,40,Female,Istanbul,False,2023,1,1,0,Monday,January,False,2023-07-09,900.84,2,0.0,0.0,24.0,9.0,5.0,4.0,1,Sports,Digital Wallet,Mobile,450.42,0.0,0.375,1
1072,CUST_01073,2023-01-01,35,Male,Eskisehir,False,2023,1,1,6,Sunday,January,True,2023-07-01,363.45,5,0.0,0.0,16.0,8.0,1.0,8.0,1,Toys,Credit Card,Mobile,72.69,0.0,0.5,1
1073,CUST_01074,2023-05-22,19,Female,Eskisehir,False,2023,5,2,0,Monday,May,False,2023-11-22,2467.38,3,0.0,0.0,19.0,10.0,4.0,4.0,1,Electronics,Credit Card,Desktop,822.46,0.0,0.526,1
1074,CUST_01075,2023-04-04,46,Male,Antalya,True,2023,4,2,1,Tuesday,April,False,2023-10-04,579.6,4,0.0,0.0,11.0,10.0,4.0,6.0,1,Toys,Debit Card,Desktop,144.9,0.0,0.909,0
1075,CUST_01076,2023-07-27,29,Male,Konya,False,2023,7,3,3,Thursday,July,False,2024-01-27,1053.48,4,38.52,0.03527472527472528,9.0,9.0,5.0,3.0,1,Fashion,Debit Card,Mobile,263.37,0.03656452898963436,1.0,1
1076,CUST_01077,2023-10-16,18,Male,Istanbul,True,2023,10,4,0,Monday,October,False,2024-04-16,58.42,2,6.02,0.09342023587833644,17.0,6.0,5.0,3.0,1,Beauty,Credit Card,Mobile,29.21,0.1030469017459774,0.353,0
1077,CUST_01078,2023-05-05,29,Female,Eskisehir,True,2023,5,2,4,Friday,May,False,2023-11-05,1645.25,5,81.4,0.047143312194133154,18.0,9.0,5.0,4.0,1,Home & Garden,Credit Card,Mobile,329.05,0.049475763561768735,0.5,0
1078,CUST_01079,2023-01-06,53,Female,Istanbul,False,2023,1,1,4,Friday,January,False,2023-07-06,702.37,2,57.99,0.07626650533957599,11.0,4.0,4.0,4.0,1,Home & Garden,Cash on Delivery,Mobile,351.185,0.08256332132636644,0.364,1
1079,CUST_01080,2023-01-12,45,Female,Istanbul,True,2023,1,1,3,Thursday,January,False,2023-07-12,49.77,1,0.0,0.0,16.0,9.0,4.0,3.0,1,Books,Debit Card,Desktop,49.77,0.0,0.562,0
1080,CUST_01081,2023-01-22,30,Male,Istanbul,True,2023,1,1,6,Sunday,January,True,2023-07-22,4954.38,2,0.0,0.0,18.0,13.0,5.0,11.0,1,Electronics,Credit Card,Mobile,2477.19,0.0,0.722,0
1081,CUST_01082,2023-07-08,30,Male,Bursa,False,2023,7,3,5,Saturday,July,True,2024-01-08,203.1,1,0.0,0.0,17.0,6.0,5.0,9.0,1,Electronics,Digital Wallet,Mobile,203.1,0.0,0.353,0
1082,CUST_01083,2023-02-14,31,Male,Gaziantep,False,2023,2,1,1,Tuesday,February,False,2023-08-14,4616.1,3,0.0,0.0,17.0,10.0,3.0,2.0,1,Electronics,Digital Wallet,Tablet,1538.7,0.0,0.588,0
1083,CUST_01084,2023-10-11,59,Female,Ankara,True,2023,10,4,2,Wednesday,October,False,2024-04-11,164.49,3,0.0,0.0,19.0,9.0,3.0,8.0,1,Toys,Digital Wallet,Mobile,54.830000000000005,0.0,0.474,0
1084,CUST_01085,2023-03-07,39,Male,Eskisehir,False,2023,3,1,1,Tuesday,March,False,2023-09-07,121.65,3,0.0,0.0,13.0,9.0,5.0,11.0,1,Books,Cash on Delivery,Desktop,40.550000000000004,0.0,0.692,0
1085,CUST_01086,2023-06-03,40,Female,Izmir,True,2023,6,2,5,Saturday,June,True,2023-12-03,4696.38,3,0.0,0.0,19.0,8.0,4.0,4.0,1,Electronics,Credit Card,Tablet,1565.46,0.0,0.421,1
1086,CUST_01087,2023-01-09,47,Male,Istanbul,True,2023,1,1,0,Monday,January,False,2023-07-09,158.11,1,12.37,0.07255983106522759,13.0,5.0,5.0,7.0,1,Food,Credit Card,Mobile,158.11,0.07823667067231672,0.385,1
1087,CUST_01088,2023-04-03,37,Male,Izmir,True,2023,4,2,0,Monday,April,False,2023-10-03,139.6,2,17.6,0.11195928753180663,12.0,10.0,3.0,7.0,1,Beauty,Digital Wallet,Mobile,69.8,0.12607449856733527,0.833,1
1088,CUST_01089,2023-01-29,31,Male,Antalya,False,2023,1,1,6,Sunday,January,True,2023-07-29,494.05,4,83.87,0.14512389258028796,16.0,6.0,5.0,5.0,1,Beauty,Credit Card,Tablet,123.5125,0.16976014573423742,0.375,0
1089,CUST_01090,2023-06-19,32,Male,Gaziantep,False,2023,6,2,0,Monday,June,False,2023-12-19,480.21,3,0.0,0.0,15.0,9.0,5.0,11.0,1,Toys,Digital Wallet,Desktop,160.07,0.0,0.6,0
1090,CUST_01091,2023-02-01,34,Male,Izmir,False,2023,2,1,2,Wednesday,February,False,2023-08-01,85.71,3,7.08,0.0763013255738765,15.0,10.0,3.0,8.0,1,Books,Credit Card,Mobile,28.569999999999997,0.08260413020651033,0.667,1
1091,CUST_01092,2023-11-04,34,Male,Bursa,False,2023,11,4,5,Saturday,November,True,2024-05-04,889.55,2,186.47,0.17329603538967678,18.0,5.0,4.0,4.0,1,Home & Garden,Digital Wallet,Desktop,444.775,0.20962284301051093,0.278,1
1092,CUST_01093,2023-04-21,43,Female,Ankara,False,2023,4,2,4,Friday,April,False,2023-10-21,893.2299999999999,5,110.71,0.06143592817029588,13.0,9.5,5.0,8.0,2,Toys,Credit Card,Mobile,178.646,0.12394344121894697,0.731,1
1093,CUST_01094,2023-03-13,35,Female,Antalya,True,2023,3,1,0,Monday,March,False,2023-09-13,639.72,5,49.08,0.07125435540069687,15.0,6.0,3.0,9.0,1,Beauty,Debit Card,Mobile,127.944,0.07672106546614144,0.4,1
1094,CUST_01095,2023-01-23,43,Male,Eskisehir,True,2023,1,1,0,Monday,January,False,2023-07-23,1542.45,2,310.01,0.16735044211480948,10.0,6.0,5.0,5.0,1,Electronics,Credit Card,Desktop,771.225,0.20098544523323283,0.6,1
1095,CUST_01096,2023-05-09,34,Male,Istanbul,False,2023,5,2,1,Tuesday,May,False,2023-11-09,5970.24,3,0.0,0.0,19.0,11.0,5.0,8.0,1,Electronics,Cash on Delivery,Mobile,1990.08,0.0,0.579,0
1096,CUST_01097,2023-01-03,35,Male,Konya,False,2023,1,1,1,Tuesday,January,False,2023-07-03,813.48,4,0.0,0.0,13.0,9.0,4.0,7.0,1,Fashion,Debit Card,Mobile,203.37,0.0,0.692,1
1097,CUST_01098,2023-03-03,18,Male,Bursa,False,2023,3,1,4,Friday,March,False,2023-09-03,123.8,2,0.0,0.0,21.0,8.0,5.0,9.0,1,Food,Bank Transfer,Mobile,61.9,0.0,0.381,0
1098,CUST_01099,2023-02-28,45,Male,Ankara,True,2023,2,1,1,Tuesday,February,False,2023-08-28,53.04,1,0.0,0.0,10.0,6.0,5.0,5.0,1,Beauty,Credit Card,Tablet,53.04,0.0,0.6,0
1099,CUST_01100,2023-04-04,39,Female,Kayseri,True,2023,4,2,1,Tuesday,April,False,2023-10-04,611.84,5,119.76,0.16369600874794973,18.0,10.0,5.0,3.0,1,Food,Credit Card,Mobile,122.36800000000001,0.19573744769874477,0.556,0
1100,CUST_01101,2023-06-11,46,Male,Izmir,True,2023,6,2,6,Sunday,June,True,2023-12-11,369.08,1,0.0,0.0,19.0,19.0,4.0,6.0,1,Fashion,Debit Card,Mobile,369.08,0.0,1.0,1
1101,CUST_01102,2023-02-15,18,Male,Ankara,False,2023,2,1,2,Wednesday,February,False,2023-08-15,1746.6,4,117.6,0.06308336015448986,16.0,9.0,4.0,4.0,1,Sports,Credit Card,Desktop,436.65,0.06733081415321196,0.562,1
1102,CUST_01103,2023-08-31,60,Male,Istanbul,False,2023,8,3,3,Thursday,August,False,2024-02-29,296.56,4,0.0,0.0,15.0,8.0,2.0,7.0,1,Toys,Debit Card,Mobile,74.14,0.0,0.533,1
1103,CUST_01104,2023-04-16,33,Male,Istanbul,True,2023,4,2,6,Sunday,April,True,2023-10-16,4901.8,5,0.0,0.0,12.0,9.0,4.0,7.0,1,Electronics,Credit Card,Mobile,980.36,0.0,0.75,1
1104,CUST_01105,2023-04-10,48,Female,Gaziantep,False,2023,4,2,0,Monday,April,False,2023-10-10,152.64,1,11.29,0.06887085951320684,17.0,9.0,5.0,8.0,1,Fashion,Credit Card,Desktop,152.64,0.07396488469601677,0.529,1
1105,CUST_01106,2023-03-27,22,Male,Bursa,True,2023,3,1,0,Monday,March,False,2023-09-27,65.33,3,4.93,0.07016794762311414,16.0,10.0,5.0,6.0,1,Food,Digital Wallet,Mobile,21.776666666666667,0.07546303382825655,0.625,1
1106,CUST_01107,2023-01-13,42,Male,Kayseri,False,2023,1,1,4,Friday,January,False,2023-07-13,776.61,5,91.29,0.10518492913930176,13.0,10.0,5.0,3.0,1,Food,Debit Card,Mobile,155.322,0.11754934909413992,0.769,1
1107,CUST_01108,2023-04-09,22,Female,Istanbul,True,2023,4,2,6,Sunday,April,True,2023-10-09,530.64,5,23.71,0.04277081266347975,19.0,5.0,4.0,6.0,1,Fashion,Digital Wallet,Desktop,106.128,0.04468189356249058,0.263,0
1108,CUST_01109,2023-04-05,27,Male,Istanbul,False,2023,4,2,2,Wednesday,April,False,2023-10-05,491.28,3,0.0,0.0,17.0,9.0,5.0,3.0,1,Toys,Credit Card,Desktop,163.76,0.0,0.529,0
1109,CUST_01110,2023-05-23,57,Female,Istanbul,True,2023,5,2,1,Tuesday,May,False,2023-11-23,2040.93,3,0.0,0.0,18.0,8.0,5.0,1.0,1,Home & Garden,Credit Card,Mobile,680.3100000000001,0.0,0.444,0
1110,CUST_01111,2023-01-14,32,Female,Izmir,False,2023,1,1,5,Saturday,January,True,2023-07-14,113.84,4,0.0,0.0,14.0,10.0,4.0,2.0,1,Books,Digital Wallet,Mobile,28.46,0.0,0.714,1
1111,CUST_01112,2023-01-25,37,Male,Eskisehir,True,2023,1,1,2,Wednesday,January,False,2023-07-25,960.76,4,0.0,0.0,13.0,10.0,3.0,7.0,1,Sports,Digital Wallet,Mobile,240.19,0.0,0.769,0
1112,CUST_01113,2023-03-13,45,Female,Antalya,False,2023,3,1,0,Monday,March,False,2023-09-13,813.59,2,224.45,0.21622480829255133,11.0,11.0,5.0,7.0,1,Sports,Credit Card,Desktop,406.795,0.27587605550707356,1.0,0
1113,CUST_01114,2023-01-06,40,Male,Ankara,False,2023,1,1,4,Friday,January,False,2023-07-06,825.87,3,0.0,0.0,18.0,11.0,5.0,4.0,1,Beauty,Bank Transfer,Mobile,275.29,0.0,0.611,0
1114,CUST_01115,2023-04-04,36,Female,Konya,True,2023,4,2,1,Tuesday,April,False,2023-10-04,180.62,1,19.73,0.09847766408784628,15.0,10.0,4.0,11.0,1,Fashion,Credit Card,Mobile,180.62,0.10923485771232422,0.667,1
1115,CUST_01116,2023-02-01,39,Male,Gaziantep,True,2023,2,1,2,Wednesday,February,False,2023-08-01,445.29,1,0.0,0.0,15.0,8.0,3.0,7.0,1,Sports,Debit Card,Desktop,445.29,0.0,0.533,1
1116,CUST_01117,2023-06-02,63,Male,Istanbul,False,2023,6,2,4,Friday,June,False,2023-12-02,481.64,4,0.0,0.0,14.0,10.0,1.0,8.0,1,Food,Credit Card,Tablet,120.41,0.0,0.714,0
1117,CUST_01118,2023-01-17,34,Female,Gaziantep,True,2023,1,1,1,Tuesday,January,False,2023-07-17,237.4,2,0.0,0.0,14.0,6.0,3.0,2.0,1,Beauty,Debit Card,Mobile,118.7,0.0,0.429,0
1118,CUST_01119,2023-02-21,37,Female,Ankara,False,2023,2,1,1,Tuesday,February,False,2023-08-21,698.72,1,38.2,0.05183737719155404,42.0,8.0,4.0,6.0,1,Home & Garden,Debit Card,Mobile,698.72,0.05467139912983742,0.19,0
1119,CUST_01120,2023-03-02,47,Other,Istanbul,False,2023,3,1,3,Thursday,March,False,2023-09-02,503.97,3,0.0,0.0,16.0,9.0,5.0,9.0,1,Food,Credit Card,Tablet,167.99,0.0,0.562,1
1120,CUST_01121,2023-04-10,48,Female,Istanbul,True,2023,4,2,0,Monday,April,False,2023-10-10,801.75,3,0.0,0.0,7.0,5.0,4.0,8.0,1,Toys,Credit Card,Mobile,267.25,0.0,0.714,1
1121,CUST_01122,2023-06-01,49,Male,Izmir,False,2023,6,2,3,Thursday,June,False,2023-12-01,525.58,1,0.0,0.0,3.0,6.0,1.0,4.0,1,Fashion,Bank Transfer,Mobile,525.58,0.0,2.0,0
1122,CUST_01123,2023-01-17,42,Male,Izmir,True,2023,1,1,1,Tuesday,January,False,2023-07-17,535.04,4,0.0,0.0,16.0,8.0,2.0,7.0,1,Fashion,Debit Card,Desktop,133.76,0.0,0.5,0
1123,CUST_01124,2023-03-15,21,Male,Ankara,False,2023,3,1,2,Wednesday,March,False,2023-09-15,2724.03,3,0.0,0.0,15.0,8.0,4.0,16.0,1,Electronics,Debit Card,Desktop,908.0100000000001,0.0,0.533,1
1124,CUST_01125,2023-04-02,54,Male,Istanbul,True,2023,4,2,6,Sunday,April,True,2023-10-02,66.4,1,0.0,0.0,13.0,11.0,1.0,6.0,1,Beauty,Debit Card,Mobile,66.4,0.0,0.846,0
1125,CUST_01126,2023-02-13,21,Male,Adana,False,2023,2,1,0,Monday,February,False,2023-08-13,72.13,2,11.91,0.1417182294145645,19.0,6.0,3.0,12.0,1,Beauty,Cash on Delivery,Tablet,36.065,0.16511853597670872,0.316,1
1126,CUST_01127,2023-01-08,38,Female,Eskisehir,False,2023,1,1,6,Sunday,January,True,2023-07-08,536.13,1,0.0,0.0,12.0,9.0,4.0,5.0,1,Sports,Credit Card,Desktop,536.13,0.0,0.75,1
1127,CUST_01128,2023-05-02,25,Male,Adana,False,2023,5,2,1,Tuesday,May,False,2023-11-02,930.86,2,172.6,0.15641708806843926,13.0,6.0,4.0,12.0,1,Fashion,Debit Card,Mobile,465.43,0.18541993425434544,0.462,1
1128,CUST_01129,2023-01-06,34,Male,Ankara,True,2023,1,1,4,Friday,January,False,2023-07-06,1559.2,2,0.0,0.0,16.0,5.0,3.0,4.0,1,Home & Garden,Credit Card,Tablet,779.6,0.0,0.312,1
1129,CUST_01130,2023-01-18,38,Male,Istanbul,True,2023,1,1,2,Wednesday,January,False,2023-07-18,2800.9,5,0.0,0.0,13.0,6.0,5.0,6.0,1,Home & Garden,Credit Card,Mobile,560.1800000000001,0.0,0.462,1
1130,CUST_01131,2023-03-11,38,Female,Istanbul,False,2023,3,1,5,Saturday,March,True,2023-09-11,2672.04,2,0.0,0.0,17.0,10.0,4.0,3.0,1,Electronics,Debit Card,Desktop,1336.02,0.0,0.588,1
1131,CUST_01132,2023-01-24,40,Female,Istanbul,False,2023,1,1,1,Tuesday,January,False,2023-07-24,484.43,1,0.0,0.0,24.0,6.0,3.0,4.0,1,Home & Garden,Debit Card,Mobile,484.43,0.0,0.25,1
1132,CUST_01133,2023-01-28,54,Female,Bursa,True,2023,1,1,5,Saturday,January,True,2023-07-28,387.08,4,0.0,0.0,4.0,8.0,4.0,7.0,1,Toys,Debit Card,Mobile,96.77,0.0,2.0,1
1133,CUST_01134,2023-02-24,40,Male,Bursa,True,2023,2,1,4,Friday,February,False,2023-08-24,51.45,1,12.85,0.19984447900466562,16.0,7.0,1.0,3.0,1,Food,Debit Card,Mobile,51.45,0.24975704567541301,0.437,0
1134,CUST_01135,2023-04-26,32,Female,Adana,True,2023,4,2,2,Wednesday,April,False,2023-10-26,533.96,2,0.0,0.0,14.0,7.0,3.0,8.0,1,Fashion,Bank Transfer,Mobile,266.98,0.0,0.5,1
1135,CUST_01136,2023-01-28,46,Male,Antalya,True,2023,1,1,5,Saturday,January,True,2023-07-28,345.93,1,80.38,0.1885482395439938,19.0,9.0,4.0,3.0,1,Sports,Credit Card,Mobile,345.93,0.2323591478044691,0.474,1
1136,CUST_01137,2023-03-06,49,Female,Ankara,True,2023,3,1,0,Monday,March,False,2023-09-06,2592.98,1,0.0,0.0,7.0,6.0,4.0,5.0,1,Electronics,Debit Card,Mobile,2592.98,0.0,0.857,0
1137,CUST_01138,2023-01-07,20,Female,Ankara,True,2023,1,1,5,Saturday,January,True,2023-07-07,6522.24,5,1053.36,0.13904641216537303,16.0,6.0,3.0,5.0,1,Home & Garden,Digital Wallet,Mobile,1304.4479999999999,0.16150279658522224,0.375,0
1138,CUST_01139,2023-03-16,42,Male,Antalya,False,2023,3,1,3,Thursday,March,False,2023-09-16,539.08,4,0.0,0.0,13.0,7.0,4.0,18.0,1,Toys,Credit Card,Desktop,134.77,0.0,0.538,1
1139,CUST_01140,2023-09-23,43,Female,Ankara,True,2023,9,3,5,Saturday,September,True,2024-03-23,2745.43,3,186.53,0.06361955824772507,13.0,8.0,4.0,3.0,1,Electronics,Credit Card,Mobile,915.1433333333333,0.06794199815693718,0.615,1
1140,CUST_01141,2023-05-04,31,Female,Istanbul,False,2023,5,2,3,Thursday,May,False,2023-11-04,55.24,2,0.0,0.0,14.0,10.0,1.0,10.0,1,Beauty,Credit Card,Mobile,27.62,0.0,0.714,1
1141,CUST_01142,2023-02-22,51,Male,Ankara,True,2023,2,1,2,Wednesday,February,False,2023-08-22,3798.56,4,0.0,0.0,1.0,11.0,3.0,7.0,1,Home & Garden,Credit Card,Mobile,949.64,0.0,11.0,1
1142,CUST_01143,2023-01-15,33,Female,Ankara,False,2023,1,1,6,Sunday,January,True,2023-07-15,164.77,1,0.0,0.0,15.0,6.0,3.0,6.0,1,Toys,Cash on Delivery,Tablet,164.77,0.0,0.4,0
1143,CUST_01144,2023-01-07,36,Male,Istanbul,True,2023,1,1,5,Saturday,January,True,2023-07-07,109.93,1,0.0,0.0,48.0,10.0,5.0,6.0,1,Books,Bank Transfer,Mobile,109.93,0.0,0.208,1
1144,CUST_01145,2023-01-10,32,Male,Gaziantep,False,2023,1,1,1,Tuesday,January,False,2023-07-10,187.38,2,31.68,0.14461791290057519,20.0,9.0,4.0,3.0,1,Fashion,Debit Card,Desktop,93.69,0.16906820365033623,0.45,1
1145,CUST_01146,2023-03-10,35,Male,Konya,False,2023,3,1,4,Friday,March,False,2023-09-10,76.53,3,0.0,0.0,16.0,11.0,3.0,5.0,1,Books,Credit Card,Mobile,25.51,0.0,0.687,1
1146,CUST_01147,2023-01-16,21,Male,Istanbul,True,2023,1,1,0,Monday,January,False,2023-07-16,656.8,3,91.4,0.12215985030740444,17.0,9.0,5.0,4.0,1,Sports,Bank Transfer,Desktop,218.9333333333333,0.13915956151035325,0.529,1
1147,CUST_01148,2023-09-03,18,Female,Istanbul,False,2023,9,3,6,Sunday,September,True,2024-03-03,33.34,1,6.55,0.1642015542742542,4.0,16.0,5.0,6.0,1,Books,Digital Wallet,Mobile,33.34,0.19646070785842829,4.0,1
1148,CUST_01149,2023-08-14,54,Male,Adana,True,2023,8,3,0,Monday,August,False,2024-02-14,376.73,1,0.0,0.0,20.0,9.0,5.0,6.0,1,Sports,Debit Card,Desktop,376.73,0.0,0.45,1
1149,CUST_01150,2023-01-27,24,Female,Istanbul,True,2023,1,1,4,Friday,January,False,2023-07-27,1018.05,4,215.35,0.17459867034214366,13.0,12.0,5.0,8.0,1,Sports,Digital Wallet,Mobile,254.5125,0.21153185010559403,0.923,1
1150,CUST_01151,2023-03-17,23,Male,Ankara,True,2023,3,1,4,Friday,March,False,2023-09-17,788.04,2,0.0,0.0,16.0,10.0,5.0,2.0,1,Fashion,Digital Wallet,Desktop,394.02,0.0,0.625,1
1151,CUST_01152,2023-01-27,18,Female,Istanbul,False,2023,1,1,4,Friday,January,False,2023-07-27,73.45,1,0.0,0.0,7.0,7.0,5.0,5.0,1,Food,Debit Card,Mobile,73.45,0.0,1.0,1
1152,CUST_01153,2023-03-19,27,Female,Istanbul,True,2023,3,1,6,Sunday,March,True,2023-09-19,65.31,1,0.0,0.0,12.0,10.0,5.0,8.0,1,Food,Credit Card,Mobile,65.31,0.0,0.833,0
1153,CUST_01154,2023-01-05,19,Female,Gaziantep,True,2023,1,1,3,Thursday,January,False,2023-07-05,90.97,2,9.91,0.09823552735923871,10.0,8.0,4.0,2.0,1,Toys,Bank Transfer,Desktop,45.485,0.10893701220182478,0.8,1
1154,CUST_01155,2023-01-18,54,Male,Gaziantep,True,2023,1,1,2,Wednesday,January,False,2023-07-18,440.05,5,0.0,0.0,12.5,8.5,1.5,7.0,2,Food,Debit Card,Mobile,88.01,0.0,0.68,0
1155,CUST_01156,2023-02-28,47,Male,Istanbul,False,2023,2,1,1,Tuesday,February,False,2023-08-28,44.28,1,17.14,0.27906219472484534,19.0,9.0,4.0,6.0,1,Food,Credit Card,Desktop,44.28,0.38708220415537486,0.474,0
1156,CUST_01157,2023-01-19,26,Male,Ankara,False,2023,1,1,3,Thursday,January,False,2023-07-19,279.21,3,0.0,0.0,14.0,6.0,5.0,1.0,1,Toys,Credit Card,Desktop,93.07,0.0,0.429,1
1157,CUST_01158,2023-02-03,62,Female,Istanbul,True,2023,2,1,4,Friday,February,False,2023-08-03,692.89,1,0.0,0.0,36.0,8.0,4.0,5.0,1,Fashion,Bank Transfer,Mobile,692.89,0.0,0.222,0
1158,CUST_01159,2023-07-25,46,Female,Istanbul,False,2023,7,3,1,Tuesday,July,False,2024-01-25,974.71,1,64.28,0.06186777543575973,11.0,10.0,2.0,6.0,1,Home & Garden,Credit Card,Mobile,974.71,0.06594782037734301,0.909,1
1159,CUST_01160,2023-04-11,31,Male,Eskisehir,False,2023,4,2,1,Tuesday,April,False,2023-10-11,5279.52,3,0.0,0.0,15.0,11.0,5.0,7.0,1,Electronics,Cash on Delivery,Desktop,1759.8400000000001,0.0,0.733,1
1160,CUST_01161,2023-02-07,18,Male,Antalya,False,2023,2,1,1,Tuesday,February,False,2023-08-07,225.2,5,0.0,0.0,5.0,3.0,3.0,7.0,1,Fashion,Debit Card,Mobile,45.04,0.0,0.6,1
1161,CUST_01162,2023-08-09,62,Female,Bursa,True,2023,8,3,2,Wednesday,August,False,2024-02-09,385.4,4,0.0,0.0,16.0,8.0,3.0,6.0,1,Beauty,Debit Card,Desktop,96.35,0.0,0.5,1
1162,CUST_01163,2023-05-30,18,Male,Adana,False,2023,5,2,1,Tuesday,May,False,2023-11-30,2133.97,2,158.71,0.06922466283999512,13.0,7.0,2.0,6.0,1,Sports,Digital Wallet,Desktop,1066.985,0.07437311677296309,0.538,1
1163,CUST_01164,2023-04-04,18,Female,Gaziantep,False,2023,4,2,1,Tuesday,April,False,2023-10-04,246.36,4,0.0,0.0,12.0,8.0,3.0,2.0,1,Fashion,Cash on Delivery,Tablet,61.59,0.0,0.667,1
1164,CUST_01165,2023-01-28,47,Female,Gaziantep,False,2023,1,1,5,Saturday,January,True,2023-07-28,45.81,1,0.0,0.0,19.0,8.0,5.0,5.0,1,Food,Credit Card,Mobile,45.81,0.0,0.421,0
1165,CUST_01166,2023-03-19,64,Female,Istanbul,True,2023,3,1,6,Sunday,March,True,2023-09-19,1141.96,1,0.0,0.0,14.0,19.0,5.0,6.0,1,Home & Garden,Credit Card,Desktop,1141.96,0.0,1.357,0
1166,CUST_01167,2023-03-18,51,Male,Istanbul,True,2023,3,1,5,Saturday,March,True,2023-09-18,242.45,5,0.0,0.0,30.0,10.0,3.0,4.0,1,Beauty,Credit Card,Desktop,48.489999999999995,0.0,0.333,1
1167,CUST_01168,2023-06-01,41,Male,Antalya,True,2023,6,2,3,Thursday,June,False,2023-12-01,238.36,1,20.58,0.07947787132154166,14.0,12.0,3.0,2.0,1,Fashion,Digital Wallet,Mobile,238.36,0.0863399899311965,0.857,0
1168,CUST_01169,2023-03-05,42,Female,Ankara,True,2023,3,1,6,Sunday,March,True,2023-09-05,117.98,5,22.37,0.15938724617028857,17.0,10.0,4.0,4.0,1,Books,Bank Transfer,Mobile,23.596,0.18960840820478048,0.588,1
1169,CUST_01170,2023-01-15,45,Female,Eskisehir,False,2023,1,1,6,Sunday,January,True,2023-07-15,1500.49,2,206.43,0.12093712652028214,12.0,9.0,4.0,9.0,1,Electronics,Credit Card,Desktop,750.245,0.13757505881412072,0.75,1
1170,CUST_01171,2023-02-13,44,Male,Antalya,False,2023,2,1,0,Monday,February,False,2023-08-13,123.31,1,45.31,0.26871071047325346,16.0,13.0,4.0,10.0,1,Fashion,Debit Card,Desktop,123.31,0.3674478955478064,0.812,0
1171,CUST_01172,2023-04-14,38,Male,Kayseri,False,2023,4,2,4,Friday,April,False,2023-10-14,318.4,4,0.0,0.0,12.0,11.0,1.0,13.0,1,Beauty,Digital Wallet,Mobile,79.6,0.0,0.917,1
1172,CUST_01173,2023-03-02,36,Female,Istanbul,True,2023,3,1,3,Thursday,March,False,2023-09-02,15.7,1,0.0,0.0,27.0,5.0,2.0,3.0,1,Toys,Debit Card,Mobile,15.7,0.0,0.185,0
1173,CUST_01174,2023-10-08,34,Female,Konya,True,2023,10,4,6,Sunday,October,True,2024-04-08,577.84,4,0.0,0.0,14.0,9.0,4.0,23.0,1,Food,Credit Card,Mobile,144.46,0.0,0.643,1
1174,CUST_01175,2023-07-04,25,Female,Ankara,False,2023,7,3,1,Tuesday,July,False,2024-01-04,2439.96,4,0.0,0.0,14.0,8.0,5.0,7.0,1,Sports,Bank Transfer,Mobile,609.99,0.0,0.571,0
1175,CUST_01176,2023-01-21,31,Other,Eskisehir,True,2023,1,1,5,Saturday,January,True,2023-07-21,879.57,5,119.98,0.1200340153068881,15.0,10.0,4.0,10.0,1,Food,Credit Card,Mobile,175.91400000000002,0.1364075627863615,0.667,0
1176,CUST_01177,2023-07-05,18,Male,Istanbul,False,2023,7,3,2,Wednesday,July,False,2024-01-05,2943.3,3,0.0,0.0,18.0,6.0,2.0,5.0,1,Home & Garden,Digital Wallet,Mobile,981.1,0.0,0.333,1
1177,CUST_01178,2023-10-16,33,Male,Izmir,False,2023,10,4,0,Monday,October,False,2024-04-16,780.02,1,0.0,0.0,14.0,10.0,2.0,3.0,1,Home & Garden,Credit Card,Tablet,780.02,0.0,0.714,1
1178,CUST_01179,2023-05-27,23,Female,Gaziantep,True,2023,5,2,5,Saturday,May,True,2023-11-27,688.77,3,0.0,0.0,13.0,12.0,5.0,5.0,1,Toys,Credit Card,Desktop,229.59,0.0,0.923,0
1179,CUST_01180,2023-05-15,21,Female,Izmir,True,2023,5,2,0,Monday,May,False,2023-11-15,508.99,3,30.89,0.05721641846336223,14.0,8.0,5.0,5.0,1,Toys,Credit Card,Desktop,169.66333333333333,0.060688815104422485,0.571,0
1180,CUST_01181,2023-03-07,37,Male,Izmir,True,2023,3,1,1,Tuesday,March,False,2023-09-07,493.6,2,0.0,0.0,20.0,9.0,5.0,5.0,1,Sports,Digital Wallet,Mobile,246.8,0.0,0.45,1
1181,CUST_01182,2023-01-22,51,Male,Eskisehir,True,2023,1,1,6,Sunday,January,True,2023-07-22,492.27,3,0.0,0.0,13.0,6.0,4.0,7.0,1,Beauty,Bank Transfer,Desktop,164.09,0.0,0.462,0
1182,CUST_01183,2023-03-14,46,Female,Izmir,True,2023,3,1,1,Tuesday,March,False,2023-09-14,903.82,4,108.74,0.10739116694319349,9.0,9.0,4.0,5.0,1,Sports,Bank Transfer,Desktop,225.955,0.12031156646234868,1.0,1
1183,CUST_01184,2023-03-20,18,Male,Bursa,True,2023,3,1,0,Monday,March,False,2023-09-20,921.03,1,0.0,0.0,12.0,8.0,4.0,5.0,1,Home & Garden,Credit Card,Tablet,921.03,0.0,0.667,1
1184,CUST_01185,2023-08-19,23,Male,Istanbul,True,2023,8,3,5,Saturday,August,True,2024-02-19,1035.52,1,0.0,0.0,8.0,10.0,5.0,7.0,1,Sports,Debit Card,Mobile,1035.52,0.0,1.25,0
1185,CUST_01186,2023-01-20,46,Female,Gaziantep,False,2023,1,1,4,Friday,January,False,2023-07-20,2732.32,4,0.0,0.0,11.0,5.0,3.0,9.0,1,Home & Garden,Credit Card,Desktop,683.08,0.0,0.455,1
1186,CUST_01187,2023-02-01,23,Female,Antalya,True,2023,2,1,2,Wednesday,February,False,2023-08-01,1768.04,4,190.04,0.09705425723157379,18.0,9.0,3.0,9.0,1,Fashion,Cash on Delivery,Mobile,442.01,0.10748625596705956,0.5,0
1187,CUST_01188,2023-03-22,32,Female,Izmir,False,2023,3,1,2,Wednesday,March,False,2023-09-22,1651.48,4,0.0,0.0,14.0,10.0,4.0,8.0,1,Fashion,Debit Card,Mobile,412.87,0.0,0.714,0
1188,CUST_01189,2023-04-01,41,Male,Istanbul,False,2023,4,2,5,Saturday,April,True,2023-10-01,686.21,1,0.0,0.0,16.0,8.0,1.0,9.0,1,Sports,Digital Wallet,Mobile,686.21,0.0,0.5,1
1189,CUST_01190,2023-02-14,23,Female,Bursa,True,2023,2,1,1,Tuesday,February,False,2023-08-14,694.97,2,80.65,0.10398133106418092,17.0,9.0,5.0,14.0,1,Fashion,Debit Card,Mobile,347.485,0.11604817474135574,0.529,0
1190,CUST_01191,2023-02-11,36,Female,Istanbul,False,2023,2,1,5,Saturday,February,True,2023-08-11,277.02,3,0.0,0.0,12.0,11.0,5.0,2.0,1,Food,Debit Card,Mobile,92.33999999999999,0.0,0.917,1
1191,CUST_01192,2023-01-20,18,Female,Istanbul,True,2023,1,1,4,Friday,January,False,2023-07-20,3158.48,5,850.37,0.21212317746984796,13.0,12.0,4.0,8.0,1,Electronics,Credit Card,Mobile,631.696,0.26923393531065576,0.923,0
1192,CUST_01193,2023-03-06,27,Female,Bursa,True,2023,3,1,0,Monday,March,False,2023-09-06,2734.1,5,0.0,0.0,13.0,8.0,4.0,3.0,1,Electronics,Digital Wallet,Desktop,546.8199999999999,0.0,0.615,1
1193,CUST_01194,2023-01-31,38,Male,Istanbul,True,2023,1,1,1,Tuesday,January,False,2023-07-31,137.92,1,49.94,0.2658362610454594,17.0,12.0,5.0,5.0,1,Beauty,Bank Transfer,Desktop,137.92,0.3620939675174014,0.706,0
1194,CUST_01195,2023-01-20,18,Male,Istanbul,True,2023,1,1,4,Friday,January,False,2023-07-20,121.03,1,0.0,0.0,17.0,10.0,5.0,5.0,1,Sports,Credit Card,Tablet,121.03,0.0,0.588,0
1195,CUST_01196,2024-01-14,40,Male,Antalya,True,2024,1,1,6,Sunday,January,True,2024-07-14,651.88,4,0.0,0.0,11.0,10.0,5.0,10.0,1,Toys,Digital Wallet,Mobile,162.97,0.0,0.909,0
1196,CUST_01197,2023-02-20,34,Male,Istanbul,False,2023,2,1,0,Monday,February,False,2023-08-20,1227.09,4,83.59,0.06377605517746514,3.0,8.0,4.0,8.0,1,Fashion,Credit Card,Tablet,306.7725,0.06812051275782544,2.667,1
1197,CUST_01198,2023-01-25,41,Female,Ankara,True,2023,1,1,2,Wednesday,January,False,2023-07-25,49.61,1,12.99,0.20750798722044728,12.0,12.0,1.0,3.0,1,Food,Digital Wallet,Mobile,49.61,0.2618423704898206,1.0,1
1198,CUST_01199,2023-03-08,37,Female,Istanbul,True,2023,3,1,2,Wednesday,March,False,2023-09-08,1754.56,1,0.0,0.0,12.0,9.0,1.0,6.0,1,Electronics,Digital Wallet,Mobile,1754.56,0.0,0.75,0
1199,CUST_01200,2023-11-17,51,Female,Bursa,True,2023,11,4,4,Friday,November,False,2024-05-17,6321.3,5,121.05,0.01878972735104426,8.0,7.0,5.0,4.0,1,Electronics,Digital Wallet,Mobile,1264.26,0.01914954202458355,0.875,0
1200,CUST_01201,2023-04-19,36,Female,Antalya,False,2023,4,2,2,Wednesday,April,False,2023-10-19,68.13,1,7.88,0.10367056966188659,6.0,11.0,2.0,8.0,1,Beauty,Debit Card,Mobile,68.13,0.11566123587259651,1.833,0
1201,CUST_01202,2023-05-16,29,Male,Adana,True,2023,5,2,1,Tuesday,May,False,2023-11-16,1209.77,4,93.15,0.07149326129002548,8.0,8.0,5.0,6.0,1,Fashion,Debit Card,Mobile,302.4425,0.07699810707820495,1.0,0
1202,CUST_01203,2023-04-12,36,Male,Ankara,True,2023,4,2,2,Wednesday,April,False,2023-10-12,1384.2,1,0.0,0.0,17.0,11.0,4.0,12.0,1,Electronics,Digital Wallet,Mobile,1384.2,0.0,0.647,0
1203,CUST_01204,2023-01-09,41,Male,Istanbul,True,2023,1,1,0,Monday,January,False,2023-07-09,286.34,2,0.0,0.0,13.0,11.0,5.0,5.0,1,Fashion,Credit Card,Desktop,143.17,0.0,0.846,0
1204,CUST_01205,2023-03-22,35,Male,Istanbul,True,2023,3,1,2,Wednesday,March,False,2023-09-22,41.33,1,9.5,0.1868975014755066,9.0,10.0,5.0,12.0,1,Books,Debit Card,Desktop,41.33,0.22985724655214132,1.111,1
1205,CUST_01206,2023-03-28,35,Male,Izmir,False,2023,3,1,1,Tuesday,March,False,2023-09-28,1504.84,2,0.0,0.0,13.0,13.0,5.0,3.0,1,Home & Garden,Bank Transfer,Mobile,752.42,0.0,1.0,1
1206,CUST_01207,2023-03-30,26,Female,Kayseri,True,2023,3,1,3,Thursday,March,False,2023-09-30,886.97,1,0.0,0.0,15.0,11.0,1.0,10.0,1,Home & Garden,Credit Card,Mobile,886.97,0.0,0.733,0
1207,CUST_01208,2023-02-22,27,Other,Istanbul,False,2023,2,1,2,Wednesday,February,False,2023-08-22,4579.5,5,0.0,0.0,14.0,9.0,2.0,4.0,1,Sports,Credit Card,Mobile,915.9,0.0,0.643,1
1208,CUST_01209,2023-02-08,18,Male,Ankara,True,2023,2,1,2,Wednesday,February,False,2023-08-08,145.47,1,0.0,0.0,10.0,15.0,4.0,7.0,1,Toys,Cash on Delivery,Tablet,145.47,0.0,1.5,0
1209,CUST_01210,2023-03-22,55,Male,Istanbul,True,2023,3,1,2,Wednesday,March,False,2023-09-22,278.76,4,0.0,0.0,9.0,11.0,4.0,3.0,1,Beauty,Credit Card,Desktop,69.69,0.0,1.222,1
1210,CUST_01211,2023-01-02,20,Female,Bursa,True,2023,1,1,0,Monday,January,False,2023-07-02,593.64,3,0.0,0.0,9.0,9.0,5.0,3.0,1,Sports,Credit Card,Mobile,197.88,0.0,1.0,1
1211,CUST_01212,2023-02-06,26,Male,Antalya,False,2023,2,1,0,Monday,February,False,2023-08-06,58.77,1,0.0,0.0,18.0,9.0,4.0,8.0,1,Beauty,Digital Wallet,Desktop,58.77,0.0,0.5,1
1212,CUST_01213,2023-07-13,26,Female,Antalya,True,2023,7,3,3,Thursday,July,False,2024-01-13,47.41,1,0.0,0.0,15.0,8.0,5.0,12.0,1,Toys,Credit Card,Desktop,47.41,0.0,0.533,0
1213,CUST_01214,2023-04-21,45,Female,Konya,True,2023,4,2,4,Friday,April,False,2023-10-21,1592.54,2,0.0,0.0,11.0,9.0,3.0,8.0,1,Home & Garden,Debit Card,Mobile,796.27,0.0,0.818,0
1214,CUST_01215,2023-05-22,31,Female,Izmir,True,2023,5,2,0,Monday,May,False,2023-11-22,115.7,5,0.0,0.0,11.0,11.0,5.0,18.0,1,Books,Bank Transfer,Mobile,23.14,0.0,1.0,1
1215,CUST_01216,2023-06-22,49,Male,Istanbul,False,2023,6,2,3,Thursday,June,False,2023-12-22,331.56,1,0.0,0.0,13.0,8.0,3.0,13.0,1,Sports,Digital Wallet,Desktop,331.56,0.0,0.615,0
1216,CUST_01217,2023-05-30,26,Female,Ankara,True,2023,5,2,1,Tuesday,May,False,2023-11-30,2258.38,2,0.0,0.0,2.0,13.0,4.0,10.0,1,Electronics,Debit Card,Desktop,1129.19,0.0,6.5,1
1217,CUST_01218,2023-01-13,38,Male,Antalya,False,2023,1,1,4,Friday,January,False,2023-07-13,474.75,5,0.0,0.0,14.0,8.0,2.0,4.0,1,Food,Bank Transfer,Tablet,94.95,0.0,0.571,0
1218,CUST_01219,2023-03-14,24,Female,Bursa,True,2023,3,1,1,Tuesday,March,False,2023-09-14,56.33,1,0.0,0.0,13.0,9.0,5.0,7.0,1,Food,Digital Wallet,Tablet,56.33,0.0,0.692,1
1219,CUST_01220,2023-04-08,60,Male,Bursa,True,2023,4,2,5,Saturday,April,True,2023-10-08,1463.46,3,0.0,0.0,12.0,11.0,5.0,5.0,1,Sports,Credit Card,Tablet,487.82,0.0,0.917,1
1220,CUST_01221,2023-12-28,20,Male,Antalya,True,2023,12,4,3,Thursday,December,False,2024-06-28,26.15,1,0.0,0.0,25.0,7.0,2.0,5.0,1,Food,Credit Card,Desktop,26.15,0.0,0.28,0
1221,CUST_01222,2023-02-01,38,Female,Antalya,True,2023,2,1,2,Wednesday,February,False,2023-08-01,575.45,5,0.0,0.0,15.0,11.0,3.0,2.0,1,Food,Cash on Delivery,Tablet,115.09,0.0,0.733,1
1222,CUST_01223,2023-05-02,42,Female,Konya,True,2023,5,2,1,Tuesday,May,False,2023-11-02,143.97,5,17.25,0.13532343757282006,15.5,9.5,3.5,7.5,2,Food,Digital Wallet,Mobile,28.794,0.11981662846426339,0.613,0
1223,CUST_01224,2023-02-20,39,Female,Bursa,True,2023,2,1,0,Monday,February,False,2023-08-20,335.99,1,30.04,0.08206977570144525,20.0,5.0,3.0,4.0,1,Toys,Bank Transfer,Desktop,335.99,0.08940742283996547,0.25,0
1224,CUST_01225,2023-03-07,32,Female,Adana,False,2023,3,1,1,Tuesday,March,False,2023-09-07,432.81,3,0.0,0.0,12.0,6.0,5.0,12.0,1,Food,Digital Wallet,Desktop,144.27,0.0,0.5,0
1225,CUST_01226,2023-02-06,33,Female,Istanbul,True,2023,2,1,0,Monday,February,False,2023-08-06,200.68,4,0.0,0.0,6.0,10.0,4.0,3.0,1,Books,Credit Card,Mobile,50.17,0.0,1.667,0
1226,CUST_01227,2023-09-25,35,Male,Antalya,False,2023,9,3,0,Monday,September,False,2024-03-25,3583.32,4,0.0,0.0,14.0,5.0,4.0,6.0,1,Sports,Bank Transfer,Desktop,895.83,0.0,0.357,1
1227,CUST_01228,2023-04-30,33,Female,Konya,False,2023,4,2,6,Sunday,April,True,2023-10-30,408.98,2,63.06,0.1335903736971443,14.0,10.0,2.0,4.0,1,Toys,Credit Card,Mobile,204.49,0.15418846887378357,0.714,0
1228,CUST_01229,2023-02-23,46,Female,Ankara,False,2023,2,1,3,Thursday,February,False,2023-08-23,136.62,2,0.0,0.0,8.0,12.0,4.0,2.0,1,Books,Credit Card,Mobile,68.31,0.0,1.5,1
1229,CUST_01230,2023-01-27,61,Female,Adana,False,2023,1,1,4,Friday,January,False,2023-07-27,6239.88,4,0.0,0.0,11.0,7.0,4.0,10.0,1,Electronics,Bank Transfer,Tablet,1559.97,0.0,0.636,1
1230,CUST_01231,2023-02-09,28,Female,Adana,False,2023,2,1,3,Thursday,February,False,2023-08-09,2359.28,4,0.0,0.0,15.0,8.0,5.0,8.0,1,Sports,Credit Card,Mobile,589.82,0.0,0.533,0
1231,CUST_01232,2023-03-02,18,Male,Istanbul,True,2023,3,1,3,Thursday,March,False,2023-09-02,1104.84,4,0.0,0.0,12.0,10.0,2.0,5.0,1,Toys,Credit Card,Mobile,276.21,0.0,0.833,0
1232,CUST_01233,2023-02-12,33,Female,Bursa,False,2023,2,1,6,Sunday,February,True,2023-08-12,102.95,5,12.5,0.10827197921177999,17.0,11.0,4.0,10.0,1,Books,Debit Card,Mobile,20.59,0.12141816415735794,0.647,0
1233,CUST_01234,2023-01-17,65,Male,Istanbul,True,2023,1,1,1,Tuesday,January,False,2023-07-17,262.44,4,36.08,0.1208629237572022,11.0,4.0,3.0,8.0,1,Beauty,Debit Card,Desktop,65.61,0.13747904282883705,0.364,0
1234,CUST_01235,2023-01-14,25,Male,Eskisehir,True,2023,1,1,5,Saturday,January,True,2023-07-14,47.3,2,7.06,0.1298749080206034,17.0,10.0,3.0,7.0,1,Beauty,Bank Transfer,Desktop,23.65,0.1492600422832981,0.588,0
1235,CUST_01236,2023-03-17,54,Female,Gaziantep,False,2023,3,1,4,Friday,March,False,2023-09-17,493.78,5,119.62,0.19501141180306486,14.0,11.0,4.0,6.0,1,Beauty,Debit Card,Mobile,98.756,0.24225363522216373,0.786,1
1236,CUST_01237,2023-02-10,55,Male,Istanbul,False,2023,2,1,4,Friday,February,False,2023-08-10,679.28,4,0.0,0.0,13.0,8.0,3.0,10.0,1,Fashion,Credit Card,Mobile,169.82,0.0,0.615,1
1237,CUST_01238,2023-02-28,28,Female,Istanbul,True,2023,2,1,1,Tuesday,February,False,2023-08-28,268.05,3,0.0,0.0,15.0,7.0,5.0,7.0,1,Toys,Credit Card,Mobile,89.35000000000001,0.0,0.467,1
1238,CUST_01239,2023-01-10,41,Male,Bursa,False,2023,1,1,1,Tuesday,January,False,2023-07-10,48.05,1,0.0,0.0,17.0,7.0,2.0,8.0,1,Food,Credit Card,Mobile,48.05,0.0,0.412,1
1239,CUST_01240,2023-03-05,54,Male,Ankara,True,2023,3,1,6,Sunday,March,True,2023-09-05,285.81,5,49.54,0.14772625615029075,15.0,10.0,5.0,6.0,1,Food,Cash on Delivery,Mobile,57.162,0.17333193380217626,0.667,1
1240,CUST_01241,2023-05-24,30,Female,Istanbul,True,2023,5,2,2,Wednesday,May,False,2023-11-24,295.66,2,0.0,0.0,12.0,8.0,4.0,12.0,1,Beauty,Credit Card,Mobile,147.83,0.0,0.667,0
1241,CUST_01242,2023-02-04,32,Female,Bursa,True,2023,2,1,5,Saturday,February,True,2023-08-04,219.17,1,0.0,0.0,9.0,11.0,5.0,4.0,1,Sports,Digital Wallet,Desktop,219.17,0.0,1.222,1
1242,CUST_01243,2023-05-11,28,Female,Ankara,False,2023,5,2,3,Thursday,May,False,2023-11-11,556.16,4,0.0,0.0,16.0,11.0,4.0,3.0,1,Toys,Debit Card,Desktop,139.04,0.0,0.687,0
1243,CUST_01244,2023-09-23,22,Female,Istanbul,True,2023,9,3,5,Saturday,September,True,2024-03-23,1139.93,2,157.91,0.12167139246748444,15.0,13.0,5.0,5.0,1,Electronics,Bank Transfer,Mobile,569.965,0.13852604984516592,0.867,1
1244,CUST_01245,2023-02-24,27,Female,Gaziantep,True,2023,2,1,4,Friday,February,False,2023-08-24,689.7,3,0.0,0.0,20.0,7.0,4.0,4.0,1,Toys,Credit Card,Desktop,229.9,0.0,0.35,0
1245,CUST_01246,2023-02-06,20,Male,Kayseri,True,2023,2,1,0,Monday,February,False,2023-08-06,482.33,5,17.62,0.035243524352435246,17.0,8.0,4.0,1.0,1,Toys,Cash on Delivery,Desktop,96.466,0.03653100574295607,0.471,0
1246,CUST_01247,2023-01-25,35,Male,Adana,True,2023,1,1,2,Wednesday,January,False,2023-07-25,308.28,3,51.96,0.14423717521652232,11.0,12.0,4.0,9.0,1,Beauty,Digital Wallet,Mobile,102.75999999999999,0.1685480731802258,1.091,1
1247,CUST_01248,2023-01-25,25,Male,Gaziantep,True,2023,1,1,2,Wednesday,January,False,2023-07-25,65.36,2,0.0,0.0,11.0,9.0,5.0,13.0,1,Books,Credit Card,Mobile,32.68,0.0,0.818,1
1248,CUST_01249,2023-01-25,37,Female,Istanbul,True,2023,1,1,2,Wednesday,January,False,2023-07-25,879.66,1,0.0,0.0,16.0,12.0,5.0,6.0,1,Home & Garden,Debit Card,Mobile,879.66,0.0,0.75,1
1249,CUST_01250,2023-05-29,18,Female,Ankara,False,2023,5,2,0,Monday,May,False,2023-11-29,1478.96,2,235.42,0.13732078069039536,14.0,10.0,2.0,1.0,1,Fashion,Credit Card,Mobile,739.48,0.15917942337859034,0.714,0
1250,CUST_01251,2023-08-20,38,Male,Istanbul,True,2023,8,3,6,Sunday,August,True,2024-02-20,69.94,1,0.0,0.0,15.0,15.0,5.0,8.0,1,Beauty,Credit Card,Desktop,69.94,0.0,1.0,1
1251,CUST_01252,2023-03-15,45,Female,Adana,False,2023,3,1,2,Wednesday,March,False,2023-09-15,836.56,4,0.0,0.0,16.0,10.0,1.0,9.0,1,Toys,Credit Card,Mobile,209.14,0.0,0.625,1
1252,CUST_01253,2023-06-28,18,Female,Kayseri,True,2023,6,2,2,Wednesday,June,False,2023-12-28,60.67,1,0.0,0.0,13.0,6.0,1.0,7.0,1,Books,Debit Card,Mobile,60.67,0.0,0.462,0
1253,CUST_01254,2023-05-28,39,Male,Adana,True,2023,5,2,6,Sunday,May,True,2023-11-28,77.43,1,0.0,0.0,13.0,7.0,1.0,5.0,1,Fashion,Bank Transfer,Mobile,77.43,0.0,0.538,0
1254,CUST_01255,2023-04-16,49,Male,Konya,True,2023,4,2,6,Sunday,April,True,2023-10-16,371.28,3,20.16,0.05150214592274679,22.0,15.0,5.0,13.0,1,Beauty,Debit Card,Desktop,123.75999999999999,0.05429864253393665,0.682,1
1255,CUST_01256,2023-08-13,20,Female,Antalya,True,2023,8,3,6,Sunday,August,True,2024-02-13,425.12,2,0.0,0.0,12.0,19.0,4.0,7.0,1,Fashion,Debit Card,Desktop,212.56,0.0,1.583,1
1256,CUST_01257,2023-03-05,55,Female,Ankara,True,2023,3,1,6,Sunday,March,True,2023-09-05,209.6,2,0.0,0.0,21.0,5.0,4.0,11.0,1,Toys,Debit Card,Desktop,104.8,0.0,0.238,1
1257,CUST_01258,2023-08-28,40,Female,Izmir,True,2023,8,3,0,Monday,August,False,2024-02-28,697.11,1,0.0,0.0,11.0,6.0,4.0,19.0,1,Fashion,Credit Card,Tablet,697.11,0.0,0.545,1
1258,CUST_01259,2023-01-15,26,Male,Istanbul,True,2023,1,1,6,Sunday,January,True,2023-07-15,48.93,3,0.0,0.0,17.0,7.0,4.0,9.0,1,Books,Debit Card,Mobile,16.31,0.0,0.412,1
1259,CUST_01260,2023-06-05,34,Other,Istanbul,True,2023,6,2,0,Monday,June,False,2023-12-05,557.95,1,0.0,0.0,12.0,7.0,3.0,10.0,1,Sports,Digital Wallet,Mobile,557.95,0.0,0.583,1
1260,CUST_01261,2023-10-18,41,Male,Antalya,True,2023,10,4,2,Wednesday,October,False,2024-04-18,6403.75,5,0.0,0.0,10.0,5.0,2.0,4.0,1,Electronics,Digital Wallet,Mobile,1280.75,0.0,0.5,0
1261,CUST_01262,2023-05-02,35,Male,Izmir,False,2023,5,2,1,Tuesday,May,False,2023-11-02,6783.0,4,0.0,0.0,14.0,11.0,4.0,4.0,1,Electronics,Credit Card,Tablet,1695.75,0.0,0.786,0
1262,CUST_01263,2023-03-08,41,Other,Bursa,False,2023,3,1,2,Wednesday,March,False,2023-09-08,23.21,1,0.0,0.0,14.0,14.0,5.0,2.0,1,Beauty,Credit Card,Tablet,23.21,0.0,1.0,1
1263,CUST_01264,2023-05-05,23,Male,Bursa,False,2023,5,2,4,Friday,May,False,2023-11-05,890.43,4,81.89,0.08422124403488564,14.0,10.0,1.0,5.0,1,Fashion,Credit Card,Mobile,222.6075,0.09196680255606843,0.714,1
1264,CUST_01265,2023-01-07,37,Female,Ankara,True,2023,1,1,5,Saturday,January,True,2023-07-07,654.48,5,134.72,0.170704510897111,22.0,8.0,4.0,5.0,1,Home & Garden,Credit Card,Mobile,130.89600000000002,0.2058428065028725,0.364,0
1265,CUST_01266,2023-04-24,18,Male,Izmir,False,2023,4,2,0,Monday,April,False,2023-10-24,1354.12,5,173.23,0.11341866631747796,5.0,8.0,5.0,3.0,1,Sports,Credit Card,Mobile,270.82399999999996,0.12792810090686202,1.6,0
1266,CUST_01267,2023-06-04,33,Female,Izmir,False,2023,6,2,6,Sunday,June,True,2023-12-04,79.82,2,0.0,0.0,15.0,8.0,4.0,6.0,1,Food,Digital Wallet,Mobile,39.91,0.0,0.533,0
1267,CUST_01268,2023-01-05,24,Female,Ankara,False,2023,1,1,3,Thursday,January,False,2023-07-05,1344.91,3,94.64,0.06574276683685873,12.0,11.0,5.0,3.0,1,Sports,Credit Card,Desktop,448.30333333333334,0.07036902097538125,0.917,1
1268,CUST_01269,2023-01-11,26,Male,Gaziantep,False,2023,1,1,2,Wednesday,January,False,2023-07-11,492.24,2,67.68,0.12087441063009004,19.0,11.0,5.0,11.0,1,Fashion,Credit Card,Desktop,246.12,0.13749390541199416,0.579,0
1269,CUST_01270,2023-01-14,49,Female,Izmir,True,2023,1,1,5,Saturday,January,True,2023-07-14,231.5,4,19.02,0.07592208206929586,15.0,10.0,4.0,8.0,1,Books,Digital Wallet,Mobile,57.875,0.0821598272138229,0.667,1
1270,CUST_01271,2023-05-30,48,Male,Bursa,False,2023,5,2,1,Tuesday,May,False,2023-11-30,785.86,1,0.0,0.0,13.0,9.0,4.0,4.0,1,Home & Garden,Bank Transfer,Mobile,785.86,0.0,0.692,0
1271,CUST_01272,2023-03-02,42,Female,Konya,True,2023,3,1,3,Thursday,March,False,2023-09-02,1670.66,2,0.0,0.0,14.0,13.0,1.0,12.0,1,Sports,Credit Card,Mobile,835.33,0.0,0.929,0
1272,CUST_01273,2023-06-15,21,Male,Konya,True,2023,6,2,3,Thursday,June,False,2023-12-15,36.43,1,7.54,0.1714805549238117,11.0,11.0,5.0,3.0,1,Food,Credit Card,Tablet,36.43,0.2069722755970354,1.0,0
1273,CUST_01274,2023-01-31,31,Male,Konya,False,2023,1,1,1,Tuesday,January,False,2023-07-31,118.47,1,16.73,0.12374260355029587,18.0,8.0,3.0,10.0,1,Toys,Credit Card,Tablet,118.47,0.1412171857854309,0.444,0
1274,CUST_01275,2023-05-09,49,Male,Ankara,True,2023,5,2,1,Tuesday,May,False,2023-11-09,268.35,5,0.0,0.0,33.0,7.0,4.0,12.0,1,Food,Digital Wallet,Desktop,53.67,0.0,0.212,0
1275,CUST_01276,2023-01-14,36,Male,Istanbul,True,2023,1,1,5,Saturday,January,True,2023-07-14,47.45,1,0.0,0.0,38.0,5.0,4.0,4.0,1,Books,Credit Card,Desktop,47.45,0.0,0.132,1
1276,CUST_01277,2023-01-08,62,Female,Ankara,True,2023,1,1,6,Sunday,January,True,2023-07-08,1052.0,2,0.0,0.0,14.0,9.0,5.0,5.0,1,Electronics,Digital Wallet,Desktop,526.0,0.0,0.643,0
1277,CUST_01278,2023-03-09,39,Male,Ankara,True,2023,3,1,3,Thursday,March,False,2023-09-09,1744.57,1,154.05,0.08113787909112936,11.0,10.0,3.0,9.0,1,Electronics,Cash on Delivery,Desktop,1744.57,0.08830256166275931,0.909,1
1278,CUST_01279,2023-02-11,37,Male,Konya,True,2023,2,1,5,Saturday,February,True,2023-08-11,360.69,3,0.0,0.0,16.0,9.0,4.0,13.0,1,Sports,Credit Card,Mobile,120.23,0.0,0.562,1
1279,CUST_01280,2023-01-03,31,Male,Antalya,False,2023,1,1,1,Tuesday,January,False,2023-07-03,1613.04,2,0.0,0.0,15.0,13.0,5.0,4.0,1,Sports,Credit Card,Mobile,806.52,0.0,0.867,0
1280,CUST_01281,2023-01-04,36,Male,Istanbul,True,2023,1,1,2,Wednesday,January,False,2023-07-04,381.04,4,0.0,0.0,13.0,8.0,3.0,8.0,1,Books,Credit Card,Desktop,95.26,0.0,0.615,1
1281,CUST_01282,2023-04-10,33,Female,Istanbul,True,2023,4,2,0,Monday,April,False,2023-10-10,679.97,5,55.63,0.07562533985861881,11.0,9.0,4.0,5.0,1,Toys,Bank Transfer,Mobile,135.994,0.08181243290145153,0.818,1
1282,CUST_01283,2023-02-16,43,Female,Istanbul,True,2023,2,1,3,Thursday,February,False,2023-08-16,5771.45,5,0.0,0.0,13.0,8.0,4.0,4.0,1,Home & Garden,Credit Card,Mobile,1154.29,0.0,0.615,0
1283,CUST_01284,2023-01-11,46,Male,Antalya,True,2023,1,1,2,Wednesday,January,False,2023-07-11,157.4,3,5.89,0.03607079429236328,7.0,6.0,3.0,3.0,1,Beauty,Credit Card,Tablet,52.46666666666667,0.037420584498094024,0.857,0
1284,CUST_01285,2023-03-26,25,Female,Adana,True,2023,3,1,6,Sunday,March,True,2023-09-26,1992.65,1,0.0,0.0,13.0,10.0,4.0,5.0,1,Electronics,Digital Wallet,Desktop,1992.65,0.0,0.769,0
1285,CUST_01286,2023-02-28,19,Female,Konya,True,2023,2,1,1,Tuesday,February,False,2023-08-28,154.84,4,0.0,0.0,19.0,6.0,3.0,5.0,1,Books,Debit Card,Mobile,38.71,0.0,0.316,0
1286,CUST_01287,2023-11-14,18,Male,Kayseri,True,2023,11,4,1,Tuesday,November,False,2024-05-14,553.93,5,36.52,0.06185113049369125,12.0,11.0,4.0,6.0,1,Home & Garden,Debit Card,Mobile,110.78599999999999,0.06592890798476343,0.917,0
1287,CUST_01288,2023-05-18,41,Female,Istanbul,True,2023,5,2,3,Thursday,May,False,2023-11-18,71.43,1,12.67,0.15065398335315103,13.0,14.0,4.0,6.0,1,Food,Debit Card,Tablet,71.43,0.17737645247095057,1.077,1
1288,CUST_01289,2023-04-27,21,Female,Ankara,True,2023,4,2,3,Thursday,April,False,2023-10-27,597.8,4,0.0,0.0,15.0,10.0,4.0,8.0,1,Beauty,Cash on Delivery,Mobile,149.45,0.0,0.667,1
1289,CUST_01290,2023-01-21,18,Female,Istanbul,True,2023,1,1,5,Saturday,January,True,2023-07-21,358.31,1,91.42,0.20327752206879682,14.0,12.0,4.0,6.0,1,Sports,Debit Card,Desktop,358.31,0.25514219530574084,0.857,0
1290,CUST_01291,2023-01-17,39,Female,Ankara,False,2023,1,1,1,Tuesday,January,False,2023-07-17,79.9,1,19.14,0.19325525040387723,11.0,8.0,4.0,7.0,1,Toys,Credit Card,Tablet,79.9,0.239549436795995,0.727,0
1291,CUST_01292,2023-03-31,64,Male,Kayseri,True,2023,3,1,4,Friday,March,False,2023-09-30,1302.95,3,186.16,0.12501427026881828,19.0,9.0,5.0,9.0,1,Sports,Digital Wallet,Mobile,434.31666666666666,0.14287578187958094,0.474,0
1292,CUST_01293,2023-01-14,34,Female,Bursa,True,2023,1,1,5,Saturday,January,True,2023-07-14,609.84,1,170.14,0.21813379830252055,17.0,11.0,4.0,5.0,1,Home & Garden,Credit Card,Mobile,609.84,0.2789912108093926,0.647,1
1293,CUST_01294,2023-02-08,45,Female,Adana,True,2023,2,1,2,Wednesday,February,False,2023-08-08,2702.34,3,0.0,0.0,12.0,8.0,5.0,12.0,1,Sports,Credit Card,Mobile,900.7800000000001,0.0,0.667,1
1294,CUST_01295,2023-03-30,35,Female,Izmir,False,2023,3,1,3,Thursday,March,False,2023-09-30,133.08,2,7.86,0.05576841209025117,12.0,8.0,5.0,4.0,1,Food,Debit Card,Desktop,66.54,0.059062218214607755,0.667,1
1295,CUST_01296,2023-09-28,33,Female,Istanbul,True,2023,9,3,3,Thursday,September,False,2024-03-28,1482.06,2,0.0,0.0,15.0,6.0,5.0,5.0,1,Sports,Cash on Delivery,Mobile,741.03,0.0,0.4,0
1296,CUST_01297,2023-08-15,46,Male,Istanbul,False,2023,8,3,1,Tuesday,August,False,2024-02-15,458.75,2,20.03,0.04183549855883705,23.0,13.0,5.0,3.0,1,Beauty,Debit Card,Mobile,229.375,0.043662125340599454,0.565,1
1297,CUST_01298,2023-01-21,31,Other,Bursa,True,2023,1,1,5,Saturday,January,True,2023-07-21,379.15,2,22.95,0.05707535438945535,7.0,7.0,1.0,1.0,1,Beauty,Credit Card,Mobile,189.575,0.06053013319266781,1.0,1
1298,CUST_01299,2023-01-31,38,Female,Adana,False,2023,1,1,1,Tuesday,January,False,2023-07-31,153.12,3,0.0,0.0,19.0,10.0,2.0,3.0,1,Beauty,Digital Wallet,Desktop,51.04,0.0,0.526,0
1299,CUST_01300,2023-02-05,38,Male,Istanbul,False,2023,2,1,6,Sunday,February,True,2023-08-05,174.96,2,16.14,0.08445839874411304,15.0,8.0,1.0,6.0,1,Food,Credit Card,Desktop,87.48,0.09224965706447188,0.533,0
1300,CUST_01301,2023-06-29,26,Male,Adana,True,2023,6,2,3,Thursday,June,False,2023-12-29,4210.92,4,0.0,0.0,14.0,9.0,5.0,3.0,1,Electronics,Credit Card,Desktop,1052.73,0.0,0.643,1
1301,CUST_01302,2023-04-09,46,Female,Gaziantep,True,2023,4,2,6,Sunday,April,True,2023-10-09,3926.55,5,0.0,0.0,18.0,10.0,3.0,5.0,1,Sports,Debit Card,Mobile,785.3100000000001,0.0,0.556,0
1302,CUST_01303,2023-05-12,32,Male,Izmir,True,2023,5,2,4,Friday,May,False,2023-11-12,635.64,4,0.0,0.0,15.0,10.0,1.0,5.0,1,Beauty,Debit Card,Mobile,158.91,0.0,0.667,0
1303,CUST_01304,2023-03-27,25,Male,Adana,False,2023,3,1,0,Monday,March,False,2023-09-27,7.94,1,0.89,0.10079275198187995,9.0,6.0,3.0,10.0,1,Food,Credit Card,Desktop,7.94,0.11209068010075567,0.667,1
1304,CUST_01305,2023-01-05,41,Male,Izmir,True,2023,1,1,3,Thursday,January,False,2023-07-05,640.72,4,0.0,0.0,13.0,14.0,2.0,9.0,1,Food,Bank Transfer,Mobile,160.18,0.0,1.077,1
1305,CUST_01306,2023-03-25,24,Male,Antalya,False,2023,3,1,5,Saturday,March,True,2023-09-25,1265.0,1,0.0,0.0,18.0,8.0,4.0,12.0,1,Electronics,Credit Card,Mobile,1265.0,0.0,0.444,1
1306,CUST_01307,2023-02-07,35,Male,Adana,True,2023,2,1,1,Tuesday,February,False,2023-08-07,3042.72,4,0.0,0.0,16.0,12.0,4.0,8.0,1,Sports,Credit Card,Mobile,760.68,0.0,0.75,1
1307,CUST_01308,2023-02-28,34,Male,Eskisehir,False,2023,2,1,1,Tuesday,February,False,2023-08-28,88.8,4,0.0,0.0,17.0,5.0,3.0,7.0,1,Food,Credit Card,Mobile,22.2,0.0,0.294,1
1308,CUST_01309,2023-02-19,48,Male,Ankara,False,2023,2,1,6,Sunday,February,True,2023-08-19,426.61,2,37.01,0.07982830766576075,10.0,8.0,5.0,8.0,1,Toys,Digital Wallet,Tablet,213.305,0.0867537094770399,0.8,1
1309,CUST_01310,2023-01-06,40,Female,Izmir,True,2023,1,1,4,Friday,January,False,2023-07-06,236.36,4,0.0,0.0,16.0,10.0,1.0,6.0,1,Books,Debit Card,Mobile,59.09,0.0,0.625,1
1310,CUST_01311,2023-03-19,34,Female,Istanbul,False,2023,3,1,6,Sunday,March,True,2023-09-19,198.1,2,0.0,0.0,17.0,9.0,3.0,4.0,1,Food,Credit Card,Mobile,99.05,0.0,0.529,0
1311,CUST_01312,2023-02-23,44,Male,Istanbul,True,2023,2,1,3,Thursday,February,False,2023-08-23,3697.99,5,133.51,0.034845360824742266,31.0,8.0,4.0,8.0,1,Sports,Debit Card,Desktop,739.598,0.03610339671010468,0.258,0
1312,CUST_01313,2023-07-25,51,Male,Antalya,False,2023,7,3,1,Tuesday,July,False,2024-01-25,407.37,2,58.03,0.12468844005156855,17.0,10.0,5.0,4.0,1,Beauty,Debit Card,Tablet,203.685,0.14245035225961655,0.588,0
1313,CUST_01314,2023-03-24,41,Female,Kayseri,False,2023,3,1,4,Friday,March,False,2023-09-24,520.35,3,0.0,0.0,12.0,10.0,3.0,8.0,1,Toys,Credit Card,Mobile,173.45000000000002,0.0,0.833,1
1314,CUST_01315,2023-04-07,35,Male,Ankara,True,2023,4,2,4,Friday,April,False,2023-10-07,82.64,4,0.0,0.0,13.0,12.0,5.0,2.0,1,Books,Cash on Delivery,Mobile,20.66,0.0,0.923,0
1315,CUST_01316,2023-01-03,19,Male,Istanbul,True,2023,1,1,1,Tuesday,January,False,2023-07-03,1030.2,3,0.0,0.0,15.0,7.0,5.0,12.0,1,Home & Garden,Credit Card,Mobile,343.40000000000003,0.0,0.467,0
1316,CUST_01317,2023-12-15,22,Male,Ankara,False,2023,12,4,4,Friday,December,False,2024-06-15,529.48,4,0.0,0.0,11.0,12.0,4.0,6.0,1,Fashion,Credit Card,Mobile,132.37,0.0,1.091,0
1317,CUST_01318,2023-01-08,31,Female,Izmir,True,2023,1,1,6,Sunday,January,True,2023-07-08,439.66,2,26.4,0.05664506715873492,14.0,9.0,3.0,2.0,1,Fashion,Debit Card,Mobile,219.83,0.06004639949051539,0.643,0
1318,CUST_01319,2023-01-08,27,Female,Ankara,False,2023,1,1,6,Sunday,January,True,2023-07-08,625.12,1,0.0,0.0,13.0,12.0,5.0,5.0,1,Home & Garden,Credit Card,Desktop,625.12,0.0,0.923,1
1319,CUST_01320,2023-06-08,32,Female,Istanbul,False,2023,6,2,3,Thursday,June,False,2023-12-08,3107.5,5,0.0,0.0,17.0,8.0,4.0,8.0,1,Home & Garden,Debit Card,Mobile,621.5,0.0,0.471,1
1320,CUST_01321,2023-07-25,35,Female,Adana,True,2023,7,3,1,Tuesday,July,False,2024-01-25,135.3,3,0.0,0.0,24.0,9.0,5.0,3.0,1,Food,Debit Card,Desktop,45.1,0.0,0.375,1
1321,CUST_01322,2023-09-27,41,Female,Istanbul,True,2023,9,3,2,Wednesday,September,False,2024-03-27,2219.64,5,452.76,0.1694207453973956,17.0,5.0,4.0,2.0,1,Sports,Credit Card,Desktop,443.928,0.20397902362545278,0.294,1
1322,CUST_01323,2023-06-08,34,Male,Bursa,True,2023,6,2,3,Thursday,June,False,2023-12-08,2231.16,3,0.0,0.0,15.0,12.0,4.0,9.0,1,Sports,Credit Card,Mobile,743.7199999999999,0.0,0.8,0
1323,CUST_01324,2023-05-29,40,Female,Gaziantep,True,2023,5,2,0,Monday,May,False,2023-11-29,81.56,2,18.94,0.18845771144278609,14.0,9.0,4.0,5.0,1,Books,Debit Card,Mobile,40.78,0.23222167729279058,0.643,0
1324,CUST_01325,2023-01-15,35,Male,Ankara,False,2023,1,1,6,Sunday,January,True,2023-07-15,398.33,5,92.42,0.1883239938869078,13.0,8.0,4.0,9.0,1,Food,Debit Card,Tablet,79.666,0.23201867798056888,0.615,0
1325,CUST_01326,2023-03-14,18,Female,Bursa,False,2023,3,1,1,Tuesday,March,False,2023-09-14,71.96,1,17.4,0.1947179946284691,14.0,9.0,5.0,10.0,1,Beauty,Bank Transfer,Desktop,71.96,0.24180100055586437,0.643,1
1326,CUST_01327,2023-02-15,23,Female,Antalya,True,2023,2,1,2,Wednesday,February,False,2023-08-15,167.26,2,0.0,0.0,13.0,6.0,5.0,4.0,1,Toys,Digital Wallet,Desktop,83.63,0.0,0.462,0
1327,CUST_01328,2023-02-02,33,Female,Antalya,False,2023,2,1,3,Thursday,February,False,2023-08-02,1909.16,4,0.0,0.0,11.0,11.0,4.0,4.0,1,Sports,Debit Card,Desktop,477.29,0.0,1.0,0
1328,CUST_01329,2023-05-10,20,Male,Izmir,True,2023,5,2,2,Wednesday,May,False,2023-11-10,227.05,1,0.0,0.0,12.0,8.0,4.0,9.0,1,Toys,Digital Wallet,Mobile,227.05,0.0,0.667,1
1329,CUST_01330,2023-04-26,42,Male,Ankara,False,2023,4,2,2,Wednesday,April,False,2023-10-26,2237.85,3,0.0,0.0,17.0,13.0,3.0,3.0,1,Sports,Digital Wallet,Mobile,745.9499999999999,0.0,0.765,0
1330,CUST_01331,2023-02-24,53,Female,Gaziantep,True,2023,2,1,4,Friday,February,False,2023-08-24,1823.7,5,0.0,0.0,12.0,10.0,5.0,5.0,1,Sports,Debit Card,Desktop,364.74,0.0,0.833,1
1331,CUST_01332,2023-04-19,49,Female,Adana,True,2023,4,2,2,Wednesday,April,False,2023-10-19,136.42,2,0.0,0.0,16.0,5.0,5.0,3.0,1,Food,Cash on Delivery,Mobile,68.21,0.0,0.312,0
1332,CUST_01333,2023-04-12,32,Female,Ankara,True,2023,4,2,2,Wednesday,April,False,2023-10-12,509.55,1,0.0,0.0,16.0,10.0,4.0,6.0,1,Home & Garden,Credit Card,Desktop,509.55,0.0,0.625,1
1333,CUST_01334,2023-01-05,52,Male,Istanbul,True,2023,1,1,3,Thursday,January,False,2023-07-05,209.68,2,0.0,0.0,10.0,9.0,5.0,6.0,1,Beauty,Credit Card,Mobile,104.84,0.0,0.9,1
1334,CUST_01335,2023-06-16,36,Female,Istanbul,False,2023,6,2,4,Friday,June,False,2023-12-16,98.2,4,0.0,0.0,18.0,11.0,4.0,5.0,1,Books,Credit Card,Mobile,24.55,0.0,0.611,1
1335,CUST_01336,2023-01-30,30,Female,Istanbul,False,2023,1,1,0,Monday,January,False,2023-07-30,364.74,1,0.0,0.0,8.0,10.0,5.0,5.0,1,Fashion,Debit Card,Mobile,364.74,0.0,1.25,0
1336,CUST_01337,2023-01-01,27,Female,Bursa,True,2023,1,1,6,Sunday,January,True,2023-07-01,54.28,1,0.0,0.0,4.0,14.0,5.0,8.0,1,Toys,Debit Card,Mobile,54.28,0.0,3.5,1
1337,CUST_01338,2023-04-04,31,Female,Istanbul,False,2023,4,2,1,Tuesday,April,False,2023-10-04,3433.4,4,240.08,0.06535492230800223,15.0,9.0,5.0,11.0,1,Home & Garden,Digital Wallet,Mobile,858.35,0.06992485582804217,0.6,1
1338,CUST_01339,2023-04-28,30,Female,Ankara,True,2023,4,2,4,Friday,April,False,2023-10-28,241.62,3,35.79,0.12901481561587544,15.0,8.0,2.0,18.0,1,Food,Digital Wallet,Desktop,80.54,0.1481251552023839,0.533,1
1339,CUST_01340,2023-10-05,37,Female,Adana,False,2023,10,4,3,Thursday,October,False,2024-04-05,474.92,2,0.0,0.0,15.0,11.0,4.0,9.0,1,Sports,Credit Card,Mobile,237.46,0.0,0.733,0
1340,CUST_01341,2023-08-25,36,Female,Ankara,True,2023,8,3,4,Friday,August,False,2024-02-25,730.24,2,0.0,0.0,3.0,12.0,2.0,13.0,1,Toys,Bank Transfer,Mobile,365.12,0.0,4.0,0
1341,CUST_01342,2023-03-26,35,Female,Adana,False,2023,3,1,6,Sunday,March,True,2023-09-26,454.05,3,0.0,0.0,16.0,9.0,4.0,12.0,1,Food,Bank Transfer,Desktop,151.35,0.0,0.562,1
1342,CUST_01343,2023-01-28,40,Male,Adana,False,2023,1,1,5,Saturday,January,True,2023-07-28,139.06,2,0.0,0.0,29.0,9.0,3.0,8.0,1,Books,Credit Card,Desktop,69.53,0.0,0.31,0
1343,CUST_01344,2023-04-07,49,Male,Istanbul,True,2023,4,2,4,Friday,April,False,2023-10-07,406.49,1,0.0,0.0,14.0,13.0,5.0,7.0,1,Fashion,Credit Card,Desktop,406.49,0.0,0.929,0
1344,CUST_01345,2023-02-17,46,Female,Adana,False,2023,2,1,4,Friday,February,False,2023-08-17,220.65,3,0.0,0.0,16.0,8.0,4.0,6.0,1,Beauty,Digital Wallet,Tablet,73.55,0.0,0.5,0
1345,CUST_01346,2023-01-19,18,Female,Adana,True,2023,1,1,3,Thursday,January,False,2023-07-19,261.32,4,0.0,0.0,14.0,6.0,3.0,16.0,1,Books,Debit Card,Desktop,65.33,0.0,0.429,1
1346,CUST_01347,2023-04-12,18,Female,Ankara,False,2023,4,2,2,Wednesday,April,False,2023-10-12,876.24,2,0.0,0.0,12.0,9.0,5.0,3.0,1,Sports,Digital Wallet,Mobile,438.12,0.0,0.75,0
1347,CUST_01348,2023-03-19,46,Female,Istanbul,True,2023,3,1,6,Sunday,March,True,2023-09-19,7421.79,5,1710.86,0.1873344538551242,17.0,7.0,4.0,9.0,1,Electronics,Bank Transfer,Desktop,1484.358,0.23051851372782037,0.412,0
1348,CUST_01349,2023-02-01,18,Male,Bursa,False,2023,2,1,2,Wednesday,February,False,2023-08-01,327.34,2,0.0,0.0,13.0,7.0,5.0,1.0,1,Beauty,Credit Card,Mobile,163.67,0.0,0.538,1
1349,CUST_01350,2023-08-19,32,Female,Kayseri,False,2023,8,3,5,Saturday,August,True,2024-02-19,40.4,1,6.54,0.13932680017043034,18.0,11.0,3.0,13.0,1,Food,Digital Wallet,Desktop,40.4,0.1618811881188119,0.611,0
1350,CUST_01351,2023-07-11,20,Female,Antalya,False,2023,7,3,1,Tuesday,July,False,2024-01-11,538.15,5,0.0,0.0,16.0,5.0,4.0,15.0,1,Food,Digital Wallet,Mobile,107.63,0.0,0.312,0
1351,CUST_01352,2023-01-19,18,Male,Istanbul,False,2023,1,1,3,Thursday,January,False,2023-07-19,153.38,2,0.0,0.0,17.0,7.0,4.0,3.0,1,Food,Credit Card,Tablet,76.69,0.0,0.412,1
1352,CUST_01353,2023-01-27,41,Male,Antalya,True,2023,1,1,4,Friday,January,False,2023-07-27,606.28,1,0.0,0.0,33.0,10.0,4.0,4.0,1,Electronics,Credit Card,Mobile,606.28,0.0,0.303,0
1353,CUST_01354,2023-02-14,44,Female,Izmir,True,2023,2,1,1,Tuesday,February,False,2023-08-14,6372.42,5,438.48,0.0643791569396115,18.0,11.0,3.0,7.0,1,Electronics,Credit Card,Mobile,1274.484,0.0688090238873144,0.611,1
1354,CUST_01355,2023-01-16,28,Male,Bursa,True,2023,1,1,0,Monday,January,False,2023-07-16,70.56,3,0.0,0.0,14.0,8.0,4.0,9.0,1,Books,Debit Card,Desktop,23.52,0.0,0.571,0
1355,CUST_01356,2023-05-19,18,Female,Adana,False,2023,5,2,4,Friday,May,False,2023-11-19,382.14,3,0.0,0.0,10.0,10.0,3.0,2.0,1,Food,Debit Card,Desktop,127.38,0.0,1.0,0
1356,CUST_01357,2023-01-22,28,Male,Izmir,True,2023,1,1,6,Sunday,January,True,2023-07-22,1128.34,5,136.76,0.10810212631412534,15.0,9.0,4.0,6.0,1,Home & Garden,Credit Card,Mobile,225.66799999999998,0.12120460144991758,0.6,1
1357,CUST_01358,2023-01-29,39,Female,Gaziantep,True,2023,1,1,6,Sunday,January,True,2023-07-29,149.83,2,29.01,0.16221203310221427,14.0,12.0,4.0,11.0,1,Beauty,Debit Card,Desktop,74.915,0.19361943536007475,0.857,1
1358,CUST_01359,2023-04-07,18,Female,Adana,False,2023,4,2,4,Friday,April,False,2023-10-07,3080.41,3,369.44,0.10708871400205805,17.0,8.0,5.0,2.0,1,Electronics,Debit Card,Mobile,1026.8033333333333,0.11993208696244981,0.471,0
1359,CUST_01360,2023-05-16,37,Female,Bursa,False,2023,5,2,1,Tuesday,May,False,2023-11-16,327.9,3,0.0,0.0,11.0,8.0,3.0,10.0,1,Books,Credit Card,Desktop,109.3,0.0,0.727,0
1360,CUST_01361,2023-05-19,34,Male,Istanbul,False,2023,5,2,4,Friday,May,False,2023-11-19,136.23,4,36.97,0.2134526558891455,15.0,8.0,5.0,8.0,1,Food,Debit Card,Desktop,34.0575,0.27137928503266534,0.533,0
1361,CUST_01362,2023-02-05,41,Female,Gaziantep,True,2023,2,1,6,Sunday,February,True,2023-08-05,97.12,4,11.16,0.10306612486147027,16.0,5.0,4.0,6.0,1,Books,Digital Wallet,Mobile,24.28,0.11490939044481054,0.312,0
1362,CUST_01363,2023-03-04,36,Male,Kayseri,False,2023,3,1,5,Saturday,March,True,2023-09-04,2098.14,2,0.0,0.0,22.0,4.0,5.0,9.0,1,Sports,Debit Card,Desktop,1049.07,0.0,0.182,1
1363,CUST_01364,2023-01-15,23,Male,Istanbul,False,2023,1,1,6,Sunday,January,True,2023-07-15,251.11,1,41.69,0.14238387978142075,19.0,9.0,5.0,8.0,1,Sports,Digital Wallet,Desktop,251.11,0.16602285850822346,0.474,0
1364,CUST_01365,2023-02-07,49,Other,Izmir,True,2023,2,1,1,Tuesday,February,False,2023-08-07,111.25,3,13.82,0.11049812105221077,12.0,4.0,4.0,4.0,1,Books,Digital Wallet,Tablet,37.083333333333336,0.12422471910112359,0.333,0
1365,CUST_01366,2023-08-08,33,Female,Ankara,True,2023,8,3,1,Tuesday,August,False,2024-02-08,4091.43,4,1014.05,0.19861991428817663,13.0,7.0,3.0,9.0,1,Electronics,Credit Card,Mobile,1022.8575,0.24784732966224524,0.538,0
1366,CUST_01367,2023-03-31,34,Female,Adana,True,2023,3,1,4,Friday,March,False,2023-09-30,327.2,4,58.28,0.15118812908581508,11.0,8.0,2.0,7.0,1,Fashion,Digital Wallet,Desktop,81.8,0.17811735941320295,0.727,0
1367,CUST_01368,2023-05-03,23,Male,Adana,True,2023,5,2,2,Wednesday,May,False,2023-11-03,560.75,1,71.36,0.11289174352565218,21.0,12.0,4.0,4.0,1,Home & Garden,Debit Card,Mobile,560.75,0.12725813642443157,0.571,1
1368,CUST_01369,2023-12-30,29,Male,Istanbul,True,2023,12,4,5,Saturday,December,True,2024-06-30,54.75,1,7.67,0.12287728292214034,16.0,10.0,5.0,4.0,1,Beauty,Bank Transfer,Desktop,54.75,0.14009132420091325,0.625,0
1369,CUST_01370,2023-03-23,24,Male,Konya,False,2023,3,1,3,Thursday,March,False,2023-09-23,507.8,5,0.0,0.0,9.0,10.0,4.0,4.0,1,Beauty,Digital Wallet,Mobile,101.56,0.0,1.111,0
1370,CUST_01371,2023-01-09,32,Female,Istanbul,True,2023,1,1,0,Monday,January,False,2023-07-09,291.24,3,0.0,0.0,24.0,12.0,4.0,4.0,1,Toys,Debit Card,Mobile,97.08,0.0,0.5,1
1371,CUST_01372,2023-01-20,55,Female,Gaziantep,True,2023,1,1,4,Friday,January,False,2023-07-20,127.12,3,34.43,0.21312287217579695,13.0,9.0,5.0,3.0,1,Beauty,Debit Card,Desktop,42.373333333333335,0.2708464443045941,0.692,1
1372,CUST_01373,2023-01-08,18,Female,Izmir,True,2023,1,1,6,Sunday,January,True,2023-07-08,50.54,1,2.71,0.05089201877934272,16.0,14.0,5.0,11.0,1,Fashion,Credit Card,Mobile,50.54,0.05362089434111595,0.875,0
1373,CUST_01374,2023-03-04,18,Female,Ankara,True,2023,3,1,5,Saturday,March,True,2023-09-04,62.14,2,0.0,0.0,12.0,13.0,4.0,1.0,1,Food,Credit Card,Mobile,31.07,0.0,1.083,0
1374,CUST_01375,2023-07-18,52,Male,Istanbul,True,2023,7,3,1,Tuesday,July,False,2024-01-18,697.11,4,138.73,0.16597674196018375,14.0,11.0,3.0,6.0,1,Fashion,Digital Wallet,Desktop,174.2775,0.1990073302635165,0.786,0
1375,CUST_01376,2023-01-10,32,Male,Istanbul,True,2023,1,1,1,Tuesday,January,False,2023-07-10,118.93,2,22.85,0.1611651854986599,20.0,10.0,4.0,11.0,1,Books,Debit Card,Tablet,59.465,0.19212982426637518,0.5,1
1376,CUST_01377,2023-04-26,26,Male,Antalya,True,2023,4,2,2,Wednesday,April,False,2023-10-26,153.58,2,0.0,0.0,21.0,6.0,4.0,3.0,1,Beauty,Credit Card,Tablet,76.79,0.0,0.286,0
1377,CUST_01378,2023-11-11,47,Male,Bursa,True,2023,11,4,5,Saturday,November,True,2024-05-11,2132.85,3,0.0,0.0,13.0,10.0,4.0,1.0,1,Home & Garden,Digital Wallet,Desktop,710.9499999999999,0.0,0.769,0
1378,CUST_01379,2023-02-28,27,Male,Istanbul,False,2023,2,1,1,Tuesday,February,False,2023-08-28,470.4,5,0.0,0.0,10.0,8.0,5.0,5.0,1,Food,Digital Wallet,Desktop,94.08,0.0,0.8,0
1379,CUST_01380,2023-08-25,56,Female,Istanbul,False,2023,8,3,4,Friday,August,False,2024-02-25,148.78,2,9.6,0.06061371385275919,22.0,10.0,3.0,5.0,1,Fashion,Credit Card,Mobile,74.39,0.06452480172066137,0.455,0
1380,CUST_01381,2023-03-02,43,Male,Istanbul,True,2023,3,1,3,Thursday,March,False,2023-09-02,124.68,2,0.0,0.0,17.0,7.0,4.0,7.0,1,Books,Credit Card,Tablet,62.34,0.0,0.412,0
1381,CUST_01382,2023-05-30,29,Female,Adana,True,2023,5,2,1,Tuesday,May,False,2023-11-30,4605.63,2,1088.03,0.19109500742931612,14.0,7.0,4.0,7.0,1,Electronics,Credit Card,Mobile,2302.815,0.2362391247234363,0.5,1
1382,CUST_01383,2023-01-11,60,Male,Adana,False,2023,1,1,2,Wednesday,January,False,2023-07-11,428.02,2,32.82,0.07121777623470185,10.0,9.0,5.0,8.0,1,Fashion,Debit Card,Mobile,214.01,0.07667865987570675,0.9,1
1383,CUST_01384,2023-03-20,27,Other,Istanbul,False,2023,3,1,0,Monday,March,False,2023-09-20,74.45,1,0.0,0.0,14.0,8.0,5.0,6.0,1,Books,Credit Card,Mobile,74.45,0.0,0.571,0
1384,CUST_01385,2023-09-13,43,Female,Bursa,True,2023,9,3,2,Wednesday,September,False,2024-03-13,49.94,2,0.0,0.0,10.0,12.0,5.0,3.0,1,Books,Debit Card,Desktop,24.97,0.0,1.2,0
1385,CUST_01386,2023-02-14,38,Female,Istanbul,True,2023,2,1,1,Tuesday,February,False,2023-08-14,557.46,2,0.0,0.0,10.0,8.0,4.0,2.0,1,Toys,Digital Wallet,Mobile,278.73,0.0,0.8,0
1386,CUST_01387,2023-02-15,50,Male,Konya,True,2023,2,1,2,Wednesday,February,False,2023-08-15,18.57,1,1.04,0.053034166241713414,19.0,12.0,1.0,11.0,1,Books,Digital Wallet,Desktop,18.57,0.05600430802369413,0.632,1
1387,CUST_01388,2023-02-19,53,Female,Konya,False,2023,2,1,6,Sunday,February,True,2023-08-19,265.9,5,0.0,0.0,16.0,7.0,2.0,7.0,1,Toys,Debit Card,Mobile,53.17999999999999,0.0,0.437,1
1388,CUST_01389,2023-04-14,35,Female,Antalya,False,2023,4,2,4,Friday,April,False,2023-10-14,440.7,2,0.0,0.0,12.0,14.0,1.0,6.0,1,Home & Garden,Credit Card,Mobile,220.35,0.0,1.167,0
1389,CUST_01390,2023-01-17,25,Male,Kayseri,True,2023,1,1,1,Tuesday,January,False,2023-07-17,1807.67,2,425.63,0.1905834415439036,12.0,6.0,5.0,5.0,1,Home & Garden,Credit Card,Desktop,903.835,0.23545779926645902,0.5,1
1390,CUST_01391,2023-08-01,40,Male,Gaziantep,True,2023,8,3,1,Tuesday,August,False,2024-02-01,1498.4,2,0.0,0.0,14.0,7.0,4.0,8.0,1,Sports,Credit Card,Desktop,749.2,0.0,0.5,0
1391,CUST_01392,2023-04-01,26,Male,Gaziantep,True,2023,4,2,5,Saturday,April,True,2023-10-01,234.5,2,0.0,0.0,14.0,8.0,5.0,8.0,1,Beauty,Debit Card,Mobile,117.25,0.0,0.571,0
1392,CUST_01393,2023-04-15,59,Female,Bursa,True,2023,4,2,5,Saturday,April,True,2023-10-15,1257.78,3,0.0,0.0,14.0,9.0,5.0,8.0,1,Toys,Credit Card,Desktop,419.26,0.0,0.643,1
1393,CUST_01394,2023-08-30,36,Female,Ankara,False,2023,8,3,2,Wednesday,August,False,2024-02-29,280.56,4,0.0,0.0,17.0,11.0,3.0,10.0,1,Sports,Bank Transfer,Desktop,70.14,0.0,0.647,0
1394,CUST_01395,2023-01-08,30,Female,Istanbul,True,2023,1,1,6,Sunday,January,True,2023-07-08,531.84,4,0.0,0.0,11.0,7.0,3.0,5.0,1,Beauty,Credit Card,Desktop,132.96,0.0,0.636,1
1395,CUST_01396,2023-08-22,37,Male,Ankara,True,2023,8,3,1,Tuesday,August,False,2024-02-22,81.07,1,0.0,0.0,16.0,11.0,4.0,4.0,1,Books,Debit Card,Desktop,81.07,0.0,0.687,0
1396,CUST_01397,2023-01-01,18,Male,Antalya,True,2023,1,1,6,Sunday,January,True,2023-07-01,51.82,1,0.0,0.0,12.0,11.0,3.0,4.0,1,Fashion,Cash on Delivery,Mobile,51.82,0.0,0.917,1
1397,CUST_01398,2023-02-11,23,Female,Istanbul,False,2023,2,1,5,Saturday,February,True,2023-08-11,193.18,1,48.46,0.2005462671743089,20.0,7.0,5.0,2.0,1,Sports,Credit Card,Desktop,193.18,0.25085412568588883,0.35,1
1398,CUST_01399,2023-07-16,49,Male,Ankara,True,2023,7,3,6,Sunday,July,True,2024-01-16,144.74,2,0.0,0.0,5.0,10.0,5.0,4.0,1,Beauty,Bank Transfer,Mobile,72.37,0.0,2.0,0
1399,CUST_01400,2023-04-08,27,Female,Izmir,True,2023,4,2,5,Saturday,April,True,2023-10-08,92.39,1,20.04,0.17824424086098015,7.0,7.0,5.0,2.0,1,Beauty,Credit Card,Tablet,92.39,0.21690659162246995,1.0,0
1400,CUST_01401,2023-04-06,22,Female,Istanbul,False,2023,4,2,3,Thursday,April,False,2023-10-06,2311.94,2,463.78,0.16708457625408904,10.0,6.0,4.0,1.0,1,Home & Garden,Digital Wallet,Mobile,1155.97,0.20060209174978588,0.6,0
1401,CUST_01402,2023-03-29,41,Male,Bursa,True,2023,3,1,2,Wednesday,March,False,2023-09-29,214.78,4,20.62,0.08759558198810535,11.0,6.0,1.0,10.0,1,Food,Credit Card,Mobile,53.695,0.09600521463823447,0.545,0
1402,CUST_01403,2023-04-14,49,Female,Kayseri,True,2023,4,2,4,Friday,April,False,2023-10-14,2327.28,3,0.0,0.0,13.0,7.0,5.0,2.0,1,Electronics,Bank Transfer,Desktop,775.7600000000001,0.0,0.538,1
1403,CUST_01404,2023-03-14,43,Male,Adana,True,2023,3,1,1,Tuesday,March,False,2023-09-14,51.6,1,0.0,0.0,14.0,11.0,2.0,5.0,1,Food,Credit Card,Mobile,51.6,0.0,0.786,1
1404,CUST_01405,2023-03-11,46,Female,Antalya,True,2023,3,1,5,Saturday,March,True,2023-09-11,955.72,3,76.31,0.0739416489830722,9.0,9.0,5.0,8.0,1,Home & Garden,Digital Wallet,Desktop,318.5733333333333,0.07984556146151593,1.0,1
1405,CUST_01406,2023-02-05,25,Male,Bursa,False,2023,2,1,6,Sunday,February,True,2023-08-05,150.74,2,0.0,0.0,20.0,11.0,4.0,7.0,1,Sports,Credit Card,Mobile,75.37,0.0,0.55,0
1406,CUST_01407,2023-02-05,18,Female,Izmir,True,2023,2,1,6,Sunday,February,True,2023-08-05,271.66,2,0.0,0.0,38.0,11.0,4.0,13.0,1,Fashion,Digital Wallet,Mobile,135.83,0.0,0.289,0
1407,CUST_01408,2023-05-22,53,Male,Istanbul,True,2023,5,2,0,Monday,May,False,2023-11-22,2209.23,1,0.0,0.0,13.0,5.0,4.0,7.0,1,Electronics,Digital Wallet,Desktop,2209.23,0.0,0.385,0
1408,CUST_01409,2023-03-24,31,Male,Konya,True,2023,3,1,4,Friday,March,False,2023-09-24,768.28,4,0.0,0.0,12.0,7.0,5.0,13.0,1,Toys,Debit Card,Mobile,192.07,0.0,0.583,1
1409,CUST_01410,2023-02-19,31,Female,Istanbul,False,2023,2,1,6,Sunday,February,True,2023-08-19,1961.08,4,318.84,0.13984701217586581,16.0,10.0,3.0,2.0,1,Sports,Credit Card,Mobile,490.27,0.16258388235054153,0.625,0
1410,CUST_01411,2023-10-31,50,Male,Istanbul,True,2023,10,4,1,Tuesday,October,False,2024-04-30,231.47,4,60.57,0.20740309546637445,12.0,11.0,4.0,7.0,1,Beauty,Credit Card,Mobile,57.8675,0.2616753790988033,0.917,0
1411,CUST_01412,2023-06-30,41,Female,Adana,True,2023,6,2,4,Friday,June,False,2023-12-30,318.66,3,0.0,0.0,16.0,7.0,4.0,2.0,1,Toys,Credit Card,Tablet,106.22000000000001,0.0,0.437,0
1412,CUST_01413,2023-04-29,40,Male,Istanbul,False,2023,4,2,5,Saturday,April,True,2023-10-29,509.76,4,0.0,0.0,12.0,10.0,4.0,8.0,1,Toys,Bank Transfer,Tablet,127.44,0.0,0.833,0
1413,CUST_01414,2023-04-23,60,Female,Ankara,True,2023,4,2,6,Sunday,April,True,2023-10-23,780.86,2,0.0,0.0,12.0,10.0,5.0,3.0,1,Fashion,Credit Card,Mobile,390.43,0.0,0.833,0
1414,CUST_01415,2023-01-17,27,Male,Istanbul,False,2023,1,1,1,Tuesday,January,False,2023-07-17,665.28,4,0.0,0.0,11.0,10.0,4.0,3.0,1,Toys,Cash on Delivery,Tablet,166.32,0.0,0.909,0
1415,CUST_01416,2023-05-17,46,Female,Istanbul,True,2023,5,2,2,Wednesday,May,False,2023-11-17,30.54,1,9.88,0.24443344878772885,20.0,6.0,4.0,4.0,1,Beauty,Credit Card,Mobile,30.54,0.32351015062213495,0.3,0
1416,CUST_01417,2023-02-01,35,Male,Istanbul,False,2023,2,1,2,Wednesday,February,False,2023-08-01,667.28,4,0.0,0.0,15.0,9.0,4.0,4.0,1,Toys,Credit Card,Desktop,166.82,0.0,0.6,0
1417,CUST_01418,2023-01-02,38,Male,Istanbul,False,2023,1,1,0,Monday,January,False,2023-07-02,41.21,1,0.0,0.0,13.0,7.0,5.0,5.0,1,Food,Digital Wallet,Desktop,41.21,0.0,0.538,1
1418,CUST_01419,2023-01-18,53,Male,Antalya,True,2023,1,1,2,Wednesday,January,False,2023-07-18,802.09,1,0.0,0.0,12.0,10.0,5.0,6.0,1,Home & Garden,Debit Card,Tablet,802.09,0.0,0.833,0
1419,CUST_01420,2023-02-15,41,Female,Gaziantep,True,2023,2,1,2,Wednesday,February,False,2023-08-15,1214.65,5,0.0,0.0,11.0,4.0,4.0,2.0,1,Sports,Digital Wallet,Mobile,242.93,0.0,0.364,0
1420,CUST_01421,2023-05-27,41,Male,Ankara,False,2023,5,2,5,Saturday,May,True,2023-11-27,1105.34,3,146.59,0.1170912111699536,12.0,7.0,4.0,3.0,1,Electronics,Debit Card,Mobile,368.44666666666666,0.13261982738342953,0.583,1
1421,CUST_01422,2023-06-29,47,Female,Konya,True,2023,6,2,3,Thursday,June,False,2023-12-29,242.92,4,0.0,0.0,15.0,13.0,4.0,8.0,1,Food,Credit Card,Mobile,60.73,0.0,0.867,0
1422,CUST_01423,2023-04-23,30,Female,Istanbul,True,2023,4,2,6,Sunday,April,True,2023-10-23,480.05,5,0.0,0.0,17.0,12.0,1.0,10.0,1,Food,Cash on Delivery,Mobile,96.01,0.0,0.706,1
1423,CUST_01424,2023-07-02,24,Male,Ankara,True,2023,7,3,6,Sunday,July,True,2024-01-02,622.3,2,0.0,0.0,12.0,11.0,4.0,8.0,1,Electronics,Debit Card,Mobile,311.15,0.0,0.917,1
1424,CUST_01425,2023-06-26,22,Female,Istanbul,True,2023,6,2,0,Monday,June,False,2023-12-26,439.65,6,0.0,0.0,15.0,11.0,3.5,7.5,2,Food,Debit Card,Desktop,73.27499999999999,0.0,0.733,1
1425,CUST_01426,2023-09-08,18,Male,Antalya,True,2023,9,3,4,Friday,September,False,2024-03-08,649.88,4,0.0,0.0,16.0,8.0,1.0,7.0,1,Food,Credit Card,Mobile,162.47,0.0,0.5,0
1426,CUST_01427,2023-03-10,59,Male,Izmir,True,2023,3,1,4,Friday,March,False,2023-09-10,261.47,1,54.42,0.17227515907436133,15.0,6.0,5.0,7.0,1,Sports,Bank Transfer,Desktop,261.47,0.20813095192565112,0.4,0
1427,CUST_01428,2023-03-18,21,Female,Bursa,True,2023,3,1,5,Saturday,March,True,2023-09-18,583.2,3,0.0,0.0,10.0,11.0,5.0,5.0,1,Fashion,Digital Wallet,Desktop,194.4,0.0,1.1,0
1428,CUST_01429,2023-03-03,32,Female,Adana,True,2023,3,1,4,Friday,March,False,2023-09-03,5066.22,3,0.0,0.0,18.0,7.0,4.0,7.0,1,Electronics,Digital Wallet,Mobile,1688.74,0.0,0.389,1
1429,CUST_01430,2023-03-25,31,Female,Bursa,True,2023,3,1,5,Saturday,March,True,2023-09-25,1310.35,5,0.0,0.0,18.0,9.0,4.0,2.0,1,Sports,Bank Transfer,Mobile,262.07,0.0,0.5,0
1430,CUST_01431,2023-03-24,38,Male,Antalya,True,2023,3,1,4,Friday,March,False,2023-09-24,334.55,3,34.27,0.09291795455777888,18.0,12.0,5.0,11.0,1,Fashion,Debit Card,Desktop,111.51666666666667,0.10243610820505157,0.667,0
1431,CUST_01432,2023-01-02,44,Male,Kayseri,False,2023,1,1,0,Monday,January,False,2023-07-02,2016.97,5,555.58,0.2159647042817438,12.0,7.0,4.0,4.0,1,Sports,Bank Transfer,Mobile,403.394,0.2754527831350987,0.583,1
1432,CUST_01433,2023-01-13,45,Male,Ankara,True,2023,1,1,4,Friday,January,False,2023-07-13,65.1,2,16.04,0.1976830170076411,18.0,6.0,4.0,4.0,1,Food,Digital Wallet,Desktop,32.55,0.24639016897081414,0.333,0
1433,CUST_01434,2023-05-28,28,Female,Ankara,True,2023,5,2,6,Sunday,May,True,2023-11-28,326.34,3,0.0,0.0,17.0,6.0,4.0,4.0,1,Toys,Digital Wallet,Mobile,108.77999999999999,0.0,0.353,0
1434,CUST_01435,2023-03-28,32,Female,Adana,True,2023,3,1,1,Tuesday,March,False,2023-09-28,3561.46,1,354.12,0.09043870895244127,11.0,10.0,5.0,10.0,1,Electronics,Digital Wallet,Desktop,3561.46,0.09943113217613002,0.909,1
1435,CUST_01436,2023-01-01,38,Female,Bursa,True,2023,1,1,6,Sunday,January,True,2023-07-01,983.65,1,101.47,0.09351039516366855,16.0,13.0,4.0,8.0,1,Sports,Credit Card,Tablet,983.65,0.10315661058303259,0.812,1
1436,CUST_01437,2023-01-06,32,Male,Istanbul,True,2023,1,1,4,Friday,January,False,2023-07-06,223.84,4,0.0,0.0,14.0,9.0,5.0,8.0,1,Beauty,Bank Transfer,Mobile,55.96,0.0,0.643,1
1437,CUST_01438,2023-04-15,54,Male,Ankara,True,2023,4,2,5,Saturday,April,True,2023-10-15,490.2,4,0.0,0.0,17.0,11.0,5.0,4.0,1,Fashion,Debit Card,Mobile,122.55,0.0,0.647,1
1438,CUST_01439,2023-06-14,40,Male,Izmir,False,2023,6,2,2,Wednesday,June,False,2023-12-14,299.76,4,0.0,0.0,1.0,8.0,5.0,10.0,1,Fashion,Bank Transfer,Mobile,74.94,0.0,8.0,0
1439,CUST_01440,2023-09-04,43,Male,Izmir,False,2023,9,3,0,Monday,September,False,2024-03-04,1433.56,4,0.0,0.0,10.0,9.0,4.0,12.0,1,Toys,Cash on Delivery,Desktop,358.39,0.0,0.9,0
1440,CUST_01441,2023-04-07,42,Male,Istanbul,True,2023,4,2,4,Friday,April,False,2023-10-07,790.25,1,0.0,0.0,17.0,10.0,2.0,18.0,1,Electronics,Digital Wallet,Mobile,790.25,0.0,0.588,0
1441,CUST_01442,2023-08-30,49,Female,Kayseri,True,2023,8,3,2,Wednesday,August,False,2024-02-29,2272.92,4,0.0,0.0,17.0,6.0,5.0,4.0,1,Home & Garden,Credit Card,Tablet,568.23,0.0,0.353,0
1442,CUST_01443,2023-01-14,37,Female,Adana,True,2023,1,1,5,Saturday,January,True,2023-07-14,1237.46,2,0.0,0.0,14.0,9.0,2.0,11.0,1,Sports,Credit Card,Mobile,618.73,0.0,0.643,1
1443,CUST_01444,2023-06-04,19,Female,Izmir,True,2023,6,2,6,Sunday,June,True,2023-12-04,162.44,2,0.0,0.0,9.0,11.0,3.0,5.0,1,Fashion,Debit Card,Mobile,81.22,0.0,1.222,1
1444,CUST_01445,2023-04-02,39,Male,Antalya,False,2023,4,2,6,Sunday,April,True,2023-10-02,1164.7,5,0.0,0.0,13.0,8.0,5.0,5.0,1,Sports,Credit Card,Mobile,232.94,0.0,0.615,1
1445,CUST_01446,2023-01-29,27,Male,Konya,False,2023,1,1,6,Sunday,January,True,2023-07-29,621.68,2,0.0,0.0,16.0,10.0,1.0,11.0,1,Sports,Credit Card,Mobile,310.84,0.0,0.625,0
1446,CUST_01447,2023-10-16,28,Female,Istanbul,True,2023,10,4,0,Monday,October,False,2024-04-16,2966.42,3,826.96,0.21800083303017362,12.0,8.0,5.0,8.0,1,Electronics,Credit Card,Mobile,988.8066666666667,0.27877374073799394,0.667,0
1447,CUST_01448,2023-03-11,42,Male,Ankara,True,2023,3,1,5,Saturday,March,True,2023-09-11,5445.56,4,0.0,0.0,13.0,9.0,3.0,6.0,1,Home & Garden,Credit Card,Desktop,1361.39,0.0,0.692,0
1448,CUST_01449,2023-05-03,49,Female,Bursa,False,2023,5,2,2,Wednesday,May,False,2023-11-03,969.2,5,0.0,0.0,14.0,10.0,4.0,20.0,1,Fashion,Cash on Delivery,Desktop,193.84,0.0,0.714,1
1449,CUST_01450,2023-01-23,35,Female,Gaziantep,True,2023,1,1,0,Monday,January,False,2023-07-23,3630.11,2,222.93,0.05785821065963499,12.0,6.0,5.0,9.0,1,Sports,Credit Card,Desktop,1815.055,0.06141136219012647,0.5,0
1450,CUST_01451,2023-06-12,38,Male,Istanbul,True,2023,6,2,0,Monday,June,False,2023-12-12,3825.02,2,0.0,0.0,20.0,13.0,4.0,4.0,1,Electronics,Credit Card,Tablet,1912.51,0.0,0.65,0
1451,CUST_01452,2023-04-21,55,Female,Eskisehir,False,2023,4,2,4,Friday,April,False,2023-10-21,1921.56,4,0.0,0.0,16.0,10.0,5.0,6.0,1,Home & Garden,Debit Card,Desktop,480.39,0.0,0.625,0
1452,CUST_01453,2023-08-31,37,Male,Izmir,True,2023,8,3,3,Thursday,August,False,2024-02-29,2542.78,1,0.0,0.0,21.0,11.0,4.0,3.0,1,Electronics,Credit Card,Mobile,2542.78,0.0,0.524,0
1453,CUST_01454,2023-01-15,66,Female,Ankara,True,2023,1,1,6,Sunday,January,True,2023-07-15,691.35,5,0.0,0.0,19.0,7.0,5.0,11.0,1,Fashion,Debit Card,Desktop,138.27,0.0,0.368,0
1454,CUST_01455,2023-03-31,41,Female,Ankara,True,2023,3,1,4,Friday,March,False,2023-09-30,331.35,5,0.0,0.0,15.0,8.0,4.0,9.0,1,Beauty,Debit Card,Mobile,66.27000000000001,0.0,0.533,1
1455,CUST_01456,2023-02-04,18,Male,Istanbul,False,2023,2,1,5,Saturday,February,True,2023-08-04,2539.23,3,0.0,0.0,17.0,10.0,5.0,5.0,1,Sports,Debit Card,Desktop,846.41,0.0,0.588,1
1456,CUST_01457,2023-07-17,44,Male,Gaziantep,False,2023,7,3,0,Monday,July,False,2024-01-17,246.89,1,0.0,0.0,4.0,13.0,4.0,3.0,1,Home & Garden,Bank Transfer,Desktop,246.89,0.0,3.25,1
1457,CUST_01458,2023-04-23,39,Female,Kayseri,True,2023,4,2,6,Sunday,April,True,2023-10-23,1503.99,5,389.36,0.2056460770591808,18.0,13.0,4.0,8.0,1,Home & Garden,Digital Wallet,Desktop,300.798,0.2588847000312502,0.722,1
1458,CUST_01459,2023-01-30,50,Female,Izmir,True,2023,1,1,0,Monday,January,False,2023-07-30,93.06,1,0.0,0.0,11.0,11.0,5.0,6.0,1,Books,Credit Card,Mobile,93.06,0.0,1.0,0
1459,CUST_01460,2023-01-15,43,Male,Kayseri,False,2023,1,1,6,Sunday,January,True,2023-07-15,23.98,2,5.22,0.17876712328767122,18.0,12.0,4.0,3.0,1,Books,Cash on Delivery,Mobile,11.99,0.21768140116763968,0.667,0
1460,CUST_01461,2023-02-09,33,Female,Gaziantep,False,2023,2,1,3,Thursday,February,False,2023-08-09,725.55,1,142.63,0.16428620792923126,9.0,7.0,2.0,5.0,1,Sports,Debit Card,Desktop,725.55,0.19658190338364,0.778,1
1461,CUST_01462,2023-03-19,20,Male,Izmir,True,2023,3,1,6,Sunday,March,True,2023-09-19,1762.3,1,257.57,0.12751810760098423,5.0,9.0,4.0,5.0,1,Electronics,Credit Card,Desktop,1762.3,0.14615559212392895,1.8,1
1462,CUST_01463,2023-01-12,32,Male,Antalya,False,2023,1,1,3,Thursday,January,False,2023-07-12,108.28,3,18.23,0.14409928068927358,16.0,11.0,5.0,6.0,1,Beauty,Credit Card,Mobile,36.093333333333334,0.16835980790543037,0.687,0
1463,CUST_01464,2023-01-19,24,Male,Izmir,True,2023,1,1,3,Thursday,January,False,2023-07-19,159.16,2,0.0,0.0,18.0,10.0,5.0,4.0,1,Food,Digital Wallet,Mobile,79.58,0.0,0.556,0
1464,CUST_01465,2023-01-22,28,Male,Bursa,True,2023,1,1,6,Sunday,January,True,2023-07-22,684.7,5,0.0,0.0,16.0,9.0,4.0,7.0,1,Beauty,Debit Card,Mobile,136.94,0.0,0.562,1
1465,CUST_01466,2023-02-27,42,Male,Istanbul,True,2023,2,1,0,Monday,February,False,2023-08-27,1497.88,3,317.24,0.1747763233284852,17.0,4.0,5.0,4.0,1,Electronics,Credit Card,Mobile,499.29333333333335,0.21179266696931662,0.235,1
1466,CUST_01467,2023-02-22,55,Other,Antalya,True,2023,2,1,2,Wednesday,February,False,2023-08-22,726.64,4,0.0,0.0,19.0,7.0,2.0,8.0,1,Fashion,Credit Card,Tablet,181.66,0.0,0.368,0
1467,CUST_01468,2023-01-05,39,Male,Istanbul,False,2023,1,1,3,Thursday,January,False,2023-07-05,777.71,3,138.34,0.15101795753506903,17.0,10.0,4.0,3.0,1,Sports,Credit Card,Mobile,259.2366666666667,0.17788121536305307,0.588,0
1468,CUST_01469,2023-04-08,20,Male,Gaziantep,True,2023,4,2,5,Saturday,April,True,2023-10-08,45.3,2,12.38,0.21463245492371708,13.0,9.0,5.0,5.0,1,Food,Credit Card,Mobile,22.65,0.2732891832229581,0.692,0
1469,CUST_01470,2023-02-21,40,Male,Gaziantep,True,2023,2,1,1,Tuesday,February,False,2023-08-21,1041.73,1,287.01,0.21600162560019265,8.0,6.0,4.0,3.0,1,Home & Garden,Credit Card,Mobile,1041.73,0.2755128488187918,0.75,0
1470,CUST_01471,2023-03-20,49,Female,Istanbul,False,2023,3,1,0,Monday,March,False,2023-09-20,5026.12,4,0.0,0.0,13.0,9.0,5.0,5.0,1,Electronics,Bank Transfer,Desktop,1256.53,0.0,0.692,1
1471,CUST_01472,2023-01-16,27,Female,Ankara,False,2023,1,1,0,Monday,January,False,2023-07-16,217.19,1,0.0,0.0,16.0,7.0,5.0,6.0,1,Beauty,Digital Wallet,Mobile,217.19,0.0,0.437,0
1472,CUST_01473,2023-05-24,33,Male,Izmir,False,2023,5,2,2,Wednesday,May,False,2023-11-24,1094.25,5,0.0,0.0,14.0,11.0,5.0,8.0,1,Sports,Bank Transfer,Desktop,218.85,0.0,0.786,1
1473,CUST_01474,2023-02-21,35,Male,Bursa,True,2023,2,1,1,Tuesday,February,False,2023-08-21,266.75,1,0.0,0.0,36.0,8.0,5.0,6.0,1,Beauty,Debit Card,Mobile,266.75,0.0,0.222,1
1474,CUST_01475,2023-08-29,25,Male,Ankara,True,2023,8,3,1,Tuesday,August,False,2024-02-29,109.61,2,10.75,0.08931538717181788,16.0,12.0,4.0,11.0,1,Beauty,Credit Card,Desktop,54.805,0.09807499315755862,0.75,1
1475,CUST_01476,2023-08-22,42,Male,Bursa,True,2023,8,3,1,Tuesday,August,False,2024-02-22,404.29,1,100.23,0.19866407674621425,17.0,13.0,4.0,9.0,1,Home & Garden,Credit Card,Mobile,404.29,0.24791609982933044,0.765,0
1476,CUST_01477,2023-01-08,33,Male,Ankara,True,2023,1,1,6,Sunday,January,True,2023-07-08,214.26,3,0.0,0.0,8.0,11.0,5.0,3.0,1,Books,Cash on Delivery,Tablet,71.42,0.0,1.375,0
1477,CUST_01478,2023-02-26,40,Male,Istanbul,True,2023,2,1,6,Sunday,February,True,2023-08-26,2374.66,2,0.0,0.0,20.0,11.0,5.0,4.0,1,Home & Garden,Credit Card,Mobile,1187.33,0.0,0.55,1
1478,CUST_01479,2023-02-01,24,Male,Istanbul,True,2023,2,1,2,Wednesday,February,False,2023-08-01,1653.15,5,0.0,0.0,14.0,8.0,4.0,5.0,1,Sports,Credit Card,Mobile,330.63,0.0,0.571,0
1479,CUST_01480,2023-02-03,29,Female,Istanbul,True,2023,2,1,4,Friday,February,False,2023-08-03,217.8,5,0.0,0.0,17.0,8.0,5.0,10.0,1,Beauty,Debit Card,Tablet,43.56,0.0,0.471,0
1480,CUST_01481,2023-04-15,43,Male,Gaziantep,True,2023,4,2,5,Saturday,April,True,2023-10-15,176.3,2,0.0,0.0,15.0,12.0,4.0,2.0,1,Books,Bank Transfer,Tablet,88.15,0.0,0.8,0
1481,CUST_01482,2023-02-20,30,Female,Eskisehir,False,2023,2,1,0,Monday,February,False,2023-08-20,3615.28,4,791.08,0.17953140460606942,17.0,10.0,2.0,4.0,1,Sports,Digital Wallet,Tablet,903.82,0.21881569339027682,0.588,1
1482,CUST_01483,2023-03-21,55,Female,Izmir,True,2023,3,1,1,Tuesday,March,False,2023-09-21,340.45,5,0.0,0.0,20.0,18.0,3.0,3.0,1,Books,Debit Card,Desktop,68.09,0.0,0.9,0
1483,CUST_01484,2023-02-08,30,Female,Izmir,True,2023,2,1,2,Wednesday,February,False,2023-08-08,996.79,1,0.0,0.0,5.0,9.0,5.0,8.0,1,Home & Garden,Credit Card,Mobile,996.79,0.0,1.8,1
1484,CUST_01485,2023-06-04,37,Male,Istanbul,True,2023,6,2,6,Sunday,June,True,2023-12-04,146.1,1,0.0,0.0,10.0,8.0,3.0,4.0,1,Fashion,Debit Card,Mobile,146.1,0.0,0.8,0
1485,CUST_01486,2023-02-05,46,Male,Bursa,True,2023,2,1,6,Sunday,February,True,2023-08-05,48.46,1,0.0,0.0,17.0,9.0,5.0,5.0,1,Food,Cash on Delivery,Mobile,48.46,0.0,0.529,1
1486,CUST_01487,2023-05-06,18,Male,Istanbul,True,2023,5,2,5,Saturday,May,True,2023-11-06,3092.22,5,392.13,0.11254035903396617,15.0,10.0,5.0,15.0,1,Sports,Credit Card,Tablet,618.444,0.1268118051108912,0.667,0
1487,CUST_01488,2023-03-17,18,Female,Bursa,True,2023,3,1,4,Friday,March,False,2023-09-17,296.8,4,0.0,0.0,14.0,6.0,2.0,3.0,1,Toys,Debit Card,Mobile,74.2,0.0,0.429,1
1488,CUST_01489,2023-09-14,18,Male,Kayseri,False,2023,9,3,3,Thursday,September,False,2024-03-14,2892.6,4,0.0,0.0,18.0,7.0,2.0,1.0,1,Home & Garden,Debit Card,Mobile,723.15,0.0,0.389,1
1489,CUST_01490,2023-05-08,50,Female,Istanbul,True,2023,5,2,0,Monday,May,False,2023-11-08,100.93,5,13.17,0.1154250657318142,16.0,7.0,1.0,6.0,1,Books,Credit Card,Mobile,20.186,0.1304864757752898,0.437,0
1490,CUST_01491,2023-03-24,28,Female,Adana,False,2023,3,1,4,Friday,March,False,2023-09-24,697.35,5,0.0,0.0,19.0,7.0,4.0,8.0,1,Beauty,Credit Card,Tablet,139.47,0.0,0.368,1
1491,CUST_01492,2023-11-29,65,Male,Istanbul,True,2023,11,4,2,Wednesday,November,False,2024-05-29,183.3,2,0.0,0.0,31.0,9.0,5.0,5.0,1,Fashion,Credit Card,Mobile,91.65,0.0,0.29,0
1492,CUST_01493,2023-01-06,28,Female,Ankara,True,2023,1,1,4,Friday,January,False,2023-07-06,45.08,1,0.0,0.0,8.0,11.0,5.0,4.0,1,Toys,Credit Card,Desktop,45.08,0.0,1.375,1
1493,CUST_01494,2023-05-14,37,Male,Istanbul,True,2023,5,2,6,Sunday,May,True,2023-11-14,433.62,3,0.0,0.0,14.0,10.0,5.0,5.0,1,Toys,Bank Transfer,Mobile,144.54,0.0,0.714,1
1494,CUST_01495,2023-05-06,53,Male,Ankara,True,2023,5,2,5,Saturday,May,True,2023-11-06,321.2,3,82.15,0.20366926986488165,13.0,7.0,1.0,9.0,1,Toys,Credit Card,Tablet,107.06666666666666,0.25575965130759654,0.538,1
1495,CUST_01496,2023-02-01,59,Male,Istanbul,True,2023,2,1,2,Wednesday,February,False,2023-08-01,187.75,5,0.0,0.0,14.0,5.0,5.0,6.0,1,Beauty,Credit Card,Mobile,37.55,0.0,0.357,0
1496,CUST_01497,2023-09-16,59,Male,Ankara,False,2023,9,3,5,Saturday,September,True,2024-03-16,186.22,2,33.14,0.15107585703865792,17.0,10.0,3.0,11.0,1,Fashion,Bank Transfer,Desktop,93.11,0.1779615508538288,0.588,0
1497,CUST_01498,2023-07-29,49,Female,Izmir,True,2023,7,3,5,Saturday,July,True,2024-01-29,8957.82,3,0.0,0.0,14.0,6.0,4.0,6.0,1,Electronics,Debit Card,Mobile,2985.94,0.0,0.429,0
1498,CUST_01499,2023-04-26,47,Male,Ankara,True,2023,4,2,2,Wednesday,April,False,2023-10-26,127.11,1,20.47,0.13870443149478248,14.0,6.0,2.0,10.0,1,Beauty,Digital Wallet,Desktop,127.11,0.16104161749665644,0.429,0
1499,CUST_01500,2023-01-12,42,Male,Antalya,True,2023,1,1,3,Thursday,January,False,2023-07-12,414.09,3,0.0,0.0,13.0,8.0,5.0,6.0,1,Toys,Debit Card,Mobile,138.03,0.0,0.615,0
1500,CUST_01501,2023-05-12,44,Female,Kayseri,False,2023,5,2,4,Friday,May,False,2023-11-12,487.98,2,0.0,0.0,14.0,15.0,5.0,6.0,1,Fashion,Debit Card,Tablet,243.99,0.0,1.071,0
1501,CUST_01502,2023-08-31,28,Female,Izmir,False,2023,8,3,3,Thursday,August,False,2024-02-29,679.21,3,181.16,0.21056057277682855,11.0,8.0,5.0,4.0,1,Toys,Debit Card,Mobile,226.40333333333334,0.2667216324847985,0.727,1
1502,CUST_01503,2023-01-04,25,Male,Istanbul,False,2023,1,1,2,Wednesday,January,False,2023-07-04,207.64,5,26.26,0.1122702009405729,19.0,7.0,5.0,7.0,1,Books,Debit Card,Desktop,41.528,0.12646888846079754,0.368,0
1503,CUST_01504,2023-04-17,34,Female,Ankara,True,2023,4,2,0,Monday,April,False,2023-10-17,4700.58,3,0.0,0.0,8.0,11.0,5.0,6.0,1,Electronics,Digital Wallet,Mobile,1566.86,0.0,1.375,1
1504,CUST_01505,2023-07-21,32,Female,Konya,True,2023,7,3,4,Friday,July,False,2024-01-21,531.82,2,0.0,0.0,11.0,10.0,2.0,12.0,1,Fashion,Credit Card,Desktop,265.91,0.0,0.909,1
1505,CUST_01506,2023-03-20,29,Male,Bursa,False,2023,3,1,0,Monday,March,False,2023-09-20,471.16,4,82.88,0.14959208721391956,11.0,10.0,2.0,8.0,1,Fashion,Debit Card,Desktop,117.79,0.17590627387723914,0.909,0
1506,CUST_01507,2023-05-25,43,Male,Izmir,False,2023,5,2,3,Thursday,May,False,2023-11-25,508.79,4,49.21,0.0881899641577061,18.0,8.0,4.0,5.0,1,Toys,Credit Card,Tablet,127.1975,0.09671966823247312,0.444,1
1507,CUST_01508,2023-01-19,46,Male,Istanbul,False,2023,1,1,3,Thursday,January,False,2023-07-19,2079.0,4,111.92,0.0510835630693955,11.0,9.0,1.0,4.0,1,Electronics,Credit Card,Desktop,519.75,0.05383357383357384,0.818,1
1508,CUST_01509,2023-03-12,36,Female,Izmir,True,2023,3,1,6,Sunday,March,True,2023-09-12,9689.28,3,0.0,0.0,16.0,13.0,4.0,6.0,1,Electronics,Digital Wallet,Desktop,3229.76,0.0,0.812,1
1509,CUST_01510,2023-02-05,52,Female,Ankara,True,2023,2,1,6,Sunday,February,True,2023-08-05,58.63,1,0.0,0.0,12.0,6.0,4.0,2.0,1,Books,Debit Card,Mobile,58.63,0.0,0.5,0
1510,CUST_01511,2023-03-03,21,Female,Kayseri,False,2023,3,1,4,Friday,March,False,2023-09-03,142.78,2,36.34,0.202880750334971,18.0,9.0,3.0,11.0,1,Beauty,Credit Card,Tablet,71.39,0.25451743941728533,0.5,1
1511,CUST_01512,2023-06-06,32,Female,Konya,True,2023,6,2,1,Tuesday,June,False,2023-12-06,125.25,3,0.0,0.0,14.0,10.0,3.0,8.0,1,Books,Digital Wallet,Mobile,41.75,0.0,0.714,1
1512,CUST_01513,2023-01-12,26,Male,Istanbul,True,2023,1,1,3,Thursday,January,False,2023-07-12,107.43,2,20.87,0.16266562743569757,15.0,7.0,4.0,3.0,1,Books,Cash on Delivery,Mobile,53.715,0.19426603369636042,0.467,1
1513,CUST_01514,2023-05-28,18,Male,Izmir,True,2023,5,2,6,Sunday,May,True,2023-11-28,5803.08,3,0.0,0.0,19.0,6.0,4.0,6.0,1,Home & Garden,Credit Card,Mobile,1934.36,0.0,0.316,1
1514,CUST_01515,2023-04-27,34,Male,Istanbul,True,2023,4,2,3,Thursday,April,False,2023-10-27,3102.36,2,0.0,0.0,22.0,6.0,5.0,5.0,1,Electronics,Debit Card,Mobile,1551.18,0.0,0.273,1
1515,CUST_01516,2023-03-11,33,Female,Izmir,True,2023,3,1,5,Saturday,March,True,2023-09-11,7340.28,5,1507.52,0.17038359818259907,18.0,6.0,5.0,2.0,1,Home & Garden,Credit Card,Mobile,1468.056,0.20537636166467765,0.333,0
1516,CUST_01517,2023-01-29,53,Female,Konya,True,2023,1,1,6,Sunday,January,True,2023-07-29,3129.21,2,386.05,0.1098211796566968,13.0,8.0,5.0,5.0,1,Electronics,Credit Card,Mobile,1564.605,0.12336979621054515,0.615,1
1517,CUST_01518,2023-01-10,42,Male,Bursa,True,2023,1,1,1,Tuesday,January,False,2023-07-10,988.65,5,0.0,0.0,21.0,8.0,3.0,2.0,1,Sports,Credit Card,Desktop,197.73,0.0,0.381,1
1518,CUST_01519,2023-02-02,22,Female,Ankara,False,2023,2,1,3,Thursday,February,False,2023-08-02,338.1,5,0.0,0.0,17.0,7.0,3.0,9.0,1,Beauty,Cash on Delivery,Desktop,67.62,0.0,0.412,0
1519,CUST_01520,2023-10-13,57,Male,Istanbul,False,2023,10,4,4,Friday,October,False,2024-04-13,4455.17,5,1074.28,0.1942833374024541,10.0,11.0,2.0,6.0,1,Sports,Credit Card,Mobile,891.034,0.2411310903961016,1.1,1
1520,CUST_01521,2023-01-05,49,Male,Gaziantep,False,2023,1,1,3,Thursday,January,False,2023-07-05,478.95,5,0.0,0.0,18.0,8.0,4.0,6.0,1,Food,Bank Transfer,Mobile,95.78999999999999,0.0,0.444,0
1521,CUST_01522,2023-03-01,41,Male,Antalya,False,2023,3,1,2,Wednesday,March,False,2023-09-01,60.66,2,0.0,0.0,13.0,12.0,5.0,14.0,1,Beauty,Digital Wallet,Mobile,30.33,0.0,0.923,0
1522,CUST_01523,2023-01-04,32,Male,Izmir,True,2023,1,1,2,Wednesday,January,False,2023-07-04,535.44,2,0.0,0.0,14.0,10.0,3.0,11.0,1,Sports,Credit Card,Desktop,267.72,0.0,0.714,1
1523,CUST_01524,2023-02-21,23,Male,Istanbul,True,2023,2,1,1,Tuesday,February,False,2023-08-21,511.01,1,0.0,0.0,11.0,8.0,3.0,5.0,1,Home & Garden,Credit Card,Mobile,511.01,0.0,0.727,1
1524,CUST_01525,2023-05-12,30,Male,Ankara,True,2023,5,2,4,Friday,May,False,2023-11-12,143.38,1,39.02,0.21392543859649124,18.0,10.0,5.0,2.0,1,Fashion,Debit Card,Desktop,143.38,0.2721439531315386,0.556,0
1525,CUST_01526,2023-03-27,48,Male,Kayseri,False,2023,3,1,0,Monday,March,False,2023-09-27,169.92,3,0.0,0.0,6.0,12.0,4.0,4.0,1,Books,Digital Wallet,Mobile,56.63999999999999,0.0,2.0,0
1526,CUST_01527,2023-01-14,57,Male,Bursa,False,2023,1,1,5,Saturday,January,True,2023-07-14,156.14,1,0.0,0.0,14.0,6.0,3.0,7.0,1,Toys,Credit Card,Mobile,156.14,0.0,0.429,0
1527,CUST_01528,2023-06-03,53,Female,Izmir,True,2023,6,2,5,Saturday,June,True,2023-12-03,510.29,1,0.0,0.0,22.0,8.0,4.0,6.0,1,Sports,Credit Card,Mobile,510.29,0.0,0.364,0
1528,CUST_01529,2023-01-12,29,Male,Bursa,True,2023,1,1,3,Thursday,January,False,2023-07-12,125.76,2,0.0,0.0,17.0,6.0,5.0,10.0,1,Sports,Bank Transfer,Mobile,62.88,0.0,0.353,1
1529,CUST_01530,2023-01-24,21,Female,Adana,True,2023,1,1,1,Tuesday,January,False,2023-07-24,4879.14,1,0.0,0.0,8.0,15.0,1.0,5.0,1,Electronics,Debit Card,Mobile,4879.14,0.0,1.875,0
1530,CUST_01531,2023-06-16,36,Male,Ankara,False,2023,6,2,4,Friday,June,False,2023-12-16,325.34,5,12.01,0.03560100785534311,7.0,11.0,4.0,4.0,1,Food,Credit Card,Tablet,65.068,0.0369152271469847,1.571,1
1531,CUST_01532,2023-04-02,18,Male,Istanbul,False,2023,4,2,6,Sunday,April,True,2023-10-02,699.35,1,0.0,0.0,16.0,7.0,4.0,5.0,1,Home & Garden,Debit Card,Tablet,699.35,0.0,0.437,0
1532,CUST_01533,2023-01-29,38,Male,Bursa,False,2023,1,1,6,Sunday,January,True,2023-07-29,222.64,1,0.0,0.0,6.0,12.0,3.0,7.0,1,Toys,Credit Card,Mobile,222.64,0.0,2.0,0
1533,CUST_01534,2023-05-31,33,Male,Antalya,True,2023,5,2,2,Wednesday,May,False,2023-11-30,247.05,1,0.0,0.0,12.0,14.0,2.0,10.0,1,Sports,Debit Card,Mobile,247.05,0.0,1.167,0
1534,CUST_01535,2023-06-05,29,Female,Adana,False,2023,6,2,0,Monday,June,False,2023-12-05,882.75,5,0.0,0.0,15.0,10.0,4.0,8.0,1,Toys,Digital Wallet,Mobile,176.55,0.0,0.667,1
1535,CUST_01536,2023-03-30,18,Male,Konya,False,2023,3,1,3,Thursday,March,False,2023-09-30,5257.25,5,1082.15,0.17070227466321733,18.0,13.0,1.0,7.0,1,Home & Garden,Credit Card,Desktop,1051.45,0.2058395549003757,0.722,1
1536,CUST_01537,2023-06-11,41,Female,Ankara,True,2023,6,2,6,Sunday,June,True,2023-12-11,84.42,3,0.0,0.0,18.0,10.0,2.0,9.0,1,Beauty,Debit Card,Desktop,28.14,0.0,0.556,1
1537,CUST_01538,2023-03-16,28,Female,Istanbul,True,2023,3,1,3,Thursday,March,False,2023-09-16,1851.4,5,0.0,0.0,8.0,14.0,2.0,2.0,1,Toys,Digital Wallet,Desktop,370.28000000000003,0.0,1.75,1
1538,CUST_01539,2023-02-13,20,Female,Kayseri,True,2023,2,1,0,Monday,February,False,2023-08-13,107.44,4,0.0,0.0,17.0,8.0,3.0,7.0,1,Toys,Digital Wallet,Mobile,26.86,0.0,0.471,1
1539,CUST_01540,2023-05-01,18,Female,Izmir,False,2023,5,2,0,Monday,May,False,2023-11-01,8530.4,5,0.0,0.0,20.0,12.0,5.0,10.0,1,Electronics,Digital Wallet,Tablet,1706.08,0.0,0.6,0
1540,CUST_01541,2023-03-17,34,Female,Antalya,True,2023,3,1,4,Friday,March,False,2023-09-17,2309.4,2,0.0,0.0,16.0,9.0,5.0,8.0,1,Electronics,Credit Card,Mobile,1154.7,0.0,0.562,0
1541,CUST_01542,2023-07-21,56,Male,Antalya,True,2023,7,3,4,Friday,July,False,2024-01-21,613.2,5,0.0,0.0,13.0,9.0,3.0,2.0,1,Home & Garden,Debit Card,Mobile,122.64000000000001,0.0,0.692,1
1542,CUST_01543,2023-02-01,54,Female,Bursa,True,2023,2,1,2,Wednesday,February,False,2023-08-01,597.86,1,47.92,0.07420483756077922,18.0,8.0,4.0,6.0,1,Sports,Credit Card,Desktop,597.86,0.08015254407386345,0.444,0
1543,CUST_01544,2023-07-25,29,Male,Istanbul,True,2023,7,3,1,Tuesday,July,False,2024-01-25,618.05,5,0.0,0.0,20.0,9.0,5.0,14.0,1,Fashion,Digital Wallet,Mobile,123.60999999999999,0.0,0.45,0
1544,CUST_01545,2023-04-03,27,Male,Adana,True,2023,4,2,0,Monday,April,False,2023-10-03,59.02,2,0.0,0.0,9.0,7.0,5.0,7.0,1,Food,Credit Card,Desktop,29.51,0.0,0.778,0
1545,CUST_01546,2023-01-03,40,Male,Gaziantep,True,2023,1,1,1,Tuesday,January,False,2023-07-03,425.66,2,0.0,0.0,16.0,9.0,5.0,4.0,1,Beauty,Credit Card,Mobile,212.83,0.0,0.562,0
1546,CUST_01547,2023-01-06,23,Female,Bursa,False,2023,1,1,4,Friday,January,False,2023-07-06,884.96,4,0.0,0.0,11.0,11.0,4.0,11.0,1,Toys,Debit Card,Desktop,221.24,0.0,1.0,0
1547,CUST_01548,2023-02-10,38,Female,Izmir,False,2023,2,1,4,Friday,February,False,2023-08-10,247.56,1,77.17,0.23764358082098974,5.0,8.0,5.0,2.0,1,Fashion,Credit Card,Mobile,247.56,0.31172241072871226,1.6,1
1548,CUST_01549,2023-04-17,44,Male,Istanbul,True,2023,4,2,0,Monday,April,False,2023-10-17,2888.92,2,201.04,0.06506233090395992,12.0,10.0,5.0,5.0,1,Electronics,Debit Card,Mobile,1444.46,0.06959001979978677,0.833,1
1549,CUST_01550,2023-05-29,49,Female,Istanbul,False,2023,5,2,0,Monday,May,False,2023-11-29,3201.16,4,0.0,0.0,17.0,8.0,5.0,4.0,1,Home & Garden,Credit Card,Mobile,800.29,0.0,0.471,0
1550,CUST_01551,2023-02-18,33,Male,Ankara,True,2023,2,1,5,Saturday,February,True,2023-08-18,3134.4,4,0.0,0.0,18.0,9.0,2.0,3.0,1,Home & Garden,Credit Card,Mobile,783.6,0.0,0.5,0
1551,CUST_01552,2023-01-05,32,Male,Ankara,False,2023,1,1,3,Thursday,January,False,2023-07-05,637.34,2,0.0,0.0,13.0,10.0,5.0,5.0,1,Electronics,Digital Wallet,Mobile,318.67,0.0,0.769,0
1552,CUST_01553,2023-11-30,24,Male,Kayseri,True,2023,11,4,3,Thursday,November,False,2024-05-30,3179.82,2,0.0,0.0,17.0,10.0,2.0,4.0,1,Electronics,Credit Card,Tablet,1589.91,0.0,0.588,0
1553,CUST_01554,2023-01-10,25,Male,Gaziantep,True,2023,1,1,1,Tuesday,January,False,2023-07-10,576.98,4,69.62,0.10767089390658831,14.0,8.0,4.0,8.0,1,Fashion,Credit Card,Desktop,144.245,0.12066276127422094,0.571,1
1554,CUST_01555,2023-09-12,32,Male,Antalya,False,2023,9,3,1,Tuesday,September,False,2024-03-12,20.18,1,0.0,0.0,22.0,9.0,3.0,5.0,1,Food,Credit Card,Tablet,20.18,0.0,0.409,0
1555,CUST_01556,2023-01-19,39,Female,Izmir,True,2023,1,1,3,Thursday,January,False,2023-07-19,1320.9,4,155.78,0.10549340412276187,16.0,7.0,5.0,10.0,1,Fashion,Debit Card,Mobile,330.225,0.11793474146415323,0.437,0
1556,CUST_01557,2023-02-25,45,Female,Istanbul,True,2023,2,1,5,Saturday,February,True,2023-08-25,593.16,3,0.0,0.0,8.0,12.0,4.0,7.0,1,Books,Digital Wallet,Mobile,197.72,0.0,1.5,1
1557,CUST_01558,2023-04-29,25,Male,Eskisehir,True,2023,4,2,5,Saturday,April,True,2023-10-29,432.55,1,0.0,0.0,13.0,15.0,4.0,2.0,1,Home & Garden,Credit Card,Desktop,432.55,0.0,1.154,1
1558,CUST_01559,2023-02-21,52,Female,Ankara,False,2023,2,1,1,Tuesday,February,False,2023-08-21,424.34,4,111.74,0.20843903894941052,16.0,13.0,4.0,4.0,1,Beauty,Credit Card,Desktop,106.085,0.26332657774426166,0.812,1
1559,CUST_01560,2023-02-05,31,Female,Istanbul,False,2023,2,1,6,Sunday,February,True,2023-08-05,150.28,1,10.33,0.06431729033061452,14.0,8.0,5.0,2.0,1,Beauty,Debit Card,Mobile,150.28,0.068738355070535,0.571,0
1560,CUST_01561,2023-01-13,34,Female,Izmir,False,2023,1,1,4,Friday,January,False,2023-07-13,54.64,2,0.0,0.0,17.0,12.0,2.0,5.0,1,Books,Digital Wallet,Desktop,27.32,0.0,0.706,1
1561,CUST_01562,2023-04-14,26,Female,Konya,False,2023,4,2,4,Friday,April,False,2023-10-14,410.84,4,0.0,0.0,9.0,12.0,3.0,8.0,1,Food,Digital Wallet,Mobile,102.71,0.0,1.333,1
1562,CUST_01563,2023-02-11,18,Male,Konya,False,2023,2,1,5,Saturday,February,True,2023-08-11,51.15,1,0.0,0.0,20.0,11.0,5.0,6.0,1,Books,Digital Wallet,Mobile,51.15,0.0,0.55,0
1563,CUST_01564,2023-01-08,45,Female,Istanbul,True,2023,1,1,6,Sunday,January,True,2023-07-08,2353.88,4,0.0,0.0,15.0,10.0,5.0,4.0,1,Sports,Credit Card,Desktop,588.47,0.0,0.667,0
1564,CUST_01565,2023-01-05,43,Female,Konya,True,2023,1,1,3,Thursday,January,False,2023-07-05,560.8,2,0.0,0.0,16.0,9.0,3.0,3.0,1,Toys,Digital Wallet,Tablet,280.4,0.0,0.562,0
1565,CUST_01566,2023-09-27,31,Male,Ankara,True,2023,9,3,2,Wednesday,September,False,2024-03-27,2671.96,4,0.0,0.0,19.0,11.0,1.0,18.0,1,Home & Garden,Credit Card,Desktop,667.99,0.0,0.579,0
1566,CUST_01567,2023-08-01,35,Male,Istanbul,False,2023,8,3,1,Tuesday,August,False,2024-02-01,57.32,1,3.91,0.06385758615057979,12.0,9.0,5.0,10.0,1,Food,Credit Card,Desktop,57.32,0.06821353803210049,0.75,1
1567,CUST_01568,2023-05-28,41,Female,Gaziantep,True,2023,5,2,6,Sunday,May,True,2023-11-28,430.77,1,94.71,0.18023521351906827,16.0,7.0,2.0,5.0,1,Home & Garden,Cash on Delivery,Mobile,430.77,0.21986210738909395,0.437,0
1568,CUST_01569,2023-07-02,18,Male,Konya,True,2023,7,3,6,Sunday,July,True,2024-01-02,725.44,4,0.0,0.0,13.0,4.0,3.0,6.0,1,Toys,Credit Card,Mobile,181.36,0.0,0.308,1
1569,CUST_01570,2023-07-16,28,Other,Bursa,True,2023,7,3,6,Sunday,July,True,2024-01-16,11335.52,4,0.0,0.0,14.0,8.0,4.0,4.0,1,Electronics,Digital Wallet,Mobile,2833.88,0.0,0.571,1
1570,CUST_01571,2023-03-22,44,Male,Bursa,False,2023,3,1,2,Wednesday,March,False,2023-09-22,199.45,5,0.0,0.0,23.0,8.0,3.0,5.0,1,Books,Bank Transfer,Mobile,39.89,0.0,0.348,0
1571,CUST_01572,2023-02-07,19,Female,Gaziantep,False,2023,2,1,1,Tuesday,February,False,2023-08-07,373.84,4,0.0,0.0,8.0,5.0,3.0,4.0,1,Books,Credit Card,Tablet,93.46,0.0,0.625,1
1572,CUST_01573,2023-08-15,38,Male,Gaziantep,True,2023,8,3,1,Tuesday,August,False,2024-02-15,284.06,2,0.0,0.0,17.0,8.0,4.0,6.0,1,Beauty,Digital Wallet,Tablet,142.03,0.0,0.471,0
1573,CUST_01574,2023-04-07,18,Female,Konya,False,2023,4,2,4,Friday,April,False,2023-10-07,111.38,2,0.0,0.0,19.0,11.0,5.0,6.0,1,Books,Credit Card,Mobile,55.69,0.0,0.579,1
1574,CUST_01575,2023-03-21,40,Female,Bursa,False,2023,3,1,1,Tuesday,March,False,2023-09-21,51.36,1,0.0,0.0,12.0,12.0,5.0,15.0,1,Books,Credit Card,Mobile,51.36,0.0,1.0,1
1575,CUST_01576,2023-04-07,34,Male,Eskisehir,False,2023,4,2,4,Friday,April,False,2023-10-07,9567.56,4,0.0,0.0,14.0,9.0,5.0,3.0,1,Electronics,Bank Transfer,Desktop,2391.89,0.0,0.643,1
1576,CUST_01577,2023-06-08,18,Female,Eskisehir,True,2023,6,2,3,Thursday,June,False,2023-12-08,202.09,1,43.92,0.17852932807609448,14.0,6.0,3.0,7.0,1,Sports,Bank Transfer,Mobile,202.09,0.21732891286060665,0.429,1
1577,CUST_01578,2023-02-26,48,Male,Istanbul,True,2023,2,1,6,Sunday,February,True,2023-08-26,16999.5,5,0.0,0.0,15.0,9.0,3.0,4.0,1,Electronics,Debit Card,Mobile,3399.9,0.0,0.6,0
1578,CUST_01579,2023-01-31,26,Male,Gaziantep,True,2023,1,1,1,Tuesday,January,False,2023-07-31,72.18,2,14.46,0.16689750692520777,15.0,6.0,5.0,13.0,1,Beauty,Digital Wallet,Mobile,36.09,0.200332502078138,0.4,1
1579,CUST_01580,2023-05-09,25,Male,Izmir,True,2023,5,2,1,Tuesday,May,False,2023-11-09,298.34,2,0.0,0.0,2.0,5.0,3.0,12.0,1,Home & Garden,Debit Card,Desktop,149.17,0.0,2.5,0
1580,CUST_01581,2023-01-16,37,Female,Ankara,False,2023,1,1,0,Monday,January,False,2023-07-16,434.28,5,107.02,0.1977092185479401,17.0,13.0,5.0,4.0,1,Books,Credit Card,Mobile,86.856,0.24643087409044856,0.765,0
1581,CUST_01582,2023-02-16,48,Male,Bursa,True,2023,2,1,3,Thursday,February,False,2023-08-16,380.7,5,94.35,0.19861067256078305,16.0,7.0,4.0,4.0,1,Books,Cash on Delivery,Desktop,76.14,0.24783293932230102,0.437,1
1582,CUST_01583,2023-06-04,22,Male,Istanbul,False,2023,6,2,6,Sunday,June,True,2023-12-04,730.66,1,0.0,0.0,8.0,13.0,4.0,6.0,1,Home & Garden,Credit Card,Mobile,730.66,0.0,1.625,0
1583,CUST_01584,2023-01-09,35,Male,Izmir,False,2023,1,1,0,Monday,January,False,2023-07-09,169.52,2,45.98,0.2133642691415313,16.0,13.0,5.0,1.0,1,Fashion,Credit Card,Mobile,84.76,0.27123643227937705,0.812,1
1584,CUST_01585,2023-03-09,40,Female,Konya,True,2023,3,1,3,Thursday,March,False,2023-09-09,926.55,3,0.0,0.0,12.5,10.5,4.0,9.0,2,Fashion,Debit Card,Tablet,308.84999999999997,0.0,0.84,1
1585,CUST_01586,2023-06-03,43,Female,Istanbul,True,2023,6,2,5,Saturday,June,True,2023-12-03,5133.72,4,0.0,0.0,14.0,8.0,5.0,7.0,1,Sports,Debit Card,Desktop,1283.43,0.0,0.571,1
1586,CUST_01587,2023-01-21,37,Male,Izmir,True,2023,1,1,5,Saturday,January,True,2023-07-21,739.64,1,79.74,0.09731748395128023,17.0,9.0,1.0,7.0,1,Sports,Debit Card,Mobile,739.64,0.10780920447785408,0.529,0
1587,CUST_01588,2023-02-24,30,Male,Kayseri,True,2023,2,1,4,Friday,February,False,2023-08-24,154.35,2,4.15,0.026182965299684544,7.0,12.0,2.0,4.0,1,Food,Bank Transfer,Mobile,77.175,0.026886945254292197,1.714,1
1588,CUST_01589,2023-03-30,25,Female,Izmir,False,2023,3,1,3,Thursday,March,False,2023-09-30,703.59,2,42.87,0.05743107467245398,15.0,8.0,5.0,11.0,1,Beauty,Cash on Delivery,Mobile,351.795,0.060930371381059986,0.533,1
1589,CUST_01590,2023-01-15,36,Male,Ankara,False,2023,1,1,6,Sunday,January,True,2023-07-15,604.9,2,49.2,0.07521785659685064,17.0,6.0,4.0,5.0,1,Home & Garden,Bank Transfer,Mobile,302.45,0.08133575797652505,0.353,1
1590,CUST_01591,2023-06-27,22,Female,Izmir,False,2023,6,2,1,Tuesday,June,False,2023-12-27,1098.76,4,0.0,0.0,12.0,14.0,4.0,4.0,1,Toys,Bank Transfer,Mobile,274.69,0.0,1.167,1
1591,CUST_01592,2023-02-11,18,Female,Izmir,False,2023,2,1,5,Saturday,February,True,2023-08-11,885.5,5,0.0,0.0,11.0,11.0,4.0,11.0,1,Beauty,Credit Card,Tablet,177.1,0.0,1.0,1
1592,CUST_01593,2023-03-20,40,Female,Antalya,False,2023,3,1,0,Monday,March,False,2023-09-20,56.96,1,0.0,0.0,13.0,9.0,5.0,6.0,1,Food,Bank Transfer,Mobile,56.96,0.0,0.692,0
1593,CUST_01594,2023-03-07,45,Male,Gaziantep,True,2023,3,1,1,Tuesday,March,False,2023-09-07,79.67,1,0.0,0.0,9.0,8.0,4.0,3.0,1,Fashion,Credit Card,Mobile,79.67,0.0,0.889,1
1594,CUST_01595,2023-01-16,18,Female,Izmir,True,2023,1,1,0,Monday,January,False,2023-07-16,1047.63,3,157.47,0.13066965397062485,18.0,9.0,4.0,6.0,1,Fashion,Debit Card,Mobile,349.21000000000004,0.1503107012972137,0.5,0
1595,CUST_01596,2023-02-01,22,Female,Gaziantep,True,2023,2,1,2,Wednesday,February,False,2023-08-01,216.79,1,56.76,0.2074940595869128,15.0,14.0,3.0,7.0,1,Sports,Credit Card,Mobile,216.79,0.2618201946584252,0.933,0
1596,CUST_01597,2023-01-12,42,Female,Bursa,False,2023,1,1,3,Thursday,January,False,2023-07-12,3613.93,9,754.01,0.133170366876226,15.5,7.0,5.0,5.0,2,Home & Garden,Credit Card,Mobile,401.54777777777775,0.20863990171364694,0.452,0
1597,CUST_01598,2023-10-08,59,Male,Ankara,False,2023,10,4,6,Sunday,October,True,2024-04-08,182.26,2,0.0,0.0,12.0,7.0,5.0,5.0,1,Toys,Digital Wallet,Mobile,91.13,0.0,0.583,0
1598,CUST_01599,2023-03-02,35,Male,Antalya,False,2023,3,1,3,Thursday,March,False,2023-09-02,564.28,3,106.61,0.15890831581928483,19.0,8.0,1.0,6.0,1,Fashion,Cash on Delivery,Mobile,188.09333333333333,0.18893102714964202,0.421,0
1599,CUST_01600,2023-02-18,26,Male,Adana,False,2023,2,1,5,Saturday,February,True,2023-08-18,1423.77,3,0.0,0.0,14.0,9.0,5.0,9.0,1,Fashion,Debit Card,Mobile,474.59,0.0,0.643,1
1600,CUST_01601,2023-05-21,32,Female,Bursa,False,2023,5,2,6,Sunday,May,True,2023-11-21,827.26,3,55.31,0.062669250031159,15.0,10.0,4.0,4.0,1,Beauty,Debit Card,Mobile,275.75333333333333,0.06685927036240118,0.667,0
1601,CUST_01602,2023-01-05,51,Female,Istanbul,False,2023,1,1,3,Thursday,January,False,2023-07-05,655.2,5,0.0,0.0,27.0,7.0,5.0,8.0,1,Beauty,Debit Card,Desktop,131.04000000000002,0.0,0.259,1
1602,CUST_01603,2023-04-26,27,Male,Istanbul,False,2023,4,2,2,Wednesday,April,False,2023-10-26,1401.0,2,0.0,0.0,12.0,7.0,2.0,8.0,1,Fashion,Bank Transfer,Tablet,700.5,0.0,0.583,0
1603,CUST_01604,2023-05-26,25,Male,Ankara,True,2023,5,2,4,Friday,May,False,2023-11-26,5879.99,4,1079.73,0.15513986194846918,12.0,8.0,5.0,9.0,1,Electronics,Debit Card,Mobile,1469.9975,0.1836278633126927,0.667,0
1604,CUST_01605,2023-05-06,29,Male,Ankara,True,2023,5,2,5,Saturday,May,True,2023-11-06,79.35,1,11.97,0.13107752956636007,20.0,12.0,5.0,4.0,1,Books,Digital Wallet,Desktop,79.35,0.1508506616257089,0.6,0
1605,CUST_01606,2023-04-21,23,Female,Antalya,False,2023,4,2,4,Friday,April,False,2023-10-21,391.36,4,0.0,0.0,19.0,7.0,4.0,6.0,1,Beauty,Credit Card,Mobile,97.84,0.0,0.368,0
1606,CUST_01607,2023-02-11,36,Female,Istanbul,False,2023,2,1,5,Saturday,February,True,2023-08-11,162.32,4,0.0,0.0,16.0,6.0,4.0,8.0,1,Food,Credit Card,Tablet,40.58,0.0,0.375,1
1607,CUST_01608,2023-01-26,54,Male,Adana,False,2023,1,1,3,Thursday,January,False,2023-07-26,706.29,5,23.31,0.03194901315789474,11.0,12.0,4.0,5.0,1,Beauty,Credit Card,Mobile,141.25799999999998,0.03300344051310368,1.091,1
1608,CUST_01609,2023-04-28,38,Male,Ankara,True,2023,4,2,4,Friday,April,False,2023-10-28,354.72,3,0.0,0.0,15.0,7.0,1.0,10.0,1,Toys,Debit Card,Mobile,118.24000000000001,0.0,0.467,0
1609,CUST_01610,2023-09-01,31,Male,Ankara,False,2023,9,3,4,Friday,September,False,2024-03-01,434.57,3,117.04,0.2121788945088015,12.0,13.0,5.0,6.0,1,Toys,Credit Card,Desktop,144.85666666666665,0.26932369928895233,1.083,0
1610,CUST_01611,2023-01-30,31,Female,Bursa,True,2023,1,1,0,Monday,January,False,2023-07-30,942.68,4,196.48,0.17247796622072403,15.0,11.0,5.0,5.0,1,Sports,Bank Transfer,Mobile,235.67,0.20842703780710314,0.733,0
1611,CUST_01612,2023-10-18,18,Female,Istanbul,True,2023,10,4,2,Wednesday,October,False,2024-04-18,119.52,1,21.29,0.15119664796534335,19.0,13.0,5.0,6.0,1,Sports,Credit Card,Mobile,119.52,0.17812918340026773,0.684,1
1612,CUST_01613,2023-01-02,45,Female,Konya,True,2023,1,1,0,Monday,January,False,2023-07-02,144.33,3,0.0,0.0,14.0,6.0,5.0,5.0,1,Books,Digital Wallet,Desktop,48.11000000000001,0.0,0.429,1
1613,CUST_01614,2023-06-13,34,Male,Istanbul,True,2023,6,2,1,Tuesday,June,False,2023-12-13,896.16,4,0.0,0.0,14.0,9.0,4.0,11.0,1,Toys,Credit Card,Mobile,224.04,0.0,0.643,1
1614,CUST_01615,2023-07-17,32,Female,Izmir,False,2023,7,3,0,Monday,July,False,2024-01-17,547.42,2,0.0,0.0,15.0,11.0,2.0,4.0,1,Beauty,Cash on Delivery,Mobile,273.71,0.0,0.733,1
1615,CUST_01616,2023-04-28,73,Male,Gaziantep,True,2023,4,2,4,Friday,April,False,2023-10-28,20.29,1,0.0,0.0,18.0,14.0,4.0,4.0,1,Food,Digital Wallet,Mobile,20.29,0.0,0.778,0
1616,CUST_01617,2023-08-07,38,Female,Bursa,False,2023,8,3,0,Monday,August,False,2024-02-07,361.78,5,43.72,0.10781750924784217,14.0,10.0,4.0,6.0,1,Food,Digital Wallet,Mobile,72.356,0.12084692354469567,0.714,0
1617,CUST_01618,2023-01-30,25,Male,Ankara,True,2023,1,1,0,Monday,January,False,2023-07-30,4668.3,4,969.74,0.1719994891841846,18.0,12.0,5.0,3.0,1,Electronics,Digital Wallet,Mobile,1167.075,0.20772872351819718,0.667,1
1618,CUST_01619,2023-05-24,29,Female,Izmir,True,2023,5,2,2,Wednesday,May,False,2023-11-24,125.76,3,0.0,0.0,14.0,11.0,5.0,3.0,1,Food,Debit Card,Mobile,41.92,0.0,0.786,0
1619,CUST_01620,2023-04-23,48,Female,Adana,False,2023,4,2,6,Sunday,April,True,2023-10-23,207.14,1,0.0,0.0,16.0,9.0,5.0,10.0,1,Home & Garden,Credit Card,Tablet,207.14,0.0,0.562,0
1620,CUST_01621,2023-11-22,36,Female,Eskisehir,False,2023,11,4,2,Wednesday,November,False,2024-05-22,68.27,1,12.87,0.15861473995563222,11.0,12.0,4.0,10.0,1,Books,Debit Card,Mobile,68.27,0.1885161857331185,1.091,0
1621,CUST_01622,2023-04-08,18,Female,Konya,False,2023,4,2,5,Saturday,April,True,2023-10-08,448.51,1,0.0,0.0,19.0,11.0,5.0,4.0,1,Home & Garden,Cash on Delivery,Mobile,448.51,0.0,0.579,1
1622,CUST_01623,2023-06-14,46,Male,Ankara,True,2023,6,2,2,Wednesday,June,False,2023-12-14,190.2,5,27.4,0.1259191176470588,13.0,7.0,4.0,6.0,1,Toys,Credit Card,Mobile,38.04,0.1440588853838065,0.538,1
1623,CUST_01624,2023-03-10,26,Male,Eskisehir,True,2023,3,1,4,Friday,March,False,2023-09-10,40.5,2,0.0,0.0,9.0,10.0,5.0,12.0,1,Books,Credit Card,Mobile,20.25,0.0,1.111,1
1624,CUST_01625,2023-04-22,57,Female,Istanbul,True,2023,4,2,5,Saturday,April,True,2023-10-22,91.73,1,12.69,0.12152844282704463,9.0,14.0,2.0,3.0,1,Toys,Digital Wallet,Mobile,91.73,0.13834078273193065,1.556,0
1625,CUST_01626,2023-08-28,47,Male,Istanbul,False,2023,8,3,0,Monday,August,False,2024-02-28,249.85,5,0.0,0.0,19.0,11.0,4.0,17.0,1,Books,Credit Card,Desktop,49.97,0.0,0.579,1
1626,CUST_01627,2024-01-05,29,Male,Gaziantep,True,2024,1,1,4,Friday,January,False,2024-07-05,115.6,1,0.0,0.0,7.0,7.0,5.0,6.0,1,Beauty,Debit Card,Mobile,115.6,0.0,1.0,1
1627,CUST_01628,2023-01-24,50,Male,Istanbul,False,2023,1,1,1,Tuesday,January,False,2023-07-24,268.45,3,17.42,0.06093678944974989,16.0,12.0,5.0,8.0,1,Beauty,Credit Card,Mobile,89.48333333333333,0.06489104116222762,0.75,0
1628,CUST_01629,2023-05-02,35,Female,Istanbul,True,2023,5,2,1,Tuesday,May,False,2023-11-02,220.01,3,37.9,0.14695048660385407,14.0,12.0,5.0,10.0,1,Books,Debit Card,Desktop,73.33666666666666,0.1722648970501341,0.857,0
1629,CUST_01630,2023-04-16,45,Male,Istanbul,False,2023,4,2,6,Sunday,April,True,2023-10-16,3212.96,4,0.0,0.0,19.0,12.0,2.0,7.0,1,Home & Garden,Digital Wallet,Mobile,803.24,0.0,0.632,0
1630,CUST_01631,2023-03-17,40,Male,Izmir,True,2023,3,1,4,Friday,March,False,2023-09-17,174.54,3,0.0,0.0,17.0,10.0,5.0,9.0,1,Books,Bank Transfer,Desktop,58.18,0.0,0.588,0
1631,CUST_01632,2023-01-28,24,Male,Adana,False,2023,1,1,5,Saturday,January,True,2023-07-28,96.21,2,8.45,0.0807376266004204,13.0,8.0,3.0,4.0,1,Books,Debit Card,Desktop,48.105,0.08782870803450785,0.615,1
1632,CUST_01633,2023-03-14,27,Male,Antalya,True,2023,3,1,1,Tuesday,March,False,2023-09-14,12209.82,5,1555.23,0.11298397027253805,17.0,12.0,2.0,4.0,1,Electronics,Credit Card,Desktop,2441.964,0.12737534214263602,0.706,0
1633,CUST_01634,2023-02-03,47,Female,Istanbul,True,2023,2,1,4,Friday,February,False,2023-08-03,352.6,5,0.0,0.0,13.0,9.0,4.0,2.0,1,Toys,Credit Card,Mobile,70.52000000000001,0.0,0.692,0
1634,CUST_01635,2023-10-28,30,Other,Izmir,False,2023,10,4,5,Saturday,October,True,2024-04-28,739.72,1,0.0,0.0,21.0,6.0,5.0,4.0,1,Sports,Credit Card,Mobile,739.72,0.0,0.286,1
1635,CUST_01636,2023-01-02,30,Female,Kayseri,True,2023,1,1,0,Monday,January,False,2023-07-02,268.65,1,21.32,0.07352484739800669,16.0,9.0,4.0,15.0,1,Home & Garden,Credit Card,Mobile,268.65,0.07935976177182208,0.562,0
1636,CUST_01637,2023-01-21,23,Male,Gaziantep,True,2023,1,1,5,Saturday,January,True,2023-07-21,193.65,3,0.0,0.0,10.0,6.0,5.0,4.0,1,Toys,Debit Card,Desktop,64.55,0.0,0.6,1
1637,CUST_01638,2023-02-19,40,Female,Ankara,False,2023,2,1,6,Sunday,February,True,2023-08-19,1205.58,2,0.0,0.0,15.0,11.0,2.0,9.0,1,Fashion,Credit Card,Tablet,602.79,0.0,0.733,1
1638,CUST_01639,2023-01-09,59,Female,Eskisehir,False,2023,1,1,0,Monday,January,False,2023-07-09,93.92,1,0.0,0.0,10.0,11.0,3.0,11.0,1,Beauty,Credit Card,Mobile,93.92,0.0,1.1,1
1639,CUST_01640,2023-01-07,22,Male,Adana,True,2023,1,1,5,Saturday,January,True,2023-07-07,158.89,2,12.43,0.0725542843801074,14.0,8.0,4.0,5.0,1,Books,Debit Card,Mobile,79.445,0.07823022216627856,0.571,1
1640,CUST_01641,2023-01-18,35,Female,Istanbul,False,2023,1,1,2,Wednesday,January,False,2023-07-18,246.5,2,11.32,0.04390660150492592,20.0,5.0,4.0,6.0,1,Beauty,Credit Card,Desktop,123.25,0.04592292089249493,0.25,0
1641,CUST_01642,2023-02-12,51,Female,Istanbul,True,2023,2,1,6,Sunday,February,True,2023-08-12,1099.04,4,0.0,0.0,15.0,13.0,2.0,4.0,1,Toys,Bank Transfer,Mobile,274.76,0.0,0.867,0
1642,CUST_01643,2023-02-22,34,Female,Istanbul,False,2023,2,1,2,Wednesday,February,False,2023-08-22,88.24,1,0.0,0.0,17.0,7.0,4.0,3.0,1,Beauty,Credit Card,Desktop,88.24,0.0,0.412,1
1643,CUST_01644,2023-01-20,40,Female,Adana,True,2023,1,1,4,Friday,January,False,2023-07-20,821.4,4,0.0,0.0,18.0,7.0,4.0,12.0,1,Toys,Debit Card,Desktop,205.35,0.0,0.389,1
1644,CUST_01645,2023-03-09,22,Male,Istanbul,True,2023,3,1,3,Thursday,March,False,2023-09-09,29.32,1,4.49,0.13280094646554275,2.0,10.0,1.0,4.0,1,Toys,Credit Card,Desktop,29.32,0.15313778990450205,5.0,1
1645,CUST_01646,2023-02-05,40,Male,Izmir,True,2023,2,1,6,Sunday,February,True,2023-08-05,326.45,4,54.51,0.14308588828223437,15.0,7.0,5.0,12.0,1,Food,Credit Card,Mobile,81.6125,0.1669780977178741,0.467,0
1646,CUST_01647,2023-03-04,32,Female,Istanbul,True,2023,3,1,5,Saturday,March,True,2023-09-04,3200.15,5,0.0,0.0,17.0,11.0,5.0,11.0,1,Home & Garden,Credit Card,Mobile,640.03,0.0,0.647,1
1647,CUST_01648,2023-02-01,46,Male,Kayseri,True,2023,2,1,2,Wednesday,February,False,2023-08-01,685.4,5,0.0,0.0,15.0,8.0,5.0,11.0,1,Toys,Credit Card,Desktop,137.07999999999998,0.0,0.533,1
1648,CUST_01649,2023-01-08,49,Male,Ankara,True,2023,1,1,6,Sunday,January,True,2023-07-08,148.96,1,8.86,0.056139906222278546,15.0,9.0,4.0,4.0,1,Fashion,Credit Card,Mobile,148.96,0.05947905477980665,0.6,1
1649,CUST_01650,2023-01-24,66,Female,Konya,True,2023,1,1,1,Tuesday,January,False,2023-07-24,195.86,2,0.0,0.0,15.0,11.0,2.0,4.0,1,Books,Debit Card,Mobile,97.93,0.0,0.733,0
1650,CUST_01651,2023-02-07,41,Female,Kayseri,False,2023,2,1,1,Tuesday,February,False,2023-08-07,2173.76,4,0.0,0.0,5.0,8.0,4.0,3.0,1,Toys,Debit Card,Mobile,543.44,0.0,1.6,1
1651,CUST_01652,2023-02-16,38,Male,Istanbul,False,2023,2,1,3,Thursday,February,False,2023-08-16,5272.76,3,1432.87,0.2136816376686456,15.0,8.0,5.0,10.0,1,Electronics,Debit Card,Desktop,1757.5866666666668,0.271749520175392,0.533,0
1652,CUST_01653,2023-03-09,37,Female,Izmir,True,2023,3,1,3,Thursday,March,False,2023-09-09,1409.2,2,0.0,0.0,10.0,8.0,5.0,4.0,1,Home & Garden,Bank Transfer,Desktop,704.6,0.0,0.8,0
1653,CUST_01654,2023-02-10,30,Female,Istanbul,False,2023,2,1,4,Friday,February,False,2023-08-10,2605.35,5,0.0,0.0,11.0,8.0,4.0,3.0,1,Sports,Bank Transfer,Desktop,521.0699999999999,0.0,0.727,0
1654,CUST_01655,2023-10-04,39,Female,Konya,False,2023,10,4,2,Wednesday,October,False,2024-04-04,83.67,1,0.0,0.0,17.0,11.0,1.0,8.0,1,Beauty,Credit Card,Tablet,83.67,0.0,0.647,0
1655,CUST_01656,2023-04-15,31,Male,Izmir,False,2023,4,2,5,Saturday,April,True,2023-10-15,424.56,2,0.0,0.0,9.0,9.0,4.0,6.0,1,Toys,Bank Transfer,Mobile,212.28,0.0,1.0,1
1656,CUST_01657,2023-05-22,37,Male,Istanbul,True,2023,5,2,0,Monday,May,False,2023-11-22,186.29,2,51.39,0.21621507909794682,10.0,8.0,4.0,10.0,1,Beauty,Credit Card,Mobile,93.145,0.27586021793977133,0.8,0
1657,CUST_01658,2023-08-18,50,Male,Istanbul,False,2023,8,3,4,Friday,August,False,2024-02-18,183.36,3,0.0,0.0,18.0,11.0,3.0,9.0,1,Food,Credit Card,Mobile,61.120000000000005,0.0,0.611,0
1658,CUST_01659,2023-02-09,22,Male,Ankara,False,2023,2,1,3,Thursday,February,False,2023-08-09,336.81,4,63.11,0.15780656131226245,12.0,9.0,4.0,5.0,1,Toys,Debit Card,Mobile,84.2025,0.18737567174371306,0.75,0
1659,CUST_01660,2023-05-20,48,Male,Kayseri,True,2023,5,2,5,Saturday,May,True,2023-11-20,153.86,2,0.0,0.0,13.0,9.0,4.0,9.0,1,Toys,Bank Transfer,Desktop,76.93,0.0,0.692,0
1660,CUST_01661,2023-07-07,50,Male,Antalya,False,2023,7,3,4,Friday,July,False,2024-01-07,398.79,3,0.0,0.0,18.0,11.0,5.0,6.0,1,Books,Debit Card,Mobile,132.93,0.0,0.611,0
1661,CUST_01662,2023-03-13,33,Male,Konya,False,2023,3,1,0,Monday,March,False,2023-09-13,715.64,4,158.6,0.18141471449487553,17.0,10.0,5.0,5.0,1,Toys,Credit Card,Mobile,178.91,0.22161980884243473,0.588,1
1662,CUST_01663,2023-03-17,18,Female,Ankara,False,2023,3,1,4,Friday,March,False,2023-09-17,428.96,4,0.0,0.0,11.0,7.0,5.0,3.0,1,Home & Garden,Credit Card,Desktop,107.24,0.0,0.636,1
1663,CUST_01664,2023-03-10,27,Male,Istanbul,False,2023,3,1,4,Friday,March,False,2023-09-10,349.46,2,0.0,0.0,18.0,10.0,2.0,5.0,1,Toys,Debit Card,Mobile,174.73,0.0,0.556,0
1664,CUST_01665,2023-01-28,50,Female,Eskisehir,False,2023,1,1,5,Saturday,January,True,2023-07-28,739.88,5,158.97,0.17685932024253212,17.0,10.0,5.0,5.0,1,Toys,Digital Wallet,Mobile,147.976,0.2148591663513002,0.588,0
1665,CUST_01666,2023-04-29,34,Female,Istanbul,True,2023,4,2,5,Saturday,April,True,2023-10-29,359.92,2,47.22,0.11597976126148254,17.0,7.0,5.0,7.0,1,Beauty,Credit Card,Desktop,179.96,0.13119582129362078,0.412,0
1666,CUST_01667,2023-01-27,23,Male,Kayseri,False,2023,1,1,4,Friday,January,False,2023-07-27,534.6,4,0.0,0.0,13.0,9.0,4.0,2.0,1,Toys,Credit Card,Mobile,133.65,0.0,0.692,1
1667,CUST_01668,2023-02-18,28,Female,Ankara,True,2023,2,1,5,Saturday,February,True,2023-08-18,98.8,5,0.0,0.0,17.0,10.0,4.0,5.0,1,Books,Digital Wallet,Mobile,19.759999999999998,0.0,0.588,0
1668,CUST_01669,2023-01-20,45,Female,Istanbul,True,2023,1,1,4,Friday,January,False,2023-07-20,652.14,3,0.0,0.0,9.0,9.0,4.0,14.0,1,Toys,Debit Card,Mobile,217.38,0.0,1.0,0
1669,CUST_01670,2023-06-23,41,Male,Antalya,True,2023,6,2,4,Friday,June,False,2023-12-23,87.41,1,0.0,0.0,16.0,9.0,3.0,9.0,1,Fashion,Credit Card,Mobile,87.41,0.0,0.562,0
1670,CUST_01671,2023-01-09,32,Female,Eskisehir,True,2023,1,1,0,Monday,January,False,2023-07-09,740.4,3,181.86,0.19718951271875612,20.0,10.0,3.0,8.0,1,Toys,Debit Card,Desktop,246.79999999999998,0.24562398703403568,0.5,1
1671,CUST_01672,2023-02-28,30,Male,Eskisehir,True,2023,2,1,1,Tuesday,February,False,2023-08-28,1347.2,4,0.0,0.0,11.0,11.0,5.0,11.0,1,Home & Garden,Digital Wallet,Mobile,336.8,0.0,1.0,0
1672,CUST_01673,2023-01-21,30,Female,Istanbul,True,2023,1,1,5,Saturday,January,True,2023-07-21,176.91,3,0.0,0.0,11.0,10.0,4.0,3.0,1,Toys,Credit Card,Mobile,58.97,0.0,0.909,1
1673,CUST_01674,2023-02-08,23,Male,Istanbul,True,2023,2,1,2,Wednesday,February,False,2023-08-08,75.74,1,0.0,0.0,22.0,5.0,3.0,7.0,1,Toys,Debit Card,Mobile,75.74,0.0,0.227,0
1674,CUST_01675,2023-02-27,54,Female,Bursa,True,2023,2,1,0,Monday,February,False,2023-08-27,277.86,5,67.14,0.19460869565217392,19.0,9.0,4.0,5.0,1,Beauty,Credit Card,Mobile,55.572,0.24163247678687108,0.474,0
1675,CUST_01676,2023-03-10,31,Male,Antalya,True,2023,3,1,4,Friday,March,False,2023-09-10,15165.45,5,0.0,0.0,10.0,10.0,4.0,4.0,1,Electronics,Debit Card,Mobile,3033.09,0.0,1.0,0
1676,CUST_01677,2023-04-26,49,Female,Adana,True,2023,4,2,2,Wednesday,April,False,2023-10-26,307.05,5,0.0,0.0,2.0,6.0,3.0,6.0,1,Books,Credit Card,Mobile,61.410000000000004,0.0,3.0,1
1677,CUST_01678,2024-02-17,53,Male,Istanbul,True,2024,2,1,5,Saturday,February,True,2024-08-17,3119.14,3,707.57,0.18490295841597615,14.0,8.0,3.0,8.0,1,Sports,Credit Card,Desktop,1039.7133333333334,0.22684778496636895,0.571,0
1678,CUST_01679,2023-02-23,46,Female,Kayseri,False,2023,2,1,3,Thursday,February,False,2023-08-23,2691.9,3,0.0,0.0,11.0,6.0,3.0,5.0,1,Fashion,Credit Card,Desktop,897.3000000000001,0.0,0.545,0
1679,CUST_01680,2023-06-05,29,Female,Antalya,False,2023,6,2,0,Monday,June,False,2023-12-05,156.29,1,0.0,0.0,13.0,7.0,3.0,12.0,1,Books,Credit Card,Desktop,156.29,0.0,0.538,0
1680,CUST_01681,2023-12-12,39,Male,Gaziantep,True,2023,12,4,1,Tuesday,December,False,2024-06-12,1771.15,3,32.42,0.0179754597825424,12.0,8.0,4.0,6.0,1,Home & Garden,Digital Wallet,Desktop,590.3833333333333,0.018304491432120373,0.667,0
1681,CUST_01682,2023-02-04,34,Female,Bursa,True,2023,2,1,5,Saturday,February,True,2023-08-04,135.92,1,0.0,0.0,17.0,9.0,5.0,6.0,1,Toys,Digital Wallet,Mobile,135.92,0.0,0.529,1
1682,CUST_01683,2023-11-08,24,Male,Izmir,True,2023,11,4,2,Wednesday,November,False,2024-05-08,2847.85,5,0.0,0.0,22.0,4.0,1.0,3.0,1,Sports,Credit Card,Mobile,569.5699999999999,0.0,0.182,0
1683,CUST_01684,2023-02-27,38,Female,Eskisehir,False,2023,2,1,0,Monday,February,False,2023-08-27,12.6,2,0.0,0.0,16.0,9.0,4.0,6.0,1,Food,Debit Card,Desktop,6.3,0.0,0.562,0
1684,CUST_01685,2023-03-17,20,Female,Bursa,False,2023,3,1,4,Friday,March,False,2023-09-17,866.55,5,0.0,0.0,16.0,8.0,5.0,11.0,1,Toys,Credit Card,Desktop,173.31,0.0,0.5,1
1685,CUST_01686,2023-01-18,49,Female,Konya,True,2023,1,1,2,Wednesday,January,False,2023-07-18,67.56,2,11.8,0.14868951612903228,14.0,7.0,2.0,6.0,1,Food,Credit Card,Mobile,33.78,0.17465956187092954,0.5,0
1686,CUST_01687,2023-01-31,29,Female,Kayseri,False,2023,1,1,1,Tuesday,January,False,2023-07-31,4998.16,4,0.0,0.0,19.0,12.0,4.0,4.0,1,Electronics,Credit Card,Mobile,1249.54,0.0,0.632,1
1687,CUST_01688,2023-06-16,37,Male,Antalya,True,2023,6,2,4,Friday,June,False,2023-12-16,166.12,1,0.0,0.0,16.0,6.0,4.0,8.0,1,Toys,Bank Transfer,Mobile,166.12,0.0,0.375,1
1688,CUST_01689,2023-03-16,38,Male,Bursa,True,2023,3,1,3,Thursday,March,False,2023-09-16,111.93,3,0.0,0.0,15.0,8.0,4.0,5.0,1,Books,Credit Card,Mobile,37.31,0.0,0.533,1
1689,CUST_01690,2023-01-08,31,Male,Istanbul,False,2023,1,1,6,Sunday,January,True,2023-07-08,984.12,4,0.0,0.0,13.0,9.0,4.0,11.0,1,Home & Garden,Bank Transfer,Desktop,246.03,0.0,0.692,0
1690,CUST_01691,2023-01-28,42,Female,Istanbul,True,2023,1,1,5,Saturday,January,True,2023-07-28,180.66,1,0.0,0.0,14.0,14.0,5.0,4.0,1,Food,Credit Card,Desktop,180.66,0.0,1.0,1
1691,CUST_01692,2023-01-05,29,Male,Istanbul,False,2023,1,1,3,Thursday,January,False,2023-07-05,212.17,1,0.0,0.0,17.0,13.0,3.0,9.0,1,Sports,Credit Card,Desktop,212.17,0.0,0.765,1
1692,CUST_01693,2023-01-27,45,Female,Istanbul,True,2023,1,1,4,Friday,January,False,2023-07-27,1755.12,4,226.28,0.11420207933784192,12.0,11.0,2.0,18.0,1,Sports,Debit Card,Desktop,438.78,0.12892565750489995,0.917,1
1693,CUST_01694,2023-04-07,18,Female,Ankara,False,2023,4,2,4,Friday,April,False,2023-10-07,323.15,3,84.7,0.20767439009439748,13.0,6.0,3.0,2.0,1,Fashion,Credit Card,Mobile,107.71666666666665,0.2621073804734644,0.462,0
1694,CUST_01695,2023-01-20,36,Male,Ankara,False,2023,1,1,4,Friday,January,False,2023-07-20,349.83,3,68.76,0.16426574930122553,21.0,10.0,3.0,6.0,1,Fashion,Digital Wallet,Mobile,116.61,0.19655261126833035,0.476,1
1695,CUST_01696,2023-12-11,58,Female,Ankara,True,2023,12,4,0,Monday,December,False,2024-06-11,615.75,5,0.0,0.0,10.0,12.0,5.0,3.0,1,Toys,Debit Card,Desktop,123.15,0.0,1.2,0
1696,CUST_01697,2023-01-02,22,Male,Izmir,False,2023,1,1,0,Monday,January,False,2023-07-02,633.61,4,137.55,0.17836765392395873,11.0,6.0,3.0,8.0,1,Beauty,Debit Card,Desktop,158.4025,0.21708937674594783,0.545,0
1697,CUST_01698,2023-01-14,26,Male,Istanbul,True,2023,1,1,5,Saturday,January,True,2023-07-14,268.61,1,0.0,0.0,14.0,7.0,5.0,6.0,1,Fashion,Credit Card,Mobile,268.61,0.0,0.5,1
1698,CUST_01699,2023-05-15,41,Female,Istanbul,True,2023,5,2,0,Monday,May,False,2023-11-15,659.99,1,0.0,0.0,21.0,8.0,4.0,7.0,1,Home & Garden,Cash on Delivery,Desktop,659.99,0.0,0.381,1
1699,CUST_01700,2023-02-20,37,Male,Antalya,True,2023,2,1,0,Monday,February,False,2023-08-20,12218.8,5,0.0,0.0,14.0,12.0,3.0,4.0,1,Electronics,Credit Card,Desktop,2443.7599999999998,0.0,0.857,0
1700,CUST_01701,2023-03-19,39,Male,Bursa,False,2023,3,1,6,Sunday,March,True,2023-09-19,174.8,2,0.0,0.0,19.0,7.0,5.0,10.0,1,Books,Credit Card,Mobile,87.4,0.0,0.368,1
1701,CUST_01702,2023-10-08,40,Female,Izmir,True,2023,10,4,6,Sunday,October,True,2024-04-08,2681.83,3,714.05,0.2102695030448661,15.0,9.0,3.0,3.0,1,Home & Garden,Cash on Delivery,Desktop,893.9433333333333,0.26625475887733374,0.6,1
1702,CUST_01703,2023-11-23,42,Male,Antalya,True,2023,11,4,3,Thursday,November,False,2024-05-23,83.31,1,0.0,0.0,21.0,14.0,5.0,2.0,1,Beauty,Digital Wallet,Mobile,83.31,0.0,0.667,1
1703,CUST_01704,2023-04-23,48,Female,Gaziantep,False,2023,4,2,6,Sunday,April,True,2023-10-23,111.39,1,0.0,0.0,9.0,6.0,5.0,5.0,1,Sports,Digital Wallet,Desktop,111.39,0.0,0.667,1
1704,CUST_01705,2023-02-25,39,Female,Izmir,False,2023,2,1,5,Saturday,February,True,2023-08-25,835.78,1,139.79,0.14329058909150547,19.0,9.0,5.0,3.0,1,Electronics,Credit Card,Desktop,835.78,0.16725693364282465,0.474,0
1705,CUST_01706,2023-10-30,32,Male,Antalya,True,2023,10,4,0,Monday,October,False,2024-04-30,365.58,5,22.42,0.05778350515463918,18.0,11.0,2.0,4.0,1,Beauty,Credit Card,Tablet,73.116,0.061327206083483785,0.611,0
1706,CUST_01707,2023-02-25,43,Male,Kayseri,False,2023,2,1,5,Saturday,February,True,2023-08-25,2573.84,2,0.0,0.0,18.0,9.0,5.0,4.0,1,Electronics,Digital Wallet,Tablet,1286.92,0.0,0.5,1
1707,CUST_01708,2023-08-30,57,Female,Gaziantep,True,2023,8,3,2,Wednesday,August,False,2024-02-29,148.63,1,0.0,0.0,6.0,8.0,5.0,3.0,1,Food,Credit Card,Desktop,148.63,0.0,1.333,1
1708,CUST_01709,2023-01-04,33,Male,Izmir,True,2023,1,1,2,Wednesday,January,False,2023-07-04,743.56,4,0.0,0.0,15.0,15.0,5.0,11.0,1,Beauty,Bank Transfer,Tablet,185.89,0.0,1.0,1
1709,CUST_01710,2023-02-24,23,Male,Antalya,True,2023,2,1,4,Friday,February,False,2023-08-24,117.35,5,0.0,0.0,18.0,10.0,4.0,4.0,1,Food,Debit Card,Mobile,23.47,0.0,0.556,0
1710,CUST_01711,2023-05-06,48,Female,Istanbul,True,2023,5,2,5,Saturday,May,True,2023-11-06,295.64,2,0.0,0.0,13.0,10.0,5.0,2.0,1,Sports,Credit Card,Mobile,147.82,0.0,0.769,1
1711,CUST_01712,2023-02-02,33,Male,Bursa,True,2023,2,1,3,Thursday,February,False,2023-08-02,92.21,3,15.37,0.1428704220115263,15.0,11.0,5.0,6.0,1,Beauty,Digital Wallet,Mobile,30.736666666666665,0.16668474135126343,0.733,0
1712,CUST_01713,2023-11-09,18,Female,Eskisehir,True,2023,11,4,3,Thursday,November,False,2024-05-09,2484.39,2,254.37,0.09287779871182579,11.0,8.0,5.0,13.0,1,Home & Garden,Digital Wallet,Mobile,1242.195,0.1023873063407919,0.727,0
1713,CUST_01714,2023-01-26,45,Male,Izmir,True,2023,1,1,3,Thursday,January,False,2023-07-26,73.25,2,8.37,0.10254839500122517,18.0,10.0,5.0,10.0,1,Books,Debit Card,Mobile,36.625,0.11426621160409556,0.556,1
1714,CUST_01715,2023-01-19,28,Male,Kayseri,True,2023,1,1,3,Thursday,January,False,2023-07-19,9509.56,4,0.0,0.0,15.0,11.0,5.0,5.0,1,Electronics,Credit Card,Mobile,2377.39,0.0,0.733,0
1715,CUST_01716,2023-02-02,33,Male,Izmir,True,2023,2,1,3,Thursday,February,False,2023-08-02,31.44,1,0.0,0.0,10.0,6.0,3.0,7.0,1,Books,Digital Wallet,Mobile,31.44,0.0,0.6,0
1716,CUST_01717,2023-02-02,38,Female,Eskisehir,True,2023,2,1,3,Thursday,February,False,2023-08-02,1452.04,4,0.0,0.0,17.0,7.0,3.0,6.0,1,Sports,Credit Card,Desktop,363.01,0.0,0.412,0
1717,CUST_01718,2024-02-26,37,Female,Bursa,True,2024,2,1,0,Monday,February,False,2024-08-26,305.32,1,0.0,0.0,3.0,10.0,4.0,6.0,1,Toys,Credit Card,Desktop,305.32,0.0,3.333,0
1718,CUST_01719,2023-04-24,43,Female,Istanbul,True,2023,4,2,0,Monday,April,False,2023-10-24,34.98,1,0.0,0.0,14.0,11.0,4.0,9.0,1,Food,Credit Card,Desktop,34.98,0.0,0.786,1
1719,CUST_01720,2023-01-09,29,Male,Bursa,True,2023,1,1,0,Monday,January,False,2023-07-09,116.8,1,0.0,0.0,16.0,9.0,2.0,7.0,1,Fashion,Credit Card,Tablet,116.8,0.0,0.562,0
1720,CUST_01721,2023-06-04,41,Male,Ankara,False,2023,6,2,6,Sunday,June,True,2023-12-04,488.88,4,0.0,0.0,18.0,6.0,3.0,2.0,1,Beauty,Credit Card,Mobile,122.22,0.0,0.333,0
1721,CUST_01722,2023-11-29,31,Male,Istanbul,False,2023,11,4,2,Wednesday,November,False,2024-05-29,153.81,1,0.0,0.0,20.0,9.0,1.0,11.0,1,Beauty,Debit Card,Tablet,153.81,0.0,0.45,0
1722,CUST_01723,2023-07-29,43,Female,Gaziantep,False,2023,7,3,5,Saturday,July,True,2024-01-29,67.42,1,0.0,0.0,15.0,5.0,4.0,4.0,1,Fashion,Cash on Delivery,Mobile,67.42,0.0,0.333,0
1723,CUST_01724,2023-01-11,42,Female,Ankara,False,2023,1,1,2,Wednesday,January,False,2023-07-11,208.35,2,45.71,0.17991812957569078,14.0,10.0,4.0,4.0,1,Food,Digital Wallet,Desktop,104.175,0.21939044876409888,0.714,1
1724,CUST_01725,2023-03-13,23,Female,Gaziantep,True,2023,3,1,0,Monday,March,False,2023-09-13,375.55,1,0.0,0.0,8.0,4.0,4.0,5.0,1,Fashion,Debit Card,Desktop,375.55,0.0,0.5,1
1725,CUST_01726,2023-01-24,48,Male,Ankara,True,2023,1,1,1,Tuesday,January,False,2023-07-24,475.66,1,0.0,0.0,4.0,3.0,5.0,16.0,1,Electronics,Cash on Delivery,Mobile,475.66,0.0,0.75,1
1726,CUST_01727,2023-01-20,28,Female,Istanbul,True,2023,1,1,4,Friday,January,False,2023-07-20,254.58,2,0.0,0.0,9.0,15.0,5.0,8.0,1,Toys,Debit Card,Desktop,127.29,0.0,1.667,1
1727,CUST_01728,2023-05-15,44,Male,Eskisehir,True,2023,5,2,0,Monday,May,False,2023-11-15,1357.65,5,0.0,0.0,13.0,9.0,4.0,10.0,1,Home & Garden,Credit Card,Mobile,271.53000000000003,0.0,0.692,1
1728,CUST_01729,2023-09-10,39,Female,Ankara,True,2023,9,3,6,Sunday,September,True,2024-03-10,334.89,3,0.0,0.0,4.0,9.0,3.0,23.0,1,Fashion,Credit Card,Mobile,111.63,0.0,2.25,0
1729,CUST_01730,2023-03-01,57,Male,Bursa,False,2023,3,1,2,Wednesday,March,False,2023-09-01,170.25,4,8.07,0.0452557200538358,12.0,13.0,4.0,6.0,1,Books,Cash on Delivery,Tablet,42.5625,0.04740088105726872,1.083,0
1730,CUST_01731,2023-01-13,32,Female,Bursa,True,2023,1,1,4,Friday,January,False,2023-07-13,1020.4,4,0.0,0.0,10.0,7.0,5.0,2.0,1,Sports,Credit Card,Mobile,255.1,0.0,0.7,1
1731,CUST_01732,2023-03-10,30,Male,Bursa,True,2023,3,1,4,Friday,March,False,2023-09-10,1450.22,1,0.0,0.0,8.0,6.0,4.0,3.0,1,Home & Garden,Credit Card,Desktop,1450.22,0.0,0.75,0
1732,CUST_01733,2023-03-27,34,Male,Kayseri,True,2023,3,1,0,Monday,March,False,2023-09-27,493.65,3,0.0,0.0,19.0,8.0,3.0,2.0,1,Beauty,Credit Card,Mobile,164.54999999999998,0.0,0.421,1
1733,CUST_01734,2023-02-12,31,Female,Antalya,True,2023,2,1,6,Sunday,February,True,2023-08-12,171.82,5,29.38,0.1460238568588469,15.0,8.0,5.0,9.0,1,Books,Credit Card,Desktop,34.364,0.17099289954603655,0.533,1
1734,CUST_01735,2023-07-18,44,Male,Izmir,False,2023,7,3,1,Tuesday,July,False,2024-01-18,1380.85,5,0.0,0.0,2.0,13.0,3.0,5.0,1,Sports,Credit Card,Mobile,276.16999999999996,0.0,6.5,1
1735,CUST_01736,2023-01-13,18,Male,Konya,False,2023,1,1,4,Friday,January,False,2023-07-13,139.94,1,0.0,0.0,17.0,9.0,5.0,4.0,1,Fashion,Digital Wallet,Desktop,139.94,0.0,0.529,1
1736,CUST_01737,2023-01-24,22,Female,Istanbul,False,2023,1,1,1,Tuesday,January,False,2023-07-24,141.49,2,15.67,0.0997073046576737,17.0,5.0,3.0,3.0,1,Books,Credit Card,Desktop,70.745,0.11074987631634743,0.294,0
1737,CUST_01738,2023-03-11,22,Female,Bursa,False,2023,3,1,5,Saturday,March,True,2023-09-11,1198.82,4,117.14,0.08901486367366788,15.0,10.0,4.0,8.0,1,Sports,Debit Card,Tablet,299.705,0.0977127508716905,0.667,0
1738,CUST_01739,2023-01-29,46,Female,Kayseri,True,2023,1,1,6,Sunday,January,True,2023-07-29,91.52,2,0.0,0.0,16.0,10.0,4.0,8.0,1,Beauty,Credit Card,Mobile,45.76,0.0,0.625,0
1739,CUST_01740,2023-04-22,55,Male,Antalya,True,2023,4,2,5,Saturday,April,True,2023-10-22,2697.3,5,477.25,0.15033626813249124,15.0,9.0,4.0,9.0,1,Home & Garden,Bank Transfer,Desktop,539.46,0.17693619545471395,0.6,0
1740,CUST_01741,2023-10-04,33,Female,Gaziantep,True,2023,10,4,2,Wednesday,October,False,2024-04-04,345.36,3,0.0,0.0,18.0,10.0,5.0,3.0,1,Beauty,Credit Card,Mobile,115.12,0.0,0.556,0
1741,CUST_01742,2023-03-21,32,Female,Antalya,True,2023,3,1,1,Tuesday,March,False,2023-09-21,133.3,2,0.0,0.0,19.0,10.0,5.0,6.0,1,Books,Debit Card,Mobile,66.65,0.0,0.526,1
1742,CUST_01743,2023-01-18,35,Male,Gaziantep,False,2023,1,1,2,Wednesday,January,False,2023-07-18,746.35,3,175.1,0.19002658852894894,15.0,7.0,4.0,9.0,1,Sports,Digital Wallet,Mobile,248.78333333333333,0.2346084276813827,0.467,0
1743,CUST_01744,2023-01-03,48,Female,Kayseri,True,2023,1,1,1,Tuesday,January,False,2023-07-03,950.79,3,0.0,0.0,8.0,10.0,3.0,7.0,1,Sports,Debit Card,Mobile,316.93,0.0,1.25,1
1744,CUST_01745,2023-05-16,23,Male,Ankara,False,2023,5,2,1,Tuesday,May,False,2023-11-16,1830.42,4,265.86,0.126824660827752,16.0,6.0,4.0,6.0,1,Sports,Debit Card,Mobile,457.605,0.1452453535254204,0.375,0
1745,CUST_01746,2023-03-21,37,Male,Istanbul,True,2023,3,1,1,Tuesday,March,False,2023-09-21,179.31,2,8.01,0.04276105060858424,6.0,9.0,1.0,2.0,1,Food,Credit Card,Mobile,89.655,0.044671239752384136,1.5,0
1746,CUST_01747,2023-08-01,46,Male,Izmir,False,2023,8,3,1,Tuesday,August,False,2024-02-01,151.92,1,0.0,0.0,17.0,6.0,5.0,2.0,1,Fashion,Credit Card,Mobile,151.92,0.0,0.353,0
1747,CUST_01748,2023-03-12,41,Male,Adana,False,2023,3,1,6,Sunday,March,True,2023-09-12,476.88,1,0.0,0.0,17.0,13.0,5.0,10.0,1,Electronics,Bank Transfer,Mobile,476.88,0.0,0.765,1
1748,CUST_01749,2023-02-20,37,Female,Istanbul,False,2023,2,1,0,Monday,February,False,2023-08-20,104.68,4,0.0,0.0,8.0,4.0,5.0,3.0,1,Books,Digital Wallet,Tablet,26.17,0.0,0.5,1
1749,CUST_01750,2023-03-14,47,Female,Istanbul,True,2023,3,1,1,Tuesday,March,False,2023-09-14,1379.6,2,0.0,0.0,14.0,8.0,2.0,4.0,1,Home & Garden,Digital Wallet,Mobile,689.8,0.0,0.571,0
1750,CUST_01751,2023-09-08,18,Female,Ankara,True,2023,9,3,4,Friday,September,False,2024-03-08,399.13,1,0.0,0.0,24.0,6.0,4.0,7.0,1,Toys,Credit Card,Mobile,399.13,0.0,0.25,0
1751,CUST_01752,2023-05-22,43,Female,Eskisehir,True,2023,5,2,0,Monday,May,False,2023-11-22,47.19,1,2.51,0.050503018108651904,11.0,9.0,3.0,6.0,1,Books,Digital Wallet,Mobile,47.19,0.053189235007416825,0.818,1
1752,CUST_01753,2023-01-03,27,Male,Antalya,True,2023,1,1,1,Tuesday,January,False,2023-07-03,342.75,5,19.5,0.053830227743271224,18.0,7.0,4.0,3.0,1,Books,Debit Card,Mobile,68.55,0.05689277899343545,0.389,1
1753,CUST_01754,2023-03-05,18,Female,Izmir,True,2023,3,1,6,Sunday,March,True,2023-09-05,147.91,1,0.0,0.0,16.0,14.0,4.0,10.0,1,Toys,Credit Card,Tablet,147.91,0.0,0.875,1
1754,CUST_01755,2023-01-17,41,Female,Istanbul,False,2023,1,1,1,Tuesday,January,False,2023-07-17,321.57,3,0.0,0.0,4.0,7.0,2.0,8.0,1,Toys,Credit Card,Desktop,107.19,0.0,1.75,0
1755,CUST_01756,2023-09-06,51,Male,Ankara,False,2023,9,3,2,Wednesday,September,False,2024-03-06,4961.52,5,513.43,0.09377802537009469,10.0,9.0,5.0,4.0,1,Sports,Debit Card,Mobile,992.3040000000001,0.10348240055466872,0.9,1
1756,CUST_01757,2023-07-09,33,Female,Istanbul,True,2023,7,3,6,Sunday,July,True,2024-01-09,193.16,1,0.0,0.0,26.0,6.0,2.0,8.0,1,Home & Garden,Credit Card,Mobile,193.16,0.0,0.231,0
1757,CUST_01758,2023-04-22,46,Female,Istanbul,True,2023,4,2,5,Saturday,April,True,2023-10-22,99.16,1,0.0,0.0,11.0,9.0,4.0,10.0,1,Toys,Digital Wallet,Desktop,99.16,0.0,0.818,1
1758,CUST_01759,2023-05-24,54,Female,Konya,True,2023,5,2,2,Wednesday,May,False,2023-11-24,43.56,2,0.0,0.0,10.0,10.0,5.0,3.0,1,Books,Debit Card,Mobile,21.78,0.0,1.0,1
1759,CUST_01760,2023-04-06,50,Female,Eskisehir,True,2023,4,2,3,Thursday,April,False,2023-10-06,193.09,2,48.71,0.20144747725392886,8.0,11.0,5.0,2.0,1,Beauty,Bank Transfer,Desktop,96.545,0.25226578279558753,1.375,1
1760,CUST_01761,2023-04-26,54,Male,Istanbul,False,2023,4,2,2,Wednesday,April,False,2023-10-26,1238.52,3,147.06,0.10613605854587971,12.0,10.0,4.0,3.0,1,Home & Garden,Digital Wallet,Mobile,412.84,0.11873849433194458,0.833,0
1761,CUST_01762,2023-01-24,43,Male,Istanbul,True,2023,1,1,1,Tuesday,January,False,2023-07-24,318.38,5,54.22,0.14551798174986583,17.0,7.0,4.0,3.0,1,Toys,Credit Card,Mobile,63.676,0.17029964193730762,0.412,0
1762,CUST_01763,2023-07-05,35,Male,Ankara,False,2023,7,3,2,Wednesday,July,False,2024-01-05,398.66,2,0.0,0.0,7.0,12.0,4.0,7.0,1,Sports,Credit Card,Mobile,199.33,0.0,1.714,0
1763,CUST_01764,2023-02-20,18,Female,Izmir,True,2023,2,1,0,Monday,February,False,2023-08-20,131.74,1,38.15,0.22455706633704162,12.0,11.0,5.0,12.0,1,Beauty,Credit Card,Mobile,131.74,0.2895855472901169,0.917,0
1764,CUST_01765,2023-12-04,32,Female,Istanbul,True,2023,12,4,0,Monday,December,False,2024-06-04,795.15,5,0.0,0.0,14.0,4.0,2.0,2.0,1,Toys,Credit Card,Desktop,159.03,0.0,0.286,1
1765,CUST_01766,2023-04-02,24,Other,Ankara,True,2023,4,2,6,Sunday,April,True,2023-10-02,292.6,4,0.0,0.0,15.0,7.0,3.0,7.0,1,Fashion,Bank Transfer,Mobile,73.15,0.0,0.467,1
1766,CUST_01767,2023-09-07,61,Male,Istanbul,False,2023,9,3,3,Thursday,September,False,2024-03-07,1001.56,4,0.0,0.0,16.0,7.0,5.0,7.0,1,Fashion,Digital Wallet,Mobile,250.39,0.0,0.437,1
1767,CUST_01768,2023-03-07,32,Male,Adana,True,2023,3,1,1,Tuesday,March,False,2023-09-07,1395.8,5,0.0,0.0,9.0,12.0,5.0,5.0,1,Sports,Bank Transfer,Desktop,279.15999999999997,0.0,1.333,1
1768,CUST_01769,2023-01-29,36,Female,Adana,True,2023,1,1,6,Sunday,January,True,2023-07-29,58.04,2,0.0,0.0,15.0,9.0,5.0,4.0,1,Food,Credit Card,Mobile,29.02,0.0,0.6,0
1769,CUST_01770,2023-02-01,41,Female,Antalya,True,2023,2,1,2,Wednesday,February,False,2023-08-01,735.52,2,0.0,0.0,3.0,7.0,3.0,8.0,1,Sports,Credit Card,Tablet,367.76,0.0,2.333,0
1770,CUST_01771,2023-03-23,35,Male,Ankara,True,2023,3,1,3,Thursday,March,False,2023-09-23,203.34,2,0.0,0.0,17.0,5.0,5.0,18.0,1,Beauty,Credit Card,Mobile,101.67,0.0,0.294,1
1771,CUST_01772,2023-05-22,55,Female,Konya,False,2023,5,2,0,Monday,May,False,2023-11-22,74.75,1,9.67,0.11454631603885335,23.0,7.0,4.0,2.0,1,Beauty,Digital Wallet,Tablet,74.75,0.12936454849498327,0.304,0
1772,CUST_01773,2023-04-08,27,Female,Eskisehir,True,2023,4,2,5,Saturday,April,True,2023-10-08,110.64,1,0.0,0.0,9.0,12.0,4.0,2.0,1,Toys,Digital Wallet,Mobile,110.64,0.0,1.333,0
1773,CUST_01774,2023-02-17,37,Female,Istanbul,True,2023,2,1,4,Friday,February,False,2023-08-17,283.75,5,0.0,0.0,18.0,7.0,3.0,5.0,1,Beauty,Bank Transfer,Mobile,56.75,0.0,0.389,1
1774,CUST_01775,2023-01-08,26,Female,Istanbul,True,2023,1,1,6,Sunday,January,True,2023-07-08,465.1,5,0.0,0.0,17.0,11.0,5.0,5.0,1,Beauty,Digital Wallet,Desktop,93.02000000000001,0.0,0.647,1
1775,CUST_01776,2023-03-11,19,Male,Bursa,True,2023,3,1,5,Saturday,March,True,2023-09-11,30.65,2,3.45,0.10117302052785924,19.0,8.0,4.0,7.0,1,Books,Debit Card,Mobile,15.325,0.11256117455138663,0.421,1
1776,CUST_01777,2023-08-10,27,Female,Istanbul,False,2023,8,3,3,Thursday,August,False,2024-02-10,2573.37,5,480.93,0.15745997446223356,13.0,8.0,5.0,6.0,1,Sports,Bank Transfer,Mobile,514.674,0.18688723347206193,0.615,1
1777,CUST_01778,2023-02-16,34,Female,Izmir,False,2023,2,1,3,Thursday,February,False,2023-08-16,97.75,1,0.0,0.0,22.0,8.0,4.0,6.0,1,Books,Debit Card,Mobile,97.75,0.0,0.364,0
1778,CUST_01779,2023-06-02,29,Male,Bursa,False,2023,6,2,4,Friday,June,False,2023-12-02,41.35,2,7.47,0.15301106104055714,13.0,10.0,4.0,5.0,1,Books,Bank Transfer,Mobile,20.675,0.18065296251511487,0.769,1
1779,CUST_01780,2023-04-16,26,Male,Bursa,True,2023,4,2,6,Sunday,April,True,2023-10-16,160.82,5,42.83,0.21031180947704398,18.0,7.0,4.0,12.0,1,Food,Bank Transfer,Desktop,32.164,0.26632259669195374,0.389,1
1780,CUST_01781,2023-03-07,18,Female,Ankara,False,2023,3,1,1,Tuesday,March,False,2023-09-07,334.68,3,0.0,0.0,10.0,14.0,5.0,8.0,1,Toys,Cash on Delivery,Mobile,111.56,0.0,1.4,1
1781,CUST_01782,2023-01-05,34,Male,Bursa,False,2023,1,1,3,Thursday,January,False,2023-07-05,637.12,4,0.0,0.0,17.0,12.0,5.0,4.0,1,Books,Credit Card,Mobile,159.28,0.0,0.706,1
1782,CUST_01783,2023-05-30,18,Male,Kayseri,True,2023,5,2,1,Tuesday,May,False,2023-11-30,2987.79,3,0.0,0.0,12.0,10.0,5.0,9.0,1,Sports,Bank Transfer,Desktop,995.93,0.0,0.833,1
1783,CUST_01784,2023-01-11,44,Female,Istanbul,True,2023,1,1,2,Wednesday,January,False,2023-07-11,469.3,3,12.05,0.025033759218863617,10.0,6.0,4.0,4.0,1,Toys,Digital Wallet,Mobile,156.43333333333334,0.02567653952695504,0.6,0
1784,CUST_01785,2023-01-26,35,Male,Antalya,False,2023,1,1,3,Thursday,January,False,2023-07-26,128.45,1,0.0,0.0,13.0,7.0,4.0,3.0,1,Toys,Cash on Delivery,Desktop,128.45,0.0,0.538,1
1785,CUST_01786,2023-01-14,18,Female,Istanbul,True,2023,1,1,5,Saturday,January,True,2023-07-14,240.81,4,30.51,0.11245024325519683,19.0,9.0,4.0,6.0,1,Beauty,Cash on Delivery,Mobile,60.2025,0.1266973962875296,0.474,1
1786,CUST_01787,2023-02-10,31,Male,Istanbul,True,2023,2,1,4,Friday,February,False,2023-08-10,986.73,1,0.0,0.0,13.0,9.0,4.0,4.0,1,Electronics,Debit Card,Desktop,986.73,0.0,0.692,1
1787,CUST_01788,2023-02-27,25,Female,Bursa,True,2023,2,1,0,Monday,February,False,2023-08-27,177.04,4,0.0,0.0,14.0,6.0,5.0,5.0,1,Food,Bank Transfer,Mobile,44.26,0.0,0.429,0
1788,CUST_01789,2023-01-22,38,Male,Istanbul,False,2023,1,1,6,Sunday,January,True,2023-07-22,107.2,4,0.0,0.0,18.0,10.0,5.0,11.0,1,Beauty,Credit Card,Desktop,26.8,0.0,0.556,0
1789,CUST_01790,2023-03-13,51,Male,Istanbul,False,2023,3,1,0,Monday,March,False,2023-09-13,2385.03,5,450.87,0.1589865651116048,15.0,8.0,4.0,4.0,1,Fashion,Debit Card,Mobile,477.00600000000003,0.18904164727487704,0.533,0
1790,CUST_01791,2023-03-17,18,Male,Istanbul,True,2023,3,1,4,Friday,March,False,2023-09-17,180.3,1,32.14,0.1512897759367351,20.0,8.0,4.0,4.0,1,Toys,Cash on Delivery,Desktop,180.3,0.17825845812534663,0.4,0
1791,CUST_01792,2023-04-16,36,Female,Bursa,True,2023,4,2,6,Sunday,April,True,2023-10-16,159.06,3,0.0,0.0,21.0,3.0,5.0,10.0,1,Books,Debit Card,Desktop,53.02,0.0,0.143,0
1792,CUST_01793,2023-02-05,33,Female,Adana,False,2023,2,1,6,Sunday,February,True,2023-08-05,337.83,3,0.0,0.0,39.0,10.0,3.0,4.0,1,Home & Garden,Credit Card,Desktop,112.61,0.0,0.256,0
1793,CUST_01794,2023-01-24,43,Male,Istanbul,True,2023,1,1,1,Tuesday,January,False,2023-07-24,3057.9,5,0.0,0.0,16.0,12.0,1.0,3.0,1,Fashion,Cash on Delivery,Tablet,611.58,0.0,0.75,0
1794,CUST_01795,2023-01-27,37,Female,Antalya,True,2023,1,1,4,Friday,January,False,2023-07-27,1277.01,3,0.0,0.0,17.0,7.0,5.0,9.0,1,Sports,Credit Card,Mobile,425.67,0.0,0.412,0
1795,CUST_01796,2023-02-01,25,Female,Istanbul,False,2023,2,1,2,Wednesday,February,False,2023-08-01,117.97,1,30.61,0.20601696055996768,13.0,13.0,3.0,5.0,1,Home & Garden,Credit Card,Mobile,117.97,0.2594727473086378,1.0,0
1796,CUST_01797,2023-04-14,31,Female,Bursa,True,2023,4,2,4,Friday,April,False,2023-10-14,1531.8,5,0.0,0.0,11.0,4.0,5.0,2.0,1,Home & Garden,Debit Card,Mobile,306.36,0.0,0.364,0
1797,CUST_01798,2023-06-18,25,Male,Izmir,False,2023,6,2,6,Sunday,June,True,2023-12-18,159.21,3,0.0,0.0,16.0,6.0,5.0,6.0,1,Beauty,Cash on Delivery,Desktop,53.07,0.0,0.375,1
1798,CUST_01799,2023-04-21,47,Female,Antalya,True,2023,4,2,4,Friday,April,False,2023-10-21,1281.54,4,77.82,0.05724752824858757,17.0,5.0,4.0,4.0,1,Home & Garden,Debit Card,Desktop,320.385,0.06072381665808324,0.294,0
1799,CUST_01800,2023-10-23,35,Male,Eskisehir,True,2023,10,4,0,Monday,October,False,2024-04-23,554.55,1,101.05,0.15413361805979256,15.0,10.0,4.0,4.0,1,Electronics,Debit Card,Tablet,554.55,0.18221981787034533,0.667,1
1800,CUST_01801,2023-09-09,57,Male,Kayseri,True,2023,9,3,5,Saturday,September,True,2024-03-09,5005.47,3,0.0,0.0,13.0,7.0,5.0,3.0,1,Electronics,Debit Card,Desktop,1668.49,0.0,0.538,0
1801,CUST_01802,2023-04-30,34,Female,Istanbul,True,2023,4,2,6,Sunday,April,True,2023-10-30,202.28,4,0.0,0.0,1.0,10.0,4.0,10.0,1,Beauty,Debit Card,Mobile,50.57,0.0,10.0,1
1802,CUST_01803,2023-02-14,26,Female,Konya,False,2023,2,1,1,Tuesday,February,False,2023-08-14,172.65,4,32.87,0.15993577267419226,11.0,10.0,2.0,12.0,1,Books,Credit Card,Desktop,43.1625,0.1903851723139299,0.909,1
1803,CUST_01804,2023-12-09,18,Male,Istanbul,True,2023,12,4,5,Saturday,December,True,2024-06-09,1239.55,5,0.0,0.0,13.0,6.0,3.0,6.0,1,Fashion,Credit Card,Desktop,247.91,0.0,0.462,1
1804,CUST_01805,2023-03-17,18,Male,Kayseri,True,2023,3,1,4,Friday,March,False,2023-09-17,1127.97,1,172.45,0.13261100259916025,10.0,7.0,5.0,5.0,1,Home & Garden,Digital Wallet,Desktop,1127.97,0.15288527177141234,0.7,1
1805,CUST_01806,2023-02-15,18,Female,Ankara,True,2023,2,1,2,Wednesday,February,False,2023-08-15,1459.04,4,0.0,0.0,12.0,8.0,4.0,5.0,1,Sports,Debit Card,Mobile,364.76,0.0,0.667,1
1806,CUST_01807,2023-02-02,38,Female,Ankara,False,2023,2,1,3,Thursday,February,False,2023-08-02,132.68,3,21.82,0.14122977346278318,14.0,10.0,4.0,12.0,1,Books,Digital Wallet,Mobile,44.22666666666667,0.16445583358456436,0.714,0
1807,CUST_01808,2023-01-02,41,Male,Istanbul,False,2023,1,1,0,Monday,January,False,2023-07-02,1225.95,5,62.15,0.04824935952177626,24.0,7.0,4.0,2.0,1,Fashion,Credit Card,Tablet,245.19,0.050695379093764016,0.292,1
1808,CUST_01809,2023-05-22,18,Female,Istanbul,False,2023,5,2,0,Monday,May,False,2023-11-22,884.52,1,332.87,0.2734292215313088,20.0,12.0,5.0,16.0,1,Electronics,Debit Card,Desktop,884.52,0.3763284041061819,0.6,0
1809,CUST_01810,2023-07-07,45,Male,Adana,False,2023,7,3,4,Friday,July,False,2024-01-07,286.65,5,0.0,0.0,18.0,3.0,2.0,8.0,1,Toys,Digital Wallet,Desktop,57.33,0.0,0.167,0
1810,CUST_01811,2023-03-16,29,Male,Kayseri,True,2023,3,1,3,Thursday,March,False,2023-09-16,65.57,1,0.0,0.0,40.0,14.0,5.0,6.0,1,Books,Cash on Delivery,Mobile,65.57,0.0,0.35,0
1811,CUST_01812,2023-03-08,36,Female,Bursa,True,2023,3,1,2,Wednesday,March,False,2023-09-08,231.15,1,22.6,0.08906403940886701,14.0,5.0,4.0,5.0,1,Beauty,Bank Transfer,Tablet,231.15,0.09777200951762925,0.357,0
1812,CUST_01813,2023-01-16,54,Male,Adana,False,2023,1,1,0,Monday,January,False,2023-07-16,166.9,2,0.0,0.0,22.0,11.0,4.0,5.0,1,Beauty,Credit Card,Mobile,83.45,0.0,0.5,0
1813,CUST_01814,2023-05-09,45,Male,Adana,True,2023,5,2,1,Tuesday,May,False,2023-11-09,154.16,1,0.0,0.0,10.0,3.0,4.0,7.0,1,Beauty,Credit Card,Mobile,154.16,0.0,0.3,0
1814,CUST_01815,2023-08-07,31,Female,Ankara,True,2023,8,3,0,Monday,August,False,2024-02-07,278.26,2,24.2,0.08001057991139325,15.0,8.0,4.0,5.0,1,Beauty,Digital Wallet,Desktop,139.13,0.08696902177819306,0.533,0
1815,CUST_01816,2023-03-31,24,Female,Istanbul,True,2023,3,1,4,Friday,March,False,2023-09-30,68.9,1,0.0,0.0,17.0,8.0,5.0,10.0,1,Toys,Credit Card,Mobile,68.9,0.0,0.471,1
1816,CUST_01817,2023-02-26,18,Male,Istanbul,False,2023,2,1,6,Sunday,February,True,2023-08-26,861.61,5,28.29,0.03179008877401955,9.0,9.0,4.0,1.0,1,Fashion,Bank Transfer,Mobile,172.322,0.03283388075811562,1.0,0
1817,CUST_01818,2023-01-13,26,Female,Ankara,True,2023,1,1,4,Friday,January,False,2023-07-13,4217.72,4,0.0,0.0,13.0,11.0,2.0,2.0,1,Electronics,Digital Wallet,Mobile,1054.43,0.0,0.846,0
1818,CUST_01819,2023-08-11,32,Female,Istanbul,True,2023,8,3,4,Friday,August,False,2024-02-11,357.84,4,0.0,0.0,14.0,9.0,2.0,7.0,1,Books,Cash on Delivery,Mobile,89.46,0.0,0.643,0
1819,CUST_01820,2023-01-14,23,Male,Istanbul,True,2023,1,1,5,Saturday,January,True,2023-07-14,170.7,5,0.0,0.0,36.0,10.0,5.0,3.0,1,Beauty,Credit Card,Mobile,34.14,0.0,0.278,1
1820,CUST_01821,2023-02-20,33,Female,Istanbul,False,2023,2,1,0,Monday,February,False,2023-08-20,333.42,3,0.0,0.0,16.0,9.0,5.0,7.0,1,Toys,Debit Card,Mobile,111.14,0.0,0.562,0
1821,CUST_01822,2023-01-08,35,Male,Istanbul,False,2023,1,1,6,Sunday,January,True,2023-07-08,308.28,2,0.0,0.0,12.0,12.0,3.0,10.0,1,Toys,Debit Card,Tablet,154.14,0.0,1.0,0
1822,CUST_01823,2023-05-25,32,Male,Kayseri,True,2023,5,2,3,Thursday,May,False,2023-11-25,225.24,4,0.0,0.0,12.0,9.0,4.0,5.0,1,Beauty,Credit Card,Mobile,56.31,0.0,0.75,1
1823,CUST_01824,2023-01-02,27,Female,Istanbul,False,2023,1,1,0,Monday,January,False,2023-07-02,585.18,3,0.0,0.0,14.0,8.0,4.0,2.0,1,Beauty,Credit Card,Desktop,195.05999999999997,0.0,0.571,0
1824,CUST_01825,2024-02-08,37,Female,Bursa,True,2024,2,1,3,Thursday,February,False,2024-08-08,1612.05,1,123.1,0.07094487508284586,7.0,7.0,5.0,5.0,1,Home & Garden,Credit Card,Mobile,1612.05,0.07636239570732918,1.0,0
1825,CUST_01826,2023-05-02,40,Male,Bursa,True,2023,5,2,1,Tuesday,May,False,2023-11-02,2557.14,2,283.82,0.09990284974093264,17.0,8.0,3.0,3.0,1,Electronics,Digital Wallet,Tablet,1278.57,0.1109911854650117,0.471,0
1826,CUST_01827,2023-07-07,21,Male,Bursa,True,2023,7,3,4,Friday,July,False,2024-01-07,573.21,3,0.0,0.0,18.0,10.0,5.0,4.0,1,Beauty,Credit Card,Tablet,191.07000000000002,0.0,0.556,1
1827,CUST_01828,2023-04-06,51,Female,Istanbul,True,2023,4,2,3,Thursday,April,False,2023-10-06,1687.04,1,145.42,0.07935780317169269,16.0,9.0,5.0,13.0,1,Electronics,Credit Card,Mobile,1687.04,0.08619831183611532,0.562,1
1828,CUST_01829,2023-01-09,33,Male,Ankara,True,2023,1,1,0,Monday,January,False,2023-07-09,237.4,2,26.14,0.09918797905441298,13.0,10.0,5.0,1.0,1,Toys,Credit Card,Mobile,118.7,0.1101095197978096,0.769,0
1829,CUST_01830,2023-01-03,35,Male,Istanbul,True,2023,1,1,1,Tuesday,January,False,2023-07-03,605.43,3,0.0,0.0,14.0,9.0,4.0,7.0,1,Fashion,Cash on Delivery,Mobile,201.80999999999997,0.0,0.643,1
1830,CUST_01831,2023-03-06,43,Male,Ankara,False,2023,3,1,0,Monday,March,False,2023-09-06,4973.5,5,0.0,0.0,15.0,13.0,4.0,6.0,1,Home & Garden,Credit Card,Desktop,994.7,0.0,0.867,0
1831,CUST_01832,2023-01-27,37,Female,Istanbul,True,2023,1,1,4,Friday,January,False,2023-07-27,27.48,1,0.0,0.0,15.0,5.0,3.0,5.0,1,Beauty,Credit Card,Desktop,27.48,0.0,0.333,0
1832,CUST_01833,2023-03-06,46,Male,Bursa,False,2023,3,1,0,Monday,March,False,2023-09-06,121.84,1,43.75,0.26420677577148377,14.0,11.0,4.0,6.0,1,Beauty,Digital Wallet,Mobile,121.84,0.3590774786605384,0.786,0
1833,CUST_01834,2023-10-08,38,Male,Antalya,False,2023,10,4,6,Sunday,October,True,2024-04-08,2379.01,4,327.23,0.12091684403452763,9.0,7.0,5.0,12.0,1,Sports,Debit Card,Tablet,594.7525,0.13754881232109153,0.778,1
1834,CUST_01835,2023-01-21,27,Female,Bursa,True,2023,1,1,5,Saturday,January,True,2023-07-21,3443.89,3,702.26,0.16937640944008298,18.0,7.0,5.0,4.0,1,Electronics,Debit Card,Mobile,1147.9633333333334,0.20391475918220384,0.389,1
1835,CUST_01836,2023-04-13,39,Female,Izmir,True,2023,4,2,3,Thursday,April,False,2023-10-13,478.03,5,69.02,0.12616762635956494,15.0,5.0,4.0,6.0,1,Toys,Digital Wallet,Desktop,95.606,0.14438424366671548,0.333,0
1836,CUST_01837,2023-02-28,21,Female,Ankara,True,2023,2,1,1,Tuesday,February,False,2023-08-28,185.48,2,0.0,0.0,6.0,9.0,5.0,15.0,1,Fashion,Digital Wallet,Desktop,92.74,0.0,1.5,1
1837,CUST_01838,2023-03-13,36,Male,Gaziantep,False,2023,3,1,0,Monday,March,False,2023-09-13,1523.7,2,0.0,0.0,8.0,6.0,4.0,11.0,1,Sports,Bank Transfer,Mobile,761.85,0.0,0.75,0
1838,CUST_01839,2023-02-02,34,Female,Istanbul,False,2023,2,1,3,Thursday,February,False,2023-08-02,6454.76,4,0.0,0.0,9.0,8.0,4.0,7.0,1,Home & Garden,Credit Card,Desktop,1613.69,0.0,0.889,1
1839,CUST_01840,2023-04-08,32,Male,Adana,True,2023,4,2,5,Saturday,April,True,2023-10-08,75.64,2,0.0,0.0,12.0,10.0,5.0,10.0,1,Beauty,Credit Card,Mobile,37.82,0.0,0.833,1
1840,CUST_01841,2023-08-18,33,Male,Adana,True,2023,8,3,4,Friday,August,False,2024-02-18,287.45,1,0.0,0.0,17.0,9.0,5.0,15.0,1,Home & Garden,Digital Wallet,Desktop,287.45,0.0,0.529,0
1841,CUST_01842,2023-06-05,18,Female,Izmir,False,2023,6,2,0,Monday,June,False,2023-12-05,572.16,4,0.0,0.0,17.0,8.0,5.0,10.0,1,Fashion,Credit Card,Mobile,143.04,0.0,0.471,0
1842,CUST_01843,2023-02-10,28,Male,Ankara,True,2023,2,1,4,Friday,February,False,2023-08-10,134.7,5,0.0,0.0,15.0,9.0,4.0,2.0,1,Books,Digital Wallet,Tablet,26.939999999999998,0.0,0.6,1
1843,CUST_01844,2023-09-20,36,Male,Izmir,True,2023,9,3,2,Wednesday,September,False,2024-03-20,673.56,2,0.0,0.0,7.0,11.0,3.0,7.0,1,Fashion,Credit Card,Mobile,336.78,0.0,1.571,1
1844,CUST_01845,2023-01-25,36,Male,Istanbul,True,2023,1,1,2,Wednesday,January,False,2023-07-25,1922.88,2,0.0,0.0,13.0,11.0,4.0,6.0,1,Electronics,Credit Card,Mobile,961.44,0.0,0.846,0
1845,CUST_01846,2023-01-16,22,Male,Istanbul,True,2023,1,1,0,Monday,January,False,2023-07-16,282.04,4,0.0,0.0,13.0,10.0,4.0,2.0,1,Beauty,Debit Card,Desktop,70.51,0.0,0.769,0
1846,CUST_01847,2023-06-01,50,Male,Istanbul,False,2023,6,2,3,Thursday,June,False,2023-12-01,118.08,5,8.42,0.06656126482213438,16.0,9.0,4.0,1.0,1,Food,Debit Card,Desktop,23.616,0.07130758807588077,0.562,1
1847,CUST_01848,2023-01-16,24,Other,Istanbul,True,2023,1,1,0,Monday,January,False,2023-07-16,184.46,2,0.0,0.0,12.0,8.0,5.0,5.0,1,Toys,Bank Transfer,Desktop,92.23,0.0,0.667,0
1848,CUST_01849,2023-01-23,46,Male,Izmir,False,2023,1,1,0,Monday,January,False,2023-07-23,5453.16,4,0.0,0.0,11.0,7.0,4.0,3.0,1,Electronics,Debit Card,Mobile,1363.29,0.0,0.636,1
1849,CUST_01850,2023-01-20,40,Male,Gaziantep,False,2023,1,1,4,Friday,January,False,2023-07-20,974.55,5,0.0,0.0,11.0,6.0,2.0,2.0,1,Toys,Bank Transfer,Mobile,194.91,0.0,0.545,0
1850,CUST_01851,2023-01-23,27,Male,Istanbul,False,2023,1,1,0,Monday,January,False,2023-07-23,450.37,1,0.0,0.0,22.0,9.0,5.0,3.0,1,Sports,Credit Card,Mobile,450.37,0.0,0.409,0
1851,CUST_01852,2023-06-07,56,Female,Kayseri,False,2023,6,2,2,Wednesday,June,False,2023-12-07,961.55,5,0.0,0.0,14.0,12.0,2.0,6.0,1,Electronics,Digital Wallet,Mobile,192.31,0.0,0.857,1
1852,CUST_01853,2023-08-20,20,Female,Kayseri,False,2023,8,3,6,Sunday,August,True,2024-02-20,576.55,2,49.35,0.07884646109602174,15.0,7.0,4.0,7.0,1,Sports,Digital Wallet,Tablet,288.275,0.08559535166074062,0.467,0
1853,CUST_01854,2023-05-29,46,Male,Kayseri,True,2023,5,2,0,Monday,May,False,2023-11-29,69.58,2,0.0,0.0,12.0,9.0,5.0,5.0,1,Books,Credit Card,Mobile,34.79,0.0,0.75,0
1854,CUST_01855,2023-02-05,47,Female,Gaziantep,False,2023,2,1,6,Sunday,February,True,2023-08-05,832.53,4,62.47,0.06979888268156424,14.0,10.0,5.0,7.0,1,Beauty,Debit Card,Tablet,208.1325,0.075036335026966,0.714,0
1855,CUST_01856,2023-09-24,26,Male,Ankara,False,2023,9,3,6,Sunday,September,True,2024-03-24,224.07,1,14.68,0.061486910994764395,16.0,14.0,3.0,12.0,1,Fashion,Debit Card,Mobile,224.07,0.06551524077297273,0.875,0
1856,CUST_01857,2023-06-04,51,Male,Istanbul,True,2023,6,2,6,Sunday,June,True,2023-12-04,508.65,5,0.0,0.0,15.0,11.0,4.0,5.0,1,Toys,Credit Card,Desktop,101.72999999999999,0.0,0.733,0
1857,CUST_01858,2023-08-23,31,Male,Bursa,True,2023,8,3,2,Wednesday,August,False,2024-02-23,20.44,1,0.0,0.0,16.0,9.0,3.0,8.0,1,Books,Credit Card,Desktop,20.44,0.0,0.562,0
1858,CUST_01859,2023-06-08,38,Male,Bursa,True,2023,6,2,3,Thursday,June,False,2023-12-08,70.6,1,0.0,0.0,10.0,9.0,4.0,7.0,1,Food,Credit Card,Desktop,70.6,0.0,0.9,0
1859,CUST_01860,2023-01-16,38,Male,Gaziantep,False,2023,1,1,0,Monday,January,False,2023-07-16,1469.76,1,0.0,0.0,13.0,13.0,3.0,4.0,1,Home & Garden,Bank Transfer,Desktop,1469.76,0.0,1.0,1
1860,CUST_01861,2023-02-01,33,Female,Eskisehir,True,2023,2,1,2,Wednesday,February,False,2023-08-01,247.72,1,0.0,0.0,54.0,10.0,5.0,8.0,1,Toys,Cash on Delivery,Tablet,247.72,0.0,0.185,0
1861,CUST_01862,2023-07-09,44,Male,Izmir,True,2023,7,3,6,Sunday,July,True,2024-01-09,122.24,4,0.0,0.0,15.0,9.0,4.0,4.0,1,Food,Digital Wallet,Mobile,30.56,0.0,0.6,1
1862,CUST_01863,2023-06-08,44,Female,Ankara,False,2023,6,2,3,Thursday,June,False,2023-12-08,7406.47,4,511.53,0.06460343521091184,13.0,7.0,3.0,6.0,1,Electronics,Credit Card,Mobile,1851.6175,0.06906529021247639,0.538,1
1863,CUST_01864,2023-01-14,18,Male,Istanbul,True,2023,1,1,5,Saturday,January,True,2023-07-14,4266.42,3,0.0,0.0,12.0,10.0,3.0,8.0,1,Electronics,Digital Wallet,Desktop,1422.14,0.0,0.833,0
1864,CUST_01865,2023-04-09,50,Male,Istanbul,False,2023,4,2,6,Sunday,April,True,2023-10-09,443.2,5,0.0,0.0,15.0,7.0,5.0,7.0,1,Fashion,Credit Card,Mobile,88.64,0.0,0.467,1
1865,CUST_01866,2023-10-17,18,Male,Izmir,False,2023,10,4,1,Tuesday,October,False,2024-04-17,368.62,5,70.03,0.15964892283141455,18.0,8.0,4.0,6.0,1,Beauty,Digital Wallet,Mobile,73.724,0.18997883999782975,0.444,1
1866,CUST_01867,2023-02-25,47,Female,Bursa,True,2023,2,1,5,Saturday,February,True,2023-08-25,505.55,5,0.0,0.0,6.0,6.0,2.0,8.0,1,Food,Credit Card,Mobile,101.11,0.0,1.0,0
1867,CUST_01868,2023-09-09,48,Male,Gaziantep,False,2023,9,3,5,Saturday,September,True,2024-03-09,140.98,2,0.0,0.0,15.0,11.0,2.0,2.0,1,Food,Credit Card,Mobile,70.49,0.0,0.733,0
1868,CUST_01869,2023-01-30,21,Female,Izmir,False,2023,1,1,0,Monday,January,False,2023-07-30,3744.75,3,0.0,0.0,15.0,8.0,5.0,4.0,1,Home & Garden,Credit Card,Mobile,1248.25,0.0,0.533,1
1869,CUST_01870,2023-01-20,30,Male,Kayseri,True,2023,1,1,4,Friday,January,False,2023-07-20,64.5,2,0.0,0.0,14.0,8.0,1.0,4.0,1,Books,Credit Card,Desktop,32.25,0.0,0.571,0
1870,CUST_01871,2023-02-07,21,Male,Antalya,True,2023,2,1,1,Tuesday,February,False,2023-08-07,386.85,1,0.0,0.0,8.0,6.0,3.0,6.0,1,Home & Garden,Debit Card,Mobile,386.85,0.0,0.75,0
1871,CUST_01872,2023-02-11,32,Male,Gaziantep,False,2023,2,1,5,Saturday,February,True,2023-08-11,2390.82,3,0.0,0.0,7.0,10.0,5.0,4.0,1,Sports,Digital Wallet,Mobile,796.94,0.0,1.429,1
1872,CUST_01873,2023-01-29,31,Male,Istanbul,True,2023,1,1,6,Sunday,January,True,2023-07-29,150.94,2,0.0,0.0,15.0,10.0,4.0,6.0,1,Books,Credit Card,Mobile,75.47,0.0,0.667,1
1873,CUST_01874,2023-11-08,44,Male,Konya,True,2023,11,4,2,Wednesday,November,False,2024-05-08,3268.89,1,842.95,0.20500554496283901,10.0,14.0,5.0,2.0,1,Electronics,Cash on Delivery,Mobile,3268.89,0.2578704086096504,1.4,1
1874,CUST_01875,2023-03-17,50,Male,Antalya,False,2023,3,1,4,Friday,March,False,2023-09-17,362.98,2,0.0,0.0,6.0,9.0,1.0,11.0,1,Fashion,Credit Card,Mobile,181.49,0.0,1.5,0
1875,CUST_01876,2023-02-03,51,Female,Istanbul,True,2023,2,1,4,Friday,February,False,2023-08-03,716.08,4,0.0,0.0,30.0,10.0,2.0,3.0,1,Fashion,Debit Card,Mobile,179.02,0.0,0.333,0
1876,CUST_01877,2023-03-06,28,Male,Istanbul,True,2023,3,1,0,Monday,March,False,2023-09-06,126.24,1,12.39,0.08937459424367021,21.0,16.0,4.0,4.0,1,Toys,Debit Card,Mobile,126.24,0.09814638783269963,0.762,0
1877,CUST_01878,2023-01-11,32,Female,Kayseri,False,2023,1,1,2,Wednesday,January,False,2023-07-11,129.94,4,11.66,0.08234463276836158,12.0,9.0,4.0,3.0,1,Toys,Credit Card,Desktop,32.485,0.08973372325688779,0.75,1
1878,CUST_01879,2023-02-05,18,Male,Istanbul,True,2023,2,1,6,Sunday,February,True,2023-08-05,2031.57,3,0.0,0.0,18.0,11.0,5.0,12.0,1,Fashion,Credit Card,Mobile,677.1899999999999,0.0,0.611,0
1879,CUST_01880,2023-01-08,25,Female,Izmir,True,2023,1,1,6,Sunday,January,True,2023-07-08,523.1,1,0.0,0.0,16.0,11.0,5.0,5.0,1,Electronics,Debit Card,Desktop,523.1,0.0,0.687,1
1880,CUST_01881,2023-05-10,46,Female,Ankara,True,2023,5,2,2,Wednesday,May,False,2023-11-10,123.66,2,0.0,0.0,18.0,8.0,5.0,24.0,1,Fashion,Debit Card,Mobile,61.83,0.0,0.444,1
1881,CUST_01882,2023-01-09,54,Male,Antalya,True,2023,1,1,0,Monday,January,False,2023-07-09,569.82,3,0.0,0.0,10.0,6.0,4.0,5.0,1,Toys,Cash on Delivery,Mobile,189.94000000000003,0.0,0.6,0
1882,CUST_01883,2023-11-12,20,Male,Gaziantep,True,2023,11,4,6,Sunday,November,True,2024-05-12,202.68,3,15.99,0.07312388530662642,12.0,8.0,5.0,8.0,1,Books,Bank Transfer,Mobile,67.56,0.07889283599763174,0.667,1
1883,CUST_01884,2023-01-26,27,Female,Ankara,False,2023,1,1,3,Thursday,January,False,2023-07-26,125.7,1,0.0,0.0,14.0,12.0,5.0,5.0,1,Toys,Credit Card,Mobile,125.7,0.0,0.857,1
1884,CUST_01885,2023-02-20,34,Female,Izmir,True,2023,2,1,0,Monday,February,False,2023-08-20,5111.44,4,0.0,0.0,15.0,10.0,4.0,10.0,1,Electronics,Credit Card,Mobile,1277.86,0.0,0.667,1
1885,CUST_01886,2023-01-28,38,Male,Eskisehir,True,2023,1,1,5,Saturday,January,True,2023-07-28,1585.95,3,0.0,0.0,17.0,8.0,4.0,5.0,1,Home & Garden,Debit Card,Mobile,528.65,0.0,0.471,0
1886,CUST_01887,2023-01-07,25,Male,Gaziantep,True,2023,1,1,5,Saturday,January,True,2023-07-07,258.07,2,54.09,0.17327652485904663,15.0,7.0,5.0,5.0,1,Food,Cash on Delivery,Mobile,129.035,0.20959429612120745,0.467,0
1887,CUST_01888,2023-01-10,40,Female,Konya,True,2023,1,1,1,Tuesday,January,False,2023-07-10,269.55,5,0.0,0.0,9.0,14.0,5.0,12.0,1,Food,Credit Card,Mobile,53.910000000000004,0.0,1.556,1
1888,CUST_01889,2023-08-21,29,Male,Izmir,False,2023,8,3,0,Monday,August,False,2024-02-21,1419.85,5,0.0,0.0,12.0,6.0,4.0,12.0,1,Electronics,Credit Card,Mobile,283.96999999999997,0.0,0.5,0
1889,CUST_01890,2023-01-11,34,Female,Istanbul,False,2023,1,1,2,Wednesday,January,False,2023-07-11,100.76,1,26.63,0.20904309600439594,9.0,9.0,5.0,3.0,1,Toys,Cash on Delivery,Desktop,100.76,0.26429138547042474,1.0,0
1890,CUST_01891,2023-06-24,41,Male,Izmir,True,2023,6,2,5,Saturday,June,True,2023-12-24,24.9,1,1.78,0.06671664167916042,14.0,9.0,4.0,5.0,1,Toys,Digital Wallet,Mobile,24.9,0.07148594377510041,0.643,1
1891,CUST_01892,2023-02-09,35,Male,Adana,True,2023,2,1,3,Thursday,February,False,2023-08-09,1006.84,4,0.0,0.0,24.0,12.0,5.0,4.0,1,Electronics,Debit Card,Mobile,251.71,0.0,0.5,0
1892,CUST_01893,2023-02-20,29,Female,Istanbul,True,2023,2,1,0,Monday,February,False,2023-08-20,424.95,5,0.0,0.0,3.0,7.0,4.0,7.0,1,Sports,Cash on Delivery,Tablet,84.99,0.0,2.333,1
1893,CUST_01894,2023-04-11,33,Female,Ankara,True,2023,4,2,1,Tuesday,April,False,2023-10-11,201.96,3,44.37,0.18012422360248448,17.0,6.0,5.0,4.0,1,Food,Digital Wallet,Mobile,67.32000000000001,0.21969696969696967,0.353,0
1894,CUST_01895,2023-03-04,33,Male,Istanbul,True,2023,3,1,5,Saturday,March,True,2023-09-04,440.88,4,0.0,0.0,14.0,11.0,4.0,6.0,1,Food,Credit Card,Tablet,110.22,0.0,0.786,0
1895,CUST_01896,2023-02-04,30,Male,Izmir,False,2023,2,1,5,Saturday,February,True,2023-08-04,393.88,2,28.3,0.06703301909138282,11.0,9.0,3.0,2.0,1,Beauty,Credit Card,Desktop,196.94,0.07184929420127958,0.818,1
1896,CUST_01897,2023-08-18,31,Female,Gaziantep,False,2023,8,3,4,Friday,August,False,2024-02-18,41.32,1,0.0,0.0,16.0,9.0,3.0,7.0,1,Beauty,Digital Wallet,Tablet,41.32,0.0,0.562,0
1897,CUST_01898,2023-01-17,54,Female,Istanbul,False,2023,1,1,1,Tuesday,January,False,2023-07-17,15.66,1,0.0,0.0,20.0,13.0,3.0,6.0,1,Books,Digital Wallet,Mobile,15.66,0.0,0.65,0
1898,CUST_01899,2023-10-07,41,Male,Antalya,True,2023,10,4,5,Saturday,October,True,2024-04-07,101.52,4,0.0,0.0,11.0,13.0,4.0,7.0,1,Books,Credit Card,Desktop,25.38,0.0,1.182,0
1899,CUST_01900,2024-03-12,31,Female,Kayseri,True,2024,3,1,1,Tuesday,March,False,2024-09-12,791.76,1,0.0,0.0,8.0,5.0,4.0,6.0,1,Sports,Debit Card,Mobile,791.76,0.0,0.625,0
1900,CUST_01901,2023-01-02,43,Female,Istanbul,True,2023,1,1,0,Monday,January,False,2023-07-02,172.54,2,37.26,0.17759771210676834,18.0,13.0,3.0,12.0,1,Beauty,Credit Card,Desktop,86.27,0.21594992465515242,0.722,0
1901,CUST_01902,2023-02-02,30,Female,Antalya,False,2023,2,1,3,Thursday,February,False,2023-08-02,421.7,5,0.0,0.0,17.0,7.0,4.0,4.0,1,Beauty,Credit Card,Mobile,84.34,0.0,0.412,0
1902,CUST_01903,2023-02-20,49,Female,Eskisehir,True,2023,2,1,0,Monday,February,False,2023-08-20,889.61,3,102.37,0.10319764511381278,19.0,7.0,4.0,7.0,1,Sports,Credit Card,Desktop,296.5366666666667,0.11507289711221771,0.368,0
1903,CUST_01904,2023-01-22,39,Male,Eskisehir,False,2023,1,1,6,Sunday,January,True,2023-07-22,1076.38,1,0.0,0.0,14.0,15.0,5.0,3.0,1,Sports,Debit Card,Desktop,1076.38,0.0,1.071,1
1904,CUST_01905,2023-04-21,33,Female,Istanbul,True,2023,4,2,4,Friday,April,False,2023-10-21,270.3,5,11.25,0.03995737879595099,15.0,10.0,2.0,5.0,1,Food,Credit Card,Mobile,54.06,0.0416204217536071,0.667,0
1905,CUST_01906,2023-03-29,40,Female,Istanbul,True,2023,3,1,2,Wednesday,March,False,2023-09-29,236.25,5,0.0,0.0,17.0,9.0,5.0,6.0,1,Food,Credit Card,Mobile,47.25,0.0,0.529,1
1906,CUST_01907,2023-06-28,18,Male,Istanbul,False,2023,6,2,2,Wednesday,June,False,2023-12-28,736.4,2,0.0,0.0,20.0,13.0,4.0,3.0,1,Toys,Credit Card,Mobile,368.2,0.0,0.65,0
1907,CUST_01908,2023-03-08,21,Male,Adana,True,2023,3,1,2,Wednesday,March,False,2023-09-08,537.2,4,0.0,0.0,13.0,10.0,5.0,11.0,1,Home & Garden,Debit Card,Desktop,134.3,0.0,0.769,0
1908,CUST_01909,2023-06-03,20,Male,Adana,True,2023,6,2,5,Saturday,June,True,2023-12-03,521.92,4,0.0,0.0,15.0,4.0,4.0,13.0,1,Toys,Credit Card,Mobile,130.48,0.0,0.267,1
1909,CUST_01910,2023-06-23,36,Female,Antalya,False,2023,6,2,4,Friday,June,False,2023-12-23,51.6,1,0.0,0.0,9.0,11.0,4.0,5.0,1,Beauty,Credit Card,Desktop,51.6,0.0,1.222,1
1910,CUST_01911,2023-12-17,55,Male,Ankara,False,2023,12,4,6,Sunday,December,True,2024-06-17,231.12,2,19.26,0.07692307692307693,17.0,10.0,5.0,8.0,1,Food,Debit Card,Mobile,115.56,0.08333333333333334,0.588,1
1911,CUST_01912,2023-01-31,61,Female,Istanbul,True,2023,1,1,1,Tuesday,January,False,2023-07-31,729.68,4,0.0,0.0,13.0,7.0,5.0,3.0,1,Sports,Cash on Delivery,Mobile,182.42,0.0,0.538,0
1912,CUST_01913,2023-05-11,42,Female,Bursa,False,2023,5,2,3,Thursday,May,False,2023-11-11,173.23,1,47.86,0.2164729295761907,10.0,9.0,4.0,6.0,1,Fashion,Debit Card,Mobile,173.23,0.27628009005368587,0.9,1
1913,CUST_01914,2023-01-18,41,Female,Izmir,True,2023,1,1,2,Wednesday,January,False,2023-07-18,218.3,5,0.0,0.0,15.0,11.0,5.0,3.0,1,Books,Credit Card,Desktop,43.660000000000004,0.0,0.733,1
1914,CUST_01915,2023-11-05,18,Female,Adana,True,2023,11,4,6,Sunday,November,True,2024-05-05,616.06,4,78.3,0.11276571231061697,12.0,6.0,5.0,5.0,1,Toys,Credit Card,Tablet,154.015,0.12709800993409734,0.5,0
1915,CUST_01916,2023-02-18,28,Female,Izmir,True,2023,2,1,5,Saturday,February,True,2023-08-18,880.7,2,0.0,0.0,13.0,11.0,4.0,3.0,1,Sports,Credit Card,Desktop,440.35,0.0,0.846,1
1916,CUST_01917,2023-04-04,25,Male,Ankara,False,2023,4,2,1,Tuesday,April,False,2023-10-04,333.15,5,18.45,0.05247440273037543,11.0,9.0,4.0,5.0,1,Food,Credit Card,Mobile,66.63,0.05538045925258893,0.818,1
1917,CUST_01918,2023-01-16,27,Female,Ankara,False,2023,1,1,0,Monday,January,False,2023-07-16,188.14,3,38.69,0.170568266984085,16.0,14.0,4.0,4.0,1,Toys,Credit Card,Desktop,62.71333333333333,0.205644732645902,0.875,0
1918,CUST_01919,2023-06-10,32,Male,Istanbul,True,2023,6,2,5,Saturday,June,True,2023-12-10,314.24,4,0.0,0.0,33.0,8.0,5.0,12.0,1,Toys,Digital Wallet,Mobile,78.56,0.0,0.242,1
1919,CUST_01920,2023-01-23,29,Female,Ankara,True,2023,1,1,0,Monday,January,False,2023-07-23,96.32,2,14.92,0.13412441567781375,16.0,10.0,4.0,5.0,1,Beauty,Credit Card,Desktop,48.16,0.15490033222591362,0.625,0
1920,CUST_01921,2023-05-11,18,Male,Istanbul,False,2023,5,2,3,Thursday,May,False,2023-11-11,2465.0,5,0.0,0.0,11.0,7.0,2.0,5.0,1,Sports,Digital Wallet,Desktop,493.0,0.0,0.636,0
1921,CUST_01922,2023-01-21,43,Other,Ankara,True,2023,1,1,5,Saturday,January,True,2023-07-21,644.34,3,0.0,0.0,16.0,12.0,5.0,8.0,1,Fashion,Credit Card,Tablet,214.78,0.0,0.75,1
1922,CUST_01923,2023-01-11,22,Female,Istanbul,False,2023,1,1,2,Wednesday,January,False,2023-07-11,207.57,1,0.0,0.0,18.0,10.0,5.0,2.0,1,Fashion,Credit Card,Desktop,207.57,0.0,0.556,0
1923,CUST_01924,2023-02-24,37,Female,Istanbul,False,2023,2,1,4,Friday,February,False,2023-08-24,3820.48,4,0.0,0.0,14.0,11.0,2.0,4.0,1,Home & Garden,Credit Card,Mobile,955.12,0.0,0.786,0
1924,CUST_01925,2023-01-14,59,Male,Adana,False,2023,1,1,5,Saturday,January,True,2023-07-14,346.51,1,0.0,0.0,13.0,7.0,5.0,10.0,1,Sports,Credit Card,Desktop,346.51,0.0,0.538,1
1925,CUST_01926,2023-02-04,23,Male,Ankara,False,2023,2,1,5,Saturday,February,True,2023-08-04,189.17,2,30.49,0.13880542656833286,23.0,5.0,4.0,4.0,1,Beauty,Debit Card,Mobile,94.585,0.16117777660305546,0.217,0
1926,CUST_01927,2023-02-16,18,Female,Antalya,True,2023,2,1,3,Thursday,February,False,2023-08-16,85.14,3,0.0,0.0,9.0,9.0,3.0,5.0,1,Books,Credit Card,Mobile,28.38,0.0,1.0,0
1927,CUST_01928,2023-10-02,31,Male,Adana,True,2023,10,4,0,Monday,October,False,2024-04-02,7538.75,5,0.0,0.0,16.0,5.0,3.0,7.0,1,Electronics,Bank Transfer,Tablet,1507.75,0.0,0.312,0
1928,CUST_01929,2023-02-13,48,Female,Bursa,True,2023,2,1,0,Monday,February,False,2023-08-13,383.61,3,0.0,0.0,21.0,4.0,3.0,4.0,1,Fashion,Credit Card,Tablet,127.87,0.0,0.19,0
1929,CUST_01930,2023-01-05,58,Male,Kayseri,False,2023,1,1,3,Thursday,January,False,2023-07-05,94.15,1,0.0,0.0,15.0,14.0,3.0,4.0,1,Beauty,Digital Wallet,Mobile,94.15,0.0,0.933,1
1930,CUST_01931,2023-05-17,20,Female,Istanbul,True,2023,5,2,2,Wednesday,May,False,2023-11-17,528.45,1,0.0,0.0,19.0,10.0,4.0,4.0,1,Fashion,Debit Card,Mobile,528.45,0.0,0.526,1
1931,CUST_01932,2023-02-19,40,Male,Adana,True,2023,2,1,6,Sunday,February,True,2023-08-19,664.82,2,0.0,0.0,2.0,9.0,5.0,5.0,1,Sports,Debit Card,Mobile,332.41,0.0,4.5,0
1932,CUST_01933,2023-02-05,29,Female,Kayseri,True,2023,2,1,6,Sunday,February,True,2023-08-05,306.2,5,0.0,0.0,16.0,8.0,4.0,2.0,1,Books,Credit Card,Mobile,61.239999999999995,0.0,0.5,0
1933,CUST_01934,2023-02-27,33,Female,Konya,False,2023,2,1,0,Monday,February,False,2023-08-27,537.1,5,0.0,0.0,9.0,11.0,3.0,8.0,1,Home & Garden,Credit Card,Tablet,107.42,0.0,1.222,1
1934,CUST_01935,2023-01-14,66,Male,Istanbul,True,2023,1,1,5,Saturday,January,True,2023-07-14,1354.87,5,189.08,0.12246510573528936,14.0,10.0,5.0,5.0,1,Electronics,Bank Transfer,Mobile,270.974,0.13955582454405221,0.714,1
1935,CUST_01936,2023-08-16,18,Male,Ankara,False,2023,8,3,2,Wednesday,August,False,2024-02-16,338.27,1,0.0,0.0,17.0,8.0,5.0,10.0,1,Fashion,Debit Card,Mobile,338.27,0.0,0.471,1
1936,CUST_01937,2023-02-19,38,Male,Istanbul,True,2023,2,1,6,Sunday,February,True,2023-08-19,152.25,5,0.0,0.0,10.0,10.0,5.0,5.0,1,Books,Credit Card,Mobile,30.45,0.0,1.0,1
1937,CUST_01938,2023-06-18,40,Female,Bursa,True,2023,6,2,6,Sunday,June,True,2023-12-18,65.18,2,0.0,0.0,19.0,5.0,4.0,11.0,1,Books,Debit Card,Desktop,32.59,0.0,0.263,1
1938,CUST_01939,2023-01-31,48,Female,Adana,False,2023,1,1,1,Tuesday,January,False,2023-07-31,30.59,1,11.98,0.28141883955837443,22.0,7.0,5.0,4.0,1,Beauty,Bank Transfer,Mobile,30.59,0.39163125204315136,0.318,0
1939,CUST_01940,2023-03-28,36,Female,Ankara,True,2023,3,1,1,Tuesday,March,False,2023-09-28,266.37,3,0.0,0.0,15.0,8.0,5.0,3.0,1,Food,Credit Card,Mobile,88.79,0.0,0.533,0
1940,CUST_01941,2023-03-22,38,Female,Bursa,False,2023,3,1,2,Wednesday,March,False,2023-09-22,1100.56,2,0.0,0.0,16.0,6.0,4.0,5.0,1,Sports,Digital Wallet,Mobile,550.28,0.0,0.375,1
1941,CUST_01942,2023-09-09,30,Male,Antalya,False,2023,9,3,5,Saturday,September,True,2024-03-09,244.03,1,0.0,0.0,19.0,8.0,4.0,5.0,1,Electronics,Credit Card,Desktop,244.03,0.0,0.421,0
1942,CUST_01943,2023-03-01,38,Male,Izmir,True,2023,3,1,2,Wednesday,March,False,2023-09-01,119.0,4,0.0,0.0,13.0,9.0,4.0,5.0,1,Books,Debit Card,Mobile,29.75,0.0,0.692,1
1943,CUST_01944,2023-01-14,30,Male,Konya,False,2023,1,1,5,Saturday,January,True,2023-07-14,1570.28,2,0.0,0.0,15.0,6.0,4.0,6.0,1,Fashion,Credit Card,Mobile,785.14,0.0,0.4,0
1944,CUST_01945,2023-03-04,42,Male,Adana,False,2023,3,1,5,Saturday,March,True,2023-09-04,2492.08,4,0.0,0.0,16.0,9.0,5.0,8.0,1,Home & Garden,Digital Wallet,Desktop,623.02,0.0,0.562,0
1945,CUST_01946,2023-02-09,30,Female,Istanbul,False,2023,2,1,3,Thursday,February,False,2023-08-09,90.1,2,0.0,0.0,18.0,8.0,4.0,13.0,1,Food,Digital Wallet,Desktop,45.05,0.0,0.444,0
1946,CUST_01947,2023-01-10,39,Female,Antalya,False,2023,1,1,1,Tuesday,January,False,2023-07-10,2731.49,3,633.37,0.18823071390785948,14.0,6.0,4.0,6.0,1,Electronics,Credit Card,Desktop,910.4966666666666,0.23187710736630926,0.429,1
1947,CUST_01948,2023-06-27,34,Male,Istanbul,False,2023,6,2,1,Tuesday,June,False,2023-12-27,438.07,1,0.0,0.0,17.0,11.0,5.0,4.0,1,Sports,Credit Card,Mobile,438.07,0.0,0.647,1
1948,CUST_01949,2023-02-14,48,Female,Bursa,False,2023,2,1,1,Tuesday,February,False,2023-08-14,41.37,1,0.0,0.0,17.0,13.0,4.0,8.0,1,Beauty,Digital Wallet,Mobile,41.37,0.0,0.765,0
1949,CUST_01950,2023-05-12,34,Female,Kayseri,True,2023,5,2,4,Friday,May,False,2023-11-12,184.2,5,47.85,0.20620555914673563,11.0,7.0,1.0,9.0,1,Food,Bank Transfer,Mobile,36.839999999999996,0.25977198697068404,0.636,0
1950,CUST_01951,2023-07-01,18,Male,Konya,True,2023,7,3,5,Saturday,July,True,2024-01-01,131.2,5,0.0,0.0,15.0,7.0,4.0,4.0,1,Books,Digital Wallet,Desktop,26.24,0.0,0.467,1
1951,CUST_01952,2023-08-09,50,Male,Izmir,True,2023,8,3,2,Wednesday,August,False,2024-02-09,874.92,2,0.0,0.0,14.0,7.0,5.0,5.0,1,Home & Garden,Digital Wallet,Desktop,437.46,0.0,0.5,0
1952,CUST_01953,2023-08-30,24,Male,Ankara,False,2023,8,3,2,Wednesday,August,False,2024-02-29,17.7,1,3.12,0.14985590778097982,13.0,9.0,5.0,12.0,1,Books,Debit Card,Tablet,17.7,0.176271186440678,0.692,1
1953,CUST_01954,2023-01-27,27,Female,Istanbul,True,2023,1,1,4,Friday,January,False,2023-07-27,1015.66,1,0.0,0.0,19.0,12.0,5.0,4.0,1,Sports,Digital Wallet,Mobile,1015.66,0.0,0.632,0
1954,CUST_01955,2023-01-31,27,Female,Bursa,True,2023,1,1,1,Tuesday,January,False,2023-07-31,1927.49,3,502.06,0.20664732152044615,19.0,7.0,4.0,10.0,1,Home & Garden,Debit Card,Mobile,642.4966666666667,0.26047346549139033,0.368,1
1955,CUST_01956,2023-02-02,51,Female,Istanbul,True,2023,2,1,3,Thursday,February,False,2023-08-02,264.19,3,49.4,0.15753053349915494,14.0,8.0,4.0,10.0,1,Beauty,Digital Wallet,Desktop,88.06333333333333,0.1869866384041788,0.571,0
1956,CUST_01957,2023-03-19,18,Male,Bursa,False,2023,3,1,6,Sunday,March,True,2023-09-19,349.68,3,67.14,0.16107672376565424,16.0,10.0,3.0,10.0,1,Books,Debit Card,Mobile,116.56,0.1920041180507893,0.625,1
1957,CUST_01958,2023-06-30,72,Male,Istanbul,True,2023,6,2,4,Friday,June,False,2023-12-30,690.38,1,0.0,0.0,11.0,5.0,2.0,4.0,1,Electronics,Debit Card,Mobile,690.38,0.0,0.455,0
1958,CUST_01959,2023-02-23,47,Female,Ankara,True,2023,2,1,3,Thursday,February,False,2023-08-23,298.02,3,0.0,0.0,37.0,13.0,5.0,5.0,1,Beauty,Credit Card,Desktop,99.33999999999999,0.0,0.351,1
1959,CUST_01960,2023-02-09,37,Female,Istanbul,True,2023,2,1,3,Thursday,February,False,2023-08-09,85.96,2,0.0,0.0,16.0,7.0,4.0,3.0,1,Food,Digital Wallet,Desktop,42.98,0.0,0.437,1
1960,CUST_01961,2023-04-29,34,Female,Eskisehir,False,2023,4,2,5,Saturday,April,True,2023-10-29,1523.39,3,377.86,0.19874293228139384,17.0,9.0,5.0,3.0,1,Home & Garden,Bank Transfer,Desktop,507.7966666666667,0.24803891321329402,0.529,1
1961,CUST_01962,2023-01-05,38,Female,Adana,True,2023,1,1,3,Thursday,January,False,2023-07-05,764.75,5,0.0,0.0,14.0,12.0,4.0,6.0,1,Sports,Credit Card,Mobile,152.95,0.0,0.857,1
1962,CUST_01963,2023-03-21,41,Male,Ankara,True,2023,3,1,1,Tuesday,March,False,2023-09-21,536.05,5,0.0,0.0,15.0,11.0,5.0,3.0,1,Sports,Digital Wallet,Mobile,107.21,0.0,0.733,0
1963,CUST_01964,2023-06-09,42,Female,Istanbul,False,2023,6,2,4,Friday,June,False,2023-12-09,2931.55,5,0.0,0.0,10.0,8.0,4.0,5.0,1,Home & Garden,Credit Card,Mobile,586.3100000000001,0.0,0.8,1
1964,CUST_01965,2023-07-25,41,Female,Izmir,True,2023,7,3,1,Tuesday,July,False,2024-01-25,1891.53,1,0.0,0.0,12.0,8.0,2.0,8.0,1,Home & Garden,Credit Card,Mobile,1891.53,0.0,0.667,0
1965,CUST_01966,2023-04-24,36,Male,Istanbul,True,2023,4,2,0,Monday,April,False,2023-10-24,657.49,4,49.63,0.07018610702568163,14.0,8.0,3.0,7.0,1,Toys,Cash on Delivery,Mobile,164.3725,0.07548403778004228,0.571,1
1966,CUST_01967,2023-05-01,32,Female,Bursa,False,2023,5,2,0,Monday,May,False,2023-11-01,1090.4,4,0.0,0.0,12.0,5.0,3.0,4.0,1,Home & Garden,Credit Card,Desktop,272.6,0.0,0.417,0
1967,CUST_01968,2023-02-25,33,Male,Gaziantep,False,2023,2,1,5,Saturday,February,True,2023-08-25,49.62,3,0.0,0.0,5.0,8.0,5.0,5.0,1,Books,Credit Card,Desktop,16.54,0.0,1.6,0
1968,CUST_01969,2023-04-11,32,Male,Bursa,True,2023,4,2,1,Tuesday,April,False,2023-10-11,525.8,5,0.0,0.0,12.0,6.0,5.0,4.0,1,Home & Garden,Debit Card,Mobile,105.16,0.0,0.5,0
1969,CUST_01970,2023-03-01,48,Male,Antalya,True,2023,3,1,2,Wednesday,March,False,2023-09-01,37.73,3,8.65,0.1865028029322984,10.0,10.0,3.0,8.0,1,Books,Digital Wallet,Desktop,12.576666666666666,0.22926053538298438,1.0,1
1970,CUST_01971,2023-02-10,42,Male,Bursa,True,2023,2,1,4,Friday,February,False,2023-08-10,156.45,3,0.0,0.0,10.0,7.0,5.0,4.0,1,Beauty,Credit Card,Desktop,52.15,0.0,0.7,0
1971,CUST_01972,2023-01-20,18,Male,Kayseri,False,2023,1,1,4,Friday,January,False,2023-07-20,645.4,5,0.0,0.0,16.0,9.0,4.0,4.0,1,Toys,Credit Card,Mobile,129.07999999999998,0.0,0.562,1
1972,CUST_01973,2023-02-28,42,Male,Kayseri,False,2023,2,1,1,Tuesday,February,False,2023-08-28,515.49,3,19.62,0.03666535852441554,21.0,14.0,4.0,8.0,1,Home & Garden,Digital Wallet,Mobile,171.83,0.03806087411976954,0.667,0
1973,CUST_01974,2023-11-20,37,Female,Izmir,True,2023,11,4,0,Monday,November,False,2024-05-20,701.37,3,0.0,0.0,18.0,12.0,5.0,7.0,1,Fashion,Digital Wallet,Mobile,233.79,0.0,0.667,1
1974,CUST_01975,2023-01-08,34,Male,Ankara,False,2023,1,1,6,Sunday,January,True,2023-07-08,41.6,2,0.0,0.0,11.0,8.0,5.0,4.0,1,Books,Debit Card,Desktop,20.8,0.0,0.727,1
1975,CUST_01976,2023-08-07,30,Male,Izmir,False,2023,8,3,0,Monday,August,False,2024-02-07,491.35,4,40.01,0.07529735019572417,17.0,8.0,4.0,5.0,1,Beauty,Cash on Delivery,Mobile,122.8375,0.08142871680065127,0.471,1
1976,CUST_01977,2023-03-28,48,Male,Istanbul,True,2023,3,1,1,Tuesday,March,False,2023-09-28,99.84,3,0.0,0.0,20.0,4.0,4.0,7.0,1,Food,Digital Wallet,Desktop,33.28,0.0,0.2,0
1977,CUST_01978,2023-07-07,46,Female,Antalya,True,2023,7,3,4,Friday,July,False,2024-01-07,204.26,2,0.0,0.0,13.0,12.0,3.0,10.0,1,Books,Debit Card,Mobile,102.13,0.0,0.923,0
1978,CUST_01979,2023-05-22,25,Male,Izmir,True,2023,5,2,0,Monday,May,False,2023-11-22,117.44,4,0.0,0.0,12.0,8.0,3.0,4.0,1,Books,Credit Card,Mobile,29.36,0.0,0.667,1
1979,CUST_01980,2023-07-14,39,Male,Istanbul,False,2023,7,3,4,Friday,July,False,2024-01-14,76.16,4,0.0,0.0,12.0,8.0,5.0,8.0,1,Food,Debit Card,Desktop,19.04,0.0,0.667,1
1980,CUST_01981,2023-06-12,23,Female,Istanbul,True,2023,6,2,0,Monday,June,False,2023-12-12,282.5,1,0.0,0.0,14.0,11.0,3.0,7.0,1,Sports,Digital Wallet,Mobile,282.5,0.0,0.786,1
1981,CUST_01982,2023-08-18,18,Female,Izmir,True,2023,8,3,4,Friday,August,False,2024-02-18,497.24,2,0.0,0.0,14.0,10.0,5.0,10.0,1,Sports,Credit Card,Mobile,248.62,0.0,0.714,1
1982,CUST_01983,2023-05-12,27,Female,Konya,True,2023,5,2,4,Friday,May,False,2023-11-12,1085.79,3,0.0,0.0,18.0,9.0,4.0,5.0,1,Sports,Debit Card,Mobile,361.93,0.0,0.5,1
1983,CUST_01984,2023-02-20,45,Female,Bursa,False,2023,2,1,0,Monday,February,False,2023-08-20,70.97,1,0.0,0.0,14.0,8.0,3.0,3.0,1,Beauty,Debit Card,Mobile,70.97,0.0,0.571,0
1984,CUST_01985,2023-10-20,46,Male,Antalya,False,2023,10,4,4,Friday,October,False,2024-04-20,842.53,2,91.77,0.09822326875735846,11.0,8.0,4.0,7.0,1,Home & Garden,Bank Transfer,Mobile,421.265,0.10892193749777455,0.727,1
1985,CUST_01986,2023-03-07,41,Female,Ankara,True,2023,3,1,1,Tuesday,March,False,2023-09-07,507.28,2,0.0,0.0,15.0,7.0,5.0,5.0,1,Fashion,Debit Card,Mobile,253.64,0.0,0.467,0
1986,CUST_01987,2023-07-10,43,Male,Bursa,True,2023,7,3,0,Monday,July,False,2024-01-10,101.23,4,23.17,0.18625401929260452,13.0,10.0,4.0,3.0,1,Books,Credit Card,Mobile,25.3075,0.22888471796898152,0.769,1
1987,CUST_01988,2023-07-04,41,Male,Izmir,False,2023,7,3,1,Tuesday,July,False,2024-01-04,8952.39,3,0.0,0.0,12.0,1.0,5.0,5.0,1,Electronics,Credit Card,Desktop,2984.1299999999997,0.0,0.083,1
1988,CUST_01989,2023-01-14,27,Male,Antalya,True,2023,1,1,5,Saturday,January,True,2023-07-14,1439.04,3,0.0,0.0,13.0,10.0,5.0,4.0,1,Fashion,Debit Card,Mobile,479.68,0.0,0.769,0
1989,CUST_01990,2023-09-11,40,Female,Istanbul,True,2023,9,3,0,Monday,September,False,2024-03-11,1886.52,4,0.0,0.0,16.0,9.0,5.0,11.0,1,Fashion,Cash on Delivery,Desktop,471.63,0.0,0.562,0
1990,CUST_01991,2023-09-14,44,Male,Izmir,False,2023,9,3,3,Thursday,September,False,2024-03-14,369.86,1,29.9,0.07479487692615569,17.0,9.0,5.0,9.0,1,Home & Garden,Debit Card,Desktop,369.86,0.08084139944843995,0.529,1
1991,CUST_01992,2023-01-25,44,Female,Ankara,True,2023,1,1,2,Wednesday,January,False,2023-07-25,95.46,1,0.0,0.0,17.0,7.0,4.0,7.0,1,Books,Digital Wallet,Desktop,95.46,0.0,0.412,0
1992,CUST_01993,2023-02-17,49,Female,Ankara,True,2023,2,1,4,Friday,February,False,2023-08-17,169.92,3,0.0,0.0,16.0,7.0,5.0,8.0,1,Toys,Debit Card,Mobile,56.63999999999999,0.0,0.437,0
1993,CUST_01994,2023-02-17,43,Male,Eskisehir,True,2023,2,1,4,Friday,February,False,2023-08-17,66.49,3,7.04,0.09574323405412756,13.0,11.0,4.0,5.0,1,Food,Digital Wallet,Mobile,22.16333333333333,0.10588058354639797,0.846,1
1994,CUST_01995,2023-01-15,39,Female,Istanbul,False,2023,1,1,6,Sunday,January,True,2023-07-15,67.04,2,0.0,0.0,22.0,10.0,2.0,4.0,1,Food,Cash on Delivery,Mobile,33.52,0.0,0.455,0
1995,CUST_01996,2023-04-03,47,Female,Ankara,True,2023,4,2,0,Monday,April,False,2023-10-03,32.92,1,0.0,0.0,13.0,10.0,2.0,6.0,1,Food,Credit Card,Desktop,32.92,0.0,0.769,0
1996,CUST_01997,2023-02-14,34,Female,Izmir,False,2023,2,1,1,Tuesday,February,False,2023-08-14,96.03,3,0.0,0.0,14.0,9.0,5.0,7.0,1,Books,Bank Transfer,Desktop,32.01,0.0,0.643,0
1997,CUST_01998,2023-12-26,24,Male,Konya,True,2023,12,4,1,Tuesday,December,False,2024-06-26,509.08,1,0.0,0.0,19.0,9.0,5.0,7.0,1,Toys,Credit Card,Mobile,509.08,0.0,0.474,0
1998,CUST_01999,2023-08-31,33,Female,Izmir,True,2023,8,3,3,Thursday,August,False,2024-02-29,649.98,2,0.0,0.0,15.0,10.0,3.0,9.0,1,Fashion,Bank Transfer,Desktop,324.99,0.0,0.667,0
1999,CUST_02000,2023-06-08,26,Male,Adana,False,2023,6,2,3,Thursday,June,False,2023-12-08,470.2,3,33.8,0.06706349206349206,28.0,10.0,1.0,7.0,1,Beauty,Debit Card,Desktop,156.73333333333332,0.07188430455125477,0.357,0
2000,CUST_02001,2023-05-12,26,Female,Konya,True,2023,5,2,4,Friday,May,False,2023-11-12,63.59,1,6.87,0.09750212886744253,15.0,12.0,4.0,4.0,1,Beauty,Debit Card,Desktop,63.59,0.10803585469413429,0.8,1
2001,CUST_02002,2023-04-20,33,Female,Ankara,False,2023,4,2,3,Thursday,April,False,2023-10-20,3569.56,4,0.0,0.0,14.0,8.0,1.0,6.0,1,Sports,Debit Card,Desktop,892.39,0.0,0.571,1
2002,CUST_02003,2023-01-04,25,Male,Ankara,False,2023,1,1,2,Wednesday,January,False,2023-07-04,1148.64,1,0.0,0.0,20.0,7.0,5.0,10.0,1,Electronics,Credit Card,Mobile,1148.64,0.0,0.35,1
2003,CUST_02004,2023-01-07,31,Female,Ankara,False,2023,1,1,5,Saturday,January,True,2023-07-07,3192.03,3,553.08,0.14768057547041344,16.0,10.0,5.0,14.0,1,Home & Garden,Credit Card,Desktop,1064.01,0.173269048223231,0.625,1
2004,CUST_02005,2023-08-31,18,Female,Gaziantep,True,2023,8,3,3,Thursday,August,False,2024-02-29,277.84,4,0.0,0.0,15.0,8.0,5.0,8.0,1,Fashion,Bank Transfer,Mobile,69.46,0.0,0.533,0
2005,CUST_02006,2023-01-17,37,Female,Istanbul,False,2023,1,1,1,Tuesday,January,False,2023-07-17,756.42,3,0.0,0.0,20.0,12.0,1.0,8.0,1,Sports,Digital Wallet,Mobile,252.14,0.0,0.6,1
2006,CUST_02007,2023-04-14,35,Male,Ankara,True,2023,4,2,4,Friday,April,False,2023-10-14,632.1,4,111.62,0.15008336470714786,12.0,8.0,2.0,13.0,1,Fashion,Digital Wallet,Desktop,158.025,0.1765859832305015,0.667,0
2007,CUST_02008,2023-01-16,25,Male,Antalya,True,2023,1,1,0,Monday,January,False,2023-07-16,207.3,3,0.0,0.0,13.0,8.0,4.0,6.0,1,Food,Credit Card,Mobile,69.10000000000001,0.0,0.615,0
2008,CUST_02009,2023-07-25,42,Female,Bursa,True,2023,7,3,1,Tuesday,July,False,2024-01-25,2104.36,1,0.0,0.0,23.0,12.0,4.0,4.0,1,Electronics,Credit Card,Mobile,2104.36,0.0,0.522,0
2009,CUST_02010,2023-02-05,46,Female,Izmir,True,2023,2,1,6,Sunday,February,True,2023-08-05,47.15,1,11.02,0.18944473096097644,8.0,6.0,5.0,13.0,1,Books,Digital Wallet,Mobile,47.15,0.2337221633085896,0.75,1
2010,CUST_02011,2023-03-14,18,Female,Bursa,True,2023,3,1,1,Tuesday,March,False,2023-09-14,1753.78,1,0.0,0.0,9.0,12.0,2.0,6.0,1,Home & Garden,Credit Card,Mobile,1753.78,0.0,1.333,0
2011,CUST_02012,2023-01-21,25,Male,Istanbul,True,2023,1,1,5,Saturday,January,True,2023-07-21,5800.96,4,0.0,0.0,13.0,10.0,4.0,6.0,1,Electronics,Credit Card,Mobile,1450.24,0.0,0.769,1
2012,CUST_02013,2023-08-26,25,Male,Izmir,True,2023,8,3,5,Saturday,August,True,2024-02-26,141.94,2,0.0,0.0,18.0,10.0,4.0,11.0,1,Fashion,Debit Card,Desktop,70.97,0.0,0.556,1
2013,CUST_02014,2023-01-16,23,Female,Izmir,False,2023,1,1,0,Monday,January,False,2023-07-16,5840.280000000001,5,0.0,0.0,15.0,9.0,4.5,8.0,2,Electronics,Credit Card,Desktop,1168.056,0.0,0.6,1
2014,CUST_02015,2023-02-16,44,Female,Konya,False,2023,2,1,3,Thursday,February,False,2023-08-16,10492.06,4,192.22,0.01799091749748228,34.0,12.0,4.0,3.0,1,Electronics,Bank Transfer,Mobile,2623.015,0.018320520469764755,0.353,0
2015,CUST_02016,2023-01-19,32,Male,Ankara,True,2023,1,1,3,Thursday,January,False,2023-07-19,172.48,2,0.0,0.0,13.0,9.0,5.0,4.0,1,Food,Debit Card,Desktop,86.24,0.0,0.692,0
2016,CUST_02017,2023-09-09,31,Female,Konya,True,2023,9,3,5,Saturday,September,True,2024-03-09,2508.4,5,0.0,0.0,12.0,6.0,4.0,12.0,1,Sports,Credit Card,Mobile,501.68,0.0,0.5,1
2017,CUST_02018,2023-01-30,18,Female,Antalya,True,2023,1,1,0,Monday,January,False,2023-07-30,412.82,1,46.86,0.10194048033414549,12.0,9.0,5.0,8.0,1,Toys,Debit Card,Mobile,412.82,0.11351194225085993,0.75,1
2018,CUST_02019,2023-01-04,42,Male,Istanbul,False,2023,1,1,2,Wednesday,January,False,2023-07-04,538.0,1,0.0,0.0,16.0,3.0,2.0,8.0,1,Home & Garden,Credit Card,Desktop,538.0,0.0,0.187,1
2019,CUST_02020,2023-06-05,20,Male,Adana,True,2023,6,2,0,Monday,June,False,2023-12-05,130.61,2,21.39,0.1407236842105263,11.0,12.0,4.0,5.0,1,Toys,Credit Card,Mobile,65.305,0.16377000229691446,1.091,1
2020,CUST_02021,2023-01-15,35,Male,Istanbul,False,2023,1,1,6,Sunday,January,True,2023-07-15,330.11,4,55.29,0.14346133886870785,11.0,6.0,4.0,9.0,1,Fashion,Credit Card,Mobile,82.5275,0.16748962467056436,0.545,0
2021,CUST_02022,2023-03-09,38,Female,Eskisehir,True,2023,3,1,3,Thursday,March,False,2023-09-09,55.69,1,0.0,0.0,10.0,7.0,4.0,10.0,1,Beauty,Credit Card,Mobile,55.69,0.0,0.7,0
2022,CUST_02023,2023-01-03,51,Male,Konya,True,2023,1,1,1,Tuesday,January,False,2023-07-03,415.94,1,40.84,0.08940846797145235,22.0,10.0,5.0,6.0,1,Sports,Digital Wallet,Mobile,415.94,0.09818723854402078,0.455,1
2023,CUST_02024,2023-01-10,19,Male,Ankara,False,2023,1,1,1,Tuesday,January,False,2023-07-10,1047.33,3,0.0,0.0,14.0,13.0,3.0,2.0,1,Fashion,Digital Wallet,Desktop,349.10999999999996,0.0,0.929,1
2024,CUST_02025,2023-02-26,18,Female,Ankara,True,2023,2,1,6,Sunday,February,True,2023-08-26,4686.5,5,0.0,0.0,12.0,8.0,3.0,12.0,1,Sports,Cash on Delivery,Mobile,937.3,0.0,0.667,1
2025,CUST_02026,2023-12-24,37,Male,Ankara,True,2023,12,4,6,Sunday,December,True,2024-06-24,1321.1,1,0.0,0.0,18.0,13.0,5.0,4.0,1,Sports,Credit Card,Mobile,1321.1,0.0,0.722,0
2026,CUST_02027,2023-06-16,56,Male,Ankara,True,2023,6,2,4,Friday,June,False,2023-12-16,271.66,2,0.0,0.0,14.0,5.0,5.0,15.0,1,Toys,Debit Card,Desktop,135.83,0.0,0.357,1
2027,CUST_02028,2023-01-10,49,Male,Ankara,False,2023,1,1,1,Tuesday,January,False,2023-07-10,57.9,1,11.87,0.17013042855095312,20.0,10.0,3.0,5.0,1,Toys,Debit Card,Desktop,57.9,0.20500863557858376,0.5,1
2028,CUST_02029,2023-10-18,37,Female,Ankara,False,2023,10,4,2,Wednesday,October,False,2024-04-18,119.08,1,36.6,0.23509763617677287,2.0,11.0,5.0,8.0,1,Beauty,Bank Transfer,Desktop,119.08,0.30735639905945583,5.5,1
2029,CUST_02030,2023-03-31,29,Female,Antalya,True,2023,3,1,4,Friday,March,False,2023-09-30,308.63,2,65.49,0.17505078584411418,19.0,13.0,1.0,8.0,1,Toys,Cash on Delivery,Mobile,154.315,0.21219583319832808,0.684,0
2030,CUST_02031,2023-02-13,44,Male,Istanbul,True,2023,2,1,0,Monday,February,False,2023-08-13,3239.0,4,0.0,0.0,16.0,6.0,5.0,11.0,1,Sports,Credit Card,Desktop,809.75,0.0,0.375,0
2031,CUST_02032,2023-01-27,23,Female,Gaziantep,False,2023,1,1,4,Friday,January,False,2023-07-27,461.4,2,0.0,0.0,6.0,12.0,3.0,2.0,1,Fashion,Digital Wallet,Desktop,230.7,0.0,2.0,1
2032,CUST_02033,2023-03-21,40,Female,Gaziantep,True,2023,3,1,1,Tuesday,March,False,2023-09-21,60.24,1,0.0,0.0,12.0,9.0,5.0,4.0,1,Books,Credit Card,Mobile,60.24,0.0,0.75,0
2033,CUST_02034,2023-03-22,41,Male,Izmir,True,2023,3,1,2,Wednesday,March,False,2023-09-22,867.18,5,29.52,0.03292070926731348,27.0,6.0,4.0,8.0,1,Sports,Cash on Delivery,Desktop,173.43599999999998,0.03404137549297724,0.222,0
2034,CUST_02035,2023-04-18,47,Male,Konya,False,2023,4,2,1,Tuesday,April,False,2023-10-18,280.14,3,0.0,0.0,14.0,15.0,4.0,8.0,1,Beauty,Digital Wallet,Desktop,93.38,0.0,1.071,0
2035,CUST_02036,2023-09-05,68,Male,Istanbul,True,2023,9,3,1,Tuesday,September,False,2024-03-05,4533.2,5,0.0,0.0,8.0,9.0,5.0,8.0,1,Electronics,Debit Card,Mobile,906.64,0.0,1.125,1
2036,CUST_02037,2023-01-26,39,Male,Istanbul,True,2023,1,1,3,Thursday,January,False,2023-07-26,1493.28,1,0.0,0.0,8.0,8.0,5.0,7.0,1,Electronics,Credit Card,Mobile,1493.28,0.0,1.0,1
2037,CUST_02038,2023-06-06,28,Female,Bursa,False,2023,6,2,1,Tuesday,June,False,2023-12-06,502.18,1,0.0,0.0,18.0,11.0,4.0,6.0,1,Sports,Digital Wallet,Mobile,502.18,0.0,0.611,0
2038,CUST_02039,2023-02-11,34,Female,Izmir,False,2023,2,1,5,Saturday,February,True,2023-08-11,255.1,5,0.0,0.0,7.0,5.0,4.0,3.0,1,Food,Debit Card,Mobile,51.019999999999996,0.0,0.714,0
2039,CUST_02040,2023-02-11,18,Male,Bursa,False,2023,2,1,5,Saturday,February,True,2023-08-11,93.78,1,0.0,0.0,15.0,6.0,1.0,6.0,1,Food,Debit Card,Tablet,93.78,0.0,0.4,1
2040,CUST_02041,2023-08-15,26,Male,Konya,False,2023,8,3,1,Tuesday,August,False,2024-02-15,294.32,1,16.57,0.053298594358133104,7.0,7.0,4.0,14.0,1,Fashion,Digital Wallet,Mobile,294.32,0.056299266104919816,1.0,0
2041,CUST_02042,2023-01-02,30,Male,Eskisehir,False,2023,1,1,0,Monday,January,False,2023-07-02,746.6,4,0.0,0.0,9.0,12.0,5.0,4.0,1,Toys,Digital Wallet,Mobile,186.65,0.0,1.333,1
2042,CUST_02043,2023-08-06,28,Female,Antalya,False,2023,8,3,6,Sunday,August,True,2024-02-06,13.74,1,2.08,0.13147914032869784,11.0,8.0,4.0,9.0,1,Food,Credit Card,Tablet,13.74,0.15138282387190685,0.727,0
2043,CUST_02044,2023-01-19,36,Male,Adana,True,2023,1,1,3,Thursday,January,False,2023-07-19,1528.04,1,185.74,0.10838030552346276,16.0,9.0,3.0,7.0,1,Sports,Debit Card,Mobile,1528.04,0.12155440957043011,0.562,0
2044,CUST_02045,2023-08-13,25,Female,Istanbul,False,2023,8,3,6,Sunday,August,True,2024-02-13,1898.91,1,110.4,0.0549442345879929,7.0,9.0,1.0,7.0,1,Electronics,Debit Card,Mobile,1898.91,0.058138616364124686,1.286,1
2045,CUST_02046,2023-03-18,48,Male,Istanbul,True,2023,3,1,5,Saturday,March,True,2023-09-18,169.28,4,0.0,0.0,16.0,8.0,4.0,13.0,1,Books,Credit Card,Mobile,42.32,0.0,0.5,1
2046,CUST_02047,2023-07-03,35,Female,Adana,True,2023,7,3,0,Monday,July,False,2024-01-03,18842.03,5,5109.32,0.21332075227492392,14.0,11.0,4.0,7.0,1,Electronics,Digital Wallet,Mobile,3768.406,0.27116611108251076,0.786,1
2047,CUST_02048,2023-03-26,34,Female,Izmir,True,2023,3,1,6,Sunday,March,True,2023-09-26,1077.2,5,0.0,0.0,16.0,9.0,4.0,3.0,1,Fashion,Debit Card,Desktop,215.44,0.0,0.562,1
2048,CUST_02049,2023-04-21,31,Male,Izmir,False,2023,4,2,4,Friday,April,False,2023-10-21,374.6,4,0.0,0.0,3.0,15.0,5.0,3.0,1,Beauty,Debit Card,Desktop,93.65,0.0,5.0,1
2049,CUST_02050,2023-07-11,36,Female,Ankara,True,2023,7,3,1,Tuesday,July,False,2024-01-11,584.22,2,0.0,0.0,14.0,12.0,4.0,11.0,1,Sports,Credit Card,Mobile,292.11,0.0,0.857,0
2050,CUST_02051,2023-09-20,44,Female,Bursa,True,2023,9,3,2,Wednesday,September,False,2024-03-20,41.48,1,17.18,0.29287419024889194,11.0,11.0,4.0,9.0,1,Books,Debit Card,Mobile,41.48,0.41417550626808103,1.0,0
2051,CUST_02052,2023-02-28,24,Male,Istanbul,False,2023,2,1,1,Tuesday,February,False,2023-08-28,18699.75,3,0.0,0.0,5.0,9.0,4.0,12.0,1,Electronics,Credit Card,Desktop,6233.25,0.0,1.8,0
2052,CUST_02053,2023-06-26,27,Female,Antalya,False,2023,6,2,0,Monday,June,False,2023-12-26,102.73,1,0.0,0.0,16.0,10.0,4.0,7.0,1,Beauty,Digital Wallet,Mobile,102.73,0.0,0.625,0
2053,CUST_02054,2023-08-09,31,Male,Istanbul,False,2023,8,3,2,Wednesday,August,False,2024-02-09,33.59,1,0.0,0.0,21.0,10.0,5.0,6.0,1,Books,Debit Card,Desktop,33.59,0.0,0.476,0
2054,CUST_02055,2023-02-04,18,Female,Istanbul,True,2023,2,1,5,Saturday,February,True,2023-08-04,504.48,2,0.0,0.0,18.0,12.0,5.0,8.0,1,Toys,Credit Card,Tablet,252.24,0.0,0.667,1
2055,CUST_02056,2023-05-26,25,Male,Ankara,True,2023,5,2,4,Friday,May,False,2023-11-26,4493.46,2,0.0,0.0,14.0,7.0,2.0,1.0,1,Electronics,Debit Card,Tablet,2246.73,0.0,0.5,0
2056,CUST_02057,2023-09-13,29,Female,Istanbul,False,2023,9,3,2,Wednesday,September,False,2024-03-13,482.6,5,0.0,0.0,17.0,13.0,4.0,3.0,1,Food,Bank Transfer,Mobile,96.52000000000001,0.0,0.765,1
2057,CUST_02058,2023-07-23,45,Female,Konya,False,2023,7,3,6,Sunday,July,True,2024-01-23,868.8,5,0.0,0.0,13.0,10.0,4.0,6.0,1,Toys,Credit Card,Mobile,173.76,0.0,0.769,0
2058,CUST_02059,2023-02-22,38,Female,Istanbul,True,2023,2,1,2,Wednesday,February,False,2023-08-22,3066.46,4,182.58,0.056195060694851404,13.0,10.0,4.0,7.0,1,Home & Garden,Credit Card,Desktop,766.615,0.05954096906530658,0.769,0
2059,CUST_02060,2023-03-11,37,Female,Istanbul,False,2023,3,1,5,Saturday,March,True,2023-09-11,17.44,1,1.74,0.09071949947862357,11.0,13.0,2.0,9.0,1,Books,Cash on Delivery,Desktop,17.44,0.09977064220183486,1.182,1
2060,CUST_02061,2023-06-30,45,Female,Bursa,True,2023,6,2,4,Friday,June,False,2023-12-30,635.06,4,34.94,0.05214925373134328,14.0,9.0,5.0,6.0,1,Fashion,Debit Card,Desktop,158.765,0.055018423456051395,0.643,1
2061,CUST_02062,2023-04-08,33,Male,Izmir,False,2023,4,2,5,Saturday,April,True,2023-10-08,66.62,1,9.71,0.12721079523123283,14.0,5.0,5.0,6.0,1,Toys,Bank Transfer,Mobile,66.62,0.14575202641849294,0.357,1
2062,CUST_02063,2023-06-07,39,Female,Istanbul,True,2023,6,2,2,Wednesday,June,False,2023-12-07,395.57,1,0.0,0.0,21.0,12.0,3.0,4.0,1,Electronics,Cash on Delivery,Mobile,395.57,0.0,0.571,1
2063,CUST_02064,2023-01-24,33,Female,Istanbul,True,2023,1,1,1,Tuesday,January,False,2023-07-24,2477.93,4,42.15,0.016725659502872924,36.0,10.0,3.0,10.0,1,Sports,Debit Card,Mobile,619.4825,0.017010165743180802,0.278,1
2064,CUST_02065,2023-02-09,38,Female,Eskisehir,True,2023,2,1,3,Thursday,February,False,2023-08-09,303.8,4,0.0,0.0,12.0,6.0,4.0,3.0,1,Beauty,Credit Card,Tablet,75.95,0.0,0.5,1
2065,CUST_02066,2023-01-20,28,Female,Antalya,True,2023,1,1,4,Friday,January,False,2023-07-20,27.39,1,5.79,0.17450271247739602,13.0,7.0,4.0,7.0,1,Books,Debit Card,Desktop,27.39,0.21139101861993428,0.538,1
2066,CUST_02067,2023-03-27,18,Female,Ankara,False,2023,3,1,0,Monday,March,False,2023-09-27,1122.99,3,0.0,0.0,14.0,9.0,5.0,15.0,1,Toys,Debit Card,Mobile,374.33,0.0,0.643,0
2067,CUST_02068,2023-01-29,33,Female,Izmir,True,2023,1,1,6,Sunday,January,True,2023-07-29,14099.66,3,1394.26,0.08998755640922373,11.0,8.0,1.0,5.0,1,Electronics,Debit Card,Mobile,4699.886666666666,0.09888607243011534,0.727,1
2068,CUST_02069,2023-01-04,52,Male,Ankara,False,2023,1,1,2,Wednesday,January,False,2023-07-04,444.76,2,36.98,0.0767633993440445,19.0,13.0,5.0,8.0,1,Sports,Debit Card,Mobile,222.38,0.08314596636388163,0.684,1
2069,CUST_02070,2023-04-15,46,Male,Ankara,True,2023,4,2,5,Saturday,April,True,2023-10-15,96.34,2,0.0,0.0,9.0,5.0,2.0,17.0,1,Fashion,Cash on Delivery,Mobile,48.17,0.0,0.556,0
2070,CUST_02071,2023-02-12,46,Male,Antalya,False,2023,2,1,6,Sunday,February,True,2023-08-12,472.42,1,31.75,0.06297479024932066,19.0,8.0,4.0,6.0,1,Fashion,Credit Card,Desktop,472.42,0.0672071461834808,0.421,1
2071,CUST_02072,2023-04-09,49,Male,Konya,True,2023,4,2,6,Sunday,April,True,2023-10-09,132.39,1,0.0,0.0,15.0,9.0,5.0,2.0,1,Food,Credit Card,Mobile,132.39,0.0,0.6,1
2072,CUST_02073,2023-06-06,36,Female,Istanbul,True,2023,6,2,1,Tuesday,June,False,2023-12-06,24.51,1,4.68,0.16032887975334018,19.0,13.0,5.0,11.0,1,Books,Credit Card,Desktop,24.51,0.1909424724602203,0.684,0
2073,CUST_02074,2023-03-12,37,Male,Gaziantep,False,2023,3,1,6,Sunday,March,True,2023-09-12,149.53,1,21.04,0.12335111684352465,24.0,12.0,5.0,2.0,1,Sports,Credit Card,Mobile,149.53,0.14070755032434962,0.5,0
2074,CUST_02075,2023-04-07,27,Male,Istanbul,True,2023,4,2,4,Friday,April,False,2023-10-07,459.06,5,32.54,0.06619202603742881,11.0,8.0,5.0,3.0,1,Food,Credit Card,Desktop,91.812,0.07088398030758507,0.727,0
2075,CUST_02076,2023-05-10,31,Other,Istanbul,True,2023,5,2,2,Wednesday,May,False,2023-11-10,219.23,4,55.89,0.20314771735969758,16.0,7.0,3.0,6.0,1,Beauty,Debit Card,Mobile,54.8075,0.2549377366236373,0.437,0
2076,CUST_02077,2023-05-29,42,Male,Istanbul,False,2023,5,2,0,Monday,May,False,2023-11-29,1253.94,4,99.1,0.07324247620173831,11.0,7.0,4.0,9.0,1,Beauty,Debit Card,Desktop,313.485,0.07903089462015726,0.636,1
2077,CUST_02078,2023-01-04,49,Male,Istanbul,True,2023,1,1,2,Wednesday,January,False,2023-07-04,223.56,4,0.0,0.0,15.0,6.0,4.0,8.0,1,Beauty,Debit Card,Mobile,55.89,0.0,0.4,1
2078,CUST_02079,2023-03-03,33,Male,Kayseri,True,2023,3,1,4,Friday,March,False,2023-09-03,451.23,3,0.0,0.0,12.0,12.0,5.0,7.0,1,Fashion,Debit Card,Tablet,150.41,0.0,1.0,1
2079,CUST_02080,2023-01-04,29,Male,Izmir,False,2023,1,1,2,Wednesday,January,False,2023-07-04,443.53,1,0.0,0.0,10.0,7.0,5.0,4.0,1,Electronics,Debit Card,Mobile,443.53,0.0,0.7,1
2080,CUST_02081,2023-05-25,35,Female,Istanbul,False,2023,5,2,3,Thursday,May,False,2023-11-25,287.4,2,27.3,0.08674928503336511,15.0,11.0,4.0,4.0,1,Electronics,Bank Transfer,Mobile,143.7,0.09498956158663883,0.733,1
2081,CUST_02082,2023-07-28,42,Female,Kayseri,True,2023,7,3,4,Friday,July,False,2024-01-28,83.58,5,17.52,0.17329376854599407,16.0,6.0,3.0,12.0,1,Books,Digital Wallet,Tablet,16.716,0.2096195262024408,0.375,0
2082,CUST_02083,2023-02-23,18,Female,Konya,True,2023,2,1,3,Thursday,February,False,2023-08-23,829.56,3,0.0,0.0,11.0,6.0,4.0,4.0,1,Sports,Credit Card,Mobile,276.52,0.0,0.545,1
2083,CUST_02084,2023-03-06,18,Male,Adana,True,2023,3,1,0,Monday,March,False,2023-09-06,296.6,5,52.85,0.1512376591787094,13.0,9.0,5.0,7.0,1,Toys,Debit Card,Mobile,59.32000000000001,0.17818610923803102,0.692,1
2084,CUST_02085,2023-03-08,28,Female,Kayseri,False,2023,3,1,2,Wednesday,March,False,2023-09-08,1115.59,5,23.51,0.020639101044684402,17.0,13.0,4.0,3.0,1,Beauty,Cash on Delivery,Mobile,223.118,0.021074050502424727,0.765,1
2085,CUST_02086,2023-01-06,20,Male,Istanbul,False,2023,1,1,4,Friday,January,False,2023-07-06,731.32,4,0.0,0.0,12.0,8.0,5.0,7.0,1,Fashion,Credit Card,Tablet,182.83,0.0,0.667,0
2086,CUST_02087,2023-09-30,28,Male,Gaziantep,True,2023,9,3,5,Saturday,September,True,2024-03-30,12.7,2,0.0,0.0,30.0,11.0,5.0,4.0,1,Food,Credit Card,Desktop,6.35,0.0,0.367,1
2087,CUST_02088,2023-04-06,33,Male,Antalya,True,2023,4,2,3,Thursday,April,False,2023-10-06,3684.12,3,599.1,0.13987140515780183,15.0,12.0,5.0,4.0,1,Electronics,Bank Transfer,Mobile,1228.04,0.162616852871242,0.8,0
2088,CUST_02089,2023-04-20,29,Male,Konya,True,2023,4,2,3,Thursday,April,False,2023-10-20,581.57,1,0.0,0.0,8.0,10.0,4.0,3.0,1,Home & Garden,Debit Card,Desktop,581.57,0.0,1.25,1
2089,CUST_02090,2023-06-02,52,Male,Gaziantep,True,2023,6,2,4,Friday,June,False,2023-12-02,166.37,1,42.94,0.20515025560173902,15.0,11.0,4.0,8.0,1,Home & Garden,Debit Card,Mobile,166.37,0.2580994169621927,0.733,1
2090,CUST_02091,2023-10-14,38,Male,Ankara,False,2023,10,4,5,Saturday,October,True,2024-04-14,92.0,1,0.0,0.0,14.0,9.0,4.0,6.0,1,Beauty,Credit Card,Desktop,92.0,0.0,0.643,0
2091,CUST_02092,2023-06-04,38,Other,Adana,True,2023,6,2,6,Sunday,June,True,2023-12-04,376.48,2,0.0,0.0,16.0,10.0,4.0,1.0,1,Toys,Digital Wallet,Tablet,188.24,0.0,0.625,0
2092,CUST_02093,2023-03-19,42,Male,Ankara,True,2023,3,1,6,Sunday,March,True,2023-09-19,1372.5,1,0.0,0.0,13.0,11.0,1.0,2.0,1,Electronics,Credit Card,Mobile,1372.5,0.0,0.846,0
2093,CUST_02094,2023-04-28,21,Male,Ankara,True,2023,4,2,4,Friday,April,False,2023-10-28,527.48,4,0.0,0.0,15.0,8.0,4.0,5.0,1,Books,Credit Card,Desktop,131.87,0.0,0.533,0
2094,CUST_02095,2023-01-15,47,Male,Istanbul,True,2023,1,1,6,Sunday,January,True,2023-07-15,264.29,1,41.98,0.13706859960165865,16.0,11.0,4.0,3.0,1,Fashion,Debit Card,Mobile,264.29,0.15884066744863595,0.687,1
2095,CUST_02096,2023-02-06,34,Female,Kayseri,True,2023,2,1,0,Monday,February,False,2023-08-06,3757.95,5,0.0,0.0,10.0,5.0,3.0,4.0,1,Fashion,Debit Card,Mobile,751.5899999999999,0.0,0.5,0
2096,CUST_02097,2023-03-09,43,Male,Ankara,True,2023,3,1,3,Thursday,March,False,2023-09-09,357.6,2,0.0,0.0,18.0,10.0,5.0,9.0,1,Fashion,Digital Wallet,Mobile,178.8,0.0,0.556,0
2097,CUST_02098,2023-02-02,22,Female,Bursa,True,2023,2,1,3,Thursday,February,False,2023-08-02,324.6,2,0.0,0.0,19.0,11.0,3.0,7.0,1,Sports,Debit Card,Mobile,162.3,0.0,0.579,0
2098,CUST_02099,2023-03-19,18,Female,Ankara,False,2023,3,1,6,Sunday,March,True,2023-09-19,308.34,3,0.0,0.0,21.0,12.0,3.0,3.0,1,Food,Credit Card,Mobile,102.77999999999999,0.0,0.571,0
2099,CUST_02100,2023-01-15,44,Male,Kayseri,True,2023,1,1,6,Sunday,January,True,2023-07-15,2519.59,5,241.41,0.08743571169865991,17.0,10.0,5.0,8.0,1,Sports,Debit Card,Mobile,503.918,0.0958132077044281,0.588,0
2100,CUST_02101,2023-01-06,39,Male,Ankara,True,2023,1,1,4,Friday,January,False,2023-07-06,589.16,2,0.0,0.0,13.0,11.0,5.0,11.0,1,Beauty,Debit Card,Mobile,294.58,0.0,0.846,0
2101,CUST_02102,2023-01-10,24,Male,Adana,False,2023,1,1,1,Tuesday,January,False,2023-07-10,428.98,1,0.0,0.0,20.0,6.0,3.0,4.0,1,Sports,Credit Card,Mobile,428.98,0.0,0.3,0
2102,CUST_02103,2023-03-09,24,Female,Konya,True,2023,3,1,3,Thursday,March,False,2023-09-09,2372.49,4,528.47,0.1821707296894821,17.0,9.0,5.0,6.0,1,Home & Garden,Credit Card,Desktop,593.1225,0.22274909483285496,0.529,0
2103,CUST_02104,2023-02-09,48,Male,Izmir,True,2023,2,1,3,Thursday,February,False,2023-08-09,183.36,1,49.83,0.2136884085938505,9.0,10.0,2.0,4.0,1,Toys,Debit Card,Mobile,183.36,0.27176047120418845,1.111,1
2104,CUST_02105,2023-10-20,20,Male,Ankara,False,2023,10,4,4,Friday,October,False,2024-04-20,234.95,5,0.0,0.0,17.0,8.0,4.0,7.0,1,Books,Debit Card,Desktop,46.989999999999995,0.0,0.471,1
2105,CUST_02106,2023-01-23,54,Male,Adana,True,2023,1,1,0,Monday,January,False,2023-07-23,2392.52,4,0.0,0.0,10.0,9.0,5.0,9.0,1,Sports,Digital Wallet,Mobile,598.13,0.0,0.9,1
2106,CUST_02107,2023-10-22,24,Female,Kayseri,True,2023,10,4,6,Sunday,October,True,2024-04-22,939.58,1,0.0,0.0,21.0,12.0,5.0,3.0,1,Home & Garden,Debit Card,Mobile,939.58,0.0,0.571,0
2107,CUST_02108,2023-08-08,42,Male,Adana,False,2023,8,3,1,Tuesday,August,False,2024-02-08,82.69,1,0.0,0.0,10.0,13.0,5.0,11.0,1,Sports,Digital Wallet,Desktop,82.69,0.0,1.3,0
2108,CUST_02109,2023-01-07,31,Male,Istanbul,False,2023,1,1,5,Saturday,January,True,2023-07-07,1051.48,5,287.52,0.21472740851381628,12.0,10.0,5.0,8.0,1,Sports,Credit Card,Desktop,210.296,0.273443146802602,0.833,1
2109,CUST_02110,2023-05-13,42,Female,Konya,False,2023,5,2,5,Saturday,May,True,2023-11-13,7844.22,3,0.0,0.0,11.0,5.0,5.0,7.0,1,Electronics,Debit Card,Mobile,2614.7400000000002,0.0,0.455,1
2110,CUST_02111,2023-02-19,28,Female,Ankara,True,2023,2,1,6,Sunday,February,True,2023-08-19,752.6,5,108.35,0.12584935245949241,20.0,9.0,3.0,9.0,1,Beauty,Debit Card,Mobile,150.52,0.14396757905926122,0.45,0
2111,CUST_02112,2023-05-13,33,Female,Bursa,False,2023,5,2,5,Saturday,May,True,2023-11-13,28.2,2,0.0,0.0,15.0,9.0,3.0,4.0,1,Books,Debit Card,Mobile,14.1,0.0,0.6,0
2112,CUST_02113,2023-02-10,35,Male,Gaziantep,True,2023,2,1,4,Friday,February,False,2023-08-10,59.25,1,0.0,0.0,11.0,9.0,4.0,15.0,1,Fashion,Debit Card,Mobile,59.25,0.0,0.818,1
2113,CUST_02114,2023-01-02,22,Female,Istanbul,False,2023,1,1,0,Monday,January,False,2023-07-02,914.0,2,0.0,0.0,9.0,12.0,3.0,6.0,1,Beauty,Debit Card,Mobile,457.0,0.0,1.333,0
2114,CUST_02115,2023-02-28,43,Female,Gaziantep,True,2023,2,1,1,Tuesday,February,False,2023-08-28,1559.52,8,0.0,0.0,24.5,7.0,3.5,7.5,2,Sports,Debit Card,Mobile,194.94,0.0,0.286,1
2115,CUST_02116,2023-02-02,28,Male,Bursa,False,2023,2,1,3,Thursday,February,False,2023-08-02,1345.95,1,358.54,0.21035031006342075,12.0,6.0,5.0,5.0,1,Home & Garden,Cash on Delivery,Mobile,1345.95,0.2663843381997845,0.5,1
2116,CUST_02117,2023-01-11,32,Female,Konya,True,2023,1,1,2,Wednesday,January,False,2023-07-11,44.27,1,9.04,0.16957418870755953,13.0,8.0,5.0,7.0,1,Books,Debit Card,Desktop,44.27,0.20420149085159248,0.615,0
2117,CUST_02118,2023-04-13,23,Male,Istanbul,True,2023,4,2,3,Thursday,April,False,2023-10-13,5402.88,2,0.0,0.0,16.0,7.0,5.0,4.0,1,Electronics,Credit Card,Mobile,2701.44,0.0,0.437,1
2118,CUST_02119,2023-03-29,18,Female,Izmir,True,2023,3,1,2,Wednesday,March,False,2023-09-29,82.71,1,12.37,0.13010096760622633,11.0,8.0,5.0,6.0,1,Beauty,Cash on Delivery,Desktop,82.71,0.1495586990690364,0.727,0
2119,CUST_02120,2023-02-21,32,Male,Gaziantep,True,2023,2,1,1,Tuesday,February,False,2023-08-21,104.66,2,0.0,0.0,16.0,8.0,4.0,4.0,1,Beauty,Digital Wallet,Mobile,52.33,0.0,0.5,0
2120,CUST_02121,2023-07-09,63,Female,Istanbul,False,2023,7,3,6,Sunday,July,True,2024-01-09,1126.56,2,0.0,0.0,16.0,8.0,2.0,2.0,1,Fashion,Debit Card,Mobile,563.28,0.0,0.5,0
2121,CUST_02122,2023-01-14,44,Male,Istanbul,False,2023,1,1,5,Saturday,January,True,2023-07-14,1348.23,3,0.0,0.0,12.0,8.0,2.0,4.0,1,Home & Garden,Debit Card,Desktop,449.41,0.0,0.667,0
2122,CUST_02123,2023-01-25,34,Female,Eskisehir,True,2023,1,1,2,Wednesday,January,False,2023-07-25,5804.32,2,0.0,0.0,13.0,8.0,2.0,12.0,1,Electronics,Bank Transfer,Desktop,2902.16,0.0,0.615,0
2123,CUST_02124,2023-11-14,31,Male,Ankara,False,2023,11,4,1,Tuesday,November,False,2024-05-14,377.46,1,0.0,0.0,17.0,10.0,4.0,2.0,1,Fashion,Digital Wallet,Desktop,377.46,0.0,0.588,0
2124,CUST_02125,2023-01-05,35,Female,Eskisehir,False,2023,1,1,3,Thursday,January,False,2023-07-05,276.18,2,0.0,0.0,17.0,9.0,4.0,2.0,1,Beauty,Credit Card,Mobile,138.09,0.0,0.529,0
2125,CUST_02126,2023-01-16,41,Female,Istanbul,False,2023,1,1,0,Monday,January,False,2023-07-16,206.84,5,13.71,0.06216277488097937,12.0,8.0,4.0,3.0,1,Books,Credit Card,Mobile,41.368,0.06628311738541869,0.667,1
2126,CUST_02127,2023-05-19,20,Male,Ankara,True,2023,5,2,4,Friday,May,False,2023-11-19,5778.36,4,0.0,0.0,17.0,10.0,5.0,6.0,1,Home & Garden,Debit Card,Mobile,1444.59,0.0,0.588,1
2127,CUST_02128,2023-02-25,48,Female,Adana,False,2023,2,1,5,Saturday,February,True,2023-08-25,59.83,4,14.89,0.19927730192719487,18.0,9.0,4.0,6.0,1,Toys,Debit Card,Desktop,14.9575,0.24887180344308876,0.5,0
2128,CUST_02129,2023-02-19,43,Other,Antalya,True,2023,2,1,6,Sunday,February,True,2023-08-19,654.39,3,0.0,0.0,15.0,10.0,4.0,5.0,1,Books,Digital Wallet,Desktop,218.13,0.0,0.667,1
2129,CUST_02130,2023-05-05,43,Male,Bursa,False,2023,5,2,4,Friday,May,False,2023-11-05,761.58,4,58.54,0.07137979807833,31.0,9.0,2.0,2.0,1,Beauty,Bank Transfer,Desktop,190.395,0.07686651435174242,0.29,1
2130,CUST_02131,2023-02-28,40,Male,Bursa,True,2023,2,1,1,Tuesday,February,False,2023-08-28,1733.85,1,468.21,0.21262363423339964,16.0,10.0,3.0,4.0,1,Electronics,Credit Card,Mobile,1733.85,0.27004066095683016,0.625,1
2131,CUST_02132,2023-01-16,35,Female,Gaziantep,False,2023,1,1,0,Monday,January,False,2023-07-16,1312.63,1,134.79,0.09312431775158557,17.0,9.0,5.0,10.0,1,Home & Garden,Credit Card,Desktop,1312.63,0.10268697195706329,0.529,0
2132,CUST_02133,2023-07-25,43,Male,Istanbul,True,2023,7,3,1,Tuesday,July,False,2024-01-25,165.23,1,68.95,0.2944316337859766,15.0,13.0,5.0,6.0,1,Home & Garden,Credit Card,Tablet,165.23,0.4172971010107124,0.867,1
2133,CUST_02134,2023-01-31,42,Male,Izmir,True,2023,1,1,1,Tuesday,January,False,2023-07-31,8426.42,2,963.22,0.10258327262813059,13.0,10.0,3.0,6.0,1,Electronics,Digital Wallet,Mobile,4213.21,0.11430951697162021,0.769,1
2134,CUST_02135,2023-01-28,30,Male,Istanbul,False,2023,1,1,5,Saturday,January,True,2023-07-28,1253.19,3,0.0,0.0,17.0,9.0,5.0,4.0,1,Fashion,Credit Card,Mobile,417.73,0.0,0.529,0
2135,CUST_02136,2023-07-22,28,Male,Bursa,False,2023,7,3,5,Saturday,July,True,2024-01-22,1471.18,1,454.8,0.2361395237749094,19.0,7.0,5.0,8.0,1,Home & Garden,Bank Transfer,Mobile,1471.18,0.30913960222406506,0.368,0
2136,CUST_02137,2023-01-17,36,Male,Ankara,False,2023,1,1,1,Tuesday,January,False,2023-07-17,4006.35,5,0.0,0.0,12.0,13.0,2.0,5.0,1,Fashion,Debit Card,Mobile,801.27,0.0,1.083,1
2137,CUST_02138,2023-03-28,53,Male,Ankara,False,2023,3,1,1,Tuesday,March,False,2023-09-28,226.6,4,0.0,0.0,15.0,8.0,3.0,5.0,1,Food,Debit Card,Desktop,56.65,0.0,0.533,1
2138,CUST_02139,2023-06-01,20,Female,Izmir,True,2023,6,2,3,Thursday,June,False,2023-12-01,232.71,5,61.99,0.21034950797421106,12.0,9.0,4.0,18.0,1,Beauty,Credit Card,Desktop,46.542,0.26638305186713074,0.75,1
2139,CUST_02140,2023-04-21,18,Female,Istanbul,False,2023,4,2,4,Friday,April,False,2023-10-21,1457.35,5,0.0,0.0,13.0,12.0,5.0,4.0,1,Fashion,Credit Card,Desktop,291.46999999999997,0.0,0.923,1
2140,CUST_02141,2023-04-24,36,Male,Istanbul,True,2023,4,2,0,Monday,April,False,2023-10-24,279.32,4,0.0,0.0,24.0,9.0,4.0,5.0,1,Books,Credit Card,Desktop,69.83,0.0,0.375,1
2141,CUST_02142,2023-06-20,35,Female,Antalya,True,2023,6,2,1,Tuesday,June,False,2023-12-20,362.1,2,45.0,0.1105379513633014,28.0,4.0,4.0,23.0,1,Beauty,Cash on Delivery,Mobile,181.05,0.12427506213753106,0.143,1
2142,CUST_02143,2023-02-11,37,Female,Izmir,False,2023,2,1,5,Saturday,February,True,2023-08-11,647.58,3,0.0,0.0,14.0,13.0,5.0,5.0,1,Fashion,Debit Card,Desktop,215.86,0.0,0.929,0
2143,CUST_02144,2023-01-20,37,Female,Konya,False,2023,1,1,4,Friday,January,False,2023-07-20,319.05,5,0.0,0.0,14.0,12.0,5.0,7.0,1,Toys,Digital Wallet,Mobile,63.81,0.0,0.857,1
2144,CUST_02145,2023-02-09,32,Male,Antalya,True,2023,2,1,3,Thursday,February,False,2023-08-09,174.85,1,0.0,0.0,29.0,13.0,5.0,10.0,1,Sports,Credit Card,Mobile,174.85,0.0,0.448,0
2145,CUST_02146,2023-01-07,52,Male,Istanbul,True,2023,1,1,5,Saturday,January,True,2023-07-07,283.76,4,0.0,0.0,11.0,9.0,4.0,2.0,1,Beauty,Credit Card,Desktop,70.94,0.0,0.818,1
2146,CUST_02147,2023-03-16,18,Female,Bursa,False,2023,3,1,3,Thursday,March,False,2023-09-16,1326.42,2,0.0,0.0,12.0,13.0,4.0,5.0,1,Sports,Credit Card,Mobile,663.21,0.0,1.083,0
2147,CUST_02148,2023-02-09,25,Female,Istanbul,True,2023,2,1,3,Thursday,February,False,2023-08-09,453.63,3,0.0,0.0,9.0,8.0,4.0,2.0,1,Home & Garden,Digital Wallet,Mobile,151.21,0.0,0.889,1
2148,CUST_02149,2023-05-09,33,Female,Gaziantep,False,2023,5,2,1,Tuesday,May,False,2023-11-09,122.97,1,11.41,0.0849084685221015,13.0,11.0,4.0,2.0,1,Food,Cash on Delivery,Tablet,122.97,0.09278685858339433,0.846,1
2149,CUST_02150,2023-02-06,18,Female,Eskisehir,False,2023,2,1,0,Monday,February,False,2023-08-06,416.52,5,73.13,0.14935157765751045,16.0,6.0,4.0,9.0,1,Fashion,Bank Transfer,Desktop,83.304,0.17557380197829636,0.375,0
2150,CUST_02151,2023-01-04,32,Male,Bursa,False,2023,1,1,2,Wednesday,January,False,2023-07-04,562.93,2,84.37,0.13034141819867143,14.0,10.0,5.0,14.0,1,Sports,Debit Card,Mobile,281.465,0.14987653882365481,0.714,0
2151,CUST_02152,2023-09-28,54,Female,Antalya,True,2023,9,3,3,Thursday,September,False,2024-03-28,44.29,1,10.9,0.19749954701938757,15.0,13.0,2.0,3.0,1,Toys,Digital Wallet,Mobile,44.29,0.24610521562429444,0.867,1
2152,CUST_02153,2023-06-28,35,Male,Istanbul,True,2023,6,2,2,Wednesday,June,False,2023-12-28,972.54,2,0.0,0.0,12.0,4.0,4.0,8.0,1,Fashion,Credit Card,Desktop,486.27,0.0,0.333,1
2153,CUST_02154,2023-04-19,37,Male,Izmir,False,2023,4,2,2,Wednesday,April,False,2023-10-19,38.21,1,0.0,0.0,12.0,10.0,2.0,4.0,1,Books,Credit Card,Mobile,38.21,0.0,0.833,1
2154,CUST_02155,2023-09-15,19,Female,Konya,True,2023,9,3,4,Friday,September,False,2024-03-15,81.06,5,5.64,0.06505190311418685,6.0,4.0,5.0,4.0,1,Food,Digital Wallet,Mobile,16.212,0.0695780903034789,0.667,1
2155,CUST_02156,2023-02-10,27,Male,Istanbul,True,2023,2,1,4,Friday,February,False,2023-08-10,816.66,2,0.0,0.0,18.0,8.0,4.0,5.0,1,Sports,Credit Card,Desktop,408.33,0.0,0.444,1
2156,CUST_02157,2023-01-28,30,Male,Ankara,True,2023,1,1,5,Saturday,January,True,2023-07-28,370.83,3,0.0,0.0,18.0,7.0,4.0,4.0,1,Fashion,Digital Wallet,Mobile,123.61,0.0,0.389,0
2157,CUST_02158,2023-04-17,31,Female,Izmir,True,2023,4,2,0,Monday,April,False,2023-10-17,5252.19,4,938.77,0.15163561063227673,12.0,8.0,4.0,10.0,1,Electronics,Credit Card,Tablet,1313.0475,0.17873877373057717,0.667,1
2158,CUST_02159,2023-03-17,50,Male,Adana,True,2023,3,1,4,Friday,March,False,2023-09-17,592.71,3,0.0,0.0,10.0,6.0,2.0,4.0,1,Beauty,Credit Card,Desktop,197.57000000000002,0.0,0.6,0
2159,CUST_02160,2023-01-16,41,Female,Ankara,True,2023,1,1,0,Monday,January,False,2023-07-16,229.1,5,0.0,0.0,10.0,10.0,5.0,4.0,1,Books,Debit Card,Desktop,45.82,0.0,1.0,1
2160,CUST_02161,2023-01-12,21,Other,Kayseri,True,2023,1,1,3,Thursday,January,False,2023-07-12,58.85,1,0.0,0.0,17.0,7.0,3.0,8.0,1,Books,Bank Transfer,Mobile,58.85,0.0,0.412,1
2161,CUST_02162,2023-03-16,37,Female,Istanbul,True,2023,3,1,3,Thursday,March,False,2023-09-16,169.38,2,0.0,0.0,2.0,6.0,2.0,10.0,1,Books,Debit Card,Mobile,84.69,0.0,3.0,0
2162,CUST_02163,2023-05-12,40,Male,Ankara,True,2023,5,2,4,Friday,May,False,2023-11-12,464.85,5,0.0,0.0,6.0,4.0,2.0,5.0,1,Toys,Debit Card,Desktop,92.97,0.0,0.667,0
2163,CUST_02164,2023-04-12,48,Male,Adana,True,2023,4,2,2,Wednesday,April,False,2023-10-12,25.98,1,0.0,0.0,17.0,10.0,4.0,5.0,1,Food,Digital Wallet,Tablet,25.98,0.0,0.588,1
2164,CUST_02165,2023-01-26,53,Male,Istanbul,True,2023,1,1,3,Thursday,January,False,2023-07-26,178.11,3,0.0,0.0,13.0,9.0,5.0,3.0,1,Food,Credit Card,Mobile,59.370000000000005,0.0,0.692,1
2165,CUST_02166,2023-03-28,22,Male,Antalya,True,2023,3,1,1,Tuesday,March,False,2023-09-28,112.68,2,0.0,0.0,15.0,11.0,5.0,6.0,1,Beauty,Debit Card,Mobile,56.34,0.0,0.733,0
2166,CUST_02167,2023-03-20,25,Male,Istanbul,False,2023,3,1,0,Monday,March,False,2023-09-20,191.01,3,0.0,0.0,8.0,10.0,4.0,9.0,1,Beauty,Debit Card,Tablet,63.669999999999995,0.0,1.25,0
2167,CUST_02168,2023-01-09,19,Female,Istanbul,False,2023,1,1,0,Monday,January,False,2023-07-09,338.16,2,84.8,0.2004917722716096,12.0,10.0,3.0,2.0,1,Home & Garden,Credit Card,Desktop,169.08,0.25076886680861127,0.833,1
2168,CUST_02169,2023-01-05,32,Male,Istanbul,True,2023,1,1,3,Thursday,January,False,2023-07-05,19.67,1,1.75,0.08169934640522875,12.0,7.0,3.0,21.0,1,Books,Credit Card,Mobile,19.67,0.0889679715302491,0.583,0
2169,CUST_02170,2023-02-06,40,Female,Kayseri,True,2023,2,1,0,Monday,February,False,2023-08-06,909.56,4,0.0,0.0,17.0,10.0,2.0,2.0,1,Toys,Credit Card,Mobile,227.39,0.0,0.588,0
2170,CUST_02171,2023-01-03,46,Male,Bursa,True,2023,1,1,1,Tuesday,January,False,2023-07-03,276.85,5,0.0,0.0,16.0,10.0,5.0,3.0,1,Beauty,Digital Wallet,Mobile,55.370000000000005,0.0,0.625,0
2171,CUST_02172,2023-04-01,34,Female,Gaziantep,False,2023,4,2,5,Saturday,April,True,2023-10-01,227.0,2,0.0,0.0,22.0,11.0,3.0,7.0,1,Food,Cash on Delivery,Tablet,113.5,0.0,0.5,0
2172,CUST_02173,2023-01-26,31,Female,Ankara,True,2023,1,1,3,Thursday,January,False,2023-07-26,696.86,2,51.28,0.06854332076884007,17.0,10.0,3.0,22.0,1,Beauty,Credit Card,Desktop,348.43,0.07358723416468158,0.588,0
2173,CUST_02174,2023-04-15,36,Male,Bursa,True,2023,4,2,5,Saturday,April,True,2023-10-15,294.5,5,0.0,0.0,14.0,11.0,5.0,9.0,1,Toys,Credit Card,Desktop,58.9,0.0,0.786,0
2174,CUST_02175,2023-04-30,24,Male,Izmir,False,2023,4,2,6,Sunday,April,True,2023-10-30,83.64,1,0.0,0.0,14.0,8.0,1.0,12.0,1,Toys,Credit Card,Desktop,83.64,0.0,0.571,1
2175,CUST_02176,2023-05-21,60,Female,Kayseri,False,2023,5,2,6,Sunday,May,True,2023-11-21,28.12,1,6.83,0.1954220314735336,14.0,12.0,5.0,4.0,1,Books,Digital Wallet,Mobile,28.12,0.24288762446657183,0.857,1
2176,CUST_02177,2023-04-20,18,Female,Adana,False,2023,4,2,3,Thursday,April,False,2023-10-20,150.48,2,0.0,0.0,13.0,11.0,5.0,7.0,1,Beauty,Digital Wallet,Mobile,75.24,0.0,0.846,0
2177,CUST_02178,2023-02-08,37,Female,Adana,True,2023,2,1,2,Wednesday,February,False,2023-08-08,970.88,4,0.0,0.0,16.0,8.0,5.0,10.0,1,Sports,Cash on Delivery,Mobile,242.72,0.0,0.5,0
2178,CUST_02179,2023-04-21,59,Male,Istanbul,True,2023,4,2,4,Friday,April,False,2023-10-21,652.3,2,71.22,0.09843542680229987,11.0,7.0,4.0,3.0,1,Fashion,Digital Wallet,Desktop,326.15,0.10918289130768052,0.636,0
2179,CUST_02180,2023-02-25,35,Male,Bursa,True,2023,2,1,5,Saturday,February,True,2023-08-25,153.1,5,34.5,0.18390191897654581,13.0,6.0,5.0,4.0,1,Beauty,Debit Card,Desktop,30.619999999999997,0.22534291312867408,0.462,0
2180,CUST_02181,2023-05-24,32,Female,Izmir,True,2023,5,2,2,Wednesday,May,False,2023-11-24,2559.66,3,0.0,0.0,9.0,5.0,3.0,2.0,1,Home & Garden,Digital Wallet,Mobile,853.2199999999999,0.0,0.556,1
2181,CUST_02182,2023-11-05,30,Female,Kayseri,False,2023,11,4,6,Sunday,November,True,2024-05-05,201.7,2,54.0,0.21118498240125147,15.0,8.0,4.0,6.0,1,Beauty,Credit Card,Desktop,100.85,0.26772434308378784,0.533,1
2182,CUST_02183,2023-02-17,32,Male,Ankara,True,2023,2,1,4,Friday,February,False,2023-08-17,102.88,4,0.0,0.0,15.0,11.0,5.0,13.0,1,Toys,Credit Card,Desktop,25.72,0.0,0.733,0
2183,CUST_02184,2023-01-14,51,Female,Ankara,True,2023,1,1,5,Saturday,January,True,2023-07-14,375.76,4,0.0,0.0,12.0,9.0,4.0,8.0,1,Beauty,Digital Wallet,Mobile,93.94,0.0,0.75,1
2184,CUST_02185,2023-01-05,18,Male,Izmir,False,2023,1,1,3,Thursday,January,False,2023-07-05,585.19,1,64.16,0.09880649880649879,12.0,9.0,5.0,6.0,1,Home & Garden,Debit Card,Desktop,585.19,0.10963960423110441,0.75,1
2185,CUST_02186,2023-02-13,53,Male,Istanbul,False,2023,2,1,0,Monday,February,False,2023-08-13,216.85,5,45.85,0.17453368861819568,10.0,11.0,4.0,4.0,1,Food,Credit Card,Mobile,43.37,0.2114364768273,1.1,1
2186,CUST_02187,2023-01-02,18,Male,Istanbul,True,2023,1,1,0,Monday,January,False,2023-07-02,798.72,4,0.0,0.0,15.0,6.0,4.0,2.0,1,Sports,Debit Card,Desktop,199.68,0.0,0.4,0
2187,CUST_02188,2023-08-27,31,Male,Konya,True,2023,8,3,6,Sunday,August,True,2024-02-27,8083.01,5,1335.79,0.1418216757973415,14.0,9.0,5.0,3.0,1,Electronics,Credit Card,Desktop,1616.602,0.16525898149328033,0.643,1
2188,CUST_02189,2023-04-09,29,Female,Bursa,True,2023,4,2,6,Sunday,April,True,2023-10-09,1553.08,2,0.0,0.0,12.0,12.0,3.0,7.0,1,Home & Garden,Credit Card,Mobile,776.54,0.0,1.0,0
2189,CUST_02190,2023-04-02,42,Male,Konya,False,2023,4,2,6,Sunday,April,True,2023-10-02,565.9,5,0.0,0.0,14.0,8.0,4.0,4.0,1,Fashion,Digital Wallet,Mobile,113.17999999999999,0.0,0.571,1
2190,CUST_02191,2023-03-19,18,Male,Gaziantep,False,2023,3,1,6,Sunday,March,True,2023-09-19,327.24,1,0.0,0.0,30.0,7.0,5.0,12.0,1,Fashion,Credit Card,Tablet,327.24,0.0,0.233,0
2191,CUST_02192,2023-07-15,40,Female,Ankara,False,2023,7,3,5,Saturday,July,True,2024-01-15,56.73,3,0.0,0.0,17.0,8.0,5.0,6.0,1,Books,Credit Card,Desktop,18.91,0.0,0.471,0
2192,CUST_02193,2023-02-04,59,Female,Bursa,False,2023,2,1,5,Saturday,February,True,2023-08-04,78.11,1,0.0,0.0,15.0,7.0,5.0,18.0,1,Toys,Credit Card,Mobile,78.11,0.0,0.467,0
2193,CUST_02194,2023-02-05,18,Female,Istanbul,False,2023,2,1,6,Sunday,February,True,2023-08-05,54.82,2,0.0,0.0,17.0,9.0,5.0,7.0,1,Books,Credit Card,Desktop,27.41,0.0,0.529,1
2194,CUST_02195,2023-02-08,37,Female,Kayseri,True,2023,2,1,2,Wednesday,February,False,2023-08-08,1167.3,3,0.0,0.0,14.0,11.0,5.0,10.0,1,Fashion,Debit Card,Mobile,389.09999999999997,0.0,0.786,0
2195,CUST_02196,2023-11-20,27,Male,Izmir,True,2023,11,4,0,Monday,November,False,2024-05-20,1049.76,1,0.0,0.0,3.0,13.0,5.0,5.0,1,Home & Garden,Bank Transfer,Mobile,1049.76,0.0,4.333,1
2196,CUST_02197,2023-05-15,40,Female,Ankara,True,2023,5,2,0,Monday,May,False,2023-11-15,918.44,2,0.0,0.0,19.0,8.0,5.0,6.0,1,Sports,Bank Transfer,Mobile,459.22,0.0,0.421,1
2197,CUST_02198,2023-06-18,35,Female,Ankara,True,2023,6,2,6,Sunday,June,True,2023-12-18,46.66,2,0.0,0.0,15.0,8.0,5.0,11.0,1,Books,Debit Card,Mobile,23.33,0.0,0.533,1
2198,CUST_02199,2023-04-22,27,Female,Izmir,True,2023,4,2,5,Saturday,April,True,2023-10-22,182.0,4,0.0,0.0,20.0,7.0,5.0,4.0,1,Books,Credit Card,Mobile,45.5,0.0,0.35,1
2199,CUST_02200,2023-01-31,40,Male,Ankara,True,2023,1,1,1,Tuesday,January,False,2023-07-31,36.76,1,0.0,0.0,15.0,9.0,5.0,6.0,1,Beauty,Digital Wallet,Desktop,36.76,0.0,0.6,0
2200,CUST_02201,2023-01-29,56,Male,Ankara,True,2023,1,1,6,Sunday,January,True,2023-07-29,81.66,2,0.0,0.0,11.0,7.0,2.0,2.0,1,Food,Debit Card,Tablet,40.83,0.0,0.636,0
2201,CUST_02202,2023-04-27,32,Female,Gaziantep,True,2023,4,2,3,Thursday,April,False,2023-10-27,48.7,2,0.0,0.0,16.0,11.0,2.0,3.0,1,Food,Cash on Delivery,Mobile,24.35,0.0,0.687,1
2202,CUST_02203,2023-04-29,43,Male,Gaziantep,True,2023,4,2,5,Saturday,April,True,2023-10-29,43.23,1,8.39,0.1625339015885316,18.0,9.0,5.0,2.0,1,Books,Credit Card,Mobile,43.23,0.19407818644459868,0.5,1
2203,CUST_02204,2023-02-07,19,Female,Ankara,True,2023,2,1,1,Tuesday,February,False,2023-08-07,110.0,4,0.0,0.0,3.0,9.0,5.0,7.0,1,Food,Digital Wallet,Desktop,27.5,0.0,3.0,0
2204,CUST_02205,2023-02-19,23,Female,Izmir,True,2023,2,1,6,Sunday,February,True,2023-08-19,403.68,1,0.0,0.0,19.0,11.0,4.0,5.0,1,Electronics,Digital Wallet,Desktop,403.68,0.0,0.579,0
2205,CUST_02206,2023-04-25,40,Female,Konya,True,2023,4,2,1,Tuesday,April,False,2023-10-25,11568.6,3,0.0,0.0,17.0,11.0,4.0,17.0,1,Electronics,Credit Card,Mobile,3856.2000000000003,0.0,0.647,0
2206,CUST_02207,2023-05-22,52,Female,Istanbul,True,2023,5,2,0,Monday,May,False,2023-11-22,2221.18,2,0.0,0.0,17.0,8.0,5.0,12.0,1,Electronics,Credit Card,Desktop,1110.59,0.0,0.471,0
2207,CUST_02208,2023-01-20,39,Female,Konya,True,2023,1,1,4,Friday,January,False,2023-07-20,699.61,5,32.09,0.04385677190105235,19.0,9.0,3.0,6.0,1,Food,Digital Wallet,Mobile,139.922,0.045868412401194956,0.474,0
2208,CUST_02209,2023-01-30,31,Male,Istanbul,True,2023,1,1,0,Monday,January,False,2023-07-30,71.28,1,0.0,0.0,12.0,7.0,5.0,5.0,1,Food,Bank Transfer,Tablet,71.28,0.0,0.583,0
2209,CUST_02210,2023-07-03,34,Female,Antalya,False,2023,7,3,0,Monday,July,False,2024-01-03,1374.63,1,0.0,0.0,15.0,10.0,5.0,8.0,1,Electronics,Debit Card,Mobile,1374.63,0.0,0.667,1
2210,CUST_02211,2023-03-15,19,Female,Bursa,True,2023,3,1,2,Wednesday,March,False,2023-09-15,81.87,1,0.0,0.0,14.0,6.0,4.0,3.0,1,Beauty,Credit Card,Mobile,81.87,0.0,0.429,0
2211,CUST_02212,2023-05-27,42,Male,Bursa,True,2023,5,2,5,Saturday,May,True,2023-11-27,124.03,1,0.0,0.0,7.0,7.0,4.0,6.0,1,Food,Credit Card,Mobile,124.03,0.0,1.0,0
2212,CUST_02213,2023-02-09,45,Male,Konya,True,2023,2,1,3,Thursday,February,False,2023-08-09,1410.32,1,389.99,0.21662380367825543,19.0,12.0,5.0,11.0,1,Fashion,Credit Card,Desktop,1410.32,0.2765258948323785,0.632,0
2213,CUST_02214,2023-09-04,29,Male,Istanbul,True,2023,9,3,0,Monday,September,False,2024-03-04,6201.5,5,0.0,0.0,17.0,7.0,3.0,9.0,1,Home & Garden,Credit Card,Desktop,1240.3,0.0,0.412,1
2214,CUST_02215,2023-06-22,29,Female,Ankara,False,2023,6,2,3,Thursday,June,False,2023-12-22,73.95,1,0.0,0.0,15.0,5.0,5.0,4.0,1,Toys,Digital Wallet,Mobile,73.95,0.0,0.333,0
2215,CUST_02216,2023-06-13,38,Male,Bursa,True,2023,6,2,1,Tuesday,June,False,2023-12-13,403.26,3,0.0,0.0,16.0,7.0,3.0,12.0,1,Toys,Bank Transfer,Mobile,134.42,0.0,0.437,0
2216,CUST_02217,2023-01-19,29,Female,Gaziantep,True,2023,1,1,3,Thursday,January,False,2023-07-19,558.19,2,119.07,0.1758113575288663,15.0,8.0,3.0,5.0,1,Electronics,Debit Card,Mobile,279.095,0.21331446281732022,0.533,0
2217,CUST_02218,2023-03-16,34,Male,Istanbul,True,2023,3,1,3,Thursday,March,False,2023-09-16,203.58,3,0.0,0.0,16.0,7.0,4.0,7.0,1,Toys,Credit Card,Mobile,67.86,0.0,0.437,0
2218,CUST_02219,2023-01-27,60,Male,Gaziantep,False,2023,1,1,4,Friday,January,False,2023-07-27,7178.14,2,0.0,0.0,15.0,2.0,5.0,5.0,1,Electronics,Debit Card,Mobile,3589.07,0.0,0.133,0
2219,CUST_02220,2023-06-12,32,Female,Ankara,False,2023,6,2,0,Monday,June,False,2023-12-12,1939.76,5,111.19,0.054213900875204175,12.0,7.0,5.0,2.0,1,Sports,Debit Card,Mobile,387.952,0.05732152431228606,0.583,1
2220,CUST_02221,2023-07-05,30,Male,Istanbul,True,2023,7,3,2,Wednesday,July,False,2024-01-05,409.71,3,0.0,0.0,12.0,6.0,2.0,6.0,1,Books,Credit Card,Desktop,136.57,0.0,0.5,0
2221,CUST_02222,2023-01-22,27,Female,Adana,False,2023,1,1,6,Sunday,January,True,2023-07-22,116.52,5,18.18,0.1349665924276169,18.0,9.0,4.0,15.0,1,Food,Credit Card,Desktop,23.304,0.15602471678681773,0.5,0
2222,CUST_02223,2023-10-25,43,Female,Istanbul,True,2023,10,4,2,Wednesday,October,False,2024-04-25,2201.36,4,0.0,0.0,4.0,8.0,1.0,4.0,1,Sports,Credit Card,Mobile,550.34,0.0,2.0,1
2223,CUST_02224,2023-09-06,32,Female,Izmir,False,2023,9,3,2,Wednesday,September,False,2024-03-06,464.73,3,0.0,0.0,8.0,8.0,4.0,2.0,1,Food,Digital Wallet,Desktop,154.91,0.0,1.0,0
2224,CUST_02225,2023-02-11,27,Male,Istanbul,True,2023,2,1,5,Saturday,February,True,2023-08-11,323.38,2,0.0,0.0,18.0,7.0,3.0,8.0,1,Toys,Bank Transfer,Desktop,161.69,0.0,0.389,0
2225,CUST_02226,2023-05-28,50,Female,Ankara,True,2023,5,2,6,Sunday,May,True,2023-11-28,1185.07,5,198.08,0.1432093409969996,13.0,6.0,4.0,2.0,1,Fashion,Digital Wallet,Desktop,237.01399999999998,0.16714624452563986,0.462,0
2226,CUST_02227,2023-01-22,52,Female,Bursa,True,2023,1,1,6,Sunday,January,True,2023-07-22,387.29,1,0.0,0.0,4.0,7.0,5.0,5.0,1,Electronics,Digital Wallet,Mobile,387.29,0.0,1.75,1
2227,CUST_02228,2023-02-25,27,Female,Bursa,True,2023,2,1,5,Saturday,February,True,2023-08-25,717.75,5,0.0,0.0,15.0,12.0,5.0,3.0,1,Toys,Bank Transfer,Mobile,143.55,0.0,0.8,1
2228,CUST_02229,2023-10-14,18,Female,Izmir,True,2023,10,4,5,Saturday,October,True,2024-04-14,10008.76,5,648.44,0.06084525015951657,14.0,7.0,4.0,9.0,1,Electronics,Digital Wallet,Mobile,2001.752,0.06478724637217798,0.5,1
2229,CUST_02230,2023-10-20,47,Female,Izmir,True,2023,10,4,4,Friday,October,False,2024-04-20,107.8,4,0.0,0.0,8.0,13.0,5.0,6.0,1,Toys,Credit Card,Mobile,26.95,0.0,1.625,0
2230,CUST_02231,2023-01-17,26,Female,Istanbul,False,2023,1,1,1,Tuesday,January,False,2023-07-17,172.9,1,0.0,0.0,14.0,9.0,4.0,5.0,1,Beauty,Digital Wallet,Mobile,172.9,0.0,0.643,0
2231,CUST_02232,2023-04-07,44,Female,Izmir,True,2023,4,2,4,Friday,April,False,2023-10-07,335.94,1,0.0,0.0,17.0,9.0,4.0,6.0,1,Sports,Credit Card,Desktop,335.94,0.0,0.529,0
2232,CUST_02233,2023-06-14,18,Male,Kayseri,False,2023,6,2,2,Wednesday,June,False,2023-12-14,3646.34,1,1068.79,0.2266724353305211,15.0,10.0,5.0,5.0,1,Electronics,Credit Card,Desktop,3646.34,0.29311309422599097,0.667,0
2233,CUST_02234,2023-07-08,45,Male,Konya,True,2023,7,3,5,Saturday,July,True,2024-01-08,1282.32,2,0.0,0.0,17.0,6.0,4.0,7.0,1,Home & Garden,Credit Card,Mobile,641.16,0.0,0.353,1
2234,CUST_02235,2023-09-01,20,Male,Istanbul,False,2023,9,3,4,Friday,September,False,2024-03-01,74.85,1,0.0,0.0,2.0,6.0,5.0,2.0,1,Food,Debit Card,Mobile,74.85,0.0,3.0,1
2235,CUST_02236,2023-04-25,43,Male,Istanbul,True,2023,4,2,1,Tuesday,April,False,2023-10-25,448.15,1,104.37,0.18889813943386666,12.0,9.0,5.0,3.0,1,Home & Garden,Credit Card,Desktop,448.15,0.23289077317862325,0.75,1
2236,CUST_02237,2023-03-19,35,Male,Kayseri,False,2023,3,1,6,Sunday,March,True,2023-09-19,238.58,2,8.32,0.033697853381936003,6.0,8.0,5.0,7.0,1,Toys,Debit Card,Desktop,119.29,0.0348729985749015,1.333,0
2237,CUST_02238,2023-01-24,23,Male,Bursa,True,2023,1,1,1,Tuesday,January,False,2023-07-24,1691.73,4,443.19,0.20759091675566296,17.0,9.0,5.0,7.0,1,Home & Garden,Bank Transfer,Tablet,422.9325,0.2619744285435619,0.529,1
2238,CUST_02239,2023-01-20,30,Female,Bursa,True,2023,1,1,4,Friday,January,False,2023-07-20,267.5,2,37.16,0.12197203439900214,18.0,8.0,4.0,4.0,1,Fashion,Debit Card,Mobile,133.75,0.13891588785046727,0.444,0
2239,CUST_02240,2023-02-22,43,Male,Gaziantep,True,2023,2,1,2,Wednesday,February,False,2023-08-22,5729.07,3,576.93,0.09148905803996193,4.0,12.0,5.0,7.0,1,Electronics,Debit Card,Desktop,1909.6899999999998,0.100702208211804,3.0,0
2240,CUST_02241,2023-03-04,36,Female,Ankara,False,2023,3,1,5,Saturday,March,True,2023-09-04,852.22,4,194.66,0.1859429925110805,15.0,10.0,5.0,11.0,1,Sports,Debit Card,Desktop,213.055,0.22841519795358006,0.667,1
2241,CUST_02242,2023-06-01,42,Male,Izmir,True,2023,6,2,3,Thursday,June,False,2023-12-01,1632.41,4,129.03,0.0732525660822963,13.0,9.0,5.0,5.0,1,Sports,Credit Card,Mobile,408.1025,0.07904264247339822,0.692,0
2242,CUST_02243,2023-04-20,58,Male,Eskisehir,True,2023,4,2,3,Thursday,April,False,2023-10-20,228.16,2,0.0,0.0,17.0,2.0,3.0,1.0,1,Books,Credit Card,Tablet,114.08,0.0,0.118,0
2243,CUST_02244,2023-08-31,18,Male,Antalya,False,2023,8,3,3,Thursday,August,False,2024-02-29,6705.93,3,1035.78,0.1337921466962725,14.0,9.0,2.0,1.0,1,Electronics,Credit Card,Mobile,2235.31,0.15445732359270078,0.643,1
2244,CUST_02245,2023-02-13,54,Male,Istanbul,True,2023,2,1,0,Monday,February,False,2023-08-13,23.58,2,0.86,0.035188216039279865,6.0,10.0,5.0,14.0,1,Books,Credit Card,Mobile,11.79,0.0364715860899067,1.667,0
2245,CUST_02246,2023-02-12,36,Female,Istanbul,False,2023,2,1,6,Sunday,February,True,2023-08-12,177.39,2,29.27,0.14163360108390594,14.0,10.0,2.0,3.0,1,Toys,Digital Wallet,Tablet,88.695,0.16500366424262924,0.714,1
2246,CUST_02247,2023-07-14,24,Female,Istanbul,False,2023,7,3,4,Friday,July,False,2024-01-14,18396.15,5,0.0,0.0,17.0,12.0,4.0,5.0,1,Electronics,Credit Card,Tablet,3679.2300000000005,0.0,0.706,1
2247,CUST_02248,2023-01-15,19,Male,Adana,True,2023,1,1,6,Sunday,January,True,2023-07-15,35.5,1,0.0,0.0,14.0,10.0,4.0,10.0,1,Food,Bank Transfer,Mobile,35.5,0.0,0.714,1
2248,CUST_02249,2023-01-21,32,Male,Ankara,True,2023,1,1,5,Saturday,January,True,2023-07-21,857.34,2,0.0,0.0,8.0,6.0,3.0,12.0,1,Sports,Credit Card,Mobile,428.67,0.0,0.75,0
2249,CUST_02250,2023-05-07,46,Male,Istanbul,True,2023,5,2,6,Sunday,May,True,2023-11-07,579.68,1,0.0,0.0,9.0,8.0,5.0,10.0,1,Home & Garden,Digital Wallet,Mobile,579.68,0.0,0.889,0
2250,CUST_02251,2023-09-29,33,Female,Kayseri,True,2023,9,3,4,Friday,September,False,2024-03-29,536.0,4,0.0,0.0,14.0,7.0,5.0,2.0,1,Toys,Credit Card,Desktop,134.0,0.0,0.5,1
2251,CUST_02252,2023-03-23,53,Female,Istanbul,True,2023,3,1,3,Thursday,March,False,2023-09-23,227.73,3,0.0,0.0,18.0,8.0,5.0,6.0,1,Toys,Cash on Delivery,Mobile,75.91,0.0,0.444,1
2252,CUST_02253,2023-02-21,18,Female,Istanbul,True,2023,2,1,1,Tuesday,February,False,2023-08-21,61.97,2,16.99,0.21517223910840932,15.0,4.0,2.0,6.0,1,Toys,Digital Wallet,Tablet,30.985,0.2741649185089559,0.267,1
2253,CUST_02254,2023-04-13,34,Female,Istanbul,False,2023,4,2,3,Thursday,April,False,2023-10-13,340.9,3,61.76,0.1533800228480604,15.0,11.0,4.0,8.0,1,Toys,Credit Card,Mobile,113.63333333333333,0.18116749779994135,0.733,1
2254,CUST_02255,2023-08-15,19,Female,Istanbul,True,2023,8,3,1,Tuesday,August,False,2024-02-15,368.2,1,67.67,0.15525271296487486,17.0,9.0,3.0,3.0,1,Home & Garden,Credit Card,Mobile,368.2,0.18378598587724065,0.529,1
2255,CUST_02256,2023-01-04,39,Male,Izmir,False,2023,1,1,2,Wednesday,January,False,2023-07-04,187.08,2,0.0,0.0,20.0,11.0,4.0,6.0,1,Books,Credit Card,Desktop,93.54,0.0,0.55,0
2256,CUST_02257,2023-03-23,45,Male,Kayseri,False,2023,3,1,3,Thursday,March,False,2023-09-23,402.41,1,55.16,0.12054986122341936,20.0,11.0,2.0,4.0,1,Sports,Cash on Delivery,Mobile,402.41,0.13707412837653138,0.55,0
2257,CUST_02258,2023-07-06,29,Female,Konya,True,2023,7,3,3,Thursday,July,False,2024-01-06,2080.52,2,0.0,0.0,5.0,8.0,5.0,7.0,1,Home & Garden,Credit Card,Mobile,1040.26,0.0,1.6,0
2258,CUST_02259,2023-05-05,18,Female,Izmir,True,2023,5,2,4,Friday,May,False,2023-11-05,29.77,1,0.0,0.0,16.0,6.0,4.0,3.0,1,Beauty,Credit Card,Desktop,29.77,0.0,0.375,0
2259,CUST_02260,2023-01-30,37,Female,Izmir,True,2023,1,1,0,Monday,January,False,2023-07-30,2439.05,5,0.0,0.0,13.0,8.0,1.0,8.0,1,Fashion,Credit Card,Mobile,487.81000000000006,0.0,0.615,0
2260,CUST_02261,2023-02-16,40,Female,Bursa,False,2023,2,1,3,Thursday,February,False,2023-08-16,3883.82,5,788.18,0.1687029109589041,14.0,6.0,4.0,11.0,1,Electronics,Bank Transfer,Mobile,776.764,0.20293937412135474,0.429,1
2261,CUST_02262,2023-03-14,39,Male,Istanbul,False,2023,3,1,1,Tuesday,March,False,2023-09-14,84.09,1,0.0,0.0,17.0,6.0,5.0,18.0,1,Toys,Credit Card,Mobile,84.09,0.0,0.353,1
2262,CUST_02263,2023-08-15,49,Female,Istanbul,True,2023,8,3,1,Tuesday,August,False,2024-02-15,107.3,1,0.0,0.0,14.0,9.0,5.0,6.0,1,Toys,Credit Card,Mobile,107.3,0.0,0.643,1
2263,CUST_02264,2023-06-23,22,Female,Kayseri,True,2023,6,2,4,Friday,June,False,2023-12-23,83.04,1,0.0,0.0,3.0,7.0,5.0,22.0,1,Toys,Debit Card,Desktop,83.04,0.0,2.333,0
2264,CUST_02265,2023-09-10,43,Male,Istanbul,True,2023,9,3,6,Sunday,September,True,2024-03-10,6466.2,5,0.0,0.0,16.0,10.0,5.0,7.0,1,Electronics,Digital Wallet,Mobile,1293.24,0.0,0.625,1
2265,CUST_02266,2023-03-06,49,Female,Istanbul,True,2023,3,1,0,Monday,March,False,2023-09-06,177.01,3,34.97,0.1649683932446457,13.0,12.0,4.0,9.0,1,Books,Credit Card,Mobile,59.00333333333333,0.19755945991751878,0.923,0
2266,CUST_02267,2023-01-27,18,Female,Izmir,False,2023,1,1,4,Friday,January,False,2023-07-27,82.08,1,0.0,0.0,16.0,11.0,1.0,9.0,1,Toys,Debit Card,Mobile,82.08,0.0,0.687,0
2267,CUST_02268,2023-02-07,38,Male,Izmir,True,2023,2,1,1,Tuesday,February,False,2023-08-07,107.44,1,0.0,0.0,13.0,10.0,4.0,8.0,1,Beauty,Credit Card,Mobile,107.44,0.0,0.769,0
2268,CUST_02269,2023-07-11,28,Male,Istanbul,False,2023,7,3,1,Tuesday,July,False,2024-01-11,4989.58,2,331.48,0.06229585834401416,17.0,10.0,5.0,11.0,1,Electronics,Debit Card,Desktop,2494.79,0.06643444939253404,0.588,0
2269,CUST_02270,2023-08-19,34,Male,Istanbul,True,2023,8,3,5,Saturday,August,True,2024-02-19,281.9,2,0.0,0.0,14.0,9.0,3.0,11.0,1,Beauty,Credit Card,Desktop,140.95,0.0,0.643,0
2270,CUST_02271,2023-06-21,39,Female,Ankara,False,2023,6,2,2,Wednesday,June,False,2023-12-21,154.22,1,20.06,0.11510213449621298,18.0,11.0,5.0,5.0,1,Fashion,Digital Wallet,Mobile,154.22,0.1300739203734924,0.611,0
2271,CUST_02272,2023-01-05,29,Male,Antalya,True,2023,1,1,3,Thursday,January,False,2023-07-05,763.35,5,0.0,0.0,19.0,6.0,4.0,4.0,1,Toys,Debit Card,Mobile,152.67000000000002,0.0,0.316,1
2272,CUST_02273,2023-06-18,26,Female,Istanbul,False,2023,6,2,6,Sunday,June,True,2023-12-18,70.98,2,0.0,0.0,17.0,7.0,3.0,4.0,1,Beauty,Cash on Delivery,Desktop,35.49,0.0,0.412,0
2273,CUST_02274,2023-02-18,35,Female,Izmir,True,2023,2,1,5,Saturday,February,True,2023-08-18,484.5,5,0.0,0.0,16.0,8.0,2.0,6.0,1,Food,Credit Card,Mobile,96.9,0.0,0.5,1
2274,CUST_02275,2023-08-04,21,Male,Bursa,True,2023,8,3,4,Friday,August,False,2024-02-04,311.1,5,40.4,0.11493598862019914,14.0,10.0,5.0,2.0,1,Toys,Credit Card,Mobile,62.220000000000006,0.1298617807778849,0.714,1
2275,CUST_02276,2023-05-16,21,Female,Konya,False,2023,5,2,1,Tuesday,May,False,2023-11-16,236.92,4,0.0,0.0,13.0,10.0,5.0,6.0,1,Beauty,Debit Card,Mobile,59.23,0.0,0.769,0
2276,CUST_02277,2023-04-23,43,Other,Ankara,False,2023,4,2,6,Sunday,April,True,2023-10-23,986.75,5,0.0,0.0,17.0,5.0,3.0,3.0,1,Books,Digital Wallet,Desktop,197.35,0.0,0.294,1
2277,CUST_02278,2023-03-18,21,Male,Istanbul,True,2023,3,1,5,Saturday,March,True,2023-09-18,5710.75,3,1487.39,0.20663532523679728,17.0,13.0,2.0,5.0,1,Electronics,Credit Card,Mobile,1903.5833333333333,0.2604544061638139,0.765,1
2278,CUST_02279,2023-04-13,42,Male,Izmir,True,2023,4,2,3,Thursday,April,False,2023-10-13,658.44,3,0.0,0.0,12.0,9.0,4.0,11.0,1,Toys,Debit Card,Mobile,219.48000000000002,0.0,0.75,1
2279,CUST_02280,2023-08-17,40,Female,Adana,True,2023,8,3,3,Thursday,August,False,2024-02-17,862.08,2,0.0,0.0,17.0,7.0,3.0,2.0,1,Sports,Credit Card,Mobile,431.04,0.0,0.412,1
2280,CUST_02281,2023-01-02,18,Female,Istanbul,True,2023,1,1,0,Monday,January,False,2023-07-02,82.45,5,0.0,0.0,18.0,8.0,3.0,9.0,1,Books,Debit Card,Desktop,16.490000000000002,0.0,0.444,0
2281,CUST_02282,2023-10-06,26,Male,Izmir,True,2023,10,4,4,Friday,October,False,2024-04-06,1823.56,2,447.06,0.1968889554394835,13.0,8.0,5.0,8.0,1,Sports,Digital Wallet,Desktop,911.78,0.2451578231590954,0.615,1
2282,CUST_02283,2023-08-27,49,Male,Istanbul,True,2023,8,3,6,Sunday,August,True,2024-02-27,4429.12,5,755.63,0.14574087468055355,16.0,8.0,4.0,4.0,1,Home & Garden,Credit Card,Mobile,885.824,0.1706049960262987,0.5,0
2283,CUST_02284,2023-04-18,23,Male,Istanbul,True,2023,4,2,1,Tuesday,April,False,2023-10-18,809.15,5,0.0,0.0,8.0,7.0,4.0,13.0,1,Food,Debit Card,Mobile,161.82999999999998,0.0,0.875,1
2284,CUST_02285,2023-02-13,29,Other,Izmir,False,2023,2,1,0,Monday,February,False,2023-08-13,113.27,1,0.0,0.0,14.0,8.0,4.0,5.0,1,Fashion,Credit Card,Desktop,113.27,0.0,0.571,1
2285,CUST_02286,2023-06-20,40,Male,Ankara,False,2023,6,2,1,Tuesday,June,False,2023-12-20,158.88,3,0.0,0.0,23.0,9.0,4.0,3.0,1,Books,Debit Card,Mobile,52.96,0.0,0.391,1
2286,CUST_02287,2023-01-02,44,Female,Gaziantep,False,2023,1,1,0,Monday,January,False,2023-07-02,8142.1,5,0.0,0.0,17.0,9.0,5.0,13.0,1,Electronics,Bank Transfer,Mobile,1628.42,0.0,0.529,0
2287,CUST_02288,2023-10-21,31,Female,Bursa,False,2023,10,4,5,Saturday,October,True,2024-04-21,384.26,2,0.0,0.0,16.0,5.0,4.0,3.0,1,Beauty,Credit Card,Mobile,192.13,0.0,0.312,1
2288,CUST_02289,2023-01-25,27,Male,Izmir,True,2023,1,1,2,Wednesday,January,False,2023-07-25,266.18,1,0.0,0.0,13.0,12.0,3.0,4.0,1,Electronics,Credit Card,Mobile,266.18,0.0,0.923,0
2289,CUST_02290,2023-01-04,52,Female,Izmir,True,2023,1,1,2,Wednesday,January,False,2023-07-04,1895.86,4,339.02,0.1516949455899198,13.0,12.0,5.0,6.0,1,Sports,Credit Card,Mobile,473.965,0.17882122097623243,0.923,1
2290,CUST_02291,2023-05-21,55,Male,Izmir,True,2023,5,2,6,Sunday,May,True,2023-11-21,670.27,1,0.0,0.0,15.0,13.0,5.0,2.0,1,Sports,Credit Card,Desktop,670.27,0.0,0.867,1
2291,CUST_02292,2023-06-08,46,Female,Istanbul,False,2023,6,2,3,Thursday,June,False,2023-12-08,711.84,4,0.0,0.0,8.0,9.0,2.0,1.0,1,Toys,Bank Transfer,Mobile,177.96,0.0,1.125,0
2292,CUST_02293,2023-05-15,36,Male,Konya,True,2023,5,2,0,Monday,May,False,2023-11-15,468.16,2,0.0,0.0,15.0,6.0,3.0,12.0,1,Beauty,Cash on Delivery,Desktop,234.08,0.0,0.4,0
2293,CUST_02294,2023-02-24,25,Female,Eskisehir,True,2023,2,1,4,Friday,February,False,2023-08-24,1934.67,4,104.33,0.051167238842569886,14.0,7.0,5.0,4.0,1,Fashion,Credit Card,Mobile,483.6675,0.05392650943054888,0.5,0
2294,CUST_02295,2023-12-06,25,Female,Istanbul,False,2023,12,4,2,Wednesday,December,False,2024-06-06,438.57,3,22.41,0.04861382272549785,8.0,6.0,2.0,6.0,1,Fashion,Credit Card,Mobile,146.19,0.051097886312333266,0.75,0
2295,CUST_02296,2023-07-20,41,Male,Istanbul,False,2023,7,3,3,Thursday,July,False,2024-01-20,1719.3,5,0.0,0.0,6.0,9.0,1.0,5.0,1,Fashion,Digital Wallet,Desktop,343.86,0.0,1.5,1
2296,CUST_02297,2023-02-28,40,Male,Istanbul,True,2023,2,1,1,Tuesday,February,False,2023-08-28,359.78,2,0.0,0.0,13.0,9.0,5.0,6.0,1,Toys,Debit Card,Mobile,179.89,0.0,0.692,1
2297,CUST_02298,2023-07-02,51,Male,Antalya,False,2023,7,3,6,Sunday,July,True,2024-01-02,1926.54,2,0.0,0.0,12.0,8.0,5.0,1.0,1,Electronics,Debit Card,Tablet,963.27,0.0,0.667,1
2298,CUST_02299,2023-03-31,42,Male,Antalya,True,2023,3,1,4,Friday,March,False,2023-09-30,857.17,1,0.0,0.0,17.0,9.0,3.0,5.0,1,Home & Garden,Credit Card,Desktop,857.17,0.0,0.529,1
2299,CUST_02300,2023-02-05,18,Female,Gaziantep,True,2023,2,1,6,Sunday,February,True,2023-08-05,919.4,5,0.0,0.0,15.0,9.0,4.0,5.0,1,Sports,Credit Card,Mobile,183.88,0.0,0.6,1
2300,CUST_02301,2023-06-08,47,Female,Adana,True,2023,6,2,3,Thursday,June,False,2023-12-08,2968.07,5,91.08,0.029772976153506693,4.0,6.0,3.0,8.0,1,Sports,Credit Card,Mobile,593.614,0.03068660779563824,1.5,0
2301,CUST_02302,2023-01-13,23,Male,Izmir,True,2023,1,1,4,Friday,January,False,2023-07-13,275.33,4,25.67,0.08528239202657809,14.0,8.0,5.0,2.0,1,Beauty,Digital Wallet,Mobile,68.8325,0.09323357425634694,0.571,1
2302,CUST_02303,2023-07-12,30,Female,Bursa,True,2023,7,3,2,Wednesday,July,False,2024-01-12,188.86,1,0.0,0.0,18.0,10.0,4.0,13.0,1,Beauty,Credit Card,Mobile,188.86,0.0,0.556,0
2303,CUST_02304,2023-07-14,38,Female,Antalya,True,2023,7,3,4,Friday,July,False,2024-01-14,316.67,4,26.85,0.07816138798323242,12.0,13.0,4.0,3.0,1,Fashion,Debit Card,Desktop,79.1675,0.08478858117282977,1.083,0
2304,CUST_02305,2023-05-08,58,Female,Izmir,True,2023,5,2,0,Monday,May,False,2023-11-08,689.09,1,71.95,0.09454167980658047,20.0,6.0,4.0,9.0,1,Home & Garden,Credit Card,Mobile,689.09,0.1044130665080033,0.3,0
2305,CUST_02306,2023-02-01,72,Male,Izmir,False,2023,2,1,2,Wednesday,February,False,2023-08-01,206.84,1,0.0,0.0,13.0,8.0,5.0,5.0,1,Sports,Digital Wallet,Mobile,206.84,0.0,0.615,0
2306,CUST_02307,2023-01-22,42,Male,Antalya,True,2023,1,1,6,Sunday,January,True,2023-07-22,65.64,4,0.0,0.0,16.0,12.0,5.0,7.0,1,Books,Credit Card,Desktop,16.41,0.0,0.75,1
2307,CUST_02308,2023-03-07,32,Male,Bursa,True,2023,3,1,1,Tuesday,March,False,2023-09-07,495.6,5,0.0,0.0,5.0,7.0,2.0,2.0,1,Beauty,Credit Card,Desktop,99.12,0.0,1.4,1
2308,CUST_02309,2023-04-07,41,Female,Antalya,True,2023,4,2,4,Friday,April,False,2023-10-07,1375.92,4,0.0,0.0,17.0,9.0,5.0,9.0,1,Sports,Debit Card,Desktop,343.98,0.0,0.529,0
2309,CUST_02310,2023-02-06,45,Male,Bursa,True,2023,2,1,0,Monday,February,False,2023-08-06,253.2,3,0.0,0.0,11.0,12.0,2.0,3.0,1,Toys,Credit Card,Mobile,84.39999999999999,0.0,1.091,1
2310,CUST_02311,2023-01-03,31,Male,Adana,True,2023,1,1,1,Tuesday,January,False,2023-07-03,453.55,5,0.0,0.0,12.0,10.0,2.0,5.0,1,Books,Debit Card,Mobile,90.71000000000001,0.0,0.833,1
2311,CUST_02312,2023-01-27,56,Male,Antalya,True,2023,1,1,4,Friday,January,False,2023-07-27,240.93,2,30.75,0.11318462897526502,16.0,7.0,5.0,13.0,1,Toys,Bank Transfer,Desktop,120.465,0.12763043207570662,0.437,0
2312,CUST_02313,2023-01-08,37,Female,Izmir,False,2023,1,1,6,Sunday,January,True,2023-07-08,709.55,5,0.0,0.0,16.0,8.0,4.0,9.0,1,Fashion,Debit Card,Desktop,141.91,0.0,0.5,0
2313,CUST_02314,2023-03-08,40,Male,Antalya,True,2023,3,1,2,Wednesday,March,False,2023-09-08,10799.35,5,0.0,0.0,14.0,8.0,3.0,4.0,1,Electronics,Cash on Delivery,Tablet,2159.87,0.0,0.571,0
2314,CUST_02315,2023-02-17,42,Male,Izmir,True,2023,2,1,4,Friday,February,False,2023-08-17,200.72,2,0.0,0.0,3.0,6.0,5.0,8.0,1,Beauty,Digital Wallet,Mobile,100.36,0.0,2.0,0
2315,CUST_02316,2023-04-02,40,Male,Istanbul,False,2023,4,2,6,Sunday,April,True,2023-10-02,138.52,2,0.0,0.0,19.0,10.0,5.0,3.0,1,Toys,Debit Card,Mobile,69.26,0.0,0.526,1
2316,CUST_02317,2023-01-20,45,Male,Istanbul,True,2023,1,1,4,Friday,January,False,2023-07-20,81.63,4,12.05,0.12862937660119556,17.0,10.0,4.0,6.0,1,Books,Debit Card,Mobile,20.4075,0.1476172975621708,0.588,0
2317,CUST_02318,2023-01-13,27,Female,Bursa,False,2023,1,1,4,Friday,January,False,2023-07-13,1771.68,5,372.07,0.1735603498542274,12.0,11.0,1.0,15.0,1,Sports,Bank Transfer,Tablet,354.336,0.21000970829946716,0.917,1
2318,CUST_02319,2023-02-14,28,Male,Bursa,True,2023,2,1,1,Tuesday,February,False,2023-08-14,484.4,5,112.25,0.18813374675270259,14.0,5.0,4.0,6.0,1,Toys,Digital Wallet,Mobile,96.88,0.23172997522708508,0.357,1
2319,CUST_02320,2023-06-29,21,Male,Eskisehir,False,2023,6,2,3,Thursday,June,False,2023-12-29,94.86,1,0.0,0.0,10.0,7.0,4.0,6.0,1,Toys,Credit Card,Mobile,94.86,0.0,0.7,0
2320,CUST_02321,2023-01-10,40,Female,Ankara,True,2023,1,1,1,Tuesday,January,False,2023-07-10,103.02,1,0.0,0.0,29.0,5.0,5.0,7.0,1,Toys,Debit Card,Mobile,103.02,0.0,0.172,0
2321,CUST_02322,2023-06-28,44,Male,Ankara,False,2023,6,2,2,Wednesday,June,False,2023-12-28,208.9,5,0.0,0.0,8.0,12.0,5.0,2.0,1,Food,Bank Transfer,Desktop,41.78,0.0,1.5,1
2322,CUST_02323,2023-03-03,40,Male,Istanbul,True,2023,3,1,4,Friday,March,False,2023-09-03,4784.31,3,0.0,0.0,14.0,7.0,4.0,8.0,1,Electronics,Debit Card,Desktop,1594.7700000000002,0.0,0.5,1
2323,CUST_02324,2023-04-03,55,Female,Istanbul,False,2023,4,2,0,Monday,April,False,2023-10-03,373.08,4,0.0,0.0,57.0,11.0,5.0,6.0,1,Toys,Credit Card,Desktop,93.27,0.0,0.193,1
2324,CUST_02325,2023-04-20,34,Male,Adana,True,2023,4,2,3,Thursday,April,False,2023-10-20,612.76,1,0.0,0.0,4.0,7.0,5.0,5.0,1,Home & Garden,Debit Card,Desktop,612.76,0.0,1.75,0
2325,CUST_02326,2023-06-23,43,Male,Istanbul,False,2023,6,2,4,Friday,June,False,2023-12-23,944.57,1,154.45,0.1405342941893687,17.0,12.0,5.0,6.0,1,Home & Garden,Digital Wallet,Desktop,944.57,0.16351355643308593,0.706,1
2326,CUST_02327,2023-04-17,21,Male,Bursa,True,2023,4,2,0,Monday,April,False,2023-10-17,11349.65,5,0.0,0.0,11.0,6.0,5.0,3.0,1,Electronics,Debit Card,Desktop,2269.93,0.0,0.545,1
2327,CUST_02328,2023-03-23,30,Female,Antalya,False,2023,3,1,3,Thursday,March,False,2023-09-23,227.06,3,58.36,0.20447060472286455,14.0,10.0,1.0,2.0,1,Food,Digital Wallet,Mobile,75.68666666666667,0.25702457500220205,0.714,0
2328,CUST_02329,2023-04-09,43,Female,Izmir,False,2023,4,2,6,Sunday,April,True,2023-10-09,116.15,5,3.2,0.026811897779639715,22.0,9.0,5.0,3.0,1,Food,Credit Card,Desktop,23.23,0.02755058114507103,0.409,0
2329,CUST_02330,2023-04-26,45,Female,Konya,True,2023,4,2,2,Wednesday,April,False,2023-10-26,7056.66,4,369.02,0.049695112097477935,9.0,11.0,3.0,6.0,1,Electronics,Digital Wallet,Mobile,1764.165,0.052293861401853,1.222,1
2330,CUST_02331,2023-03-12,31,Female,Izmir,True,2023,3,1,6,Sunday,March,True,2023-09-12,394.1,1,0.0,0.0,4.0,13.0,1.0,5.0,1,Fashion,Credit Card,Mobile,394.1,0.0,3.25,0
2331,CUST_02332,2023-03-21,34,Male,Ankara,True,2023,3,1,1,Tuesday,March,False,2023-09-21,142.88,1,30.22,0.17458116695551704,8.0,7.0,5.0,6.0,1,Fashion,Credit Card,Desktop,142.88,0.21150615901455766,0.875,0
2332,CUST_02333,2023-02-09,18,Male,Konya,False,2023,2,1,3,Thursday,February,False,2023-08-09,1030.1,2,0.0,0.0,26.0,10.0,3.0,5.0,1,Fashion,Debit Card,Mobile,515.05,0.0,0.385,1
2333,CUST_02334,2023-03-23,30,Female,Konya,True,2023,3,1,3,Thursday,March,False,2023-09-23,676.11,3,172.35,0.20313273460151332,12.0,10.0,1.0,4.0,1,Fashion,Digital Wallet,Desktop,225.37,0.254914141190043,0.833,1
2334,CUST_02335,2023-02-08,45,Female,Istanbul,False,2023,2,1,2,Wednesday,February,False,2023-08-08,3774.83,1,0.0,0.0,18.0,9.0,4.0,3.0,1,Electronics,Credit Card,Mobile,3774.83,0.0,0.5,0
2335,CUST_02336,2023-07-05,41,Male,Istanbul,True,2023,7,3,2,Wednesday,July,False,2024-01-05,33.18,2,0.0,0.0,15.0,9.0,5.0,8.0,1,Books,Credit Card,Mobile,16.59,0.0,0.6,0
2336,CUST_02337,2023-02-21,41,Female,Istanbul,False,2023,2,1,1,Tuesday,February,False,2023-08-21,994.05,5,0.0,0.0,24.0,4.0,5.0,5.0,1,Toys,Credit Card,Mobile,198.81,0.0,0.167,1
2337,CUST_02338,2023-02-16,35,Male,Ankara,True,2023,2,1,3,Thursday,February,False,2023-08-16,66.12,3,0.0,0.0,12.0,8.0,3.0,10.0,1,Books,Debit Card,Mobile,22.040000000000003,0.0,0.667,1
2338,CUST_02339,2023-04-05,35,Male,Eskisehir,False,2023,4,2,2,Wednesday,April,False,2023-10-05,125.13,1,0.0,0.0,16.0,11.0,4.0,3.0,1,Toys,Digital Wallet,Mobile,125.13,0.0,0.687,0
2339,CUST_02340,2023-01-01,27,Male,Bursa,True,2023,1,1,6,Sunday,January,True,2023-07-01,596.3,5,112.3,0.1584815128422241,13.0,13.0,5.0,6.0,1,Beauty,Digital Wallet,Mobile,119.25999999999999,0.18832802280731176,1.0,1
2340,CUST_02341,2024-03-03,43,Male,Ankara,False,2024,3,1,6,Sunday,March,True,2024-09-03,36.94,2,0.0,0.0,19.0,7.0,1.0,11.0,1,Food,Digital Wallet,Tablet,18.47,0.0,0.368,0
2341,CUST_02342,2023-06-13,40,Female,Konya,False,2023,6,2,1,Tuesday,June,False,2023-12-13,164.8,2,0.0,0.0,18.0,12.0,4.0,2.0,1,Toys,Credit Card,Desktop,82.4,0.0,0.667,1
2342,CUST_02343,2023-01-06,40,Female,Izmir,False,2023,1,1,4,Friday,January,False,2023-07-06,227.57,4,28.83,0.1124414976599064,16.0,7.0,5.0,6.0,1,Food,Credit Card,Tablet,56.8925,0.12668629432702025,0.437,1
2343,CUST_02344,2023-01-20,28,Male,Ankara,True,2023,1,1,4,Friday,January,False,2023-07-20,491.27,1,0.0,0.0,10.0,7.0,5.0,4.0,1,Sports,Credit Card,Desktop,491.27,0.0,0.7,0
2344,CUST_02345,2023-12-05,18,Male,Kayseri,True,2023,12,4,1,Tuesday,December,False,2024-06-05,415.9,5,0.0,0.0,12.0,6.0,5.0,5.0,1,Food,Credit Card,Mobile,83.17999999999999,0.0,0.5,0
2345,CUST_02346,2023-01-11,48,Female,Gaziantep,True,2023,1,1,2,Wednesday,January,False,2023-07-11,1761.6,4,0.0,0.0,15.0,11.0,4.0,7.0,1,Home & Garden,Bank Transfer,Tablet,440.4,0.0,0.733,1
2346,CUST_02347,2023-06-24,29,Male,Gaziantep,True,2023,6,2,5,Saturday,June,True,2023-12-24,206.08,4,0.0,0.0,15.0,8.0,4.0,9.0,1,Food,Credit Card,Mobile,51.52,0.0,0.533,0
2347,CUST_02348,2023-07-17,24,Female,Izmir,False,2023,7,3,0,Monday,July,False,2024-01-17,137.86,1,0.0,0.0,17.0,8.0,4.0,2.0,1,Beauty,Credit Card,Mobile,137.86,0.0,0.471,1
2348,CUST_02349,2023-06-10,43,Male,Gaziantep,False,2023,6,2,5,Saturday,June,True,2023-12-10,107.56,4,0.0,0.0,10.0,10.0,4.0,6.0,1,Food,Cash on Delivery,Mobile,26.89,0.0,1.0,0
2349,CUST_02350,2023-03-09,30,Female,Istanbul,True,2023,3,1,3,Thursday,March,False,2023-09-09,188.62,2,0.0,0.0,11.0,10.0,3.0,6.0,1,Food,Digital Wallet,Mobile,94.31,0.0,0.909,0
2350,CUST_02351,2023-03-08,47,Male,Bursa,True,2023,3,1,2,Wednesday,March,False,2023-09-08,4308.96,1,1090.67,0.2019897659654458,16.0,7.0,5.0,2.0,1,Electronics,Credit Card,Desktop,4308.96,0.2531167613530875,0.437,0
2351,CUST_02352,2023-06-01,42,Male,Eskisehir,True,2023,6,2,3,Thursday,June,False,2023-12-01,1238.37,3,0.0,0.0,10.0,9.0,4.0,8.0,1,Sports,Debit Card,Mobile,412.78999999999996,0.0,0.9,1
2352,CUST_02353,2023-03-20,43,Male,Ankara,True,2023,3,1,0,Monday,March,False,2023-09-20,77.8,2,10.92,0.12308385933273219,7.0,7.0,4.0,7.0,1,Food,Credit Card,Mobile,38.9,0.14035989717223651,1.0,0
2353,CUST_02354,2023-02-26,18,Male,Gaziantep,False,2023,2,1,6,Sunday,February,True,2023-08-26,349.99,5,20.06,0.05420889069044723,18.0,8.0,4.0,4.0,1,Food,Debit Card,Desktop,69.998,0.057315923312094626,0.444,1
2354,CUST_02355,2023-04-03,49,Male,Izmir,True,2023,4,2,0,Monday,April,False,2023-10-03,23.05,1,0.0,0.0,17.0,8.0,4.0,2.0,1,Books,Bank Transfer,Mobile,23.05,0.0,0.471,0
2355,CUST_02356,2023-06-04,38,Female,Istanbul,False,2023,6,2,6,Sunday,June,True,2023-12-04,1187.7,3,0.0,0.0,17.0,8.0,5.0,6.0,1,Electronics,Credit Card,Desktop,395.90000000000003,0.0,0.471,0
2356,CUST_02357,2023-09-12,30,Male,Adana,True,2023,9,3,1,Tuesday,September,False,2024-03-12,364.42,2,0.0,0.0,12.0,5.0,1.0,10.0,1,Food,Credit Card,Mobile,182.21,0.0,0.417,0
2357,CUST_02358,2023-01-27,36,Male,Istanbul,False,2023,1,1,4,Friday,January,False,2023-07-27,140.98,4,10.46,0.06907025884838881,17.0,5.0,4.0,4.0,1,Beauty,Digital Wallet,Mobile,35.245,0.07419492126542773,0.294,1
2358,CUST_02359,2023-02-04,18,Female,Antalya,False,2023,2,1,5,Saturday,February,True,2023-08-04,759.43,3,77.93,0.0930663036209038,13.0,13.0,5.0,4.0,1,Toys,Credit Card,Mobile,253.14333333333332,0.10261643601121896,1.0,1
2359,CUST_02360,2023-01-08,39,Female,Istanbul,False,2023,1,1,6,Sunday,January,True,2023-07-08,470.65,5,0.0,0.0,15.0,11.0,4.0,3.0,1,Toys,Debit Card,Mobile,94.13,0.0,0.733,1
2360,CUST_02361,2023-03-26,22,Female,Kayseri,True,2023,3,1,6,Sunday,March,True,2023-09-26,74.28,4,0.0,0.0,14.0,13.0,5.0,5.0,1,Books,Debit Card,Mobile,18.57,0.0,0.929,0
2361,CUST_02362,2023-07-17,18,Female,Ankara,False,2023,7,3,0,Monday,July,False,2024-01-17,325.88,4,54.44,0.1431426167437947,19.0,6.0,3.0,6.0,1,Food,Credit Card,Desktop,81.47,0.16705535780041733,0.316,1
2362,CUST_02363,2023-08-13,18,Male,Istanbul,True,2023,8,3,6,Sunday,August,True,2024-02-13,52.52,2,0.0,0.0,23.0,8.0,5.0,8.0,1,Books,Debit Card,Mobile,26.26,0.0,0.348,0
2363,CUST_02364,2023-01-23,48,Female,Istanbul,True,2023,1,1,0,Monday,January,False,2023-07-23,227.86,2,0.0,0.0,13.0,10.0,2.0,3.0,1,Home & Garden,Credit Card,Tablet,113.93,0.0,0.769,0
2364,CUST_02365,2023-07-30,27,Female,Kayseri,False,2023,7,3,6,Sunday,July,True,2024-01-30,1548.15,1,0.0,0.0,14.0,6.0,4.0,7.0,1,Electronics,Debit Card,Desktop,1548.15,0.0,0.429,0
2365,CUST_02366,2023-01-26,53,Female,Adana,True,2023,1,1,3,Thursday,January,False,2023-07-26,80.49,3,0.0,0.0,13.0,9.0,4.0,6.0,1,Food,Credit Card,Mobile,26.83,0.0,0.692,1
2366,CUST_02367,2023-11-25,28,Male,Adana,False,2023,11,4,5,Saturday,November,True,2024-05-25,102.82,2,0.0,0.0,18.0,8.0,5.0,12.0,1,Food,Credit Card,Desktop,51.41,0.0,0.444,0
2367,CUST_02368,2023-05-20,18,Male,Izmir,True,2023,5,2,5,Saturday,May,True,2023-11-20,198.34,1,40.57,0.16981290025532628,14.0,4.0,4.0,6.0,1,Beauty,Debit Card,Tablet,198.34,0.20454774629424222,0.286,0
2368,CUST_02369,2023-05-02,21,Male,Izmir,True,2023,5,2,1,Tuesday,May,False,2023-11-02,1277.36,3,99.46,0.07223892738339072,12.0,12.0,3.0,8.0,1,Sports,Bank Transfer,Mobile,425.78666666666663,0.07786371892027306,1.0,1
2369,CUST_02370,2023-04-04,49,Female,Istanbul,False,2023,4,2,1,Tuesday,April,False,2023-10-04,102.85,5,0.0,0.0,13.0,6.0,3.0,13.0,1,Books,Digital Wallet,Desktop,20.57,0.0,0.462,1
2370,CUST_02371,2023-05-28,33,Female,Bursa,True,2023,5,2,6,Sunday,May,True,2023-11-28,209.02,2,56.2,0.2118995550863434,14.0,11.0,4.0,12.0,1,Toys,Credit Card,Desktop,104.51,0.26887379198162853,0.786,0
2371,CUST_02372,2023-05-18,28,Female,Istanbul,True,2023,5,2,3,Thursday,May,False,2023-11-18,2141.1,3,0.0,0.0,15.0,8.0,5.0,3.0,1,Fashion,Cash on Delivery,Mobile,713.6999999999999,0.0,0.533,1
2372,CUST_02373,2023-05-11,36,Male,Eskisehir,True,2023,5,2,3,Thursday,May,False,2023-11-11,879.52,3,158.99,0.15309433707908446,16.0,9.0,5.0,9.0,1,Sports,Credit Card,Mobile,293.17333333333335,0.18076905584864472,0.562,0
2373,CUST_02374,2023-03-31,41,Female,Gaziantep,False,2023,3,1,4,Friday,March,False,2023-09-30,860.03,5,168.62,0.16392358917027175,17.0,12.0,2.0,3.0,1,Toys,Credit Card,Mobile,172.006,0.19606292803739406,0.706,1
2374,CUST_02375,2023-01-26,48,Female,Izmir,True,2023,1,1,3,Thursday,January,False,2023-07-26,27.45,1,3.1,0.10147299509001637,12.0,6.0,1.0,6.0,1,Books,Debit Card,Mobile,27.45,0.11293260473588343,0.5,1
2375,CUST_02376,2023-08-18,52,Male,Istanbul,True,2023,8,3,4,Friday,August,False,2024-02-18,85.55,1,12.6,0.12837493632195618,10.0,14.0,4.0,10.0,1,Toys,Credit Card,Mobile,85.55,0.1472822910578609,1.4,1
2376,CUST_02377,2023-01-29,30,Female,Gaziantep,True,2023,1,1,6,Sunday,January,True,2023-07-29,1231.32,1,127.61,0.0939047633064249,17.0,5.0,1.0,4.0,1,Sports,Digital Wallet,Mobile,1231.32,0.10363674755546894,0.294,1
2377,CUST_02378,2023-03-11,19,Male,Istanbul,True,2023,3,1,5,Saturday,March,True,2023-09-11,276.96,5,67.64,0.1962855484619849,15.0,12.0,5.0,10.0,1,Food,Debit Card,Mobile,55.391999999999996,0.24422299248989027,0.8,0
2378,CUST_02379,2023-03-03,30,Female,Istanbul,False,2023,3,1,4,Friday,March,False,2023-09-03,493.3,5,0.0,0.0,8.0,9.0,2.0,5.0,1,Food,Digital Wallet,Mobile,98.66,0.0,1.125,1
2379,CUST_02380,2023-04-18,38,Female,Istanbul,True,2023,4,2,1,Tuesday,April,False,2023-10-18,1181.29,4,231.55,0.16388975397072564,13.0,8.0,5.0,4.0,1,Toys,Credit Card,Tablet,295.3225,0.19601452649222462,0.615,1
2380,CUST_02381,2023-05-27,23,Female,Bursa,True,2023,5,2,5,Saturday,May,True,2023-11-27,136.55,5,0.0,0.0,16.0,10.0,5.0,9.0,1,Books,Credit Card,Mobile,27.310000000000002,0.0,0.625,1
2381,CUST_02382,2023-01-04,23,Female,Gaziantep,False,2023,1,1,2,Wednesday,January,False,2023-07-04,480.94,2,0.0,0.0,16.0,11.0,5.0,10.0,1,Beauty,Debit Card,Desktop,240.47,0.0,0.687,1
2382,CUST_02383,2023-08-29,39,Female,Ankara,False,2023,8,3,1,Tuesday,August,False,2024-02-29,189.76,2,0.0,0.0,53.0,15.0,5.0,5.0,1,Fashion,Credit Card,Desktop,94.88,0.0,0.283,0
2383,CUST_02384,2023-01-02,34,Female,Istanbul,False,2023,1,1,0,Monday,January,False,2023-07-02,1221.87,5,69.13,0.05354763749031758,14.0,10.0,3.0,6.0,1,Toys,Digital Wallet,Mobile,244.37399999999997,0.05657721361519638,0.714,1
2384,CUST_02385,2023-03-02,35,Male,Izmir,False,2023,3,1,3,Thursday,March,False,2023-09-02,98.25,3,5.82,0.05592389737676565,18.0,10.0,4.0,6.0,1,Books,Cash on Delivery,Tablet,32.75,0.05923664122137405,0.556,0
2385,CUST_02386,2023-02-16,25,Female,Adana,False,2023,2,1,3,Thursday,February,False,2023-08-16,309.26,2,0.0,0.0,14.0,7.0,5.0,9.0,1,Books,Debit Card,Mobile,154.63,0.0,0.5,1
2386,CUST_02387,2023-02-15,32,Male,Istanbul,False,2023,2,1,2,Wednesday,February,False,2023-08-15,132.87,1,0.0,0.0,13.0,10.0,4.0,6.0,1,Beauty,Credit Card,Desktop,132.87,0.0,0.769,0
2387,CUST_02388,2023-01-17,23,Male,Istanbul,True,2023,1,1,1,Tuesday,January,False,2023-07-17,956.2,5,0.0,0.0,18.0,10.0,4.0,7.0,1,Fashion,Debit Card,Desktop,191.24,0.0,0.556,0
2388,CUST_02389,2023-05-07,45,Female,Kayseri,True,2023,5,2,6,Sunday,May,True,2023-11-07,587.55,3,0.0,0.0,17.0,8.0,4.0,2.0,1,Beauty,Debit Card,Mobile,195.85,0.0,0.471,1
2389,CUST_02390,2023-08-25,47,Female,Kayseri,True,2023,8,3,4,Friday,August,False,2024-02-25,2657.99,1,0.0,0.0,27.0,7.0,4.0,6.0,1,Electronics,Debit Card,Desktop,2657.99,0.0,0.259,1
2390,CUST_02391,2023-03-27,18,Male,Eskisehir,True,2023,3,1,0,Monday,March,False,2023-09-27,46.64,2,0.0,0.0,16.0,12.0,1.0,8.0,1,Toys,Credit Card,Desktop,23.32,0.0,0.75,0
2391,CUST_02392,2023-05-25,23,Male,Gaziantep,True,2023,5,2,3,Thursday,May,False,2023-11-25,1438.14,1,0.0,0.0,41.0,7.0,5.0,9.0,1,Sports,Bank Transfer,Desktop,1438.14,0.0,0.171,0
2392,CUST_02393,2023-02-03,18,Male,Istanbul,True,2023,2,1,4,Friday,February,False,2023-08-03,1384.18,2,0.0,0.0,15.0,9.0,4.0,5.0,1,Electronics,Bank Transfer,Desktop,692.09,0.0,0.6,0
2393,CUST_02394,2023-07-15,27,Male,Istanbul,False,2023,7,3,5,Saturday,July,True,2024-01-15,8987.48,7,68.57,0.10550853977535005,29.0,8.0,4.0,3.5,2,Electronics,Debit Card,Mobile,1283.9257142857143,0.007629502374414184,0.276,0
2394,CUST_02395,2023-02-04,33,Male,Ankara,True,2023,2,1,5,Saturday,February,True,2023-08-04,163.97,2,24.63,0.13059384941675503,14.0,6.0,3.0,11.0,1,Fashion,Digital Wallet,Mobile,81.985,0.15021040434225771,0.429,1
2395,CUST_02396,2023-09-28,18,Female,Ankara,True,2023,9,3,3,Thursday,September,False,2024-03-28,486.76,4,0.0,0.0,10.0,7.0,4.0,6.0,1,Beauty,Debit Card,Mobile,121.69,0.0,0.7,1
2396,CUST_02397,2023-07-02,23,Male,Kayseri,True,2023,7,3,6,Sunday,July,True,2024-01-02,394.25,5,0.0,0.0,13.0,9.0,5.0,8.0,1,Books,Debit Card,Mobile,78.85,0.0,0.692,1
2397,CUST_02398,2023-03-24,22,Male,Gaziantep,True,2023,3,1,4,Friday,March,False,2023-09-24,765.19,1,0.0,0.0,5.0,6.0,3.0,22.0,1,Sports,Digital Wallet,Tablet,765.19,0.0,1.2,0
2398,CUST_02399,2023-08-09,37,Male,Adana,False,2023,8,3,2,Wednesday,August,False,2024-02-09,322.35,3,0.0,0.0,16.0,8.0,3.0,10.0,1,Food,Credit Card,Mobile,107.45,0.0,0.5,0
2399,CUST_02400,2023-02-22,35,Other,Istanbul,False,2023,2,1,2,Wednesday,February,False,2023-08-22,2291.29,5,232.06,0.09196504646600749,16.0,6.0,3.0,8.0,1,Home & Garden,Digital Wallet,Desktop,458.258,0.1012791920708422,0.375,1
2400,CUST_02401,2023-02-22,26,Male,Konya,False,2023,2,1,2,Wednesday,February,False,2023-08-22,98.01,3,0.0,0.0,22.0,10.0,3.0,4.0,1,Toys,Credit Card,Mobile,32.67,0.0,0.455,0
2401,CUST_02402,2023-07-06,37,Male,Gaziantep,True,2023,7,3,3,Thursday,July,False,2024-01-06,1004.7,5,0.0,0.0,18.0,11.0,5.0,8.0,1,Fashion,Bank Transfer,Mobile,200.94,0.0,0.611,1
2402,CUST_02403,2023-02-18,28,Male,Istanbul,True,2023,2,1,5,Saturday,February,True,2023-08-18,528.52,4,0.0,0.0,18.0,13.0,5.0,8.0,1,Sports,Debit Card,Tablet,132.13,0.0,0.722,1
2403,CUST_02404,2023-08-07,31,Female,Konya,True,2023,8,3,0,Monday,August,False,2024-02-07,90.25,5,0.0,0.0,10.0,7.0,4.0,3.0,1,Food,Bank Transfer,Desktop,18.05,0.0,0.7,0
2404,CUST_02405,2023-05-09,55,Female,Ankara,True,2023,5,2,1,Tuesday,May,False,2023-11-09,6481.68,4,0.0,0.0,8.0,9.0,5.0,7.0,1,Electronics,Digital Wallet,Mobile,1620.42,0.0,1.125,0
2405,CUST_02406,2023-01-27,51,Male,Istanbul,False,2023,1,1,4,Friday,January,False,2023-07-27,744.32,4,0.0,0.0,10.0,8.0,4.0,7.0,1,Toys,Credit Card,Mobile,186.08,0.0,0.8,1
2406,CUST_02407,2023-09-11,19,Male,Antalya,False,2023,9,3,0,Monday,September,False,2024-03-11,65.57,1,15.65,0.19268653041122877,14.0,10.0,3.0,4.0,1,Books,Debit Card,Desktop,65.57,0.2386762238828733,0.714,1
2407,CUST_02408,2023-02-27,44,Male,Antalya,True,2023,2,1,0,Monday,February,False,2023-08-27,906.12,4,0.0,0.0,18.0,6.0,4.0,5.0,1,Fashion,Debit Card,Tablet,226.53,0.0,0.333,0
2408,CUST_02409,2023-08-27,44,Female,Istanbul,False,2023,8,3,6,Sunday,August,True,2024-02-27,186.51,3,0.0,0.0,18.0,9.0,5.0,14.0,1,Books,Credit Card,Tablet,62.169999999999995,0.0,0.5,0
2409,CUST_02410,2023-04-16,21,Female,Ankara,False,2023,4,2,6,Sunday,April,True,2023-10-16,482.94,3,0.0,0.0,10.0,3.0,4.0,2.0,1,Fashion,Bank Transfer,Mobile,160.98,0.0,0.3,0
2410,CUST_02411,2023-03-12,44,Male,Eskisehir,True,2023,3,1,6,Sunday,March,True,2023-09-12,296.51,2,81.29,0.21516675489677078,18.0,11.0,5.0,3.0,1,Fashion,Debit Card,Desktop,148.255,0.2741560149741999,0.611,0
2411,CUST_02412,2023-02-22,53,Male,Antalya,False,2023,2,1,2,Wednesday,February,False,2023-08-22,417.48,4,0.0,0.0,7.0,8.0,5.0,9.0,1,Food,Credit Card,Desktop,104.37,0.0,1.143,0
2412,CUST_02413,2023-03-12,21,Male,Adana,False,2023,3,1,6,Sunday,March,True,2023-09-12,246.87,3,49.53,0.16710526315789476,10.0,9.0,5.0,9.0,1,Food,Cash on Delivery,Mobile,82.29,0.20063191153238547,0.9,1
2413,CUST_02414,2023-11-30,23,Male,Istanbul,True,2023,11,4,3,Thursday,November,False,2024-05-30,579.45,1,0.0,0.0,19.0,11.0,4.0,6.0,1,Electronics,Digital Wallet,Desktop,579.45,0.0,0.579,0
2414,CUST_02415,2023-01-06,47,Female,Istanbul,False,2023,1,1,4,Friday,January,False,2023-07-06,1438.85,5,277.55,0.16170473083197393,12.0,11.0,4.0,1.0,1,Toys,Credit Card,Mobile,287.77,0.19289710532717103,0.917,0
2415,CUST_02416,2023-01-04,38,Male,Ankara,False,2023,1,1,2,Wednesday,January,False,2023-07-04,664.48,4,0.0,0.0,14.0,9.0,1.0,3.0,1,Fashion,Credit Card,Mobile,166.12,0.0,0.643,1
2416,CUST_02417,2023-01-31,41,Male,Istanbul,True,2023,1,1,1,Tuesday,January,False,2023-07-31,136.49,5,19.61,0.125624599615631,18.0,9.0,5.0,8.0,1,Books,Debit Card,Mobile,27.298000000000002,0.1436735291962781,0.5,1
2417,CUST_02418,2023-02-14,39,Male,Istanbul,True,2023,2,1,1,Tuesday,February,False,2023-08-14,13289.92,4,0.0,0.0,18.0,11.0,5.0,3.0,1,Electronics,Credit Card,Mobile,3322.48,0.0,0.611,1
2418,CUST_02419,2023-02-12,39,Female,Istanbul,False,2023,2,1,6,Sunday,February,True,2023-08-12,474.19,2,52.63,0.0999012945598117,26.0,11.0,3.0,2.0,1,Fashion,Credit Card,Mobile,237.095,0.11098926590607142,0.423,0
2419,CUST_02420,2023-01-08,19,Female,Bursa,False,2023,1,1,6,Sunday,January,True,2023-07-08,7130.62,5,1488.63,0.17270992255706705,14.0,8.0,4.0,4.0,1,Electronics,Bank Transfer,Mobile,1426.124,0.20876585766735573,0.571,0
2420,CUST_02421,2023-03-06,47,Male,Ankara,False,2023,3,1,0,Monday,March,False,2023-09-06,142.46,3,27.97,0.16411429912574077,12.0,8.0,4.0,6.0,1,Books,Debit Card,Mobile,47.48666666666667,0.19633581356170152,0.667,1
2421,CUST_02422,2023-05-20,49,Male,Gaziantep,False,2023,5,2,5,Saturday,May,True,2023-11-20,81.05,1,0.0,0.0,5.0,8.0,5.0,10.0,1,Books,Debit Card,Mobile,81.05,0.0,1.6,0
2422,CUST_02423,2023-06-09,32,Male,Istanbul,True,2023,6,2,4,Friday,June,False,2023-12-09,2144.77,2,597.49,0.2178823306323981,15.0,7.0,5.0,7.0,1,Electronics,Digital Wallet,Mobile,1072.385,0.2785799875977378,0.467,1
2423,CUST_02424,2023-04-14,34,Female,Izmir,True,2023,4,2,4,Friday,April,False,2023-10-14,1101.45,3,0.0,0.0,9.0,8.0,5.0,2.0,1,Fashion,Debit Card,Tablet,367.15000000000003,0.0,0.889,0
2424,CUST_02425,2023-03-17,18,Male,Istanbul,True,2023,3,1,4,Friday,March,False,2023-09-17,2174.71,2,158.27,0.067840272955619,22.0,12.0,5.0,13.0,1,Electronics,Cash on Delivery,Mobile,1087.355,0.07277751976125553,0.545,1
2425,CUST_02426,2023-05-08,41,Female,Izmir,False,2023,5,2,0,Monday,May,False,2023-11-08,346.32,1,92.53,0.21084653070525236,11.0,10.0,4.0,4.0,1,Sports,Bank Transfer,Mobile,346.32,0.2671806421806422,0.909,0
2426,CUST_02427,2023-03-02,41,Female,Istanbul,True,2023,3,1,3,Thursday,March,False,2023-09-02,51.37,3,3.62,0.06583015093653392,15.0,5.0,4.0,6.0,1,Food,Bank Transfer,Mobile,17.12333333333333,0.07046914541561224,0.333,1
2427,CUST_02428,2023-01-01,34,Female,Eskisehir,False,2023,1,1,6,Sunday,January,True,2023-07-01,7228.08,3,0.0,0.0,12.0,11.0,4.0,4.0,1,Electronics,Credit Card,Mobile,2409.36,0.0,0.917,1
2428,CUST_02429,2023-01-25,48,Male,Gaziantep,True,2023,1,1,2,Wednesday,January,False,2023-07-25,328.46,4,58.3,0.15073947667804322,12.0,5.0,4.0,9.0,1,Beauty,Credit Card,Desktop,82.115,0.17749497655726726,0.417,1
2429,CUST_02430,2023-02-27,30,Female,Izmir,False,2023,2,1,0,Monday,February,False,2023-08-27,1844.79,5,169.11,0.08397139877848951,16.0,10.0,4.0,7.0,1,Sports,Bank Transfer,Desktop,368.95799999999997,0.09166897045192136,0.625,1
2430,CUST_02431,2023-02-01,41,Female,Istanbul,True,2023,2,1,2,Wednesday,February,False,2023-08-01,924.35,5,0.0,0.0,14.0,8.0,5.0,7.0,1,Fashion,Debit Card,Mobile,184.87,0.0,0.571,1
2431,CUST_02432,2023-06-28,22,Male,Bursa,False,2023,6,2,2,Wednesday,June,False,2023-12-28,205.83,1,0.0,0.0,7.0,9.0,4.0,5.0,1,Toys,Bank Transfer,Desktop,205.83,0.0,1.286,1
2432,CUST_02433,2023-01-14,34,Male,Adana,True,2023,1,1,5,Saturday,January,True,2023-07-14,132.56,2,0.0,0.0,13.0,12.0,5.0,3.0,1,Beauty,Credit Card,Mobile,66.28,0.0,0.923,1
2433,CUST_02434,2023-08-01,32,Male,Istanbul,True,2023,8,3,1,Tuesday,August,False,2024-02-01,570.6,3,0.0,0.0,12.0,6.0,1.0,13.0,1,Fashion,Credit Card,Desktop,190.20000000000002,0.0,0.5,0
2434,CUST_02435,2023-01-28,37,Male,Bursa,False,2023,1,1,5,Saturday,January,True,2023-07-28,67.73,1,25.0,0.2695999137280276,12.0,3.0,2.0,11.0,1,Toys,Credit Card,Desktop,67.73,0.36911265318175107,0.25,0
2435,CUST_02436,2023-07-22,30,Male,Gaziantep,True,2023,7,3,5,Saturday,July,True,2024-01-22,69.24,2,10.82,0.13514863852110917,3.0,12.0,5.0,4.0,1,Books,Credit Card,Mobile,34.62,0.15626805314846912,4.0,0
2436,CUST_02437,2023-01-11,33,Female,Adana,True,2023,1,1,2,Wednesday,January,False,2023-07-11,178.44,2,0.0,0.0,17.0,6.0,4.0,4.0,1,Fashion,Debit Card,Desktop,89.22,0.0,0.353,1
2437,CUST_02438,2023-02-17,44,Male,Gaziantep,True,2023,2,1,4,Friday,February,False,2023-08-17,77.56,1,19.2,0.19842910293509713,15.0,10.0,4.0,7.0,1,Toys,Bank Transfer,Mobile,77.56,0.24755028365136666,0.667,1
2438,CUST_02439,2023-03-12,29,Female,Konya,True,2023,3,1,6,Sunday,March,True,2023-09-12,200.75,1,0.0,0.0,12.0,10.0,4.0,4.0,1,Home & Garden,Credit Card,Mobile,200.75,0.0,0.833,0
2439,CUST_02440,2023-04-11,18,Male,Kayseri,True,2023,4,2,1,Tuesday,April,False,2023-10-11,1127.68,2,224.82,0.16622550831792976,18.0,11.0,4.0,6.0,1,Fashion,Credit Card,Mobile,563.84,0.19936506810442678,0.611,1
2440,CUST_02441,2023-02-04,55,Female,Izmir,True,2023,2,1,5,Saturday,February,True,2023-08-04,258.42,5,59.23,0.18646308830473793,12.0,8.0,3.0,12.0,1,Food,Debit Card,Mobile,51.684000000000005,0.22920052627505608,0.667,0
2441,CUST_02442,2023-01-29,51,Male,Bursa,True,2023,1,1,6,Sunday,January,True,2023-07-29,177.65,3,19.69,0.09977703455964326,16.0,8.0,3.0,9.0,1,Food,Cash on Delivery,Mobile,59.21666666666667,0.1108359133126935,0.5,1
2442,CUST_02443,2023-04-25,19,Female,Gaziantep,True,2023,4,2,1,Tuesday,April,False,2023-10-25,486.6,4,0.0,0.0,9.0,10.0,4.0,11.0,1,Fashion,Debit Card,Mobile,121.65,0.0,1.111,0
2443,CUST_02444,2023-01-15,43,Male,Antalya,False,2023,1,1,6,Sunday,January,True,2023-07-15,116.81,1,23.2,0.1657024498250125,13.0,9.0,4.0,7.0,1,Food,Digital Wallet,Desktop,116.81,0.1986131324372913,0.692,1
2444,CUST_02445,2023-06-13,28,Male,Eskisehir,False,2023,6,2,1,Tuesday,June,False,2023-12-13,349.41,3,0.0,0.0,48.0,7.0,4.0,12.0,1,Food,Credit Card,Mobile,116.47000000000001,0.0,0.146,0
2445,CUST_02446,2023-01-12,38,Female,Istanbul,False,2023,1,1,3,Thursday,January,False,2023-07-12,165.3,1,0.0,0.0,14.0,11.0,5.0,10.0,1,Food,Digital Wallet,Desktop,165.3,0.0,0.786,0
2446,CUST_02447,2023-08-15,38,Male,Ankara,True,2023,8,3,1,Tuesday,August,False,2024-02-15,560.65,5,43.2,0.07154094559907262,11.0,9.0,5.0,3.0,1,Food,Credit Card,Desktop,112.13,0.0770534201373406,0.818,1
2447,CUST_02448,2023-12-26,32,Female,Ankara,True,2023,12,4,1,Tuesday,December,False,2024-06-26,3821.75,3,291.79,0.07093403734982522,13.0,9.0,4.0,1.0,1,Electronics,Credit Card,Desktop,1273.9166666666667,0.07634983973310656,0.692,0
2448,CUST_02449,2023-10-29,25,Female,Ankara,False,2023,10,4,6,Sunday,October,True,2024-04-29,92.72,2,25.66,0.2167595877682041,19.0,12.0,2.0,2.0,1,Beauty,Credit Card,Tablet,46.36,0.2767471958584987,0.632,1
2449,CUST_02450,2023-04-27,26,Male,Istanbul,True,2023,4,2,3,Thursday,April,False,2023-10-27,263.26,2,28.14,0.09656829100892245,18.0,12.0,5.0,6.0,1,Toys,Credit Card,Desktop,131.63,0.10689052647572743,0.667,0
2450,CUST_02451,2023-02-10,24,Female,Adana,False,2023,2,1,4,Friday,February,False,2023-08-10,938.93,5,225.92,0.19394771859037646,10.0,10.0,4.0,2.0,1,Food,Debit Card,Tablet,187.786,0.24061431629620952,1.0,1
2451,CUST_02452,2023-03-16,25,Female,Istanbul,False,2023,3,1,3,Thursday,March,False,2023-09-16,1296.24,4,0.0,0.0,21.0,8.0,3.0,2.0,1,Fashion,Digital Wallet,Desktop,324.06,0.0,0.381,1
2452,CUST_02453,2023-02-07,34,Male,Adana,True,2023,2,1,1,Tuesday,February,False,2023-08-07,687.94,5,41.91,0.057422758100979646,18.0,9.0,4.0,3.0,1,Toys,Credit Card,Tablet,137.58800000000002,0.06092101055324591,0.5,0
2453,CUST_02454,2023-01-15,26,Female,Antalya,True,2023,1,1,6,Sunday,January,True,2023-07-15,2729.44,2,738.4,0.21292793208452523,14.0,11.0,5.0,4.0,1,Electronics,Credit Card,Desktop,1364.72,0.27053168415499146,0.786,1
2454,CUST_02455,2023-05-22,43,Female,Ankara,True,2023,5,2,0,Monday,May,False,2023-11-22,10422.95,5,1742.95,0.14326519205319788,12.0,4.0,5.0,5.0,1,Electronics,Credit Card,Mobile,2084.59,0.16722233148964544,0.333,1
2455,CUST_02456,2023-11-01,52,Male,Ankara,False,2023,11,4,2,Wednesday,November,False,2024-05-01,118.15,3,10.58,0.08218752427561564,9.0,7.0,3.0,5.0,1,Beauty,Credit Card,Mobile,39.38333333333333,0.08954718578078713,0.778,0
2456,CUST_02457,2023-03-25,28,Male,Antalya,False,2023,3,1,5,Saturday,March,True,2023-09-25,8936.0,5,1188.8,0.11741466498103667,10.0,13.0,3.0,4.0,1,Electronics,Bank Transfer,Mobile,1787.2,0.13303491495076097,1.3,0
2457,CUST_02458,2023-08-25,37,Female,Adana,True,2023,8,3,4,Friday,August,False,2024-02-25,1609.5,5,0.0,0.0,14.0,10.0,4.0,8.0,1,Fashion,Debit Card,Mobile,321.9,0.0,0.714,0
2458,CUST_02459,2023-01-30,40,Male,Konya,True,2023,1,1,0,Monday,January,False,2023-07-30,91.28,2,0.0,0.0,19.0,7.0,4.0,9.0,1,Books,Bank Transfer,Desktop,45.64,0.0,0.368,1
2459,CUST_02460,2023-03-13,40,Male,Konya,True,2023,3,1,0,Monday,March,False,2023-09-13,139.62,2,0.0,0.0,23.0,6.0,3.0,9.0,1,Food,Digital Wallet,Desktop,69.81,0.0,0.261,1
2460,CUST_02461,2023-05-24,35,Male,Eskisehir,True,2023,5,2,2,Wednesday,May,False,2023-11-24,116.56,1,28.85,0.19840451138161064,15.0,9.0,3.0,3.0,1,Fashion,Cash on Delivery,Desktop,116.56,0.24751201098146877,0.6,0
2461,CUST_02462,2023-01-07,43,Female,Bursa,True,2023,1,1,5,Saturday,January,True,2023-07-07,231.44,2,12.56,0.05147540983606558,15.0,8.0,2.0,5.0,1,Toys,Credit Card,Mobile,115.72,0.05426892499135846,0.533,0
2462,CUST_02463,2023-05-06,40,Male,Konya,True,2023,5,2,5,Saturday,May,True,2023-11-06,468.6,2,0.0,0.0,15.0,10.0,5.0,9.0,1,Home & Garden,Debit Card,Desktop,234.3,0.0,0.667,1
2463,CUST_02464,2023-01-07,20,Male,Gaziantep,True,2023,1,1,5,Saturday,January,True,2023-07-07,1114.41,1,0.0,0.0,18.0,8.0,3.0,11.0,1,Sports,Digital Wallet,Mobile,1114.41,0.0,0.444,0
2464,CUST_02465,2023-06-23,45,Female,Konya,False,2023,6,2,4,Friday,June,False,2023-12-23,551.02,4,49.3,0.08212286780383794,12.0,10.0,3.0,1.0,1,Beauty,Credit Card,Mobile,137.755,0.08947043664476788,0.833,1
2465,CUST_02466,2023-01-03,45,Male,Istanbul,True,2023,1,1,1,Tuesday,January,False,2023-07-03,740.85,1,190.12,0.20421710688851413,9.0,10.0,4.0,2.0,1,Electronics,Credit Card,Desktop,740.85,0.2566241479381791,1.111,0
2466,CUST_02467,2023-02-10,25,Female,Eskisehir,False,2023,2,1,4,Friday,February,False,2023-08-10,486.04,1,0.0,0.0,3.0,9.0,4.0,4.0,1,Fashion,Bank Transfer,Tablet,486.04,0.0,3.0,0
2467,CUST_02468,2023-01-10,35,Other,Izmir,True,2023,1,1,1,Tuesday,January,False,2023-07-10,480.97,1,0.0,0.0,16.0,5.0,4.0,5.0,1,Sports,Digital Wallet,Desktop,480.97,0.0,0.312,1
2468,CUST_02469,2023-04-07,43,Female,Gaziantep,False,2023,4,2,4,Friday,April,False,2023-10-07,11946.56,4,0.0,0.0,15.0,9.0,4.0,7.0,1,Electronics,Debit Card,Mobile,2986.64,0.0,0.6,0
2469,CUST_02470,2023-04-21,32,Female,Istanbul,True,2023,4,2,4,Friday,April,False,2023-10-21,93.85,1,29.61,0.2398347642961283,6.0,9.0,3.0,9.0,1,Food,Digital Wallet,Mobile,93.85,0.315503462972829,1.5,1
2470,CUST_02471,2023-07-16,47,Male,Ankara,False,2023,7,3,6,Sunday,July,True,2024-01-16,145.1,1,33.33,0.18679594238636998,11.0,8.0,5.0,9.0,1,Beauty,Credit Card,Mobile,145.1,0.22970365265334253,0.727,1
2471,CUST_02472,2023-03-18,63,Female,Ankara,False,2023,3,1,5,Saturday,March,True,2023-09-18,9678.92,2,0.0,0.0,10.0,8.0,5.0,7.0,1,Electronics,Credit Card,Tablet,4839.46,0.0,0.8,0
2472,CUST_02473,2023-06-24,25,Male,Ankara,True,2023,6,2,5,Saturday,June,True,2023-12-24,117.02,2,0.0,0.0,17.0,5.0,2.0,3.0,1,Beauty,Credit Card,Mobile,58.51,0.0,0.294,1
2473,CUST_02474,2023-03-28,18,Male,Istanbul,False,2023,3,1,1,Tuesday,March,False,2023-09-28,105.39,3,0.0,0.0,18.0,7.0,5.0,8.0,1,Books,Credit Card,Mobile,35.13,0.0,0.389,0
2474,CUST_02475,2023-02-15,38,Male,Gaziantep,True,2023,2,1,2,Wednesday,February,False,2023-08-15,639.05,3,86.86,0.11965670675428083,16.0,7.0,4.0,3.0,1,Beauty,Bank Transfer,Mobile,213.01666666666665,0.13592050700258196,0.437,1
2475,CUST_02476,2023-04-08,43,Male,Istanbul,False,2023,4,2,5,Saturday,April,True,2023-10-08,271.41,3,0.0,0.0,20.0,14.0,3.0,14.0,1,Fashion,Debit Card,Mobile,90.47000000000001,0.0,0.7,0
2476,CUST_02477,2023-04-17,32,Female,Ankara,True,2023,4,2,0,Monday,April,False,2023-10-17,1061.56,4,0.0,0.0,19.0,6.0,5.0,6.0,1,Sports,Credit Card,Mobile,265.39,0.0,0.316,1
2477,CUST_02478,2023-01-29,52,Male,Istanbul,True,2023,1,1,6,Sunday,January,True,2023-07-29,3332.75,5,0.0,0.0,14.0,9.0,4.0,10.0,1,Sports,Credit Card,Mobile,666.55,0.0,0.643,0
2478,CUST_02479,2023-02-28,18,Female,Bursa,True,2023,2,1,1,Tuesday,February,False,2023-08-28,2619.05,5,0.0,0.0,17.0,5.0,4.0,3.0,1,Home & Garden,Bank Transfer,Desktop,523.8100000000001,0.0,0.294,0
2479,CUST_02480,2023-05-28,43,Female,Ankara,True,2023,5,2,6,Sunday,May,True,2023-11-28,560.88,3,0.0,0.0,14.0,11.0,5.0,6.0,1,Fashion,Credit Card,Mobile,186.96,0.0,0.786,0
2480,CUST_02481,2023-01-28,27,Female,Ankara,True,2023,1,1,5,Saturday,January,True,2023-07-28,495.57,3,0.0,0.0,16.0,8.0,3.0,5.0,1,Food,Credit Card,Desktop,165.19,0.0,0.5,1
2481,CUST_02482,2023-06-04,55,Male,Izmir,True,2023,6,2,6,Sunday,June,True,2023-12-04,2184.38,5,77.57,0.03429341939477,11.0,6.0,4.0,9.0,1,Fashion,Digital Wallet,Mobile,436.87600000000003,0.03551122057517465,0.545,1
2482,CUST_02483,2023-03-04,58,Female,Antalya,True,2023,3,1,5,Saturday,March,True,2023-09-04,1046.93,4,64.83,0.05831294523997985,14.0,7.0,4.0,7.0,1,Fashion,Credit Card,Desktop,261.7325,0.06192391086319047,0.5,0
2483,CUST_02484,2023-01-25,25,Male,Istanbul,False,2023,1,1,2,Wednesday,January,False,2023-07-25,692.02,4,54.02,0.07240898611334513,4.0,7.0,5.0,11.0,1,Fashion,Credit Card,Mobile,173.005,0.0780613277072917,1.75,1
2484,CUST_02485,2023-05-03,28,Male,Istanbul,True,2023,5,2,2,Wednesday,May,False,2023-11-03,146.4,2,8.66,0.05584934863923643,11.0,6.0,5.0,10.0,1,Food,Cash on Delivery,Tablet,73.2,0.05915300546448087,0.545,1
2485,CUST_02486,2023-04-20,45,Other,Istanbul,False,2023,4,2,3,Thursday,April,False,2023-10-20,1591.14,5,193.71,0.10853012858223379,10.0,12.0,1.0,2.0,1,Sports,Credit Card,Mobile,318.228,0.12174290131603756,1.2,1
2486,CUST_02487,2023-01-22,30,Male,Eskisehir,True,2023,1,1,6,Sunday,January,True,2023-07-22,152.15,1,10.59,0.06507312277252059,18.0,12.0,4.0,9.0,1,Beauty,Credit Card,Desktop,152.15,0.06960236608609924,0.667,1
2487,CUST_02488,2023-04-12,34,Male,Ankara,True,2023,4,2,2,Wednesday,April,False,2023-10-12,152.6,5,0.0,0.0,12.0,7.0,5.0,9.0,1,Books,Credit Card,Desktop,30.52,0.0,0.583,0
2488,CUST_02489,2023-04-03,35,Female,Bursa,True,2023,4,2,0,Monday,April,False,2023-10-03,212.98,2,19.94,0.08560879271852997,17.0,12.0,5.0,5.0,1,Beauty,Credit Card,Desktop,106.49,0.09362381444267068,0.706,0
2489,CUST_02490,2023-02-11,18,Male,Istanbul,False,2023,2,1,5,Saturday,February,True,2023-08-11,513.65,1,101.14,0.16451145919744956,15.0,11.0,5.0,4.0,1,Sports,Digital Wallet,Desktop,513.65,0.19690450695999223,0.733,0
2490,CUST_02491,2023-01-17,34,Female,Izmir,False,2023,1,1,1,Tuesday,January,False,2023-07-17,1845.8,5,354.7,0.16119063849125198,13.0,9.0,4.0,8.0,1,Fashion,Digital Wallet,Desktop,369.15999999999997,0.19216599848304258,0.692,0
2491,CUST_02492,2023-02-01,26,Male,Istanbul,True,2023,2,1,2,Wednesday,February,False,2023-08-01,188.57,4,28.35,0.13069334316798822,11.0,4.0,2.0,6.0,1,Books,Bank Transfer,Tablet,47.1425,0.15034204804581855,0.364,1
2492,CUST_02493,2023-01-28,29,Male,Istanbul,True,2023,1,1,5,Saturday,January,True,2023-07-28,469.69,5,76.26,0.13968312116494183,15.0,9.0,5.0,5.0,1,Beauty,Credit Card,Mobile,93.938,0.1623624092486534,0.6,0
2493,CUST_02494,2023-04-21,52,Male,Izmir,True,2023,4,2,4,Friday,April,False,2023-10-21,282.9,1,0.0,0.0,16.0,8.0,5.0,6.0,1,Fashion,Bank Transfer,Mobile,282.9,0.0,0.5,1
2494,CUST_02495,2023-01-09,19,Male,Ankara,False,2023,1,1,0,Monday,January,False,2023-07-09,1038.14,5,209.76,0.16809039185832197,18.0,5.0,4.0,6.0,1,Home & Garden,Credit Card,Mobile,207.62800000000001,0.20205367291502108,0.278,0
2495,CUST_02496,2023-10-02,44,Male,Istanbul,True,2023,10,4,0,Monday,October,False,2024-04-02,160.27,1,0.0,0.0,23.0,11.0,3.0,3.0,1,Toys,Digital Wallet,Desktop,160.27,0.0,0.478,0
2496,CUST_02497,2023-01-09,31,Female,Antalya,True,2023,1,1,0,Monday,January,False,2023-07-09,91.69,1,14.0,0.13246286309016936,7.0,7.0,4.0,8.0,1,Beauty,Bank Transfer,Desktop,91.69,0.15268840658741412,1.0,0
2497,CUST_02498,2023-05-25,31,Female,Eskisehir,True,2023,5,2,3,Thursday,May,False,2023-11-25,2725.26,3,0.0,0.0,13.0,12.0,5.0,8.0,1,Sports,Digital Wallet,Mobile,908.4200000000001,0.0,0.923,0
2498,CUST_02499,2023-09-21,44,Female,Ankara,True,2023,9,3,3,Thursday,September,False,2024-03-21,98.56,2,0.0,0.0,6.0,7.0,4.0,10.0,1,Books,Debit Card,Tablet,49.28,0.0,1.167,0
2499,CUST_02500,2023-03-06,39,Male,Antalya,True,2023,3,1,0,Monday,March,False,2023-09-06,1008.8,4,0.0,0.0,15.0,9.0,4.0,4.0,1,Electronics,Cash on Delivery,Desktop,252.2,0.0,0.6,1
2500,CUST_02501,2023-05-04,41,Female,Eskisehir,False,2023,5,2,3,Thursday,May,False,2023-11-04,306.41,1,93.81,0.23439608215481483,7.0,3.0,5.0,5.0,1,Sports,Credit Card,Desktop,306.41,0.3061584151953265,0.429,1
2501,CUST_02502,2023-08-27,46,Female,Gaziantep,True,2023,8,3,6,Sunday,August,True,2024-02-27,1149.76,4,0.0,0.0,16.0,7.0,4.0,9.0,1,Fashion,Bank Transfer,Mobile,287.44,0.0,0.437,0
2502,CUST_02503,2023-03-15,31,Female,Izmir,True,2023,3,1,2,Wednesday,March,False,2023-09-15,181.74,2,0.0,0.0,11.0,5.0,4.0,10.0,1,Food,Digital Wallet,Mobile,90.87,0.0,0.455,0
2503,CUST_02504,2023-04-10,27,Male,Adana,False,2023,4,2,0,Monday,April,False,2023-10-10,575.56,4,0.0,0.0,13.0,11.0,4.0,5.0,1,Toys,Debit Card,Mobile,143.89,0.0,0.846,1
2504,CUST_02505,2023-05-05,21,Female,Istanbul,False,2023,5,2,4,Friday,May,False,2023-11-05,399.77,1,21.95,0.05204875272692781,14.0,9.0,5.0,12.0,1,Home & Garden,Debit Card,Tablet,399.77,0.05490657127848513,0.643,1
2505,CUST_02506,2023-01-01,25,Female,Izmir,False,2023,1,1,6,Sunday,January,True,2023-07-01,4214.74,2,0.0,0.0,10.0,5.0,5.0,6.0,1,Electronics,Digital Wallet,Desktop,2107.37,0.0,0.5,0
2506,CUST_02507,2023-06-14,70,Male,Ankara,True,2023,6,2,2,Wednesday,June,False,2023-12-14,1241.8,2,0.0,0.0,16.0,11.0,3.0,10.0,1,Electronics,Bank Transfer,Mobile,620.9,0.0,0.687,0
2507,CUST_02508,2023-06-28,49,Female,Istanbul,False,2023,6,2,2,Wednesday,June,False,2023-12-28,563.28,3,0.0,0.0,16.0,6.0,5.0,5.0,1,Fashion,Debit Card,Mobile,187.76,0.0,0.375,1
2508,CUST_02509,2023-05-04,18,Male,Izmir,False,2023,5,2,3,Thursday,May,False,2023-11-04,72.22,1,0.0,0.0,4.0,13.0,2.0,8.0,1,Books,Credit Card,Mobile,72.22,0.0,3.25,0
2509,CUST_02510,2023-01-01,19,Female,Istanbul,False,2023,1,1,6,Sunday,January,True,2023-07-01,317.7,2,0.0,0.0,14.0,7.0,4.0,7.0,1,Home & Garden,Digital Wallet,Mobile,158.85,0.0,0.5,0
2510,CUST_02511,2023-06-21,40,Female,Antalya,True,2023,6,2,2,Wednesday,June,False,2023-12-21,125.23,2,31.85,0.20276292335115864,14.0,7.0,5.0,6.0,1,Books,Credit Card,Mobile,62.615,0.2543320290665176,0.5,0
2511,CUST_02512,2023-04-06,41,Female,Izmir,True,2023,4,2,3,Thursday,April,False,2023-10-06,1175.72,3,55.51,0.0450849963045085,12.0,17.0,5.0,9.0,1,Sports,Credit Card,Mobile,391.9066666666667,0.04721362229102167,1.417,0
2512,CUST_02513,2023-03-08,41,Male,Bursa,True,2023,3,1,2,Wednesday,March,False,2023-09-08,95.88,2,0.0,0.0,15.0,9.0,3.0,3.0,1,Books,Cash on Delivery,Desktop,47.94,0.0,0.6,0
2513,CUST_02514,2023-02-01,31,Male,Istanbul,False,2023,2,1,2,Wednesday,February,False,2023-08-01,82.38,3,0.0,0.0,16.0,6.0,4.0,3.0,1,Food,Debit Card,Mobile,27.459999999999997,0.0,0.375,0
2514,CUST_02515,2023-01-14,33,Female,Istanbul,True,2023,1,1,5,Saturday,January,True,2023-07-14,194.4,4,0.0,0.0,19.0,9.0,4.0,11.0,1,Toys,Cash on Delivery,Desktop,48.6,0.0,0.474,1
2515,CUST_02516,2023-05-17,38,Male,Bursa,True,2023,5,2,2,Wednesday,May,False,2023-11-17,75.44,5,17.56,0.18881720430107526,13.0,8.0,3.0,6.0,1,Food,Credit Card,Mobile,15.088,0.23276776246023329,0.615,1
2516,CUST_02517,2023-07-04,36,Male,Eskisehir,True,2023,7,3,1,Tuesday,July,False,2024-01-04,1125.32,5,15.13,0.013266692972072428,24.0,7.0,3.0,7.0,1,Toys,Cash on Delivery,Mobile,225.064,0.013445064514982407,0.292,1
2517,CUST_02518,2023-01-05,18,Female,Istanbul,True,2023,1,1,3,Thursday,January,False,2023-07-05,253.89,5,14.06,0.0524724762082478,20.0,10.0,3.0,12.0,1,Books,Credit Card,Mobile,50.778,0.05537831344282958,0.5,0
2518,CUST_02519,2023-05-27,32,Female,Ankara,True,2023,5,2,5,Saturday,May,True,2023-11-27,4022.71,5,603.34,0.13042228250883584,16.0,9.0,3.0,7.0,1,Home & Garden,Bank Transfer,Mobile,804.542,0.14998346885557248,0.562,1
2519,CUST_02520,2023-05-06,24,Male,Konya,False,2023,5,2,5,Saturday,May,True,2023-11-06,1700.46,3,0.0,0.0,18.0,6.0,5.0,4.0,1,Sports,Credit Card,Mobile,566.82,0.0,0.333,1
2520,CUST_02521,2023-05-17,37,Male,Istanbul,True,2023,5,2,2,Wednesday,May,False,2023-11-17,588.95,5,0.0,0.0,16.0,6.0,4.0,5.0,1,Books,Debit Card,Tablet,117.79,0.0,0.375,1
2521,CUST_02522,2023-03-17,70,Male,Konya,False,2023,3,1,4,Friday,March,False,2023-09-17,2182.65,5,0.0,0.0,17.0,9.0,3.0,4.0,1,Sports,Bank Transfer,Mobile,436.53000000000003,0.0,0.529,1
2522,CUST_02523,2023-09-17,39,Female,Bursa,True,2023,9,3,6,Sunday,September,True,2024-03-17,140.52,2,0.0,0.0,7.0,7.0,1.0,8.0,1,Food,Debit Card,Mobile,70.26,0.0,1.0,1
2523,CUST_02524,2023-01-08,31,Female,Izmir,False,2023,1,1,6,Sunday,January,True,2023-07-08,162.97,2,27.45,0.14415502573259112,17.0,7.0,5.0,7.0,1,Beauty,Debit Card,Mobile,81.485,0.16843590844940787,0.412,0
2524,CUST_02525,2023-01-11,46,Female,Ankara,True,2023,1,1,2,Wednesday,January,False,2023-07-11,97.74,1,0.0,0.0,20.0,7.0,5.0,8.0,1,Beauty,Credit Card,Desktop,97.74,0.0,0.35,1
2525,CUST_02526,2023-07-19,40,Female,Ankara,False,2023,7,3,2,Wednesday,July,False,2024-01-19,129.19,2,12.41,0.08764124293785311,1.0,8.0,2.0,4.0,1,Sports,Debit Card,Mobile,64.595,0.09606006656861986,8.0,0
2526,CUST_02527,2023-02-18,40,Female,Ankara,False,2023,2,1,5,Saturday,February,True,2023-08-18,67.86,2,13.38,0.16469719350073858,18.0,11.0,3.0,6.0,1,Food,Bank Transfer,Mobile,33.93,0.19717064544650753,0.611,0
2527,CUST_02528,2023-01-03,42,Female,Konya,True,2023,1,1,1,Tuesday,January,False,2023-07-03,206.04,4,0.0,0.0,14.0,9.0,5.0,3.0,1,Books,Credit Card,Mobile,51.51,0.0,0.643,0
2528,CUST_02529,2023-01-23,59,Male,Adana,False,2023,1,1,0,Monday,January,False,2023-07-23,225.64,2,0.0,0.0,3.0,5.0,4.0,6.0,1,Toys,Debit Card,Desktop,112.82,0.0,1.667,1
2529,CUST_02530,2023-02-16,21,Female,Antalya,False,2023,2,1,3,Thursday,February,False,2023-08-16,3520.64,4,0.0,0.0,14.0,9.0,5.0,5.0,1,Electronics,Credit Card,Desktop,880.16,0.0,0.643,0
2530,CUST_02531,2023-02-17,40,Male,Gaziantep,False,2023,2,1,4,Friday,February,False,2023-08-17,326.25,3,0.0,0.0,14.0,6.0,3.0,5.0,1,Books,Digital Wallet,Mobile,108.75,0.0,0.429,1
2531,CUST_02532,2023-07-11,23,Female,Ankara,True,2023,7,3,1,Tuesday,July,False,2024-01-11,574.05,3,0.0,0.0,8.0,5.0,2.0,8.0,1,Food,Credit Card,Mobile,191.35,0.0,0.625,0
2532,CUST_02533,2023-04-07,41,Female,Bursa,True,2023,4,2,4,Friday,April,False,2023-10-07,266.72,4,0.0,0.0,22.0,8.0,3.0,7.0,1,Toys,Digital Wallet,Tablet,66.68,0.0,0.364,0
2533,CUST_02534,2023-03-01,23,Male,Izmir,True,2023,3,1,2,Wednesday,March,False,2023-09-01,67.78,1,0.0,0.0,13.0,8.0,4.0,9.0,1,Beauty,Digital Wallet,Mobile,67.78,0.0,0.615,0
2534,CUST_02535,2023-01-09,29,Female,Gaziantep,True,2023,1,1,0,Monday,January,False,2023-07-09,370.25,1,0.0,0.0,18.0,9.0,5.0,8.0,1,Fashion,Digital Wallet,Mobile,370.25,0.0,0.5,0
2535,CUST_02536,2023-03-24,31,Male,Ankara,True,2023,3,1,4,Friday,March,False,2023-09-24,1231.65,5,0.0,0.0,14.0,14.0,4.0,4.0,1,Toys,Debit Card,Mobile,246.33,0.0,1.0,1
2536,CUST_02537,2023-03-16,46,Female,Antalya,False,2023,3,1,3,Thursday,March,False,2023-09-16,59.58,1,0.0,0.0,19.0,9.0,4.0,7.0,1,Beauty,Credit Card,Mobile,59.58,0.0,0.474,0
2537,CUST_02538,2023-02-04,46,Male,Konya,True,2023,2,1,5,Saturday,February,True,2023-08-04,8890.0,4,0.0,0.0,4.0,10.0,5.0,6.0,1,Electronics,Digital Wallet,Desktop,2222.5,0.0,2.5,0
2538,CUST_02539,2023-05-06,20,Female,Izmir,False,2023,5,2,5,Saturday,May,True,2023-11-06,254.25,5,62.05,0.19617451786278847,10.0,9.0,4.0,4.0,1,Food,Debit Card,Mobile,50.85,0.2440511307767945,0.9,1
2539,CUST_02540,2023-05-04,35,Male,Istanbul,True,2023,5,2,3,Thursday,May,False,2023-11-04,715.93,1,0.0,0.0,7.0,9.0,3.0,9.0,1,Electronics,Debit Card,Desktop,715.93,0.0,1.286,0
2540,CUST_02541,2023-03-18,26,Male,Izmir,False,2023,3,1,5,Saturday,March,True,2023-09-18,1900.95,5,0.0,0.0,8.0,11.0,5.0,3.0,1,Fashion,Credit Card,Desktop,380.19,0.0,1.375,0
2541,CUST_02542,2023-09-20,19,Male,Ankara,True,2023,9,3,2,Wednesday,September,False,2024-03-20,627.36,4,0.0,0.0,7.0,8.0,4.0,2.0,1,Food,Cash on Delivery,Mobile,156.84,0.0,1.143,0
2542,CUST_02543,2023-04-12,32,Male,Antalya,False,2023,4,2,2,Wednesday,April,False,2023-10-12,97.19,2,5.15,0.05032245456322064,16.0,11.0,3.0,3.0,1,Books,Credit Card,Mobile,48.595,0.052988990636896806,0.687,0
2543,CUST_02544,2023-01-17,31,Male,Kayseri,True,2023,1,1,1,Tuesday,January,False,2023-07-17,188.53,1,0.0,0.0,11.0,10.0,2.0,3.0,1,Toys,Credit Card,Mobile,188.53,0.0,0.909,0
2544,CUST_02545,2023-12-28,64,Female,Izmir,False,2023,12,4,3,Thursday,December,False,2024-06-28,337.2,4,0.0,0.0,19.0,11.0,4.0,11.0,1,Books,Digital Wallet,Desktop,84.3,0.0,0.579,0
2545,CUST_02546,2023-07-17,40,Male,Izmir,True,2023,7,3,0,Monday,July,False,2024-01-17,1477.69,5,267.56,0.15330754906173902,14.0,8.0,4.0,5.0,1,Fashion,Digital Wallet,Desktop,295.538,0.18106639416927772,0.571,1
2546,CUST_02547,2023-05-02,18,Male,Antalya,True,2023,5,2,1,Tuesday,May,False,2023-11-02,301.96,2,0.0,0.0,14.0,9.0,3.0,4.0,1,Books,Debit Card,Desktop,150.98,0.0,0.643,0
2547,CUST_02548,2023-02-28,28,Male,Istanbul,True,2023,2,1,1,Tuesday,February,False,2023-08-28,603.84,4,0.0,0.0,14.0,9.0,4.0,8.0,1,Beauty,Digital Wallet,Mobile,150.96,0.0,0.643,0
2548,CUST_02549,2023-05-28,47,Female,Ankara,True,2023,5,2,6,Sunday,May,True,2023-11-28,149.88,4,0.0,0.0,15.0,9.0,5.0,6.0,1,Books,Cash on Delivery,Desktop,37.47,0.0,0.6,1
2549,CUST_02550,2023-02-17,60,Female,Kayseri,True,2023,2,1,4,Friday,February,False,2023-08-17,365.04,4,0.0,0.0,18.0,10.0,5.0,2.0,1,Food,Bank Transfer,Tablet,91.26,0.0,0.556,1
2550,CUST_02551,2023-01-23,18,Female,Antalya,True,2023,1,1,0,Monday,January,False,2023-07-23,104.71,2,10.25,0.08916144745998608,19.0,7.0,5.0,7.0,1,Food,Digital Wallet,Mobile,52.355,0.09788940884347246,0.368,1
2551,CUST_02552,2023-04-12,18,Female,Istanbul,True,2023,4,2,2,Wednesday,April,False,2023-10-12,922.36,2,0.0,0.0,17.0,12.0,5.0,19.0,1,Sports,Credit Card,Mobile,461.18,0.0,0.706,1
2552,CUST_02553,2023-07-29,57,Male,Istanbul,False,2023,7,3,5,Saturday,July,True,2024-01-29,434.56,4,0.0,0.0,18.0,11.0,2.0,2.0,1,Books,Credit Card,Mobile,108.64,0.0,0.611,1
2553,CUST_02554,2023-05-29,39,Male,Antalya,True,2023,5,2,0,Monday,May,False,2023-11-29,51.34,1,13.21,0.20464756003098375,11.0,8.0,4.0,9.0,1,Fashion,Credit Card,Mobile,51.34,0.257304246201792,0.727,1
2554,CUST_02555,2023-08-06,24,Male,Adana,False,2023,8,3,6,Sunday,August,True,2024-02-06,61.98,1,0.0,0.0,11.0,6.0,4.0,10.0,1,Food,Debit Card,Desktop,61.98,0.0,0.545,0
2555,CUST_02556,2023-01-15,41,Female,Gaziantep,True,2023,1,1,6,Sunday,January,True,2023-07-15,1030.49,2,281.21,0.21438591141267055,13.0,10.0,4.0,9.0,1,Sports,Credit Card,Mobile,515.245,0.272889596211511,0.769,0
2556,CUST_02557,2023-03-31,18,Other,Ankara,False,2023,3,1,4,Friday,March,False,2023-09-30,2585.38,3,65.99,0.02488901963890366,6.0,10.0,5.0,6.0,1,Electronics,Cash on Delivery,Mobile,861.7933333333334,0.02552429430103118,1.667,1
2557,CUST_02558,2023-01-06,35,Female,Kayseri,True,2023,1,1,4,Friday,January,False,2023-07-06,914.25,5,93.3,0.09260086348072057,14.0,5.0,5.0,2.0,1,Fashion,Digital Wallet,Mobile,182.85,0.10205086136177194,0.357,1
2558,CUST_02559,2023-07-03,38,Male,Bursa,True,2023,7,3,0,Monday,July,False,2024-01-03,107.46,3,17.22,0.1381135707410972,16.0,8.0,2.0,4.0,1,Books,Digital Wallet,Mobile,35.82,0.16024567280848687,0.5,1
2559,CUST_02560,2023-01-20,46,Male,Antalya,True,2023,1,1,4,Friday,January,False,2023-07-20,340.7,1,29.61,0.07996003348545813,15.0,6.0,4.0,6.0,1,Home & Garden,Debit Card,Desktop,340.7,0.08690930437334898,0.4,1
2560,CUST_02561,2023-08-26,22,Male,Bursa,False,2023,8,3,5,Saturday,August,True,2024-02-26,108.96,2,0.0,0.0,13.0,16.0,5.0,6.0,1,Beauty,Digital Wallet,Desktop,54.48,0.0,1.231,1
2561,CUST_02562,2023-01-31,36,Female,Istanbul,False,2023,1,1,1,Tuesday,January,False,2023-07-31,1901.48,4,0.0,0.0,16.0,8.0,5.0,4.0,1,Sports,Credit Card,Mobile,475.37,0.0,0.5,0
2562,CUST_02563,2023-07-21,23,Male,Eskisehir,False,2023,7,3,4,Friday,July,False,2024-01-21,256.19,2,70.35,0.21544068108041892,18.0,7.0,2.0,4.0,1,Toys,Digital Wallet,Mobile,128.095,0.2746008821577735,0.389,1
2563,CUST_02564,2023-06-06,38,Female,Istanbul,False,2023,6,2,1,Tuesday,June,False,2023-12-06,2089.25,5,0.0,0.0,15.0,9.0,3.0,9.0,1,Home & Garden,Bank Transfer,Tablet,417.85,0.0,0.6,0
2564,CUST_02565,2023-03-30,24,Male,Ankara,False,2023,3,1,3,Thursday,March,False,2023-09-30,5476.04,4,0.0,0.0,16.0,11.0,5.0,5.0,1,Electronics,Debit Card,Tablet,1369.01,0.0,0.687,0
2565,CUST_02566,2023-03-29,30,Female,Gaziantep,False,2023,3,1,2,Wednesday,March,False,2023-09-29,500.57,1,0.0,0.0,12.0,5.0,4.0,9.0,1,Fashion,Debit Card,Desktop,500.57,0.0,0.417,1
2566,CUST_02567,2023-03-04,23,Female,Bursa,False,2023,3,1,5,Saturday,March,True,2023-09-04,943.5,3,0.0,0.0,15.0,6.0,5.0,5.0,1,Fashion,Digital Wallet,Mobile,314.5,0.0,0.4,0
2567,CUST_02568,2023-01-10,42,Female,Gaziantep,False,2023,1,1,1,Tuesday,January,False,2023-07-10,761.16,4,208.48,0.21500763169836226,8.0,11.0,2.0,5.0,1,Sports,Bank Transfer,Mobile,190.29,0.2738977350359977,1.375,0
2568,CUST_02569,2023-02-14,45,Female,Izmir,True,2023,2,1,1,Tuesday,February,False,2023-08-14,12869.6,5,0.0,0.0,13.0,7.0,5.0,11.0,1,Home & Garden,Digital Wallet,Mobile,2573.92,0.0,0.538,1
2569,CUST_02570,2023-02-11,32,Female,Ankara,True,2023,2,1,5,Saturday,February,True,2023-08-11,50.37,2,10.57,0.17344929438792256,18.0,8.0,3.0,5.0,1,Food,Bank Transfer,Mobile,25.185,0.2098471312289061,0.444,1
2570,CUST_02571,2023-08-23,35,Female,Kayseri,True,2023,8,3,2,Wednesday,August,False,2024-02-23,91.4,1,0.0,0.0,7.0,6.0,5.0,6.0,1,Fashion,Credit Card,Tablet,91.4,0.0,0.857,1
2571,CUST_02572,2023-01-19,18,Female,Istanbul,True,2023,1,1,3,Thursday,January,False,2023-07-19,287.76,2,0.0,0.0,1.0,6.0,4.0,4.0,1,Beauty,Credit Card,Mobile,143.88,0.0,6.0,1
2572,CUST_02573,2023-02-03,31,Female,Konya,True,2023,2,1,4,Friday,February,False,2023-08-03,487.98,3,0.0,0.0,14.0,13.0,5.0,3.0,1,Beauty,Debit Card,Desktop,162.66,0.0,0.929,1
2573,CUST_02574,2023-04-14,34,Other,Istanbul,True,2023,4,2,4,Friday,April,False,2023-10-14,114.3,5,0.0,0.0,4.0,13.0,5.0,7.0,1,Books,Credit Card,Desktop,22.86,0.0,3.25,1
2574,CUST_02575,2023-01-23,66,Female,Gaziantep,True,2023,1,1,0,Monday,January,False,2023-07-23,88.79,2,12.25,0.12123911322248614,12.0,5.0,2.0,2.0,1,Books,Debit Card,Mobile,44.395,0.13796598716071629,0.417,0
2575,CUST_02576,2024-01-18,21,Female,Istanbul,True,2024,1,1,3,Thursday,January,False,2024-07-18,386.31,3,79.92,0.17141754069879672,15.0,8.0,5.0,5.0,1,Sports,Debit Card,Mobile,128.77,0.20688048458491884,0.533,0
2576,CUST_02577,2023-02-02,52,Female,Bursa,True,2023,2,1,3,Thursday,February,False,2023-08-02,68.45,1,15.92,0.18869266326893444,14.0,7.0,1.0,3.0,1,Food,Bank Transfer,Desktop,68.45,0.23257852447041635,0.5,1
2577,CUST_02578,2023-01-22,46,Male,Konya,True,2023,1,1,6,Sunday,January,True,2023-07-22,1310.59,1,0.0,0.0,18.0,11.0,3.0,10.0,1,Home & Garden,Debit Card,Desktop,1310.59,0.0,0.611,1
2578,CUST_02579,2023-05-30,38,Male,Izmir,True,2023,5,2,1,Tuesday,May,False,2023-11-30,1069.25,1,78.07,0.0680455321967716,14.0,9.0,3.0,3.0,1,Sports,Debit Card,Desktop,1069.25,0.07301379471592237,0.643,1
2579,CUST_02580,2023-05-10,56,Female,Adana,False,2023,5,2,2,Wednesday,May,False,2023-11-10,59.48,2,11.64,0.16366704161979753,16.0,8.0,3.0,4.0,1,Books,Digital Wallet,Mobile,29.74,0.19569603227975793,0.5,1
2580,CUST_02581,2023-02-05,39,Female,Gaziantep,True,2023,2,1,6,Sunday,February,True,2023-08-05,107.95,3,22.85,0.17469418960244648,10.0,6.0,2.0,5.0,1,Beauty,Bank Transfer,Mobile,35.983333333333334,0.21167207040296435,0.6,0
2581,CUST_02582,2023-07-23,39,Female,Adana,True,2023,7,3,6,Sunday,July,True,2024-01-23,365.62,2,0.0,0.0,5.0,5.0,2.0,4.0,1,Sports,Debit Card,Desktop,182.81,0.0,1.0,0
2582,CUST_02583,2023-03-06,34,Male,Kayseri,False,2023,3,1,0,Monday,March,False,2023-09-06,412.2,5,0.0,0.0,16.0,8.0,5.0,4.0,1,Beauty,Digital Wallet,Mobile,82.44,0.0,0.5,1
2583,CUST_02584,2023-08-02,49,Female,Izmir,True,2023,8,3,2,Wednesday,August,False,2024-02-02,2677.91,4,628.25,0.190024076269751,19.0,7.0,5.0,10.0,1,Sports,Credit Card,Mobile,669.4775,0.23460459836215558,0.368,1
2584,CUST_02585,2023-02-04,48,Female,Istanbul,True,2023,2,1,5,Saturday,February,True,2023-08-04,15319.56,5,2293.74,0.1302277256391477,14.0,10.0,5.0,8.0,1,Electronics,Credit Card,Mobile,3063.912,0.1497262323460987,0.714,0
2585,CUST_02586,2023-05-10,27,Male,Istanbul,False,2023,5,2,2,Wednesday,May,False,2023-11-10,412.63,1,0.0,0.0,27.0,10.0,4.0,9.0,1,Fashion,Credit Card,Desktop,412.63,0.0,0.37,0
2586,CUST_02587,2023-01-19,19,Female,Istanbul,True,2023,1,1,3,Thursday,January,False,2023-07-19,124.18,2,0.0,0.0,23.0,11.0,5.0,12.0,1,Books,Digital Wallet,Mobile,62.09,0.0,0.478,0
2587,CUST_02588,2023-07-27,32,Female,Istanbul,False,2023,7,3,3,Thursday,July,False,2024-01-27,441.94,4,122.74,0.2173620457604307,17.0,8.0,5.0,2.0,1,Food,Digital Wallet,Desktop,110.485,0.27773000859845226,0.471,1
2588,CUST_02589,2023-11-28,25,Male,Bursa,False,2023,11,4,1,Tuesday,November,False,2024-05-28,645.21,3,0.0,0.0,4.0,6.0,5.0,4.0,1,Toys,Debit Card,Mobile,215.07000000000002,0.0,1.5,0
2589,CUST_02590,2023-04-08,34,Female,Istanbul,False,2023,4,2,5,Saturday,April,True,2023-10-08,232.83,3,0.0,0.0,15.0,7.0,2.0,9.0,1,Books,Digital Wallet,Mobile,77.61,0.0,0.467,0
2590,CUST_02591,2023-03-21,49,Female,Istanbul,False,2023,3,1,1,Tuesday,March,False,2023-09-21,3231.8,4,0.0,0.0,13.0,11.0,5.0,4.0,1,Sports,Debit Card,Desktop,807.95,0.0,0.846,1
2591,CUST_02592,2023-03-22,29,Male,Istanbul,True,2023,3,1,2,Wednesday,March,False,2023-09-22,986.37,3,0.0,0.0,17.0,8.0,4.0,4.0,1,Sports,Debit Card,Desktop,328.79,0.0,0.471,1
2592,CUST_02593,2023-01-27,34,Male,Gaziantep,True,2023,1,1,4,Friday,January,False,2023-07-27,234.82,2,0.0,0.0,15.0,7.0,5.0,5.0,1,Food,Digital Wallet,Tablet,117.41,0.0,0.467,0
2593,CUST_02594,2023-12-17,35,Other,Bursa,False,2023,12,4,6,Sunday,December,True,2024-06-17,360.13,1,0.0,0.0,14.0,8.0,3.0,5.0,1,Fashion,Credit Card,Mobile,360.13,0.0,0.571,0
2594,CUST_02595,2023-01-25,45,Male,Ankara,False,2023,1,1,2,Wednesday,January,False,2023-07-25,145.44,2,0.0,0.0,12.0,10.0,5.0,8.0,1,Books,Digital Wallet,Mobile,72.72,0.0,0.833,1
2595,CUST_02596,2023-07-24,18,Male,Konya,True,2023,7,3,0,Monday,July,False,2024-01-24,2277.68,4,0.0,0.0,11.0,8.0,2.0,7.0,1,Home & Garden,Bank Transfer,Mobile,569.42,0.0,0.727,0
2596,CUST_02597,2023-03-16,27,Male,Istanbul,True,2023,3,1,3,Thursday,March,False,2023-09-16,3788.4,4,0.0,0.0,13.0,11.0,2.0,5.0,1,Electronics,Credit Card,Desktop,947.1,0.0,0.846,0
2597,CUST_02598,2023-04-07,37,Female,Eskisehir,True,2023,4,2,4,Friday,April,False,2023-10-07,1028.14,3,231.56,0.1838215448122569,15.0,7.0,3.0,2.0,1,Home & Garden,Debit Card,Mobile,342.71333333333337,0.22522224599762677,0.467,0
2598,CUST_02599,2023-02-06,49,Female,Bursa,True,2023,2,1,0,Monday,February,False,2023-08-06,2049.9,3,232.62,0.101913674359918,18.0,6.0,1.0,5.0,1,Sports,Credit Card,Desktop,683.3000000000001,0.11347870627835503,0.333,1
2599,CUST_02600,2023-03-05,29,Female,Istanbul,True,2023,3,1,6,Sunday,March,True,2023-09-05,543.09,1,35.73,0.061729034933139824,15.0,9.0,5.0,8.0,1,Home & Garden,Credit Card,Desktop,543.09,0.06579020051925094,0.6,0
2600,CUST_02601,2023-04-26,18,Male,Antalya,False,2023,4,2,2,Wednesday,April,False,2023-10-26,93.88,4,22.12,0.1906896551724138,12.0,11.0,4.0,5.0,1,Books,Digital Wallet,Desktop,23.47,0.23561994034938222,0.917,0
2601,CUST_02602,2023-02-08,42,Female,Adana,True,2023,2,1,2,Wednesday,February,False,2023-08-08,362.21,3,73.3,0.16830842001331772,17.0,11.0,5.0,10.0,1,Beauty,Debit Card,Mobile,120.73666666666666,0.20236879158499213,0.647,0
2602,CUST_02603,2023-02-24,27,Male,Izmir,False,2023,2,1,4,Friday,February,False,2023-08-24,266.98,2,55.5,0.1721036963532622,16.0,9.0,5.0,7.0,1,Toys,Credit Card,Mobile,133.49,0.20788074013034682,0.562,1
2603,CUST_02604,2023-01-17,20,Male,Konya,True,2023,1,1,1,Tuesday,January,False,2023-07-17,84.62,1,7.04,0.07680558586078988,12.0,6.0,4.0,4.0,1,Toys,Credit Card,Mobile,84.62,0.08319546206570551,0.5,0
2604,CUST_02605,2023-03-28,27,Male,Istanbul,False,2023,3,1,1,Tuesday,March,False,2023-09-28,417.7,2,0.0,0.0,11.0,9.0,4.0,1.0,1,Sports,Credit Card,Desktop,208.85,0.0,0.818,0
2605,CUST_02606,2023-03-05,32,Male,Ankara,True,2023,3,1,6,Sunday,March,True,2023-09-05,867.53,3,72.7,0.07732150643991365,12.0,7.0,2.0,5.0,1,Sports,Bank Transfer,Mobile,289.1766666666667,0.08380113656011896,0.583,1
2606,CUST_02607,2023-04-22,27,Female,Istanbul,True,2023,4,2,5,Saturday,April,True,2023-10-22,1819.4,4,0.0,0.0,12.0,9.0,4.0,4.0,1,Fashion,Bank Transfer,Desktop,454.85,0.0,0.75,1
2607,CUST_02608,2023-01-03,18,Female,Istanbul,True,2023,1,1,1,Tuesday,January,False,2023-07-03,55.17,3,0.0,0.0,11.0,8.0,5.0,6.0,1,Books,Credit Card,Desktop,18.39,0.0,0.727,0
2608,CUST_02609,2023-03-26,45,Male,Istanbul,True,2023,3,1,6,Sunday,March,True,2023-09-26,1807.28,4,0.0,0.0,10.0,12.0,2.0,19.0,1,Sports,Debit Card,Mobile,451.82,0.0,1.2,1
2609,CUST_02610,2023-05-24,50,Female,Kayseri,True,2023,5,2,2,Wednesday,May,False,2023-11-24,434.34,5,74.76,0.14684737772539777,15.0,10.0,5.0,7.0,1,Beauty,Credit Card,Tablet,86.868,0.17212322143942535,0.667,1
2610,CUST_02611,2023-09-01,42,Female,Istanbul,True,2023,9,3,4,Friday,September,False,2024-03-01,2154.75,3,143.7,0.06252039417868564,15.0,7.0,4.0,6.0,1,Home & Garden,Credit Card,Mobile,718.25,0.06668987121475808,0.467,1
2611,CUST_02612,2023-01-18,21,Female,Izmir,False,2023,1,1,2,Wednesday,January,False,2023-07-18,257.34,4,43.42,0.144367602074744,13.0,7.0,2.0,8.0,1,Books,Debit Card,Mobile,64.335,0.16872619880313983,0.538,0
2612,CUST_02613,2023-01-16,32,Male,Bursa,True,2023,1,1,0,Monday,January,False,2023-07-16,1409.65,5,0.0,0.0,11.0,10.0,4.0,3.0,1,Toys,Bank Transfer,Mobile,281.93,0.0,0.909,1
2613,CUST_02614,2023-03-21,34,Female,Konya,True,2023,3,1,1,Tuesday,March,False,2023-09-21,1892.25,5,0.0,0.0,12.0,9.0,2.0,9.0,1,Sports,Digital Wallet,Mobile,378.45,0.0,0.75,1
2614,CUST_02615,2023-05-24,42,Male,Eskisehir,True,2023,5,2,2,Wednesday,May,False,2023-11-24,1827.04,4,0.0,0.0,19.0,9.0,5.0,17.0,1,Home & Garden,Bank Transfer,Mobile,456.76,0.0,0.474,1
2615,CUST_02616,2023-02-01,43,Female,Adana,True,2023,2,1,2,Wednesday,February,False,2023-08-01,154.18,2,0.0,0.0,15.0,10.0,5.0,5.0,1,Books,Credit Card,Mobile,77.09,0.0,0.667,0
2616,CUST_02617,2023-08-14,26,Male,Eskisehir,False,2023,8,3,0,Monday,August,False,2024-02-14,560.45,2,33.33,0.056131900703964434,14.0,8.0,4.0,4.0,1,Electronics,Debit Card,Desktop,280.225,0.05947006869479882,0.571,1
2617,CUST_02618,2023-02-12,35,Female,Gaziantep,True,2023,2,1,6,Sunday,February,True,2023-08-12,171.53,1,39.39,0.1867532713825147,32.0,6.0,4.0,6.0,1,Fashion,Debit Card,Mobile,171.53,0.22963913018130938,0.187,0
2618,CUST_02619,2023-10-13,40,Male,Eskisehir,True,2023,10,4,4,Friday,October,False,2024-04-13,129.08,4,17.08,0.11685823754789271,14.0,10.0,5.0,9.0,1,Food,Credit Card,Mobile,32.27,0.13232104121475052,0.714,1
2619,CUST_02620,2023-02-13,52,Male,Adana,True,2023,2,1,0,Monday,February,False,2023-08-13,242.34,3,0.0,0.0,12.0,5.0,5.0,7.0,1,Books,Credit Card,Mobile,80.78,0.0,0.417,1
2620,CUST_02621,2023-01-12,43,Female,Istanbul,True,2023,1,1,3,Thursday,January,False,2023-07-12,1154.02,5,226.28,0.16393537636745636,12.0,8.0,5.0,12.0,1,Sports,Credit Card,Mobile,230.804,0.19607979064487618,0.667,1
2621,CUST_02622,2023-08-09,44,Female,Izmir,False,2023,8,3,2,Wednesday,August,False,2024-02-09,1312.2,4,0.0,0.0,12.0,2.0,2.0,14.0,1,Sports,Debit Card,Desktop,328.05,0.0,0.167,1
2622,CUST_02623,2023-03-17,36,Female,Antalya,True,2023,3,1,4,Friday,March,False,2023-09-17,447.51,3,0.0,0.0,16.0,11.0,5.0,3.0,1,Toys,Digital Wallet,Desktop,149.17,0.0,0.687,1
2623,CUST_02624,2023-11-12,51,Female,Ankara,False,2023,11,4,6,Sunday,November,True,2024-05-12,7733.02,3,1025.99,0.11713538402171021,18.0,9.0,2.0,9.0,1,Electronics,Debit Card,Mobile,2577.6733333333336,0.13267649637528417,0.5,1
2624,CUST_02625,2023-04-03,39,Male,Ankara,True,2023,4,2,0,Monday,April,False,2023-10-03,394.4,5,0.0,0.0,15.0,8.0,5.0,10.0,1,Food,Digital Wallet,Mobile,78.88,0.0,0.533,0
2625,CUST_02626,2023-05-13,24,Female,Bursa,False,2023,5,2,5,Saturday,May,True,2023-11-13,149.67,5,16.13,0.09728588661037395,13.0,10.0,4.0,4.0,1,Food,Debit Card,Mobile,29.933999999999997,0.10777042827553952,0.769,0
2626,CUST_02627,2023-02-20,51,Male,Kayseri,True,2023,2,1,0,Monday,February,False,2023-08-20,202.22,2,0.0,0.0,16.0,10.0,2.0,5.0,1,Beauty,Digital Wallet,Desktop,101.11,0.0,0.625,1
2627,CUST_02628,2023-01-17,43,Male,Istanbul,False,2023,1,1,1,Tuesday,January,False,2023-07-17,574.0,4,0.0,0.0,19.0,9.0,4.0,4.0,1,Beauty,Credit Card,Mobile,143.5,0.0,0.474,1
2628,CUST_02629,2023-02-22,29,Female,Adana,False,2023,2,1,2,Wednesday,February,False,2023-08-22,723.65,5,0.0,0.0,25.0,8.0,5.0,10.0,1,Books,Debit Card,Desktop,144.73,0.0,0.32,0
2629,CUST_02630,2023-01-14,29,Female,Adana,False,2023,1,1,5,Saturday,January,True,2023-07-14,2629.71,2,485.55,0.15586179002715664,16.0,10.0,5.0,4.0,1,Electronics,Debit Card,Mobile,1314.855,0.18464013142133542,0.625,1
2630,CUST_02631,2023-03-25,38,Female,Eskisehir,False,2023,3,1,5,Saturday,March,True,2023-09-25,114.52,4,0.0,0.0,13.0,9.0,5.0,7.0,1,Books,Bank Transfer,Mobile,28.63,0.0,0.692,1
2631,CUST_02632,2023-04-27,40,Female,Kayseri,True,2023,4,2,3,Thursday,April,False,2023-10-27,420.62,2,0.0,0.0,17.0,9.0,3.0,12.0,1,Sports,Credit Card,Desktop,210.31,0.0,0.529,0
2632,CUST_02633,2023-03-03,37,Female,Adana,False,2023,3,1,4,Friday,March,False,2023-09-03,221.14,1,0.0,0.0,10.0,7.0,3.0,8.0,1,Sports,Cash on Delivery,Mobile,221.14,0.0,0.7,1
2633,CUST_02634,2023-01-07,38,Male,Bursa,True,2023,1,1,5,Saturday,January,True,2023-07-07,75.16,1,0.0,0.0,12.0,8.0,4.0,8.0,1,Beauty,Credit Card,Desktop,75.16,0.0,0.667,1
2634,CUST_02635,2023-08-17,55,Male,Istanbul,True,2023,8,3,3,Thursday,August,False,2024-02-17,434.34,2,14.64,0.03260724308432447,18.0,8.0,4.0,5.0,1,Fashion,Digital Wallet,Mobile,217.17,0.03370631302666115,0.444,1
2635,CUST_02636,2023-02-09,47,Female,Bursa,True,2023,2,1,3,Thursday,February,False,2023-08-09,57.18,1,0.0,0.0,17.0,8.0,5.0,1.0,1,Beauty,Debit Card,Mobile,57.18,0.0,0.471,0
2636,CUST_02637,2023-01-21,37,Male,Adana,True,2023,1,1,5,Saturday,January,True,2023-07-21,486.4,5,0.0,0.0,16.0,14.0,5.0,3.0,1,Fashion,Debit Card,Mobile,97.28,0.0,0.875,1
2637,CUST_02638,2023-02-08,46,Male,Konya,True,2023,2,1,2,Wednesday,February,False,2023-08-08,192.75,3,0.0,0.0,12.0,9.0,4.0,9.0,1,Toys,Debit Card,Desktop,64.25,0.0,0.75,0
2638,CUST_02639,2023-03-27,22,Male,Gaziantep,False,2023,3,1,0,Monday,March,False,2023-09-27,657.24,1,0.0,0.0,16.0,8.0,5.0,14.0,1,Fashion,Debit Card,Mobile,657.24,0.0,0.5,0
2639,CUST_02640,2023-04-18,39,Female,Istanbul,True,2023,4,2,1,Tuesday,April,False,2023-10-18,14.28,1,3.73,0.20710716268739587,20.0,10.0,5.0,5.0,1,Books,Credit Card,Tablet,14.28,0.2612044817927171,0.5,0
2640,CUST_02641,2023-08-16,56,Male,Bursa,False,2023,8,3,2,Wednesday,August,False,2024-02-16,359.4,5,0.0,0.0,17.0,7.0,1.0,3.0,1,Beauty,Credit Card,Desktop,71.88,0.0,0.412,0
2641,CUST_02642,2023-03-12,32,Female,Ankara,True,2023,3,1,6,Sunday,March,True,2023-09-12,176.24,4,0.0,0.0,12.0,13.0,4.0,9.0,1,Books,Debit Card,Mobile,44.06,0.0,1.083,1
2642,CUST_02643,2023-05-12,24,Female,Istanbul,True,2023,5,2,4,Friday,May,False,2023-11-12,382.45,5,0.0,0.0,16.0,8.0,4.0,2.0,1,Sports,Bank Transfer,Mobile,76.49,0.0,0.5,1
2643,CUST_02644,2023-01-22,27,Male,Istanbul,False,2023,1,1,6,Sunday,January,True,2023-07-22,932.99,4,50.97,0.05180088621488678,16.0,9.0,2.0,5.0,1,Sports,Debit Card,Mobile,233.2475,0.05463081061962079,0.562,1
2644,CUST_02645,2023-05-16,21,Female,Istanbul,True,2023,5,2,1,Tuesday,May,False,2023-11-16,917.08,4,0.0,0.0,15.0,7.0,2.0,5.0,1,Sports,Debit Card,Mobile,229.27,0.0,0.467,0
2645,CUST_02646,2023-03-16,25,Female,Gaziantep,False,2023,3,1,3,Thursday,March,False,2023-09-16,208.27,2,38.81,0.15707463169823538,14.0,8.0,5.0,10.0,1,Fashion,Bank Transfer,Mobile,104.135,0.18634464877322707,0.571,1
2646,CUST_02647,2023-06-30,30,Female,Ankara,False,2023,6,2,4,Friday,June,False,2023-12-30,1544.5,5,0.0,0.0,9.0,16.0,5.0,5.0,1,Fashion,Debit Card,Mobile,308.9,0.0,1.778,0
2647,CUST_02648,2023-01-14,18,Female,Ankara,True,2023,1,1,5,Saturday,January,True,2023-07-14,684.45,5,0.0,0.0,11.0,7.0,5.0,9.0,1,Toys,Cash on Delivery,Desktop,136.89000000000001,0.0,0.636,1
2648,CUST_02649,2023-08-11,35,Male,Kayseri,False,2023,8,3,4,Friday,August,False,2024-02-11,1774.77,3,0.0,0.0,13.0,14.0,4.0,6.0,1,Home & Garden,Credit Card,Desktop,591.59,0.0,1.077,1
2649,CUST_02650,2023-03-06,45,Female,Ankara,False,2023,3,1,0,Monday,March,False,2023-09-06,192.08,2,0.0,0.0,21.0,13.0,5.0,5.0,1,Beauty,Digital Wallet,Mobile,96.04,0.0,0.619,1
2650,CUST_02651,2023-07-28,24,Male,Istanbul,True,2023,7,3,4,Friday,July,False,2024-01-28,526.48,1,81.34,0.1338225132440525,19.0,10.0,4.0,5.0,1,Sports,Bank Transfer,Desktop,526.48,0.15449779668743352,0.526,1
2651,CUST_02652,2023-02-01,53,Female,Ankara,False,2023,2,1,2,Wednesday,February,False,2023-08-01,548.12,4,0.0,0.0,16.0,9.0,1.0,6.0,1,Toys,Credit Card,Desktop,137.03,0.0,0.562,1
2652,CUST_02653,2023-01-06,41,Female,Istanbul,True,2023,1,1,4,Friday,January,False,2023-07-06,88.14,2,0.0,0.0,12.0,7.0,5.0,6.0,1,Beauty,Credit Card,Desktop,44.07,0.0,0.583,1
2653,CUST_02654,2023-01-15,47,Female,Istanbul,False,2023,1,1,6,Sunday,January,True,2023-07-15,702.42,1,0.0,0.0,10.0,8.0,5.0,5.0,1,Fashion,Digital Wallet,Mobile,702.42,0.0,0.8,0
2654,CUST_02655,2023-09-17,27,Male,Istanbul,True,2023,9,3,6,Sunday,September,True,2024-03-17,20.97,1,4.96,0.1912842267643656,14.0,7.0,3.0,11.0,1,Books,Bank Transfer,Tablet,20.97,0.23652837386742967,0.5,0
2655,CUST_02656,2023-01-24,45,Male,Bursa,True,2023,1,1,1,Tuesday,January,False,2023-07-24,94.86,2,0.0,0.0,9.0,13.0,3.0,5.0,1,Books,Credit Card,Desktop,47.43,0.0,1.444,0
2656,CUST_02657,2023-06-16,21,Male,Istanbul,True,2023,6,2,4,Friday,June,False,2023-12-16,191.38,5,52.22,0.21436781609195402,17.0,13.0,5.0,2.0,1,Books,Digital Wallet,Desktop,38.275999999999996,0.2728602779809802,0.765,1
2657,CUST_02658,2023-06-12,45,Male,Ankara,True,2023,6,2,0,Monday,June,False,2023-12-12,282.07,1,0.0,0.0,15.0,6.0,2.0,5.0,1,Sports,Bank Transfer,Desktop,282.07,0.0,0.4,1
2658,CUST_02659,2023-09-20,37,Male,Konya,False,2023,9,3,2,Wednesday,September,False,2024-03-20,34.44,1,0.0,0.0,27.0,9.0,5.0,10.0,1,Food,Credit Card,Mobile,34.44,0.0,0.333,1
2659,CUST_02660,2023-01-26,41,Female,Izmir,True,2023,1,1,3,Thursday,January,False,2023-07-26,997.41,3,0.0,0.0,15.0,7.0,5.0,6.0,1,Beauty,Cash on Delivery,Desktop,332.46999999999997,0.0,0.467,0
2660,CUST_02661,2023-04-12,20,Male,Kayseri,True,2023,4,2,2,Wednesday,April,False,2023-10-12,181.94,2,0.0,0.0,16.0,8.0,5.0,7.0,1,Fashion,Credit Card,Mobile,90.97,0.0,0.5,0
2661,CUST_02662,2023-06-27,24,Female,Izmir,True,2023,6,2,1,Tuesday,June,False,2023-12-27,577.02,3,67.35,0.1045206946319661,15.0,11.0,4.0,3.0,1,Fashion,Debit Card,Desktop,192.34,0.11672039097431632,0.733,1
2662,CUST_02663,2023-03-23,42,Male,Ankara,True,2023,3,1,3,Thursday,March,False,2023-09-23,1909.08,2,0.0,0.0,7.0,2.0,3.0,3.0,1,Electronics,Digital Wallet,Mobile,954.54,0.0,0.286,0
2663,CUST_02664,2023-01-16,23,Female,Adana,True,2023,1,1,0,Monday,January,False,2023-07-16,479.25,3,0.0,0.0,10.0,9.0,5.0,2.0,1,Home & Garden,Credit Card,Mobile,159.75,0.0,0.9,0
2664,CUST_02665,2023-03-15,40,Female,Istanbul,False,2023,3,1,2,Wednesday,March,False,2023-09-15,93.44,2,16.42,0.14946295284908068,15.0,10.0,5.0,8.0,1,Books,Credit Card,Mobile,46.72,0.17572773972602743,0.667,0
2665,CUST_02666,2023-05-25,18,Female,Istanbul,True,2023,5,2,3,Thursday,May,False,2023-11-25,108.31,2,9.59,0.08134011874469889,14.0,7.0,5.0,2.0,1,Beauty,Credit Card,Mobile,54.155,0.08854214753947004,0.5,0
2666,CUST_02667,2023-05-16,45,Female,Antalya,False,2023,5,2,1,Tuesday,May,False,2023-11-16,1923.0,2,0.0,0.0,13.0,10.0,4.0,5.0,1,Electronics,Credit Card,Mobile,961.5,0.0,0.769,1
2667,CUST_02668,2023-02-23,20,Male,Izmir,False,2023,2,1,3,Thursday,February,False,2023-08-23,179.07,1,33.5,0.15759514512866352,16.0,8.0,4.0,4.0,1,Beauty,Credit Card,Mobile,179.07,0.18707767911989726,0.5,1
2668,CUST_02669,2023-02-01,41,Female,Gaziantep,True,2023,2,1,2,Wednesday,February,False,2023-08-01,2721.04,4,0.0,0.0,20.0,7.0,4.0,11.0,1,Electronics,Debit Card,Desktop,680.26,0.0,0.35,1
2669,CUST_02670,2023-01-24,42,Male,Kayseri,False,2023,1,1,1,Tuesday,January,False,2023-07-24,1691.58,3,0.0,0.0,12.0,8.0,5.0,6.0,1,Home & Garden,Bank Transfer,Desktop,563.86,0.0,0.667,1
2670,CUST_02671,2023-01-18,26,Male,Ankara,False,2023,1,1,2,Wednesday,January,False,2023-07-18,47.58,1,4.19,0.08093490438477884,13.0,10.0,5.0,2.0,1,Books,Debit Card,Desktop,47.58,0.0880622110130307,0.769,0
2671,CUST_02672,2023-03-06,41,Female,Bursa,True,2023,3,1,0,Monday,March,False,2023-09-06,1591.68,2,0.0,0.0,21.0,6.0,3.0,6.0,1,Electronics,Credit Card,Mobile,795.84,0.0,0.286,0
2672,CUST_02673,2023-02-04,38,Female,Izmir,False,2023,2,1,5,Saturday,February,True,2023-08-04,158.6,2,0.0,0.0,31.0,7.0,3.0,8.0,1,Toys,Credit Card,Tablet,79.3,0.0,0.226,0
2673,CUST_02674,2023-01-31,28,Female,Eskisehir,True,2023,1,1,1,Tuesday,January,False,2023-07-31,197.12,4,0.0,0.0,12.0,7.0,5.0,7.0,1,Toys,Credit Card,Mobile,49.28,0.0,0.583,0
2674,CUST_02675,2023-02-11,22,Male,Gaziantep,True,2023,2,1,5,Saturday,February,True,2023-08-11,780.84,2,0.0,0.0,18.0,7.0,5.0,5.0,1,Electronics,Debit Card,Mobile,390.42,0.0,0.389,0
2675,CUST_02676,2023-03-11,18,Male,Kayseri,False,2023,3,1,5,Saturday,March,True,2023-09-11,4529.16,2,0.0,0.0,15.0,5.0,5.0,12.0,1,Home & Garden,Digital Wallet,Desktop,2264.58,0.0,0.333,0
2676,CUST_02677,2023-02-07,39,Male,Ankara,False,2023,2,1,1,Tuesday,February,False,2023-08-07,113.0,2,0.0,0.0,15.0,3.0,5.0,5.0,1,Beauty,Debit Card,Mobile,56.5,0.0,0.2,0
2677,CUST_02678,2023-01-30,18,Male,Adana,True,2023,1,1,0,Monday,January,False,2023-07-30,1588.1,5,0.0,0.0,10.0,10.0,1.0,3.0,1,Fashion,Credit Card,Desktop,317.62,0.0,1.0,0
2678,CUST_02679,2023-07-16,36,Male,Ankara,True,2023,7,3,6,Sunday,July,True,2024-01-16,2403.18,5,151.42,0.05927346747044547,30.0,5.0,5.0,6.0,1,Sports,Credit Card,Mobile,480.63599999999997,0.0630081808270708,0.167,1
2679,CUST_02680,2023-07-03,31,Male,Istanbul,False,2023,7,3,0,Monday,July,False,2024-01-03,15279.28,4,0.0,0.0,18.0,12.0,5.0,8.0,1,Electronics,Cash on Delivery,Mobile,3819.82,0.0,0.667,1
2680,CUST_02681,2023-01-17,43,Male,Kayseri,True,2023,1,1,1,Tuesday,January,False,2023-07-17,573.36,2,0.0,0.0,28.0,6.0,5.0,5.0,1,Beauty,Digital Wallet,Desktop,286.68,0.0,0.214,0
2681,CUST_02682,2023-02-11,31,Female,Istanbul,True,2023,2,1,5,Saturday,February,True,2023-08-11,2446.83,5,223.52,0.08370438332053849,10.0,11.0,4.0,4.0,1,Fashion,Debit Card,Desktop,489.366,0.09135084987514458,1.1,0
2682,CUST_02683,2023-03-20,31,Male,Eskisehir,True,2023,3,1,0,Monday,March,False,2023-09-20,1008.72,2,51.24,0.048341446847050835,15.0,10.0,2.0,4.0,1,Home & Garden,Debit Card,Desktop,504.36,0.050797049726385914,0.667,0
2683,CUST_02684,2023-02-07,43,Female,Istanbul,True,2023,2,1,1,Tuesday,February,False,2023-08-07,165.35,5,0.0,0.0,9.0,8.0,4.0,3.0,1,Books,Bank Transfer,Mobile,33.07,0.0,0.889,0
2684,CUST_02685,2023-04-19,39,Male,Gaziantep,False,2023,4,2,2,Wednesday,April,False,2023-10-19,694.99,3,78.8,0.10183641556494656,14.0,10.0,5.0,14.0,1,Electronics,Credit Card,Desktop,231.66333333333333,0.11338292637304133,0.714,1
2685,CUST_02686,2023-07-09,38,Female,Ankara,True,2023,7,3,6,Sunday,July,True,2024-01-09,524.37,1,175.49,0.250750150030006,15.0,9.0,4.0,5.0,1,Home & Garden,Debit Card,Desktop,524.37,0.33466826858897347,0.6,1
2686,CUST_02687,2023-01-17,40,Female,Ankara,True,2023,1,1,1,Tuesday,January,False,2023-07-17,7219.15,2,1131.71,0.13552017397010607,16.0,8.0,5.0,11.0,1,Electronics,Credit Card,Mobile,3609.575,0.15676499310860698,0.5,1
2687,CUST_02688,2023-05-04,18,Male,Istanbul,True,2023,5,2,3,Thursday,May,False,2023-11-04,227.34,2,0.0,0.0,16.0,10.0,3.0,6.0,1,Beauty,Digital Wallet,Mobile,113.67,0.0,0.625,0
2688,CUST_02689,2023-01-03,44,Female,Bursa,True,2023,1,1,1,Tuesday,January,False,2023-07-03,5980.41,3,0.0,0.0,21.0,9.0,4.0,12.0,1,Home & Garden,Credit Card,Desktop,1993.47,0.0,0.429,1
2689,CUST_02690,2023-02-09,42,Male,Ankara,False,2023,2,1,3,Thursday,February,False,2023-08-09,4071.89,4,194.99,0.04569849632518374,42.0,9.0,5.0,9.0,1,Electronics,Credit Card,Mobile,1017.9725,0.047886853525021554,0.214,0
2690,CUST_02691,2023-10-21,22,Female,Antalya,True,2023,10,4,5,Saturday,October,True,2024-04-21,586.04,1,0.0,0.0,20.0,12.0,4.0,8.0,1,Home & Garden,Credit Card,Mobile,586.04,0.0,0.6,0
2691,CUST_02692,2023-03-12,32,Male,Istanbul,True,2023,3,1,6,Sunday,March,True,2023-09-12,82.79,2,7.33,0.08133599644917887,21.0,9.0,3.0,2.0,1,Books,Cash on Delivery,Desktop,41.395,0.0885372629544631,0.429,1
2692,CUST_02693,2023-01-26,34,Other,Istanbul,True,2023,1,1,3,Thursday,January,False,2023-07-26,85.15,2,17.49,0.17040140296180825,18.0,9.0,5.0,5.0,1,Books,Debit Card,Desktop,42.575,0.2054022313564298,0.5,1
2693,CUST_02694,2023-07-07,33,Male,Istanbul,False,2023,7,3,4,Friday,July,False,2024-01-07,923.5,1,0.0,0.0,16.0,7.0,4.0,4.0,1,Fashion,Debit Card,Desktop,923.5,0.0,0.437,1
2694,CUST_02695,2023-02-24,39,Male,Izmir,True,2023,2,1,4,Friday,February,False,2023-08-24,2958.29,4,298.19,0.09156819633469267,18.0,8.0,2.0,2.0,1,Electronics,Credit Card,Desktop,739.5725,0.10079809619746542,0.444,0
2695,CUST_02696,2023-04-18,52,Female,Gaziantep,False,2023,4,2,1,Tuesday,April,False,2023-10-18,392.4,1,0.0,0.0,12.0,9.0,5.0,5.0,1,Fashion,Digital Wallet,Mobile,392.4,0.0,0.75,1
2696,CUST_02697,2023-02-08,47,Male,Konya,True,2023,2,1,2,Wednesday,February,False,2023-08-08,24.46,1,4.38,0.15187239944521497,12.0,9.0,3.0,8.0,1,Beauty,Debit Card,Desktop,24.46,0.17906786590351592,0.75,1
2697,CUST_02698,2023-04-15,19,Female,Istanbul,True,2023,4,2,5,Saturday,April,True,2023-10-15,1799.01,3,468.21,0.20651282186995523,13.0,8.0,5.0,9.0,1,Home & Garden,Bank Transfer,Desktop,599.67,0.26025980956192574,0.615,1
2698,CUST_02699,2023-05-03,42,Male,Bursa,True,2023,5,2,2,Wednesday,May,False,2023-11-03,251.65,2,14.91,0.055934873949579834,15.0,10.0,2.0,4.0,1,Toys,Digital Wallet,Desktop,125.825,0.05924895688456189,0.667,0
2699,CUST_02700,2023-02-28,50,Female,Adana,True,2023,2,1,1,Tuesday,February,False,2023-08-28,97.71,1,0.0,0.0,18.0,4.0,5.0,10.0,1,Sports,Credit Card,Mobile,97.71,0.0,0.222,0
2700,CUST_02701,2023-01-14,39,Male,Ankara,True,2023,1,1,5,Saturday,January,True,2023-07-14,81.79,1,0.0,0.0,7.0,5.0,4.0,2.0,1,Food,Credit Card,Mobile,81.79,0.0,0.714,1
2701,CUST_02702,2023-05-21,48,Female,Izmir,False,2023,5,2,6,Sunday,May,True,2023-11-21,146.54,4,23.54,0.13840545625587958,11.0,7.0,5.0,4.0,1,Books,Digital Wallet,Mobile,36.635,0.1606387334516173,0.636,0
2702,CUST_02703,2023-03-31,59,Female,Bursa,True,2023,3,1,4,Friday,March,False,2023-09-30,15.5,2,0.0,0.0,15.0,12.0,2.0,5.0,1,Food,Credit Card,Desktop,7.75,0.0,0.8,0
2703,CUST_02704,2023-09-06,47,Male,Istanbul,True,2023,9,3,2,Wednesday,September,False,2024-03-06,72.94,1,8.66,0.10612745098039217,13.0,9.0,5.0,4.0,1,Sports,Credit Card,Desktop,72.94,0.11872772141486154,0.692,1
2704,CUST_02705,2023-04-12,37,Male,Istanbul,False,2023,4,2,2,Wednesday,April,False,2023-10-12,2309.84,2,155.22,0.0629680413458496,17.0,7.0,2.0,13.0,1,Home & Garden,Debit Card,Mobile,1154.92,0.06719945970283656,0.412,1
2705,CUST_02706,2023-03-01,47,Male,Istanbul,True,2023,3,1,2,Wednesday,March,False,2023-09-01,363.18,1,0.0,0.0,14.0,8.0,4.0,10.0,1,Sports,Credit Card,Mobile,363.18,0.0,0.571,1
2706,CUST_02707,2023-01-15,36,Female,Antalya,False,2023,1,1,6,Sunday,January,True,2023-07-15,1016.58,2,207.68,0.16963716857530264,15.0,10.0,1.0,5.0,1,Electronics,Credit Card,Mobile,508.29,0.20429282496212792,0.667,1
2707,CUST_02708,2023-02-21,35,Male,Istanbul,True,2023,2,1,1,Tuesday,February,False,2023-08-21,301.52,4,0.0,0.0,16.0,7.0,4.0,5.0,1,Books,Debit Card,Desktop,75.38,0.0,0.437,1
2708,CUST_02709,2023-03-16,30,Male,Istanbul,False,2023,3,1,3,Thursday,March,False,2023-09-16,2228.96,4,0.0,0.0,15.0,9.0,3.0,8.0,1,Electronics,Digital Wallet,Mobile,557.24,0.0,0.6,0
2709,CUST_02710,2023-04-19,53,Male,Ankara,True,2023,4,2,2,Wednesday,April,False,2023-10-19,136.2,5,0.0,0.0,16.0,9.0,4.0,5.0,1,Beauty,Bank Transfer,Desktop,27.24,0.0,0.562,0
2710,CUST_02711,2023-05-14,25,Male,Istanbul,False,2023,5,2,6,Sunday,May,True,2023-11-14,2297.47,1,422.24,0.15525184670424422,7.0,12.0,5.0,1.0,1,Electronics,Debit Card,Mobile,2297.47,0.18378477194479145,1.714,0
2711,CUST_02712,2023-05-10,53,Female,Istanbul,True,2023,5,2,2,Wednesday,May,False,2023-11-10,211.32,3,0.0,0.0,12.0,7.0,2.0,8.0,1,Food,Credit Card,Desktop,70.44,0.0,0.583,0
2712,CUST_02713,2023-01-18,40,Female,Kayseri,False,2023,1,1,2,Wednesday,January,False,2023-07-18,1346.04,2,0.0,0.0,14.0,8.0,1.0,3.0,1,Home & Garden,Debit Card,Desktop,673.02,0.0,0.571,1
2713,CUST_02714,2023-02-04,18,Female,Istanbul,True,2023,2,1,5,Saturday,February,True,2023-08-04,57.14,1,0.0,0.0,17.0,8.0,5.0,3.0,1,Beauty,Debit Card,Desktop,57.14,0.0,0.471,1
2714,CUST_02715,2023-10-01,39,Female,Antalya,True,2023,10,4,6,Sunday,October,True,2024-04-01,379.24,4,0.0,0.0,13.0,8.0,5.0,19.0,1,Food,Credit Card,Desktop,94.81,0.0,0.615,1
2715,CUST_02716,2023-02-03,18,Female,Ankara,False,2023,2,1,4,Friday,February,False,2023-08-03,226.64,4,0.0,0.0,13.0,10.0,2.0,5.0,1,Food,Digital Wallet,Mobile,56.66,0.0,0.769,0
2716,CUST_02717,2023-12-22,42,Male,Antalya,False,2023,12,4,4,Friday,December,False,2024-06-22,571.45,2,67.85,0.10613170655404348,18.0,12.0,5.0,6.0,1,Sports,Credit Card,Desktop,285.725,0.11873304751071832,0.667,0
2717,CUST_02718,2023-03-15,45,Male,Bursa,False,2023,3,1,2,Wednesday,March,False,2023-09-15,37.33,1,9.81,0.20810352142554095,13.0,12.0,5.0,7.0,1,Beauty,Debit Card,Desktop,37.33,0.2627913206536298,0.923,1
2718,CUST_02719,2023-04-13,27,Female,Istanbul,False,2023,4,2,3,Thursday,April,False,2023-10-13,788.85,3,0.0,0.0,22.0,4.0,5.0,4.0,1,Fashion,Digital Wallet,Mobile,262.95,0.0,0.182,0
2719,CUST_02720,2023-01-21,36,Female,Gaziantep,False,2023,1,1,5,Saturday,January,True,2023-07-21,1868.85,3,0.0,0.0,16.0,8.0,5.0,5.0,1,Home & Garden,Credit Card,Mobile,622.9499999999999,0.0,0.5,1
2720,CUST_02721,2023-03-11,58,Female,Izmir,True,2023,3,1,5,Saturday,March,True,2023-09-11,306.93,3,9.21,0.02913266274435377,16.0,9.0,5.0,5.0,1,Toys,Credit Card,Mobile,102.31,0.03000684195093344,0.562,0
2721,CUST_02722,2023-10-21,28,Male,Gaziantep,False,2023,10,4,5,Saturday,October,True,2024-04-21,543.1,5,0.0,0.0,16.0,6.0,5.0,3.0,1,Fashion,Debit Card,Mobile,108.62,0.0,0.375,1
2722,CUST_02723,2023-02-07,22,Male,Izmir,True,2023,2,1,1,Tuesday,February,False,2023-08-07,62.17,1,0.0,0.0,23.0,9.0,5.0,8.0,1,Home & Garden,Debit Card,Mobile,62.17,0.0,0.391,1
2723,CUST_02724,2023-03-29,52,Male,Eskisehir,False,2023,3,1,2,Wednesday,March,False,2023-09-29,2724.49,4,584.95,0.1767519580351963,17.0,8.0,4.0,5.0,1,Home & Garden,Credit Card,Mobile,681.1225,0.21470073298121853,0.471,0
2724,CUST_02725,2023-01-17,58,Female,Adana,True,2023,1,1,1,Tuesday,January,False,2023-07-17,658.44,2,0.0,0.0,15.0,9.0,4.0,6.0,1,Toys,Credit Card,Desktop,329.22,0.0,0.6,0
2725,CUST_02726,2023-04-27,35,Female,Eskisehir,False,2023,4,2,3,Thursday,April,False,2023-10-27,2011.6,3,406.76,0.16819662912056102,14.0,13.0,3.0,10.0,1,Electronics,Credit Card,Desktop,670.5333333333333,0.20220719825014913,0.929,0
2726,CUST_02727,2023-05-12,47,Female,Izmir,False,2023,5,2,4,Friday,May,False,2023-11-12,8605.91,5,1648.14,0.16073063813810154,12.0,10.0,3.0,6.0,1,Electronics,Debit Card,Mobile,1721.182,0.19151257682220707,0.833,0
2727,CUST_02728,2023-02-14,51,Male,Izmir,False,2023,2,1,1,Tuesday,February,False,2023-08-14,48.01,1,0.0,0.0,8.0,6.0,5.0,6.0,1,Food,Credit Card,Desktop,48.01,0.0,0.75,1
2728,CUST_02729,2023-06-09,26,Female,Adana,True,2023,6,2,4,Friday,June,False,2023-12-09,126.33,3,0.0,0.0,15.0,12.0,1.0,5.0,1,Beauty,Credit Card,Mobile,42.11,0.0,0.8,0
2729,CUST_02730,2023-08-29,29,Male,Konya,False,2023,8,3,1,Tuesday,August,False,2024-02-29,366.75,5,89.5,0.19616438356164384,12.0,8.0,5.0,1.0,1,Fashion,Debit Card,Mobile,73.35,0.24403544648943423,0.667,1
2730,CUST_02731,2023-01-17,49,Male,Eskisehir,False,2023,1,1,1,Tuesday,January,False,2023-07-17,594.26,1,0.0,0.0,16.0,11.0,5.0,14.0,1,Home & Garden,Debit Card,Desktop,594.26,0.0,0.687,0
2731,CUST_02732,2023-03-26,55,Female,Ankara,False,2023,3,1,6,Sunday,March,True,2023-09-26,585.12,4,0.0,0.0,15.0,7.0,3.0,11.0,1,Fashion,Digital Wallet,Desktop,146.28,0.0,0.467,1
2732,CUST_02733,2023-07-15,41,Male,Gaziantep,True,2023,7,3,5,Saturday,July,True,2024-01-15,172.32,3,0.0,0.0,12.0,6.0,5.0,3.0,1,Food,Credit Card,Mobile,57.44,0.0,0.5,1
2733,CUST_02734,2023-06-27,24,Male,Istanbul,True,2023,6,2,1,Tuesday,June,False,2023-12-27,47.0,1,3.22,0.06411788132218241,14.0,8.0,4.0,6.0,1,Beauty,Debit Card,Mobile,47.0,0.06851063829787235,0.571,0
2734,CUST_02735,2023-06-28,58,Female,Bursa,True,2023,6,2,2,Wednesday,June,False,2023-12-28,148.92,3,0.0,0.0,18.0,11.0,5.0,10.0,1,Food,Digital Wallet,Mobile,49.63999999999999,0.0,0.611,0
2735,CUST_02736,2023-02-03,28,Female,Istanbul,True,2023,2,1,4,Friday,February,False,2023-08-03,383.55,5,0.0,0.0,14.0,8.0,5.0,10.0,1,Books,Credit Card,Mobile,76.71000000000001,0.0,0.571,0
2736,CUST_02737,2023-10-09,30,Male,Ankara,False,2023,10,4,0,Monday,October,False,2024-04-09,277.47,2,29.43,0.09589442815249268,8.0,9.0,5.0,10.0,1,Toys,Cash on Delivery,Tablet,138.735,0.10606552059682127,1.125,1
2737,CUST_02738,2023-02-06,39,Female,Kayseri,False,2023,2,1,0,Monday,February,False,2023-08-06,552.52,4,0.0,0.0,17.0,10.0,1.0,7.0,1,Fashion,Credit Card,Mobile,138.13,0.0,0.588,0
2738,CUST_02739,2023-02-07,53,Male,Istanbul,False,2023,2,1,1,Tuesday,February,False,2023-08-07,405.18,4,85.14,0.17364170337738621,15.0,8.0,5.0,2.0,1,Beauty,Bank Transfer,Mobile,101.295,0.21012883163038648,0.533,1
2739,CUST_02740,2023-06-03,45,Female,Antalya,False,2023,6,2,5,Saturday,June,True,2023-12-03,209.93,1,61.57,0.22677716390423572,15.0,18.0,5.0,3.0,1,Home & Garden,Debit Card,Mobile,209.93,0.29328823893678846,1.2,0
2740,CUST_02741,2023-01-19,39,Female,Bursa,True,2023,1,1,3,Thursday,January,False,2023-07-19,583.25,5,74.2,0.11286029355844551,16.0,13.0,5.0,13.0,1,Beauty,Credit Card,Desktop,116.65,0.1272181740248607,0.812,0
2741,CUST_02742,2023-01-18,40,Female,Istanbul,True,2023,1,1,2,Wednesday,January,False,2023-07-18,2766.28,2,0.0,0.0,12.0,8.0,5.0,7.0,1,Electronics,Debit Card,Mobile,1383.14,0.0,0.667,1
2742,CUST_02743,2023-02-11,35,Female,Ankara,False,2023,2,1,5,Saturday,February,True,2023-08-11,349.6,4,0.0,0.0,13.0,11.0,3.0,6.0,1,Beauty,Debit Card,Mobile,87.4,0.0,0.846,1
2743,CUST_02744,2023-02-25,41,Male,Bursa,True,2023,2,1,5,Saturday,February,True,2023-08-25,1408.6,4,349.32,0.19871211431691999,16.0,13.0,5.0,4.0,1,Sports,Debit Card,Desktop,352.15,0.2479909129632259,0.812,0
2744,CUST_02745,2023-05-04,18,Male,Istanbul,True,2023,5,2,3,Thursday,May,False,2023-11-04,739.17,4,71.59,0.08829986679165228,18.0,9.0,4.0,6.0,1,Toys,Bank Transfer,Mobile,184.7925,0.0968518743996645,0.5,0
2745,CUST_02746,2023-06-25,31,Male,Gaziantep,True,2023,6,2,6,Sunday,June,True,2023-12-25,244.68,4,0.0,0.0,18.0,7.0,4.0,7.0,1,Beauty,Cash on Delivery,Desktop,61.17,0.0,0.389,1
2746,CUST_02747,2023-02-13,37,Male,Eskisehir,True,2023,2,1,0,Monday,February,False,2023-08-13,890.4,4,0.0,0.0,15.0,5.0,4.0,3.0,1,Fashion,Bank Transfer,Mobile,222.6,0.0,0.333,1
2747,CUST_02748,2023-01-23,21,Female,Istanbul,True,2023,1,1,0,Monday,January,False,2023-07-23,1193.72,2,0.0,0.0,14.0,9.0,3.0,4.0,1,Sports,Digital Wallet,Mobile,596.86,0.0,0.643,0
2748,CUST_02749,2023-07-05,39,Male,Istanbul,False,2023,7,3,2,Wednesday,July,False,2024-01-05,121.68,1,0.0,0.0,39.0,8.0,3.0,4.0,1,Toys,Digital Wallet,Mobile,121.68,0.0,0.205,1
2749,CUST_02750,2023-04-28,32,Male,Izmir,False,2023,4,2,4,Friday,April,False,2023-10-28,778.25,5,0.0,0.0,10.0,6.0,5.0,4.0,1,Fashion,Credit Card,Mobile,155.65,0.0,0.6,1
2750,CUST_02751,2023-04-25,56,Male,Adana,True,2023,4,2,1,Tuesday,April,False,2023-10-25,372.2,1,0.0,0.0,3.0,11.0,5.0,6.0,1,Toys,Credit Card,Mobile,372.2,0.0,3.667,0
2751,CUST_02752,2023-03-04,53,Female,Ankara,True,2023,3,1,5,Saturday,March,True,2023-09-04,1559.2,5,0.0,0.0,14.0,7.0,4.0,8.0,1,Toys,Credit Card,Desktop,311.84000000000003,0.0,0.5,1
2752,CUST_02753,2023-04-13,29,Male,Istanbul,True,2023,4,2,3,Thursday,April,False,2023-10-13,4687.08,2,601.34,0.11370882040382572,12.0,4.0,4.0,6.0,1,Electronics,Bank Transfer,Mobile,2343.54,0.12829736211031176,0.333,1
2753,CUST_02754,2024-02-10,33,Female,Bursa,True,2024,2,1,5,Saturday,February,True,2024-08-10,348.26,2,66.19,0.0968936643635086,18.5,9.0,4.0,9.0,2,Home & Garden,Debit Card,Mobile,174.13,0.19005915120886693,0.486,1
2754,CUST_02755,2023-02-02,34,Male,Kayseri,True,2023,2,1,3,Thursday,February,False,2023-08-02,1057.74,2,0.0,0.0,9.0,8.0,5.0,14.0,1,Sports,Credit Card,Desktop,528.87,0.0,0.889,0
2755,CUST_02756,2023-05-02,29,Male,Ankara,False,2023,5,2,1,Tuesday,May,False,2023-11-02,642.42,3,61.68,0.08760119301235621,12.0,11.0,5.0,15.0,1,Fashion,Bank Transfer,Mobile,214.14,0.0960119547959279,0.917,1
2756,CUST_02757,2023-09-13,37,Female,Izmir,True,2023,9,3,2,Wednesday,September,False,2024-03-13,272.4,3,0.0,0.0,16.0,11.0,3.0,11.0,1,Food,Credit Card,Desktop,90.8,0.0,0.687,1
2757,CUST_02758,2023-01-03,25,Female,Eskisehir,False,2023,1,1,1,Tuesday,January,False,2023-07-03,165.33,3,0.0,0.0,15.0,8.0,3.0,5.0,1,Books,Credit Card,Mobile,55.11000000000001,0.0,0.533,1
2758,CUST_02759,2023-01-14,21,Female,Antalya,False,2023,1,1,5,Saturday,January,True,2023-07-14,641.96,2,57.46,0.08215378456435332,11.0,10.0,4.0,4.0,1,Sports,Digital Wallet,Mobile,320.98,0.08950713440089725,0.909,1
2759,CUST_02760,2023-01-03,42,Female,Adana,False,2023,1,1,1,Tuesday,January,False,2023-07-03,173.56,1,13.87,0.07400096035853385,12.0,9.0,4.0,7.0,1,Fashion,Digital Wallet,Desktop,173.56,0.07991472689559806,0.75,0
2760,CUST_02761,2023-04-07,42,Male,Bursa,True,2023,4,2,4,Friday,April,False,2023-10-07,96.33,3,10.98,0.10232038020687727,12.0,9.0,4.0,5.0,1,Sports,Cash on Delivery,Mobile,32.11,0.11398318280909375,0.75,1
2761,CUST_02762,2023-09-03,25,Male,Eskisehir,True,2023,9,3,6,Sunday,September,True,2024-03-03,406.67,1,0.0,0.0,8.0,5.0,5.0,10.0,1,Electronics,Credit Card,Mobile,406.67,0.0,0.625,0
2762,CUST_02763,2023-03-29,45,Female,Antalya,True,2023,3,1,2,Wednesday,March,False,2023-09-29,203.78,2,0.0,0.0,12.0,11.0,5.0,9.0,1,Beauty,Bank Transfer,Desktop,101.89,0.0,0.917,0
2763,CUST_02764,2023-07-19,27,Male,Konya,False,2023,7,3,2,Wednesday,July,False,2024-01-19,2031.52,4,0.0,0.0,19.0,3.0,3.0,6.0,1,Sports,Debit Card,Tablet,507.88,0.0,0.158,0
2764,CUST_02765,2023-03-19,38,Female,Antalya,True,2023,3,1,6,Sunday,March,True,2023-09-19,624.51,3,0.0,0.0,20.0,12.0,4.0,11.0,1,Sports,Bank Transfer,Mobile,208.17,0.0,0.6,1
2765,CUST_02766,2023-10-10,44,Female,Adana,False,2023,10,4,1,Tuesday,October,False,2024-04-10,95.58,1,0.0,0.0,8.0,12.0,3.0,8.0,1,Food,Credit Card,Desktop,95.58,0.0,1.5,0
2766,CUST_02767,2023-01-24,34,Male,Ankara,True,2023,1,1,1,Tuesday,January,False,2023-07-24,81.54,3,0.0,0.0,13.0,5.0,3.0,15.0,1,Beauty,Credit Card,Desktop,27.180000000000003,0.0,0.385,0
2767,CUST_02768,2023-01-27,40,Female,Ankara,True,2023,1,1,4,Friday,January,False,2023-07-27,877.87,4,162.49,0.1561863201199585,18.0,7.0,5.0,12.0,1,Fashion,Credit Card,Mobile,219.4675,0.1850957431054712,0.389,1
2768,CUST_02769,2023-02-14,28,Male,Gaziantep,False,2023,2,1,1,Tuesday,February,False,2023-08-14,909.72,1,232.85,0.20379495348206236,7.0,11.0,5.0,4.0,1,Sports,Cash on Delivery,Mobile,909.72,0.25595787714901286,1.571,0
2769,CUST_02770,2023-01-21,32,Male,Ankara,True,2023,1,1,5,Saturday,January,True,2023-07-21,993.0,2,192.08,0.16208188476727312,13.0,9.0,4.0,4.0,1,Sports,Credit Card,Desktop,496.5,0.19343403826787514,0.692,0
2770,CUST_02771,2023-04-01,32,Male,Bursa,False,2023,4,2,5,Saturday,April,True,2023-10-01,498.74,2,0.0,0.0,15.0,9.0,1.0,3.0,1,Home & Garden,Bank Transfer,Desktop,249.37,0.0,0.6,1
2771,CUST_02772,2023-03-28,26,Female,Istanbul,True,2023,3,1,1,Tuesday,March,False,2023-09-28,184.36,2,0.0,0.0,15.0,7.0,2.0,10.0,1,Beauty,Credit Card,Mobile,92.18,0.0,0.467,1
2772,CUST_02773,2023-09-20,32,Male,Gaziantep,False,2023,9,3,2,Wednesday,September,False,2024-03-20,42.72,1,5.22,0.10888610763454318,15.0,10.0,4.0,6.0,1,Books,Credit Card,Mobile,42.72,0.12219101123595505,0.667,1
2773,CUST_02774,2023-03-31,18,Female,Istanbul,True,2023,3,1,4,Friday,March,False,2023-09-30,545.17,2,43.87,0.07447711530626104,16.0,9.0,4.0,2.0,1,Toys,Credit Card,Tablet,272.585,0.08047031201276666,0.562,0
2774,CUST_02775,2023-09-03,29,Female,Gaziantep,True,2023,9,3,6,Sunday,September,True,2024-03-03,117.34,1,0.0,0.0,35.0,10.0,1.0,6.0,1,Toys,Digital Wallet,Mobile,117.34,0.0,0.286,1
2775,CUST_02776,2023-04-12,31,Female,Bursa,False,2023,4,2,2,Wednesday,April,False,2023-10-12,73.07,1,19.53,0.21090712742980564,12.0,10.0,4.0,5.0,1,Fashion,Debit Card,Mobile,73.07,0.26727795264814563,0.833,0
2776,CUST_02777,2023-07-30,31,Female,Istanbul,False,2023,7,3,6,Sunday,July,True,2024-01-30,230.4,2,0.0,0.0,19.0,10.0,5.0,11.0,1,Toys,Credit Card,Mobile,115.2,0.0,0.526,1
2777,CUST_02778,2023-03-07,32,Male,Bursa,False,2023,3,1,1,Tuesday,March,False,2023-09-07,159.72,3,0.0,0.0,13.0,8.0,4.0,9.0,1,Beauty,Credit Card,Desktop,53.24,0.0,0.615,1
2778,CUST_02779,2023-04-01,34,Male,Ankara,True,2023,4,2,5,Saturday,April,True,2023-10-01,6653.4,5,0.0,0.0,14.0,7.0,4.0,3.0,1,Sports,Credit Card,Mobile,1330.6799999999998,0.0,0.5,0
2779,CUST_02780,2023-11-13,40,Male,Ankara,False,2023,11,4,0,Monday,November,False,2024-05-13,283.66,4,26.46,0.08532181091190508,15.0,9.0,3.0,3.0,1,Food,Bank Transfer,Desktop,70.915,0.09328068814778255,0.6,1
2780,CUST_02781,2023-01-25,45,Female,Ankara,True,2023,1,1,2,Wednesday,January,False,2023-07-25,663.54,1,0.0,0.0,16.0,8.0,3.0,5.0,1,Toys,Credit Card,Tablet,663.54,0.0,0.5,0
2781,CUST_02782,2023-02-07,27,Other,Istanbul,True,2023,2,1,1,Tuesday,February,False,2023-08-07,211.29,5,6.81,0.0312242090784044,15.0,10.0,5.0,6.0,1,Beauty,Credit Card,Mobile,42.257999999999996,0.03223058355814284,0.667,0
2782,CUST_02783,2023-01-28,20,Female,Eskisehir,True,2023,1,1,5,Saturday,January,True,2023-07-28,52.94,1,0.0,0.0,21.0,10.0,5.0,6.0,1,Food,Debit Card,Desktop,52.94,0.0,0.476,1
2783,CUST_02784,2023-02-26,22,Female,Istanbul,True,2023,2,1,6,Sunday,February,True,2023-08-26,1038.35,1,0.0,0.0,13.0,8.0,5.0,5.0,1,Home & Garden,Debit Card,Mobile,1038.35,0.0,0.615,1
2784,CUST_02785,2023-03-10,29,Female,Antalya,True,2023,3,1,4,Friday,March,False,2023-09-10,2565.04,4,0.0,0.0,17.0,13.0,4.0,6.0,1,Sports,Credit Card,Mobile,641.26,0.0,0.765,1
2785,CUST_02786,2023-02-07,30,Male,Ankara,True,2023,2,1,1,Tuesday,February,False,2023-08-07,623.88,1,64.9,0.09422457098057437,4.0,10.0,5.0,5.0,1,Home & Garden,Debit Card,Tablet,623.88,0.10402641533628262,2.5,0
2786,CUST_02787,2023-08-19,25,Female,Antalya,True,2023,8,3,5,Saturday,August,True,2024-02-19,22.31,1,0.0,0.0,24.0,4.0,2.0,4.0,1,Books,Digital Wallet,Mobile,22.31,0.0,0.167,0
2787,CUST_02788,2023-08-05,19,Female,Ankara,False,2023,8,3,5,Saturday,August,True,2024-02-05,63.72,4,0.0,0.0,14.0,8.0,4.0,5.0,1,Books,Credit Card,Desktop,15.93,0.0,0.571,1
2788,CUST_02789,2023-02-28,29,Male,Antalya,False,2023,2,1,1,Tuesday,February,False,2023-08-28,7529.06,5,1006.09,0.11787607716326018,11.0,11.0,5.0,4.0,1,Electronics,Digital Wallet,Mobile,1505.8120000000001,0.13362757103808443,1.0,0
2789,CUST_02790,2023-06-10,37,Female,Adana,True,2023,6,2,5,Saturday,June,True,2023-12-10,246.18,3,0.0,0.0,13.0,9.0,2.0,5.0,1,Books,Bank Transfer,Mobile,82.06,0.0,0.692,1
2790,CUST_02791,2023-03-17,42,Male,Antalya,True,2023,3,1,4,Friday,March,False,2023-09-17,1294.17,3,0.0,0.0,15.5,7.5,5.0,4.5,2,Home & Garden,Bank Transfer,Desktop,431.39000000000004,0.0,0.484,1
2791,CUST_02792,2023-03-07,28,Female,Istanbul,False,2023,3,1,1,Tuesday,March,False,2023-09-07,1388.1,1,0.0,0.0,12.0,9.0,4.0,11.0,1,Electronics,Debit Card,Mobile,1388.1,0.0,0.75,0
2792,CUST_02793,2023-06-10,30,Female,Antalya,True,2023,6,2,5,Saturday,June,True,2023-12-10,691.51,2,111.91,0.13929202658634338,15.0,7.0,5.0,3.0,1,Sports,Cash on Delivery,Desktop,345.755,0.16183424679324956,0.467,1
2793,CUST_02794,2023-11-17,23,Female,Ankara,False,2023,11,4,4,Friday,November,False,2024-05-17,7292.68,4,0.0,0.0,18.0,10.0,5.0,6.0,1,Home & Garden,Bank Transfer,Mobile,1823.17,0.0,0.556,0
2794,CUST_02795,2023-04-14,34,Male,Istanbul,False,2023,4,2,4,Friday,April,False,2023-10-14,6354.6,4,0.0,0.0,16.0,8.0,5.0,7.0,1,Electronics,Bank Transfer,Mobile,1588.65,0.0,0.5,0
2795,CUST_02796,2023-04-24,24,Female,Izmir,False,2023,4,2,0,Monday,April,False,2023-10-24,113.84,2,0.0,0.0,15.0,9.0,2.0,2.0,1,Books,Bank Transfer,Mobile,56.92,0.0,0.6,0
2796,CUST_02797,2023-11-24,41,Female,Izmir,True,2023,11,4,4,Friday,November,False,2024-05-24,125.74,1,48.04,0.2764414777304638,11.0,10.0,5.0,1.0,1,Beauty,Debit Card,Desktop,125.74,0.382058215365039,0.909,1
2797,CUST_02798,2023-07-04,18,Male,Izmir,True,2023,7,3,1,Tuesday,July,False,2024-01-04,122.17,2,6.79,0.052651985111662525,14.0,10.0,3.0,1.0,1,Books,Credit Card,Mobile,61.085,0.05557829254317754,0.714,1
2798,CUST_02799,2023-04-04,30,Female,Adana,True,2023,4,2,1,Tuesday,April,False,2023-10-04,414.4,2,0.0,0.0,18.0,16.0,5.0,4.0,1,Toys,Cash on Delivery,Mobile,207.2,0.0,0.889,0
2799,CUST_02800,2023-06-14,38,Female,Ankara,True,2023,6,2,2,Wednesday,June,False,2023-12-14,1229.48,4,0.0,0.0,14.0,9.0,5.0,6.0,1,Fashion,Digital Wallet,Tablet,307.37,0.0,0.643,0
2800,CUST_02801,2023-03-04,37,Female,Ankara,True,2023,3,1,5,Saturday,March,True,2023-09-04,6568.66,2,0.0,0.0,11.0,9.0,5.0,4.0,1,Electronics,Credit Card,Tablet,3284.33,0.0,0.818,1
2801,CUST_02802,2023-06-21,67,Male,Istanbul,True,2023,6,2,2,Wednesday,June,False,2023-12-21,277.02,5,25.88,0.08544073951799273,17.0,7.0,5.0,12.0,1,Books,Credit Card,Mobile,55.403999999999996,0.09342285755541116,0.412,1
2802,CUST_02803,2023-01-11,39,Female,Antalya,False,2023,1,1,2,Wednesday,January,False,2023-07-11,1241.12,4,0.0,0.0,19.0,6.0,5.0,5.0,1,Home & Garden,Debit Card,Mobile,310.28,0.0,0.316,1
2803,CUST_02804,2023-01-12,22,Female,Bursa,True,2023,1,1,3,Thursday,January,False,2023-07-12,2458.12,2,0.0,0.0,6.0,4.0,5.0,5.0,1,Electronics,Credit Card,Mobile,1229.06,0.0,0.667,1
2804,CUST_02805,2023-01-16,33,Male,Ankara,False,2023,1,1,0,Monday,January,False,2023-07-16,164.86,2,40.78,0.19830772223302862,16.0,6.0,4.0,9.0,1,Beauty,Bank Transfer,Mobile,82.43,0.24736139754943587,0.375,1
2805,CUST_02806,2023-02-21,18,Male,Adana,True,2023,2,1,1,Tuesday,February,False,2023-08-21,4910.35,4,1317.77,0.21158391296249912,12.0,9.0,3.0,8.0,1,Electronics,Credit Card,Tablet,1227.5875,0.26836579877198163,0.75,0
2806,CUST_02807,2023-01-02,34,Female,Bursa,True,2023,1,1,0,Monday,January,False,2023-07-02,454.33,5,109.47,0.19416459737495564,18.0,9.0,5.0,10.0,1,Toys,Digital Wallet,Desktop,90.866,0.2409482094512799,0.5,1
2807,CUST_02808,2023-06-21,25,Female,Izmir,False,2023,6,2,2,Wednesday,June,False,2023-12-21,1956.69,1,0.0,0.0,14.0,12.0,4.0,6.0,1,Electronics,Digital Wallet,Desktop,1956.69,0.0,0.857,1
2808,CUST_02809,2023-01-19,45,Female,Izmir,True,2023,1,1,3,Thursday,January,False,2023-07-19,576.88,4,0.0,0.0,19.0,8.0,5.0,15.0,1,Fashion,Debit Card,Mobile,144.22,0.0,0.421,1
2809,CUST_02810,2023-06-05,28,Male,Antalya,False,2023,6,2,0,Monday,June,False,2023-12-05,5047.05,3,0.0,0.0,10.0,8.0,3.0,2.0,1,Electronics,Credit Card,Mobile,1682.3500000000001,0.0,0.8,0
2810,CUST_02811,2023-03-26,33,Male,Antalya,True,2023,3,1,6,Sunday,March,True,2023-09-26,288.99,1,38.08,0.11642767603265355,4.0,11.0,5.0,4.0,1,Sports,Credit Card,Mobile,288.99,0.13176926537250422,2.75,0
2811,CUST_02812,2023-03-24,27,Male,Ankara,True,2023,3,1,4,Friday,March,False,2023-09-24,612.24,4,0.0,0.0,15.0,6.0,3.0,6.0,1,Fashion,Digital Wallet,Mobile,153.06,0.0,0.4,0
2812,CUST_02813,2023-06-15,55,Male,Istanbul,True,2023,6,2,3,Thursday,June,False,2023-12-15,85.92,2,0.0,0.0,10.0,8.0,5.0,5.0,1,Beauty,Digital Wallet,Mobile,42.96,0.0,0.8,0
2813,CUST_02814,2023-06-12,31,Female,Istanbul,True,2023,6,2,0,Monday,June,False,2023-12-12,125.6,4,0.0,0.0,14.0,11.0,5.0,3.0,1,Food,Debit Card,Tablet,31.4,0.0,0.786,0
2814,CUST_02815,2023-03-22,56,Female,Antalya,True,2023,3,1,2,Wednesday,March,False,2023-09-22,471.14,3,70.69,0.13046527508628167,14.0,10.0,5.0,9.0,1,Fashion,Credit Card,Tablet,157.04666666666665,0.1500403277157533,0.714,0
2815,CUST_02816,2023-01-02,44,Female,Konya,True,2023,1,1,0,Monday,January,False,2023-07-02,173.19,1,0.0,0.0,18.0,7.0,5.0,7.0,1,Toys,Bank Transfer,Mobile,173.19,0.0,0.389,1
2816,CUST_02817,2023-07-20,40,Male,Izmir,False,2023,7,3,3,Thursday,July,False,2024-01-20,34.24,1,0.0,0.0,17.0,10.0,5.0,6.0,1,Beauty,Debit Card,Desktop,34.24,0.0,0.588,1
2817,CUST_02818,2023-03-24,39,Female,Istanbul,False,2023,3,1,4,Friday,March,False,2023-09-24,14846.9,5,1408.25,0.08663408212166605,14.0,11.0,2.0,4.0,1,Electronics,Credit Card,Tablet,2969.38,0.09485145047114213,0.786,0
2818,CUST_02819,2024-03-09,39,Male,Adana,True,2024,3,1,5,Saturday,March,True,2024-09-09,3044.6800000000003,3,0.0,0.0,11.5,11.0,4.0,6.0,2,Sports,Credit Card,Mobile,1014.8933333333334,0.0,0.957,0
2819,CUST_02820,2023-01-21,18,Male,Gaziantep,False,2023,1,1,5,Saturday,January,True,2023-07-21,306.22,1,0.0,0.0,15.0,7.0,3.0,11.0,1,Fashion,Cash on Delivery,Mobile,306.22,0.0,0.467,0
2820,CUST_02821,2023-01-12,31,Female,Konya,False,2023,1,1,3,Thursday,January,False,2023-07-12,56.68,2,0.0,0.0,13.0,10.0,4.0,5.0,1,Books,Digital Wallet,Tablet,28.34,0.0,0.769,0
2821,CUST_02822,2023-04-11,45,Female,Bursa,True,2023,4,2,1,Tuesday,April,False,2023-10-11,554.52,4,12.88,0.02270003524850194,14.0,11.0,4.0,9.0,1,Beauty,Debit Card,Desktop,138.63,0.02322729567914593,0.786,0
2822,CUST_02823,2023-01-10,34,Female,Konya,False,2023,1,1,1,Tuesday,January,False,2023-07-10,1356.83,1,0.0,0.0,14.0,8.0,5.0,3.0,1,Electronics,Debit Card,Mobile,1356.83,0.0,0.571,0
2823,CUST_02824,2023-02-14,18,Male,Istanbul,True,2023,2,1,1,Tuesday,February,False,2023-08-14,204.95,1,11.48,0.05304255417455991,17.0,10.0,5.0,5.0,1,Sports,Credit Card,Mobile,204.95,0.05601366186874848,0.588,1
2824,CUST_02825,2023-01-18,34,Female,Istanbul,True,2023,1,1,2,Wednesday,January,False,2023-07-18,149.72,2,22.1,0.12862297753462928,15.0,4.0,4.0,8.0,1,Food,Credit Card,Mobile,74.86,0.1476088698904622,0.267,1
2825,CUST_02826,2023-03-06,55,Female,Istanbul,True,2023,3,1,0,Monday,March,False,2023-09-06,1275.27,3,102.78,0.07458365081092848,5.0,8.0,5.0,5.0,1,Sports,Bank Transfer,Mobile,425.09,0.0805946975934508,1.6,1
2826,CUST_02827,2023-04-15,49,Female,Adana,True,2023,4,2,5,Saturday,April,True,2023-10-15,6617.64,4,0.0,0.0,13.0,11.0,3.0,2.0,1,Electronics,Debit Card,Desktop,1654.41,0.0,0.846,1
2827,CUST_02828,2023-02-21,34,Male,Istanbul,False,2023,2,1,1,Tuesday,February,False,2023-08-21,3347.58,2,0.0,0.0,9.0,11.0,1.0,3.0,1,Home & Garden,Credit Card,Desktop,1673.79,0.0,1.222,1
2828,CUST_02829,2023-07-23,46,Female,Izmir,True,2023,7,3,6,Sunday,July,True,2024-01-23,7603.29,5,1359.31,0.1516646955124629,13.0,8.0,5.0,9.0,1,Electronics,Credit Card,Desktop,1520.658,0.17877918637852824,0.615,0
2829,CUST_02830,2023-07-21,30,Female,Izmir,True,2023,7,3,4,Friday,July,False,2024-01-21,391.91,4,37.29,0.08688257222739981,10.0,5.0,5.0,6.0,1,Beauty,Credit Card,Mobile,97.9775,0.09514939654512515,0.5,1
2830,CUST_02831,2023-02-17,18,Female,Ankara,True,2023,2,1,4,Friday,February,False,2023-08-17,712.69,1,104.81,0.1282079510703364,13.0,12.0,2.0,5.0,1,Sports,Debit Card,Mobile,712.69,0.14706253770924244,0.923,1
2831,CUST_02832,2023-09-15,23,Male,Konya,True,2023,9,3,4,Friday,September,False,2024-03-15,61.78,1,0.0,0.0,13.0,12.0,3.0,5.0,1,Books,Digital Wallet,Desktop,61.78,0.0,0.923,0
2832,CUST_02833,2023-10-24,53,Male,Istanbul,False,2023,10,4,1,Tuesday,October,False,2024-04-24,128.5,5,0.0,0.0,10.0,7.0,5.0,4.0,1,Books,Digital Wallet,Mobile,25.7,0.0,0.7,1
2833,CUST_02834,2023-03-28,31,Male,Ankara,False,2023,3,1,1,Tuesday,March,False,2023-09-28,117.5,1,0.0,0.0,30.0,8.0,3.0,7.0,1,Beauty,Digital Wallet,Mobile,117.5,0.0,0.267,1
2834,CUST_02835,2023-02-20,32,Male,Adana,True,2023,2,1,0,Monday,February,False,2023-08-20,845.52,2,0.0,0.0,13.0,12.0,5.0,6.0,1,Electronics,Credit Card,Mobile,422.76,0.0,0.923,0
2835,CUST_02836,2023-04-08,31,Female,Istanbul,False,2023,4,2,5,Saturday,April,True,2023-10-08,2123.62,3,282.62,0.11745295564864684,19.0,8.0,3.0,5.0,1,Home & Garden,Digital Wallet,Desktop,707.8733333333333,0.13308407342179865,0.421,0
2836,CUST_02837,2023-02-23,57,Male,Antalya,True,2023,2,1,3,Thursday,February,False,2023-08-23,1517.42,3,231.61,0.1324219710353739,18.0,10.0,5.0,8.0,1,Sports,Debit Card,Mobile,505.8066666666667,0.152634076261022,0.556,1
2837,CUST_02838,2023-03-29,54,Male,Gaziantep,False,2023,3,1,2,Wednesday,March,False,2023-09-29,84.64,2,0.0,0.0,11.0,9.0,2.0,5.0,1,Books,Digital Wallet,Tablet,42.32,0.0,0.818,0
2838,CUST_02839,2023-10-19,61,Male,Kayseri,False,2023,10,4,3,Thursday,October,False,2024-04-19,2434.98,2,0.0,0.0,13.0,6.0,5.0,4.0,1,Electronics,Debit Card,Tablet,1217.49,0.0,0.462,1
2839,CUST_02840,2023-10-04,33,Male,Konya,False,2023,10,4,2,Wednesday,October,False,2024-04-04,1573.2,4,0.0,0.0,16.0,9.0,4.0,5.0,1,Fashion,Credit Card,Desktop,393.3,0.0,0.562,1
2840,CUST_02841,2023-03-25,38,Male,Ankara,False,2023,3,1,5,Saturday,March,True,2023-09-25,397.06,2,85.0,0.17632659834875328,6.0,9.0,2.0,6.0,1,Toys,Credit Card,Mobile,198.53,0.21407343978240065,1.5,0
2841,CUST_02842,2023-09-26,18,Female,Bursa,True,2023,9,3,1,Tuesday,September,False,2024-03-26,3883.35,5,0.0,0.0,15.0,4.0,5.0,9.0,1,Home & Garden,Digital Wallet,Desktop,776.67,0.0,0.267,0
2842,CUST_02843,2023-04-17,52,Female,Istanbul,True,2023,4,2,0,Monday,April,False,2023-10-17,1753.02,3,0.0,0.0,14.0,6.0,5.0,5.0,1,Home & Garden,Credit Card,Mobile,584.34,0.0,0.429,0
2843,CUST_02844,2023-01-24,20,Male,Ankara,True,2023,1,1,1,Tuesday,January,False,2023-07-24,1065.14,2,127.24,0.10671094785219476,15.0,10.0,5.0,7.0,1,Sports,Credit Card,Mobile,532.57,0.1194584749422611,0.667,0
2844,CUST_02845,2023-10-16,37,Male,Istanbul,False,2023,10,4,0,Monday,October,False,2024-04-16,3310.18,2,0.0,0.0,6.0,9.0,5.0,3.0,1,Electronics,Debit Card,Mobile,1655.09,0.0,1.5,1
2845,CUST_02846,2023-01-22,21,Male,Ankara,True,2023,1,1,6,Sunday,January,True,2023-07-22,244.72,1,24.28,0.09026022304832715,11.0,13.0,2.0,10.0,1,Home & Garden,Digital Wallet,Mobile,244.72,0.09921542987904544,1.182,0
2846,CUST_02847,2023-01-06,27,Male,Konya,True,2023,1,1,4,Friday,January,False,2023-07-06,148.31,1,19.96,0.11861888631366256,15.0,4.0,4.0,10.0,1,Fashion,Digital Wallet,Mobile,148.31,0.13458296810734274,0.267,1
2847,CUST_02848,2023-06-01,24,Female,Ankara,True,2023,6,2,3,Thursday,June,False,2023-12-01,125.02,2,0.0,0.0,10.0,10.0,1.0,5.0,1,Toys,Credit Card,Mobile,62.51,0.0,1.0,1
2848,CUST_02849,2023-01-15,27,Female,Bursa,False,2023,1,1,6,Sunday,January,True,2023-07-15,355.95,3,0.0,0.0,4.0,7.0,4.0,8.0,1,Fashion,Debit Card,Mobile,118.64999999999999,0.0,1.75,1
2849,CUST_02850,2023-02-11,28,Female,Izmir,False,2023,2,1,5,Saturday,February,True,2023-08-11,37.55,1,0.0,0.0,8.0,5.0,5.0,5.0,1,Books,Digital Wallet,Desktop,37.55,0.0,0.625,1
2850,CUST_02851,2023-01-14,28,Female,Izmir,False,2023,1,1,5,Saturday,January,True,2023-07-14,38.68,1,0.0,0.0,13.0,7.0,4.0,8.0,1,Food,Debit Card,Mobile,38.68,0.0,0.538,0
2851,CUST_02852,2023-02-19,45,Male,Eskisehir,True,2023,2,1,6,Sunday,February,True,2023-08-19,104.9,1,26.67,0.20270578399331157,13.0,5.0,5.0,2.0,1,Beauty,Credit Card,Desktop,104.9,0.25424213536701623,0.385,0
2852,CUST_02853,2023-05-21,21,Female,Ankara,True,2023,5,2,6,Sunday,May,True,2023-11-21,378.6,1,34.74,0.08404703149949196,11.0,10.0,1.0,5.0,1,Home & Garden,Digital Wallet,Desktop,378.6,0.09175911251980982,0.909,0
2853,CUST_02854,2023-10-23,37,Female,Antalya,True,2023,10,4,0,Monday,October,False,2024-04-23,955.11,1,0.0,0.0,12.0,5.0,5.0,6.0,1,Sports,Digital Wallet,Mobile,955.11,0.0,0.417,1
2854,CUST_02855,2023-05-16,49,Female,Izmir,True,2023,5,2,1,Tuesday,May,False,2023-11-16,136.9,2,0.0,0.0,15.0,13.0,5.0,6.0,1,Fashion,Credit Card,Tablet,68.45,0.0,0.867,0
2855,CUST_02856,2023-02-28,28,Male,Istanbul,False,2023,2,1,1,Tuesday,February,False,2023-08-28,23923.92,4,0.0,0.0,13.0,8.0,1.0,6.0,1,Electronics,Debit Card,Mobile,5980.98,0.0,0.615,0
2856,CUST_02857,2023-04-18,26,Female,Izmir,False,2023,4,2,1,Tuesday,April,False,2023-10-18,248.84,1,0.0,0.0,10.0,8.0,3.0,13.0,1,Sports,Credit Card,Tablet,248.84,0.0,0.8,1
2857,CUST_02858,2023-05-17,32,Female,Gaziantep,True,2023,5,2,2,Wednesday,May,False,2023-11-17,253.89,4,46.55,0.15493942218080148,12.0,12.0,2.0,19.0,1,Food,Debit Card,Mobile,63.4725,0.1833471188309898,1.0,0
2858,CUST_02859,2023-01-13,49,Female,Istanbul,False,2023,1,1,4,Friday,January,False,2023-07-13,154.15,1,0.0,0.0,13.0,9.0,3.0,4.0,1,Toys,Cash on Delivery,Mobile,154.15,0.0,0.692,0
2859,CUST_02860,2023-01-06,37,Male,Istanbul,True,2023,1,1,4,Friday,January,False,2023-07-06,416.98,5,68.82,0.14166323589954713,10.0,9.0,4.0,7.0,1,Food,Bank Transfer,Mobile,83.396,0.16504388699697825,0.9,1
2860,CUST_02861,2023-02-22,28,Female,Istanbul,True,2023,2,1,2,Wednesday,February,False,2023-08-22,75.65,1,14.46,0.16047053601154146,17.0,5.0,4.0,6.0,1,Beauty,Bank Transfer,Tablet,75.65,0.19114342366159948,0.294,0
2861,CUST_02862,2023-01-03,40,Female,Adana,False,2023,1,1,1,Tuesday,January,False,2023-07-03,214.02,3,25.65,0.10702215546376266,14.0,9.0,5.0,7.0,1,Food,Bank Transfer,Mobile,71.34,0.11984861227922623,0.643,1
2862,CUST_02863,2023-01-16,21,Female,Adana,True,2023,1,1,0,Monday,January,False,2023-07-16,591.41,4,20.83,0.03402260551417744,10.0,2.0,2.0,4.0,1,Beauty,Debit Card,Desktop,147.8525,0.035220912733974735,0.2,0
2863,CUST_02864,2023-06-08,43,Female,Bursa,False,2023,6,2,3,Thursday,June,False,2023-12-08,2835.82,3,370.82,0.11564129431429782,7.0,9.0,5.0,11.0,1,Electronics,Debit Card,Desktop,945.2733333333334,0.13076288339880526,1.286,1
2864,CUST_02865,2023-04-20,39,Female,Izmir,False,2023,4,2,3,Thursday,April,False,2023-10-20,489.68,4,0.0,0.0,13.0,5.0,4.0,8.0,1,Toys,Credit Card,Mobile,122.42,0.0,0.385,0
2865,CUST_02866,2023-01-04,31,Male,Konya,False,2023,1,1,2,Wednesday,January,False,2023-07-04,1283.13,5,308.92,0.19403913193681102,18.0,8.0,2.0,7.0,1,Fashion,Credit Card,Mobile,256.62600000000003,0.24075502871883597,0.444,1
2866,CUST_02867,2023-01-30,24,Female,Adana,True,2023,1,1,0,Monday,January,False,2023-07-30,43.32,1,7.56,0.14858490566037735,11.0,8.0,4.0,4.0,1,Books,Cash on Delivery,Desktop,43.32,0.1745152354570637,0.727,1
2867,CUST_02868,2023-01-02,24,Male,Gaziantep,True,2023,1,1,0,Monday,January,False,2023-07-02,154.62,3,18.36,0.10613943808532779,11.0,8.0,5.0,4.0,1,Beauty,Digital Wallet,Mobile,51.54,0.11874272409778812,0.727,0
2868,CUST_02869,2023-01-10,41,Female,Gaziantep,True,2023,1,1,1,Tuesday,January,False,2023-07-10,82.66,2,0.0,0.0,16.0,9.0,4.0,8.0,1,Food,Bank Transfer,Desktop,41.33,0.0,0.562,0
2869,CUST_02870,2023-01-24,49,Male,Antalya,False,2023,1,1,1,Tuesday,January,False,2023-07-24,1260.53,4,172.63,0.12045410142621897,18.0,11.0,4.0,3.0,1,Toys,Debit Card,Mobile,315.1325,0.13695033041657081,0.611,1
2870,CUST_02871,2023-05-06,27,Female,Izmir,True,2023,5,2,5,Saturday,May,True,2023-11-06,2796.82,2,238.92,0.07870239216797223,10.0,5.0,1.0,4.0,1,Electronics,Credit Card,Desktop,1398.41,0.08542559049205883,0.5,1
2871,CUST_02872,2023-03-15,40,Female,Konya,False,2023,3,1,2,Wednesday,March,False,2023-09-15,498.9,5,0.0,0.0,16.0,7.0,4.0,6.0,1,Fashion,Bank Transfer,Tablet,99.78,0.0,0.437,1
2872,CUST_02873,2023-03-18,18,Female,Kayseri,True,2023,3,1,5,Saturday,March,True,2023-09-18,6181.98,3,0.0,0.0,17.0,5.0,3.0,9.0,1,Electronics,Digital Wallet,Mobile,2060.66,0.0,0.294,1
2873,CUST_02874,2023-03-15,27,Female,Istanbul,False,2023,3,1,2,Wednesday,March,False,2023-09-15,279.88,4,0.0,0.0,15.0,15.0,5.0,11.0,1,Food,Credit Card,Mobile,69.97,0.0,1.0,0
2874,CUST_02875,2023-06-14,34,Female,Istanbul,False,2023,6,2,2,Wednesday,June,False,2023-12-14,252.22,2,0.0,0.0,12.0,7.0,3.0,1.0,1,Food,Cash on Delivery,Desktop,126.11,0.0,0.583,0
2875,CUST_02876,2023-06-02,24,Female,Kayseri,True,2023,6,2,4,Friday,June,False,2023-12-02,385.52,1,0.0,0.0,10.0,6.0,2.0,9.0,1,Sports,Debit Card,Mobile,385.52,0.0,0.6,1
2876,CUST_02877,2023-04-30,23,Male,Ankara,True,2023,4,2,6,Sunday,April,True,2023-10-30,736.05,5,0.0,0.0,18.0,9.0,2.0,7.0,1,Home & Garden,Credit Card,Mobile,147.20999999999998,0.0,0.5,1
2877,CUST_02878,2023-02-07,26,Male,Konya,True,2023,2,1,1,Tuesday,February,False,2023-08-07,464.05,1,109.05,0.19028092828476703,15.0,8.0,4.0,10.0,1,Electronics,Digital Wallet,Desktop,464.05,0.23499622885464927,0.533,0
2878,CUST_02879,2023-07-10,38,Male,Ankara,False,2023,7,3,0,Monday,July,False,2024-01-10,653.54,1,0.0,0.0,12.0,9.0,3.0,7.0,1,Home & Garden,Credit Card,Mobile,653.54,0.0,0.75,1
2879,CUST_02880,2023-01-31,32,Male,Istanbul,False,2023,1,1,1,Tuesday,January,False,2023-07-31,307.45,5,0.0,0.0,11.0,6.0,4.0,4.0,1,Food,Credit Card,Desktop,61.489999999999995,0.0,0.545,1
2880,CUST_02881,2023-02-27,18,Female,Istanbul,True,2023,2,1,0,Monday,February,False,2023-08-27,27.31,1,0.0,0.0,16.0,9.0,3.0,5.0,1,Food,Digital Wallet,Mobile,27.31,0.0,0.562,1
2881,CUST_02882,2023-07-28,18,Female,Istanbul,True,2023,7,3,4,Friday,July,False,2024-01-28,1217.5,5,0.0,0.0,14.0,6.0,4.0,8.0,1,Electronics,Debit Card,Mobile,243.5,0.0,0.429,1
2882,CUST_02883,2023-05-12,27,Female,Istanbul,True,2023,5,2,4,Friday,May,False,2023-11-12,168.2,4,0.0,0.0,17.0,5.0,5.0,12.0,1,Books,Debit Card,Desktop,42.05,0.0,0.294,0
2883,CUST_02884,2023-04-20,40,Male,Izmir,False,2023,4,2,3,Thursday,April,False,2023-10-20,195.78,1,0.0,0.0,17.0,8.0,1.0,3.0,1,Home & Garden,Bank Transfer,Tablet,195.78,0.0,0.471,1
2884,CUST_02885,2023-08-26,18,Male,Adana,True,2023,8,3,5,Saturday,August,True,2024-02-26,1043.81,3,92.92,0.08174324597749685,12.0,8.0,4.0,14.0,1,Fashion,Bank Transfer,Mobile,347.93666666666667,0.0890200323813721,0.667,0
2885,CUST_02886,2023-04-09,29,Female,Eskisehir,False,2023,4,2,6,Sunday,April,True,2023-10-09,1263.44,1,0.0,0.0,19.0,8.0,3.0,4.0,1,Home & Garden,Credit Card,Tablet,1263.44,0.0,0.421,1
2886,CUST_02887,2023-06-24,28,Female,Izmir,True,2023,6,2,5,Saturday,June,True,2023-12-24,29.61,1,0.0,0.0,11.0,12.0,4.0,5.0,1,Books,Digital Wallet,Mobile,29.61,0.0,1.091,1
2887,CUST_02888,2023-09-01,51,Male,Izmir,False,2023,9,3,4,Friday,September,False,2024-03-01,664.2,5,0.0,0.0,9.0,7.0,4.0,17.0,1,Toys,Digital Wallet,Mobile,132.84,0.0,0.778,0
2888,CUST_02889,2023-01-29,30,Female,Bursa,True,2023,1,1,6,Sunday,January,True,2023-07-29,165.76,2,0.0,0.0,16.0,7.0,5.0,4.0,1,Beauty,Digital Wallet,Mobile,82.88,0.0,0.437,1
2889,CUST_02890,2023-01-08,39,Female,Bursa,True,2023,1,1,6,Sunday,January,True,2023-07-08,2966.4,2,0.0,0.0,16.0,10.0,5.0,5.0,1,Sports,Bank Transfer,Desktop,1483.2,0.0,0.625,1
2890,CUST_02891,2023-09-21,36,Male,Izmir,True,2023,9,3,3,Thursday,September,False,2024-03-21,880.85,5,0.0,0.0,15.0,9.0,4.0,10.0,1,Toys,Credit Card,Desktop,176.17000000000002,0.0,0.6,1
2891,CUST_02892,2023-12-16,18,Female,Istanbul,False,2023,12,4,5,Saturday,December,True,2024-06-16,676.84,2,0.0,0.0,12.0,7.0,5.0,3.0,1,Fashion,Debit Card,Mobile,338.42,0.0,0.583,1
2892,CUST_02893,2023-01-07,44,Male,Istanbul,False,2023,1,1,5,Saturday,January,True,2023-07-07,149.94,1,0.0,0.0,16.0,8.0,5.0,4.0,1,Toys,Credit Card,Desktop,149.94,0.0,0.5,1
2893,CUST_02894,2023-07-09,37,Female,Istanbul,True,2023,7,3,6,Sunday,July,True,2024-01-09,926.24,3,250.3,0.2127424481955565,12.0,9.0,5.0,2.0,1,Home & Garden,Credit Card,Mobile,308.74666666666667,0.27023233719122475,0.75,1
2894,CUST_02895,2023-07-11,41,Male,Istanbul,True,2023,7,3,1,Tuesday,July,False,2024-01-11,188.61,3,45.81,0.19541847965190684,18.0,9.0,4.0,14.0,1,Sports,Credit Card,Desktop,62.870000000000005,0.24288213774455225,0.5,1
2895,CUST_02896,2023-06-26,75,Male,Adana,False,2023,6,2,0,Monday,June,False,2023-12-26,810.54,1,0.0,0.0,12.0,6.0,5.0,3.0,1,Home & Garden,Debit Card,Mobile,810.54,0.0,0.5,1
2896,CUST_02897,2023-01-21,18,Female,Istanbul,False,2023,1,1,5,Saturday,January,True,2023-07-21,98.28,3,25.59,0.20658755146524582,16.0,11.0,5.0,3.0,1,Food,Credit Card,Desktop,32.76,0.2603785103785104,0.687,1
2897,CUST_02898,2023-03-08,55,Male,Konya,False,2023,3,1,2,Wednesday,March,False,2023-09-08,3820.23,3,0.0,0.0,9.0,10.0,3.0,4.0,1,Sports,Credit Card,Desktop,1273.41,0.0,1.111,1
2898,CUST_02899,2023-01-31,31,Female,Kayseri,False,2023,1,1,1,Tuesday,January,False,2023-07-31,114.84,1,0.0,0.0,15.0,8.0,5.0,3.0,1,Beauty,Cash on Delivery,Mobile,114.84,0.0,0.533,0
2899,CUST_02900,2023-01-12,38,Male,Eskisehir,True,2023,1,1,3,Thursday,January,False,2023-07-12,2617.4,4,0.0,0.0,16.0,8.0,2.0,7.0,1,Sports,Credit Card,Desktop,654.35,0.0,0.5,1
2900,CUST_02901,2023-08-27,34,Male,Kayseri,False,2023,8,3,6,Sunday,August,True,2024-02-27,2048.4,2,0.0,0.0,19.0,10.0,4.0,2.0,1,Electronics,Credit Card,Tablet,1024.2,0.0,0.526,1
2901,CUST_02902,2023-06-03,29,Male,Ankara,True,2023,6,2,5,Saturday,June,True,2023-12-03,883.92,3,0.0,0.0,13.0,6.0,2.0,9.0,1,Home & Garden,Digital Wallet,Mobile,294.64,0.0,0.462,1
2902,CUST_02903,2023-02-24,28,Female,Izmir,True,2023,2,1,4,Friday,February,False,2023-08-24,730.72,4,0.0,0.0,28.0,11.0,3.0,2.0,1,Toys,Debit Card,Mobile,182.68,0.0,0.393,0
2903,CUST_02904,2023-03-25,38,Female,Istanbul,True,2023,3,1,5,Saturday,March,True,2023-09-25,1023.24,4,0.0,0.0,17.0,10.0,2.0,3.0,1,Sports,Credit Card,Mobile,255.81,0.0,0.588,1
2904,CUST_02905,2023-05-04,18,Male,Gaziantep,True,2023,5,2,3,Thursday,May,False,2023-11-04,883.14,3,19.68,0.021798365122615806,3.0,12.0,2.0,3.0,1,Sports,Credit Card,Desktop,294.38,0.022284122562674095,4.0,1
2905,CUST_02906,2023-06-25,44,Female,Konya,True,2023,6,2,6,Sunday,June,True,2023-12-25,42.78,1,9.4,0.18014564967420468,13.0,11.0,3.0,6.0,1,Food,Debit Card,Mobile,42.78,0.21972884525479197,0.846,1
2906,CUST_02907,2023-03-04,30,Female,Konya,False,2023,3,1,5,Saturday,March,True,2023-09-04,271.9,5,0.0,0.0,15.0,8.0,5.0,7.0,1,Books,Credit Card,Tablet,54.379999999999995,0.0,0.533,0
2907,CUST_02908,2023-05-17,21,Female,Izmir,True,2023,5,2,2,Wednesday,May,False,2023-11-17,197.95,4,2.61,0.013013562026326286,42.0,13.0,3.0,5.0,1,Food,Digital Wallet,Mobile,49.4875,0.013185147764587016,0.31,0
2908,CUST_02909,2023-02-03,29,Female,Adana,True,2023,2,1,4,Friday,February,False,2023-08-03,627.15,5,0.0,0.0,18.0,6.0,2.0,4.0,1,Fashion,Credit Card,Mobile,125.42999999999999,0.0,0.333,1
2909,CUST_02910,2023-05-07,50,Female,Istanbul,False,2023,5,2,6,Sunday,May,True,2023-11-07,219.09,1,0.0,0.0,12.0,13.0,5.0,10.0,1,Beauty,Cash on Delivery,Tablet,219.09,0.0,1.083,0
2910,CUST_02911,2023-01-04,28,Female,Istanbul,True,2023,1,1,2,Wednesday,January,False,2023-07-04,1089.4,4,0.0,0.0,17.0,10.0,5.0,7.0,1,Beauty,Credit Card,Tablet,272.35,0.0,0.588,0
2911,CUST_02912,2023-02-19,39,Male,Adana,False,2023,2,1,6,Sunday,February,True,2023-08-19,33.97,1,8.26,0.1955955481884916,5.0,10.0,4.0,4.0,1,Beauty,Digital Wallet,Mobile,33.97,0.24315572564027083,2.0,1
2912,CUST_02913,2023-01-26,26,Male,Izmir,True,2023,1,1,3,Thursday,January,False,2023-07-26,36.97,1,0.0,0.0,12.0,9.0,5.0,3.0,1,Books,Debit Card,Mobile,36.97,0.0,0.75,0
2913,CUST_02914,2023-04-21,44,Male,Eskisehir,True,2023,4,2,4,Friday,April,False,2023-10-21,1558.68,5,116.02,0.0692780796560578,14.0,8.0,1.0,7.0,1,Home & Garden,Cash on Delivery,Mobile,311.736,0.07443477814561038,0.571,1
2914,CUST_02915,2023-02-09,43,Male,Istanbul,True,2023,2,1,3,Thursday,February,False,2023-08-09,37.67,2,10.19,0.212912661930631,15.0,8.0,5.0,5.0,1,Books,Cash on Delivery,Mobile,18.835,0.27050703477568355,0.533,1
2915,CUST_02916,2023-06-23,57,Female,Konya,True,2023,6,2,4,Friday,June,False,2023-12-23,94.61,3,17.23,0.1540593705293276,12.0,11.0,3.0,12.0,1,Beauty,Digital Wallet,Desktop,31.536666666666665,0.18211605538526585,0.917,0
2916,CUST_02917,2023-07-14,32,Male,Izmir,True,2023,7,3,4,Friday,July,False,2024-01-14,7658.21,3,1026.58,0.11820435497001079,18.0,11.0,5.0,5.0,1,Electronics,Credit Card,Mobile,2552.7366666666667,0.1340496016693196,0.611,1
2917,CUST_02918,2023-04-17,43,Male,Gaziantep,False,2023,4,2,0,Monday,April,False,2023-10-17,182.68,4,0.0,0.0,15.0,9.0,3.0,4.0,1,Books,Debit Card,Mobile,45.67,0.0,0.6,1
2918,CUST_02919,2023-02-15,36,Female,Gaziantep,True,2023,2,1,2,Wednesday,February,False,2023-08-15,1170.74,5,313.66,0.2113042306655888,13.0,9.0,5.0,3.0,1,Fashion,Debit Card,Mobile,234.148,0.2679160189281993,0.692,1
2919,CUST_02920,2023-03-02,50,Male,Kayseri,False,2023,3,1,3,Thursday,March,False,2023-09-02,12242.0,5,2253.2,0.15544456095811024,14.0,8.0,4.0,7.0,1,Electronics,Digital Wallet,Mobile,2448.4,0.18405489299134126,0.571,0
2920,CUST_02921,2023-01-10,26,Male,Ankara,False,2023,1,1,1,Tuesday,January,False,2023-07-10,233.54,3,46.33,0.16554114410261905,11.0,9.0,3.0,5.0,1,Beauty,Debit Card,Mobile,77.84666666666666,0.19838143358739402,0.818,0
2921,CUST_02922,2023-02-14,43,Male,Kayseri,False,2023,2,1,1,Tuesday,February,False,2023-08-14,791.82,3,0.0,0.0,15.0,9.0,5.0,12.0,1,Sports,Digital Wallet,Tablet,263.94,0.0,0.6,0
2922,CUST_02923,2023-02-11,32,Female,Istanbul,True,2023,2,1,5,Saturday,February,True,2023-08-11,83.04,3,0.0,0.0,13.0,9.0,4.0,8.0,1,Beauty,Digital Wallet,Desktop,27.680000000000003,0.0,0.692,1
2923,CUST_02924,2023-04-10,34,Male,Istanbul,True,2023,4,2,0,Monday,April,False,2023-10-10,1885.91,3,510.25,0.21294487847222224,15.0,6.0,4.0,4.0,1,Electronics,Cash on Delivery,Mobile,628.6366666666667,0.27055904046322465,0.4,0
2924,CUST_02925,2023-01-16,36,Male,Izmir,False,2023,1,1,0,Monday,January,False,2023-07-16,940.76,2,0.0,0.0,9.0,7.0,2.0,2.0,1,Sports,Cash on Delivery,Tablet,470.38,0.0,0.778,0
2925,CUST_02926,2023-06-10,38,Female,Gaziantep,True,2023,6,2,5,Saturday,June,True,2023-12-10,1123.05,1,0.0,0.0,30.0,14.0,4.0,7.0,1,Home & Garden,Debit Card,Tablet,1123.05,0.0,0.467,0
2926,CUST_02927,2023-01-12,33,Female,Izmir,True,2023,1,1,3,Thursday,January,False,2023-07-12,2689.84,4,335.84,0.11099653631580339,13.0,8.0,3.0,1.0,1,Home & Garden,Credit Card,Mobile,672.46,0.12485500996341788,0.615,1
2927,CUST_02928,2023-03-11,37,Female,Gaziantep,True,2023,3,1,5,Saturday,March,True,2023-09-11,467.01,4,29.59,0.05958517921868707,13.0,6.0,3.0,4.0,1,Books,Credit Card,Mobile,116.7525,0.06336052761182843,0.462,1
2928,CUST_02929,2023-03-23,53,Female,Adana,False,2023,3,1,3,Thursday,March,False,2023-09-23,42.7,1,0.0,0.0,9.0,9.0,5.0,6.0,1,Toys,Credit Card,Desktop,42.7,0.0,1.0,1
2929,CUST_02930,2023-04-22,46,Male,Istanbul,False,2023,4,2,5,Saturday,April,True,2023-10-22,284.7,3,17.7,0.05853174603174603,16.0,10.0,4.0,5.0,1,Fashion,Credit Card,Mobile,94.89999999999999,0.06217070600632244,0.625,1
2930,CUST_02931,2023-04-14,45,Male,Kayseri,True,2023,4,2,4,Friday,April,False,2023-10-14,349.78,3,72.02,0.1707444286391655,20.0,7.0,3.0,10.0,1,Beauty,Credit Card,Desktop,116.59333333333332,0.20590085196409172,0.35,0
2931,CUST_02932,2023-01-22,29,Male,Istanbul,True,2023,1,1,6,Sunday,January,True,2023-07-22,248.3,2,0.0,0.0,16.0,9.0,4.0,5.0,1,Beauty,Bank Transfer,Mobile,124.15,0.0,0.562,0
2932,CUST_02933,2023-01-26,24,Male,Konya,False,2023,1,1,3,Thursday,January,False,2023-07-26,162.3,2,44.18,0.2139674544750097,14.0,5.0,5.0,2.0,1,Beauty,Debit Card,Tablet,81.15,0.2722119531731361,0.357,0
2933,CUST_02934,2023-01-11,46,Male,Ankara,True,2023,1,1,2,Wednesday,January,False,2023-07-11,4035.8,5,0.0,0.0,16.0,11.0,5.0,7.0,1,Sports,Credit Card,Mobile,807.1600000000001,0.0,0.687,0
2934,CUST_02935,2023-06-07,45,Male,Izmir,True,2023,6,2,2,Wednesday,June,False,2023-12-07,235.93,3,4.79,0.019898637421070127,26.0,6.0,4.0,5.0,1,Beauty,Debit Card,Mobile,78.64333333333333,0.020302632136650702,0.231,0
2935,CUST_02936,2023-08-23,52,Female,Izmir,True,2023,8,3,2,Wednesday,August,False,2024-02-23,640.16,2,0.0,0.0,11.0,5.0,1.0,12.0,1,Toys,Cash on Delivery,Mobile,320.08,0.0,0.455,1
2936,CUST_02937,2023-01-12,27,Female,Istanbul,False,2023,1,1,3,Thursday,January,False,2023-07-12,1202.59,2,143.61,0.10667805675233992,16.0,11.0,2.0,5.0,1,Fashion,Bank Transfer,Mobile,601.295,0.11941725775201859,0.687,0
2937,CUST_02938,2023-02-16,32,Male,Ankara,True,2023,2,1,3,Thursday,February,False,2023-08-16,1153.29,1,0.0,0.0,13.0,7.0,2.0,7.0,1,Electronics,Bank Transfer,Desktop,1153.29,0.0,0.538,0
2938,CUST_02939,2023-02-25,18,Female,Istanbul,False,2023,2,1,5,Saturday,February,True,2023-08-25,303.68,1,17.93,0.0557507540188427,15.0,7.0,4.0,6.0,1,Fashion,Credit Card,Mobile,303.68,0.05904241306638567,0.467,1
2939,CUST_02940,2023-04-10,30,Male,Istanbul,True,2023,4,2,0,Monday,April,False,2023-10-10,452.15,4,30.65,0.06348384424192212,9.0,8.0,5.0,8.0,1,Sports,Credit Card,Tablet,113.0375,0.06778723874820303,0.889,0
2940,CUST_02941,2023-01-08,46,Male,Istanbul,True,2023,1,1,6,Sunday,January,True,2023-07-08,53.77,1,7.14,0.11722213101296995,14.0,8.0,3.0,8.0,1,Beauty,Credit Card,Tablet,53.77,0.1327877998884136,0.571,0
2941,CUST_02942,2023-05-04,29,Female,Izmir,False,2023,5,2,3,Thursday,May,False,2023-11-04,220.2,1,0.0,0.0,14.0,8.0,4.0,4.0,1,Beauty,Debit Card,Tablet,220.2,0.0,0.571,0
2942,CUST_02943,2023-04-21,42,Male,Gaziantep,True,2023,4,2,4,Friday,April,False,2023-10-21,177.01,1,67.66,0.2765357420198635,30.0,12.0,4.0,10.0,1,Fashion,Credit Card,Mobile,177.01,0.3822382916219423,0.4,1
2943,CUST_02944,2023-01-06,32,Male,Bursa,True,2023,1,1,4,Friday,January,False,2023-07-06,2658.54,2,0.0,0.0,11.0,12.0,5.0,3.0,1,Home & Garden,Digital Wallet,Tablet,1329.27,0.0,1.091,0
2944,CUST_02945,2023-03-07,38,Male,Konya,False,2023,3,1,1,Tuesday,March,False,2023-09-07,819.24,5,196.21,0.1932246787138707,14.0,10.0,5.0,13.0,1,Toys,Credit Card,Mobile,163.848,0.239502465699917,0.714,1
2945,CUST_02946,2023-01-25,21,Female,Antalya,False,2023,1,1,2,Wednesday,January,False,2023-07-25,1210.2,5,0.0,0.0,24.0,9.0,4.0,5.0,1,Fashion,Cash on Delivery,Desktop,242.04000000000002,0.0,0.375,0
2946,CUST_02947,2023-01-26,36,Female,Antalya,False,2023,1,1,3,Thursday,January,False,2023-07-26,163.94,2,0.0,0.0,18.0,11.0,1.0,7.0,1,Beauty,Credit Card,Mobile,81.97,0.0,0.611,0
2947,CUST_02948,2023-02-18,18,Male,Antalya,True,2023,2,1,5,Saturday,February,True,2023-08-18,364.04,2,62.2,0.14592717717717718,12.0,8.0,5.0,4.0,1,Beauty,Credit Card,Mobile,182.02,0.1708603450170311,0.667,1
2948,CUST_02949,2023-01-18,32,Female,Izmir,True,2023,1,1,2,Wednesday,January,False,2023-07-18,75.4,1,6.78,0.08250182526162082,12.0,7.0,4.0,6.0,1,Books,Credit Card,Mobile,75.4,0.08992042440318301,0.583,1
2949,CUST_02950,2023-02-24,18,Female,Antalya,False,2023,2,1,4,Friday,February,False,2023-08-24,1271.3,5,0.0,0.0,11.0,9.0,4.0,3.0,1,Toys,Credit Card,Mobile,254.26,0.0,0.818,0
2950,CUST_02951,2023-02-05,49,Female,Istanbul,False,2023,2,1,6,Sunday,February,True,2023-08-05,1889.71,4,194.25,0.09321196184187797,16.0,6.0,4.0,7.0,1,Home & Garden,Debit Card,Mobile,472.4275,0.10279355033311989,0.375,0
2951,CUST_02952,2023-05-18,44,Female,Konya,True,2023,5,2,3,Thursday,May,False,2023-11-18,347.97,3,0.0,0.0,13.0,9.0,5.0,3.0,1,Books,Debit Card,Mobile,115.99000000000001,0.0,0.692,0
2952,CUST_02953,2023-02-17,40,Male,Adana,True,2023,2,1,4,Friday,February,False,2023-08-17,1606.23,2,258.73,0.1387321980096088,16.0,6.0,4.0,12.0,1,Home & Garden,Bank Transfer,Mobile,803.115,0.16107904845507806,0.375,0
2953,CUST_02954,2023-08-29,53,Male,Istanbul,True,2023,8,3,1,Tuesday,August,False,2024-02-29,593.2,5,0.0,0.0,8.0,6.0,4.0,2.0,1,Beauty,Digital Wallet,Mobile,118.64000000000001,0.0,0.75,1
2954,CUST_02955,2023-03-08,23,Female,Adana,False,2023,3,1,2,Wednesday,March,False,2023-09-08,837.92,2,0.0,0.0,20.0,13.0,4.0,5.0,1,Toys,Bank Transfer,Desktop,418.96,0.0,0.65,1
2955,CUST_02956,2023-01-28,55,Female,Istanbul,True,2023,1,1,5,Saturday,January,True,2023-07-28,133.56,4,0.0,0.0,10.0,9.0,4.0,4.0,1,Food,Digital Wallet,Mobile,33.39,0.0,0.9,1
2956,CUST_02957,2023-01-05,46,Female,Istanbul,True,2023,1,1,3,Thursday,January,False,2023-07-05,184.36,4,0.0,0.0,14.0,11.0,4.0,17.0,1,Books,Debit Card,Desktop,46.09,0.0,0.786,1
2957,CUST_02958,2023-01-20,32,Female,Istanbul,False,2023,1,1,4,Friday,January,False,2023-07-20,319.44,2,0.0,0.0,11.0,9.0,5.0,7.0,1,Fashion,Credit Card,Desktop,159.72,0.0,0.818,1
2958,CUST_02959,2023-02-25,48,Female,Gaziantep,False,2023,2,1,5,Saturday,February,True,2023-08-25,72.68,2,9.24,0.11279296875,11.0,10.0,4.0,4.0,1,Food,Credit Card,Mobile,36.34,0.1271326362135388,0.909,0
2959,CUST_02960,2023-08-09,21,Female,Adana,True,2023,8,3,2,Wednesday,August,False,2024-02-09,238.62,5,11.53,0.04609234459324405,36.0,9.0,5.0,7.0,1,Books,Digital Wallet,Mobile,47.724000000000004,0.04831950381359483,0.25,0
2960,CUST_02961,2023-03-10,25,Female,Gaziantep,False,2023,3,1,4,Friday,March,False,2023-09-10,2132.7,1,0.0,0.0,10.0,8.0,4.0,7.0,1,Electronics,Credit Card,Desktop,2132.7,0.0,0.8,0
2961,CUST_02962,2023-04-19,27,Female,Istanbul,True,2023,4,2,2,Wednesday,April,False,2023-10-19,1001.34,3,0.0,0.0,13.0,10.0,5.0,8.0,1,Home & Garden,Digital Wallet,Desktop,333.78000000000003,0.0,0.769,1
2962,CUST_02963,2023-05-31,28,Female,Izmir,False,2023,5,2,2,Wednesday,May,False,2023-11-30,294.0,4,0.0,0.0,14.0,5.0,3.0,2.0,1,Books,Digital Wallet,Mobile,73.5,0.0,0.357,1
2963,CUST_02964,2023-07-07,22,Male,Adana,False,2023,7,3,4,Friday,July,False,2024-01-07,295.4,4,0.0,0.0,2.0,8.0,5.0,6.0,1,Beauty,Credit Card,Desktop,73.85,0.0,4.0,1
2964,CUST_02965,2023-01-29,49,Male,Istanbul,False,2023,1,1,6,Sunday,January,True,2023-07-29,1143.33,3,207.27,0.1534651266103954,10.0,10.0,5.0,11.0,1,Sports,Digital Wallet,Mobile,381.10999999999996,0.18128624281703448,1.0,0
2965,CUST_02966,2023-04-20,31,Female,Antalya,False,2023,4,2,3,Thursday,April,False,2023-10-20,819.29,2,125.15,0.13251238829359197,10.0,9.0,5.0,5.0,1,Fashion,Debit Card,Mobile,409.645,0.15275421401457362,0.9,1
2966,CUST_02967,2023-03-22,39,Female,Istanbul,True,2023,3,1,2,Wednesday,March,False,2023-09-22,63.67,1,8.99,0.1237269474263694,20.0,9.0,1.0,12.0,1,Toys,Digital Wallet,Tablet,63.67,0.1411967959792681,0.45,1
2967,CUST_02968,2023-01-24,28,Female,Istanbul,False,2023,1,1,1,Tuesday,January,False,2023-07-24,4765.45,5,0.0,0.0,7.0,5.0,2.0,6.0,1,Electronics,Credit Card,Desktop,953.0899999999999,0.0,0.714,0
2968,CUST_02969,2023-06-16,18,Female,Izmir,True,2023,6,2,4,Friday,June,False,2023-12-16,510.76,4,0.0,0.0,15.0,11.0,5.0,10.0,1,Beauty,Credit Card,Mobile,127.69,0.0,0.733,1
2969,CUST_02970,2023-01-27,38,Male,Antalya,True,2023,1,1,4,Friday,January,False,2023-07-27,3236.8,4,122.08,0.03634544848282761,8.0,10.0,5.0,8.0,1,Home & Garden,Debit Card,Mobile,809.2,0.03771626297577854,1.25,0
2970,CUST_02971,2023-01-09,18,Male,Istanbul,True,2023,1,1,0,Monday,January,False,2023-07-09,176.1,3,13.2,0.06973058637083993,10.0,9.0,4.0,4.0,1,Toys,Credit Card,Desktop,58.699999999999996,0.07495741056218058,0.9,0
2971,CUST_02972,2023-07-24,34,Female,Istanbul,False,2023,7,3,0,Monday,July,False,2024-01-24,96.55,5,0.0,0.0,12.0,11.0,2.0,1.0,1,Books,Credit Card,Mobile,19.31,0.0,0.917,1
2972,CUST_02973,2023-04-10,18,Male,Istanbul,False,2023,4,2,0,Monday,April,False,2023-10-10,58.0,1,7.77,0.11813896913486392,21.0,6.0,5.0,14.0,1,Food,Debit Card,Desktop,58.0,0.1339655172413793,0.286,0
2973,CUST_02974,2023-07-05,58,Male,Istanbul,True,2023,7,3,2,Wednesday,July,False,2024-01-05,5192.79,5,105.36,0.019886186687806118,16.0,7.0,4.0,3.0,1,Sports,Digital Wallet,Mobile,1038.558,0.020289670870572468,0.437,0
2974,CUST_02975,2023-06-10,45,Male,Istanbul,False,2023,6,2,5,Saturday,June,True,2023-12-10,269.55,5,0.0,0.0,14.0,11.0,4.0,8.0,1,Food,Digital Wallet,Mobile,53.910000000000004,0.0,0.786,0
2975,CUST_02976,2023-01-03,36,Male,Ankara,True,2023,1,1,1,Tuesday,January,False,2023-07-03,308.8,4,0.0,0.0,13.0,6.0,5.0,2.0,1,Fashion,Cash on Delivery,Desktop,77.2,0.0,0.462,1
2976,CUST_02977,2023-01-25,50,Female,Antalya,False,2023,1,1,2,Wednesday,January,False,2023-07-25,570.55,1,0.0,0.0,15.0,9.0,5.0,3.0,1,Sports,Credit Card,Mobile,570.55,0.0,0.6,1
2977,CUST_02978,2023-01-02,24,Male,Izmir,False,2023,1,1,0,Monday,January,False,2023-07-02,311.57,3,45.73,0.1279876854184159,12.0,13.0,5.0,7.0,1,Food,Debit Card,Tablet,103.85666666666667,0.14677279584042108,1.083,0
2978,CUST_02979,2023-08-21,41,Female,Adana,True,2023,8,3,0,Monday,August,False,2024-02-21,302.39,1,46.94,0.1343715111785418,16.0,9.0,4.0,9.0,1,Home & Garden,Credit Card,Mobile,302.39,0.1552300009920963,0.562,1
2979,CUST_02980,2023-02-09,37,Male,Adana,False,2023,2,1,3,Thursday,February,False,2023-08-09,33.73,1,6.68,0.16530561742143035,18.0,9.0,4.0,2.0,1,Beauty,Debit Card,Mobile,33.73,0.19804328490957607,0.5,0
2980,CUST_02981,2023-10-17,38,Female,Istanbul,True,2023,10,4,1,Tuesday,October,False,2024-04-17,973.29,4,134.15,0.1211352308025717,17.0,13.0,5.0,6.0,1,Home & Garden,Credit Card,Tablet,243.3225,0.13783147879871366,0.765,1
2981,CUST_02982,2023-02-04,50,Male,Istanbul,False,2023,2,1,5,Saturday,February,True,2023-08-04,887.7,3,0.0,0.0,11.0,9.0,5.0,7.0,1,Fashion,Cash on Delivery,Tablet,295.90000000000003,0.0,0.818,1
2982,CUST_02983,2023-02-07,43,Female,Konya,True,2023,2,1,1,Tuesday,February,False,2023-08-07,987.58,5,187.52,0.15957790826312654,12.0,11.0,3.0,2.0,1,Toys,Debit Card,Mobile,197.51600000000002,0.1898782883411977,0.917,1
2983,CUST_02984,2023-04-17,38,Female,Istanbul,True,2023,4,2,0,Monday,April,False,2023-10-17,96.02,2,16.18,0.14420677361853831,20.0,4.0,4.0,8.0,1,Food,Bank Transfer,Mobile,48.01,0.16850656113309728,0.2,0
2984,CUST_02985,2023-09-24,18,Male,Istanbul,True,2023,9,3,6,Sunday,September,True,2024-03-24,2600.24,4,0.0,0.0,10.0,12.0,4.0,6.0,1,Home & Garden,Debit Card,Mobile,650.06,0.0,1.2,1
2985,CUST_02986,2023-03-01,23,Female,Istanbul,False,2023,3,1,2,Wednesday,March,False,2023-09-01,8997.96,5,2234.64,0.1989423641899471,15.0,14.0,2.0,8.0,1,Electronics,Digital Wallet,Desktop,1799.5919999999999,0.24834962591520746,0.933,0
2986,CUST_02987,2023-02-23,33,Female,Antalya,True,2023,2,1,3,Thursday,February,False,2023-08-23,887.41,1,124.05,0.12264449409764103,21.0,5.0,5.0,2.0,1,Electronics,Debit Card,Mobile,887.41,0.1397888236553566,0.238,0
2987,CUST_02988,2023-03-02,36,Male,Bursa,False,2023,3,1,3,Thursday,March,False,2023-09-02,11.72,1,0.0,0.0,27.0,8.0,4.0,4.0,1,Food,Credit Card,Mobile,11.72,0.0,0.296,0
2988,CUST_02989,2023-03-07,21,Male,Eskisehir,False,2023,3,1,1,Tuesday,March,False,2023-09-07,84.54,3,0.0,0.0,15.0,11.0,5.0,2.0,1,Food,Credit Card,Mobile,28.180000000000003,0.0,0.733,1
2989,CUST_02990,2023-01-03,63,Female,Konya,True,2023,1,1,1,Tuesday,January,False,2023-07-03,363.75,5,0.0,0.0,19.0,11.0,4.0,3.0,1,Toys,Bank Transfer,Desktop,72.75,0.0,0.579,1
2990,CUST_02991,2023-07-21,53,Female,Izmir,True,2023,7,3,4,Friday,July,False,2024-01-21,486.67,1,0.0,0.0,9.0,11.0,4.0,4.0,1,Home & Garden,Credit Card,Mobile,486.67,0.0,1.222,0
2991,CUST_02992,2023-03-19,42,Male,Ankara,True,2023,3,1,6,Sunday,March,True,2023-09-19,345.22,2,0.0,0.0,14.0,6.0,4.0,18.0,1,Sports,Digital Wallet,Mobile,172.61,0.0,0.429,1
2992,CUST_02993,2024-01-30,35,Male,Ankara,False,2024,1,1,1,Tuesday,January,False,2024-07-30,260.9,1,0.0,0.0,16.0,11.0,4.0,5.0,1,Toys,Debit Card,Desktop,260.9,0.0,0.687,0
2993,CUST_02994,2023-01-29,32,Female,Istanbul,True,2023,1,1,6,Sunday,January,True,2023-07-29,595.96,4,0.0,0.0,12.0,8.0,4.0,8.0,1,Fashion,Credit Card,Mobile,148.99,0.0,0.667,1
2994,CUST_02995,2023-05-10,23,Female,Istanbul,True,2023,5,2,2,Wednesday,May,False,2023-11-10,2566.2,5,0.0,0.0,9.0,7.0,5.0,13.0,1,Sports,Bank Transfer,Mobile,513.24,0.0,0.778,1
2995,CUST_02996,2023-06-14,35,Female,Istanbul,False,2023,6,2,2,Wednesday,June,False,2023-12-14,573.42,5,154.48,0.21222695425195764,13.0,9.0,4.0,8.0,1,Fashion,Debit Card,Mobile,114.684,0.2694011370374246,0.692,0
2996,CUST_02997,2024-01-18,38,Male,Istanbul,True,2024,1,1,3,Thursday,January,False,2024-07-18,4202.0,4,639.56,0.1320979188526012,17.0,12.0,4.0,13.0,1,Home & Garden,Debit Card,Desktop,1050.5,0.15220371251784864,0.706,0
2997,CUST_02998,2023-01-09,20,Female,Istanbul,True,2023,1,1,0,Monday,January,False,2023-07-09,334.95,3,0.0,0.0,14.0,6.0,3.0,11.0,1,Fashion,Credit Card,Desktop,111.64999999999999,0.0,0.429,1
2998,CUST_02999,2023-04-12,39,Male,Ankara,True,2023,4,2,2,Wednesday,April,False,2023-10-12,120.41,2,14.33,0.1063529761021226,9.0,8.0,5.0,4.0,1,Beauty,Digital Wallet,Desktop,60.205,0.11901004899925256,0.889,0
2999,CUST_03000,2023-03-09,33,Male,Eskisehir,True,2023,3,1,3,Thursday,March,False,2023-09-09,448.28,4,0.0,0.0,8.0,7.0,2.0,4.0,1,Sports,Digital Wallet,Tablet,112.07,0.0,0.875,1
3000,CUST_03001,2023-05-27,18,Female,Bursa,False,2023,5,2,5,Saturday,May,True,2023-11-27,129.4,3,28.58,0.180908975819724,9.0,9.0,2.0,6.0,1,Books,Digital Wallet,Mobile,43.13333333333333,0.22086553323029365,1.0,1
3001,CUST_03002,2023-01-18,24,Female,Eskisehir,False,2023,1,1,2,Wednesday,January,False,2023-07-18,299.42,2,0.0,0.0,14.0,11.0,4.0,8.0,1,Food,Credit Card,Desktop,149.71,0.0,0.786,1
3002,CUST_03003,2023-01-12,30,Male,Ankara,False,2023,1,1,3,Thursday,January,False,2023-07-12,336.99,3,0.0,0.0,15.0,12.0,3.0,4.0,1,Books,Digital Wallet,Desktop,112.33,0.0,0.8,0
3003,CUST_03004,2023-01-21,57,Male,Izmir,True,2023,1,1,5,Saturday,January,True,2023-07-21,487.6,1,0.0,0.0,7.0,13.0,4.0,3.0,1,Electronics,Credit Card,Mobile,487.6,0.0,1.857,0
3004,CUST_03005,2023-01-24,41,Female,Ankara,True,2023,1,1,1,Tuesday,January,False,2023-07-24,114.64,1,0.0,0.0,1.0,14.0,4.0,4.0,1,Toys,Credit Card,Mobile,114.64,0.0,14.0,0
3005,CUST_03006,2023-01-05,18,Female,Istanbul,False,2023,1,1,3,Thursday,January,False,2023-07-05,60.38,1,4.33,0.0669139236594035,12.0,7.0,4.0,5.0,1,Beauty,Bank Transfer,Tablet,60.38,0.07171248757866844,0.583,1
3006,CUST_03007,2023-02-15,40,Female,Istanbul,True,2023,2,1,2,Wednesday,February,False,2023-08-15,200.1,2,0.0,0.0,18.0,9.0,4.0,6.0,1,Fashion,Debit Card,Mobile,100.05,0.0,0.5,1
3007,CUST_03008,2023-02-21,18,Female,Kayseri,True,2023,2,1,1,Tuesday,February,False,2023-08-21,263.96,1,0.0,0.0,11.0,6.0,3.0,5.0,1,Beauty,Credit Card,Desktop,263.96,0.0,0.545,0
3008,CUST_03009,2023-01-12,47,Male,Eskisehir,False,2023,1,1,3,Thursday,January,False,2023-07-12,363.44,4,0.0,0.0,14.0,6.0,5.0,3.0,1,Food,Debit Card,Mobile,90.86,0.0,0.429,1
3009,CUST_03010,2023-01-13,29,Other,Istanbul,True,2023,1,1,4,Friday,January,False,2023-07-13,142.69,1,0.0,0.0,15.0,8.0,5.0,6.0,1,Toys,Digital Wallet,Desktop,142.69,0.0,0.533,1
3010,CUST_03011,2023-08-10,33,Female,Istanbul,True,2023,8,3,3,Thursday,August,False,2024-02-10,73.88,2,0.0,0.0,15.0,10.0,3.0,4.0,1,Books,Bank Transfer,Mobile,36.94,0.0,0.667,0
3011,CUST_03012,2023-07-25,50,Female,Izmir,True,2023,7,3,1,Tuesday,July,False,2024-01-25,290.61,3,0.0,0.0,13.0,5.0,5.0,7.0,1,Beauty,Credit Card,Desktop,96.87,0.0,0.385,1
3012,CUST_03013,2023-02-25,19,Female,Istanbul,True,2023,2,1,5,Saturday,February,True,2023-08-25,5046.13,2,414.33,0.07587822271383729,14.0,9.0,1.0,1.0,1,Electronics,Credit Card,Desktop,2523.065,0.08210846728086672,0.643,1
3013,CUST_03014,2023-03-18,18,Female,Ankara,False,2023,3,1,5,Saturday,March,True,2023-09-18,38.08,1,0.0,0.0,21.0,5.0,5.0,15.0,1,Beauty,Bank Transfer,Tablet,38.08,0.0,0.238,0
3014,CUST_03015,2023-02-02,27,Male,Istanbul,True,2023,2,1,3,Thursday,February,False,2023-08-02,5447.84,2,614.46,0.10135757055902875,12.0,11.0,2.0,3.0,1,Electronics,Credit Card,Mobile,2723.92,0.11278965608387911,0.917,0
3015,CUST_03016,2023-01-09,47,Male,Izmir,False,2023,1,1,0,Monday,January,False,2023-07-09,371.11,3,26.63,0.06695328606627445,16.0,10.0,5.0,2.0,1,Sports,Cash on Delivery,Mobile,123.70333333333333,0.07175769987335291,0.625,0
3016,CUST_03017,2023-03-08,18,Female,Ankara,True,2023,3,1,2,Wednesday,March,False,2023-09-08,73.82,3,18.73,0.20237709346299296,19.0,8.0,3.0,5.0,1,Beauty,Digital Wallet,Mobile,24.606666666666666,0.2537252777025197,0.421,1
3017,CUST_03018,2023-01-12,18,Male,Ankara,True,2023,1,1,3,Thursday,January,False,2023-07-12,63.86,1,0.0,0.0,18.0,10.0,5.0,15.0,1,Beauty,Digital Wallet,Tablet,63.86,0.0,0.556,1
3018,CUST_03019,2023-01-06,29,Male,Istanbul,False,2023,1,1,4,Friday,January,False,2023-07-06,103.4,5,13.95,0.11887515977844056,14.0,9.0,5.0,3.0,1,Books,Debit Card,Mobile,20.68,0.13491295938104447,0.643,1
3019,CUST_03020,2023-06-13,41,Female,Izmir,True,2023,6,2,1,Tuesday,June,False,2023-12-13,678.07,1,0.0,0.0,8.0,8.0,2.0,5.0,1,Home & Garden,Credit Card,Mobile,678.07,0.0,1.0,0
3020,CUST_03021,2023-03-25,49,Female,Eskisehir,False,2023,3,1,5,Saturday,March,True,2023-09-25,154.52,1,0.0,0.0,15.0,9.0,3.0,8.0,1,Sports,Debit Card,Mobile,154.52,0.0,0.6,0
3021,CUST_03022,2023-01-05,29,Male,Ankara,True,2023,1,1,3,Thursday,January,False,2023-07-05,2715.24,2,0.0,0.0,18.0,7.0,4.0,2.0,1,Electronics,Debit Card,Desktop,1357.62,0.0,0.389,0
3022,CUST_03023,2023-02-21,30,Female,Konya,True,2023,2,1,1,Tuesday,February,False,2023-08-21,1497.02,1,118.31,0.0732420000866696,17.0,9.0,5.0,7.0,1,Electronics,Debit Card,Desktop,1497.02,0.07903034027601502,0.529,0
3023,CUST_03024,2023-01-03,48,Female,Gaziantep,True,2023,1,1,1,Tuesday,January,False,2023-07-03,35.72,2,0.0,0.0,11.0,7.0,4.0,14.0,1,Books,Debit Card,Mobile,17.86,0.0,0.636,0
3024,CUST_03025,2023-11-28,18,Female,Kayseri,True,2023,11,4,1,Tuesday,November,False,2024-05-28,550.04,2,120.26,0.1794122034909742,12.0,12.0,3.0,13.0,1,Beauty,Digital Wallet,Mobile,275.02,0.21863864446222095,1.0,1
3025,CUST_03026,2023-06-03,30,Female,Gaziantep,True,2023,6,2,5,Saturday,June,True,2023-12-03,1099.8,4,0.0,0.0,13.0,8.0,4.0,5.0,1,Electronics,Debit Card,Desktop,274.95,0.0,0.615,1
3026,CUST_03027,2023-04-08,37,Male,Antalya,True,2023,4,2,5,Saturday,April,True,2023-10-08,673.86,3,0.0,0.0,19.0,12.0,4.0,6.0,1,Fashion,Debit Card,Desktop,224.62,0.0,0.632,0
3027,CUST_03028,2023-04-19,40,Male,Konya,True,2023,4,2,2,Wednesday,April,False,2023-10-19,342.7,4,51.7,0.13108519269776878,15.0,9.0,4.0,13.0,1,Sports,Digital Wallet,Desktop,85.675,0.1508608112051357,0.6,1
3028,CUST_03029,2023-03-08,28,Male,Istanbul,True,2023,3,1,2,Wednesday,March,False,2023-09-08,535.65,3,0.0,0.0,11.0,12.0,2.0,5.0,1,Fashion,Digital Wallet,Mobile,178.54999999999998,0.0,1.091,0
3029,CUST_03030,2023-05-19,35,Female,Izmir,True,2023,5,2,4,Friday,May,False,2023-11-19,493.81,5,91.54,0.156385068762279,15.0,9.0,5.0,3.0,1,Toys,Credit Card,Mobile,98.762,0.18537494177922684,0.6,0
3030,CUST_03031,2023-02-01,18,Female,Eskisehir,True,2023,2,1,2,Wednesday,February,False,2023-08-01,65.97,5,18.43,0.21836492890995263,18.0,9.0,3.0,10.0,1,Food,Digital Wallet,Mobile,13.193999999999999,0.2793694103380324,0.5,0
3031,CUST_03032,2023-01-03,27,Female,Adana,True,2023,1,1,1,Tuesday,January,False,2023-07-03,212.44,2,22.78,0.09684550633449537,17.0,12.0,2.0,6.0,1,Food,Credit Card,Mobile,106.22,0.10723027678403314,0.706,1
3032,CUST_03033,2023-04-24,40,Female,Eskisehir,True,2023,4,2,0,Monday,April,False,2023-10-24,264.18,3,0.0,0.0,15.0,6.0,5.0,5.0,1,Beauty,Digital Wallet,Desktop,88.06,0.0,0.4,0
3033,CUST_03034,2023-05-01,23,Female,Adana,False,2023,5,2,0,Monday,May,False,2023-11-01,17.2,1,0.0,0.0,12.0,10.0,4.0,4.0,1,Food,Credit Card,Mobile,17.2,0.0,0.833,0
3034,CUST_03035,2023-05-15,35,Female,Konya,True,2023,5,2,0,Monday,May,False,2023-11-15,409.65,2,54.49,0.11739992243719569,13.0,12.0,5.0,8.0,1,Fashion,Debit Card,Mobile,204.825,0.13301598925912367,0.923,0
3035,CUST_03036,2023-06-03,40,Male,Adana,False,2023,6,2,5,Saturday,June,True,2023-12-03,103.0,2,0.0,0.0,3.0,8.0,5.0,6.0,1,Books,Bank Transfer,Desktop,51.5,0.0,2.667,0
3036,CUST_03037,2023-04-02,30,Male,Adana,True,2023,4,2,6,Sunday,April,True,2023-10-02,60.39,3,4.26,0.06589327146171693,10.0,10.0,3.0,4.0,1,Books,Credit Card,Desktop,20.13,0.07054148037754594,1.0,0
3037,CUST_03038,2024-02-22,37,Female,Bursa,False,2024,2,1,3,Thursday,February,False,2024-08-22,28.8,2,1.5,0.0495049504950495,15.0,8.0,5.0,5.0,1,Food,Credit Card,Mobile,14.4,0.05208333333333333,0.533,1
3038,CUST_03039,2023-01-09,23,Male,Kayseri,False,2023,1,1,0,Monday,January,False,2023-07-09,44.99,2,2.11,0.04479830148619957,27.0,8.0,3.0,3.0,1,Food,Credit Card,Mobile,22.495,0.04689931095799066,0.296,1
3039,CUST_03040,2023-04-06,32,Male,Gaziantep,True,2023,4,2,3,Thursday,April,False,2023-10-06,630.42,3,0.0,0.0,19.0,9.0,4.0,4.0,1,Toys,Debit Card,Mobile,210.14,0.0,0.474,1
3040,CUST_03041,2023-06-19,42,Female,Gaziantep,True,2023,6,2,0,Monday,June,False,2023-12-19,185.85,3,0.0,0.0,18.0,12.0,5.0,5.0,1,Beauty,Debit Card,Mobile,61.949999999999996,0.0,0.667,1
3041,CUST_03042,2023-11-26,36,Male,Antalya,True,2023,11,4,6,Sunday,November,True,2024-05-26,289.1,2,0.0,0.0,17.0,7.0,5.0,10.0,1,Beauty,Digital Wallet,Desktop,144.55,0.0,0.412,0
3042,CUST_03043,2023-02-26,27,Female,Ankara,True,2023,2,1,6,Sunday,February,True,2023-08-26,397.89,3,0.0,0.0,22.0,9.0,4.0,4.0,1,Beauty,Credit Card,Mobile,132.63,0.0,0.409,0
3043,CUST_03044,2023-02-16,37,Male,Istanbul,True,2023,2,1,3,Thursday,February,False,2023-08-16,629.22,2,164.5,0.2072519276319105,16.0,8.0,2.0,9.0,1,Sports,Digital Wallet,Desktop,314.61,0.2614347922825085,0.5,1
3044,CUST_03045,2023-01-16,43,Male,Kayseri,False,2023,1,1,0,Monday,January,False,2023-07-16,1523.13,3,0.0,0.0,18.0,8.0,5.0,4.0,1,Sports,Digital Wallet,Mobile,507.71000000000004,0.0,0.444,1
3045,CUST_03046,2023-06-07,18,Male,Bursa,False,2023,6,2,2,Wednesday,June,False,2023-12-07,137.16,1,0.0,0.0,2.0,7.0,4.0,3.0,1,Beauty,Debit Card,Desktop,137.16,0.0,3.5,1
3046,CUST_03047,2023-03-05,48,Female,Ankara,False,2023,3,1,6,Sunday,March,True,2023-09-05,1149.23,4,106.09,0.0845123155848708,19.0,4.0,4.0,5.0,1,Sports,Bank Transfer,Mobile,287.3075,0.09231398414590639,0.211,0
3047,CUST_03048,2023-08-02,30,Male,Istanbul,True,2023,8,3,2,Wednesday,August,False,2024-02-02,764.69,3,178.09,0.18889878868877152,15.0,9.0,2.0,13.0,1,Sports,Bank Transfer,Desktop,254.89666666666668,0.232891760059632,0.6,0
3048,CUST_03049,2023-02-22,40,Female,Gaziantep,False,2023,2,1,2,Wednesday,February,False,2023-08-22,277.12,2,0.0,0.0,15.0,13.0,3.0,4.0,1,Toys,Digital Wallet,Mobile,138.56,0.0,0.867,1
3049,CUST_03050,2023-03-19,49,Female,Gaziantep,True,2023,3,1,6,Sunday,March,True,2023-09-19,148.65,3,0.0,0.0,17.0,11.0,4.0,4.0,1,Books,Digital Wallet,Mobile,49.550000000000004,0.0,0.647,1
3050,CUST_03051,2023-05-07,18,Female,Gaziantep,False,2023,5,2,6,Sunday,May,True,2023-11-07,357.22,2,0.0,0.0,12.0,8.0,4.0,3.0,1,Toys,Cash on Delivery,Tablet,178.61,0.0,0.667,0
3051,CUST_03052,2023-01-14,26,Male,Antalya,False,2023,1,1,5,Saturday,January,True,2023-07-14,173.74,2,19.5,0.10091078451666322,10.0,8.0,3.0,5.0,1,Fashion,Cash on Delivery,Desktop,86.87,0.11223667549211465,0.8,0
3052,CUST_03053,2023-06-04,31,Male,Ankara,False,2023,6,2,6,Sunday,June,True,2023-12-04,3360.54,2,0.0,0.0,15.0,11.0,5.0,3.0,1,Home & Garden,Credit Card,Mobile,1680.27,0.0,0.733,1
3053,CUST_03054,2023-01-30,25,Female,Ankara,True,2023,1,1,0,Monday,January,False,2023-07-30,357.49,4,81.83,0.1862651370299554,16.0,8.0,2.0,6.0,1,Toys,Credit Card,Mobile,89.3725,0.22890150773448206,0.5,1
3054,CUST_03055,2023-04-17,55,Female,Istanbul,True,2023,4,2,0,Monday,April,False,2023-10-17,294.76,4,0.0,0.0,12.0,13.0,5.0,9.0,1,Fashion,Digital Wallet,Tablet,73.69,0.0,1.083,0
3055,CUST_03056,2023-05-24,24,Other,Gaziantep,True,2023,5,2,2,Wednesday,May,False,2023-11-24,31.64,1,0.0,0.0,13.0,6.0,5.0,4.0,1,Books,Cash on Delivery,Desktop,31.64,0.0,0.462,0
3056,CUST_03057,2023-01-22,28,Male,Istanbul,False,2023,1,1,6,Sunday,January,True,2023-07-22,4894.68,4,0.0,0.0,15.0,7.0,4.0,9.0,1,Home & Garden,Credit Card,Desktop,1223.67,0.0,0.467,1
3057,CUST_03058,2023-03-01,37,Female,Antalya,False,2023,3,1,2,Wednesday,March,False,2023-09-01,630.49,1,0.0,0.0,19.0,7.0,4.0,2.0,1,Home & Garden,Digital Wallet,Mobile,630.49,0.0,0.368,0
3058,CUST_03059,2023-10-24,20,Male,Izmir,True,2023,10,4,1,Tuesday,October,False,2024-04-24,464.38,3,54.89,0.08840677747712923,15.0,10.0,3.5,3.0,2,Beauty,Credit Card,Desktop,154.79333333333332,0.11820061156811232,0.667,1
3059,CUST_03060,2023-01-08,30,Male,Bursa,False,2023,1,1,6,Sunday,January,True,2023-07-08,1087.62,2,0.0,0.0,12.0,7.0,2.0,11.0,1,Fashion,Debit Card,Tablet,543.81,0.0,0.583,1
3060,CUST_03061,2023-04-27,38,Male,Kayseri,True,2023,4,2,3,Thursday,April,False,2023-10-27,34.0,2,1.28,0.036281179138321996,12.0,12.0,2.0,6.0,1,Food,Digital Wallet,Mobile,17.0,0.037647058823529415,1.0,0
3061,CUST_03062,2023-09-25,31,Male,Istanbul,True,2023,9,3,0,Monday,September,False,2024-03-25,6096.09,3,0.0,0.0,17.0,9.0,4.0,9.0,1,Electronics,Credit Card,Desktop,2032.03,0.0,0.529,0
3062,CUST_03063,2023-01-11,33,Female,Adana,False,2023,1,1,2,Wednesday,January,False,2023-07-11,1282.63,5,138.52,0.0974703585124723,15.0,14.0,1.0,11.0,1,Food,Digital Wallet,Desktop,256.526,0.10799685022180987,0.933,0
3063,CUST_03064,2023-10-26,28,Male,Istanbul,True,2023,10,4,3,Thursday,October,False,2024-04-26,44.54,2,1.84,0.03967227253126347,1.0,7.0,4.0,3.0,1,Books,Credit Card,Tablet,22.27,0.041311180960933995,7.0,0
3064,CUST_03065,2023-09-03,18,Female,Istanbul,False,2023,9,3,6,Sunday,September,True,2024-03-03,11225.38,5,213.47,0.018661841006744558,10.0,8.0,4.0,7.0,1,Home & Garden,Debit Card,Mobile,2245.076,0.019016728164213594,0.8,1
3065,CUST_03066,2023-03-29,38,Male,Izmir,False,2023,3,1,2,Wednesday,March,False,2023-09-29,818.3,2,0.0,0.0,9.0,8.0,5.0,5.0,1,Fashion,Digital Wallet,Mobile,409.15,0.0,0.889,0
3066,CUST_03067,2023-09-26,56,Female,Istanbul,False,2023,9,3,1,Tuesday,September,False,2024-03-26,44.19,1,0.0,0.0,11.0,9.0,3.0,5.0,1,Books,Credit Card,Desktop,44.19,0.0,0.818,1
3067,CUST_03068,2023-01-20,35,Male,Gaziantep,False,2023,1,1,4,Friday,January,False,2023-07-20,205.68,1,0.0,0.0,15.0,10.0,5.0,4.0,1,Fashion,Credit Card,Mobile,205.68,0.0,0.667,0
3068,CUST_03069,2023-02-19,37,Male,Bursa,False,2023,2,1,6,Sunday,February,True,2023-08-19,285.15,5,0.0,0.0,14.0,10.0,5.0,8.0,1,Books,Digital Wallet,Desktop,57.029999999999994,0.0,0.714,0
3069,CUST_03070,2023-03-02,43,Male,Istanbul,False,2023,3,1,3,Thursday,March,False,2023-09-02,663.57,3,0.0,0.0,14.0,8.0,4.0,3.0,1,Fashion,Debit Card,Mobile,221.19000000000003,0.0,0.571,0
3070,CUST_03071,2023-03-24,19,Male,Istanbul,True,2023,3,1,4,Friday,March,False,2023-09-24,159.81,3,30.48,0.16017657259971624,12.0,6.0,3.0,4.0,1,Beauty,Bank Transfer,Mobile,53.27,0.19072648770414868,0.5,0
3071,CUST_03072,2023-01-21,55,Female,Bursa,False,2023,1,1,5,Saturday,January,True,2023-07-21,395.9,3,87.07,0.18028034867590118,24.0,9.0,4.0,8.0,1,Toys,Credit Card,Mobile,131.96666666666667,0.21992927506946197,0.375,1
3072,CUST_03073,2023-02-02,37,Male,Gaziantep,True,2023,2,1,3,Thursday,February,False,2023-08-02,352.05,5,0.0,0.0,10.0,11.0,1.0,9.0,1,Books,Debit Card,Mobile,70.41,0.0,1.1,0
3073,CUST_03074,2023-03-17,54,Female,Izmir,True,2023,3,1,4,Friday,March,False,2023-09-17,1826.8,5,0.0,0.0,11.0,8.0,5.0,10.0,1,Fashion,Credit Card,Mobile,365.36,0.0,0.727,0
3074,CUST_03075,2023-02-18,26,Male,Bursa,False,2023,2,1,5,Saturday,February,True,2023-08-18,1579.48,4,0.0,0.0,21.0,8.0,4.0,5.0,1,Sports,Debit Card,Mobile,394.87,0.0,0.381,1
3075,CUST_03076,2023-08-26,56,Female,Gaziantep,False,2023,8,3,5,Saturday,August,True,2024-02-26,575.16,3,0.0,0.0,16.0,8.0,5.0,8.0,1,Fashion,Debit Card,Desktop,191.72,0.0,0.5,0
3076,CUST_03077,2023-02-05,44,Female,Bursa,True,2023,2,1,6,Sunday,February,True,2023-08-05,163.05,3,0.0,0.0,14.0,6.0,4.0,6.0,1,Food,Credit Card,Desktop,54.35,0.0,0.429,1
3077,CUST_03078,2023-01-17,41,Male,Istanbul,True,2023,1,1,1,Tuesday,January,False,2023-07-17,2033.95,3,140.57,0.06464415135294226,7.0,9.0,3.0,8.0,1,Home & Garden,Digital Wallet,Desktop,677.9833333333333,0.06911182674107033,1.286,1
3078,CUST_03079,2023-02-26,37,Male,Bursa,True,2023,2,1,6,Sunday,February,True,2023-08-26,508.84,2,0.0,0.0,16.0,8.0,5.0,3.0,1,Sports,Credit Card,Desktop,254.42,0.0,0.5,0
3079,CUST_03080,2023-05-24,32,Male,Antalya,True,2023,5,2,2,Wednesday,May,False,2023-11-24,1105.95,5,0.0,0.0,10.0,9.0,5.0,8.0,1,Toys,Bank Transfer,Desktop,221.19,0.0,0.9,0
3080,CUST_03081,2023-02-01,49,Female,Adana,True,2023,2,1,2,Wednesday,February,False,2023-08-01,154.74,2,0.0,0.0,17.0,6.0,1.0,8.0,1,Food,Credit Card,Mobile,77.37,0.0,0.353,1
3081,CUST_03082,2023-01-04,36,Male,Antalya,True,2023,1,1,2,Wednesday,January,False,2023-07-04,1938.66,1,0.0,0.0,16.0,6.0,5.0,5.0,1,Electronics,Digital Wallet,Mobile,1938.66,0.0,0.375,1
3082,CUST_03083,2023-01-10,18,Female,Eskisehir,True,2023,1,1,1,Tuesday,January,False,2023-07-10,1334.58,1,317.69,0.19227487032990975,15.0,5.0,4.0,11.0,1,Electronics,Digital Wallet,Desktop,1334.58,0.23804492799232718,0.333,1
3083,CUST_03084,2023-02-20,21,Female,Istanbul,True,2023,2,1,0,Monday,February,False,2023-08-20,29045.35,5,0.0,0.0,14.0,10.0,3.0,9.0,1,Electronics,Bank Transfer,Mobile,5809.07,0.0,0.714,0
3084,CUST_03085,2023-04-04,32,Female,Kayseri,True,2023,4,2,1,Tuesday,April,False,2023-10-04,83.52,2,0.0,0.0,13.0,11.0,4.0,7.0,1,Books,Debit Card,Mobile,41.76,0.0,0.846,1
3085,CUST_03086,2023-06-01,38,Female,Bursa,True,2023,6,2,3,Thursday,June,False,2023-12-01,210.37,2,13.19,0.05899982107711576,16.0,10.0,4.0,11.0,1,Fashion,Debit Card,Mobile,105.185,0.06269905404763036,0.625,1
3086,CUST_03087,2023-02-18,34,Female,Antalya,True,2023,2,1,5,Saturday,February,True,2023-08-18,2816.52,4,761.92,0.21291959624864465,20.0,5.0,5.0,5.0,1,Fashion,Credit Card,Mobile,704.13,0.27051822816809395,0.25,1
3087,CUST_03088,2023-01-16,49,Male,Istanbul,True,2023,1,1,0,Monday,January,False,2023-07-16,2317.64,5,245.31,0.09571392340857214,14.0,11.0,4.0,5.0,1,Home & Garden,Debit Card,Mobile,463.52799999999996,0.1058447386134171,0.786,1
3088,CUST_03089,2023-06-28,18,Female,Ankara,False,2023,6,2,2,Wednesday,June,False,2023-12-28,1259.22,4,132.14,0.09497182612695491,17.0,6.0,1.0,7.0,1,Toys,Digital Wallet,Desktop,314.805,0.10493797747812136,0.353,0
3089,CUST_03090,2023-04-15,36,Female,Adana,False,2023,4,2,5,Saturday,April,True,2023-10-15,152.12,2,0.0,0.0,26.0,10.0,3.0,12.0,1,Beauty,Credit Card,Mobile,76.06,0.0,0.385,0
3090,CUST_03091,2023-03-11,18,Male,Adana,False,2023,3,1,5,Saturday,March,True,2023-09-11,148.17,1,13.14,0.0814580621164218,11.0,8.0,2.0,5.0,1,Toys,Credit Card,Desktop,148.17,0.08868191941688602,0.727,0
3091,CUST_03092,2023-03-06,44,Female,Istanbul,True,2023,3,1,0,Monday,March,False,2023-09-06,1791.26,2,123.24,0.06437189866805955,13.0,7.0,4.0,5.0,1,Sports,Credit Card,Mobile,895.63,0.06880073244531781,0.538,1
3092,CUST_03093,2023-01-01,33,Male,Bursa,False,2023,1,1,6,Sunday,January,True,2023-07-01,162.62,1,0.0,0.0,16.0,7.0,1.0,2.0,1,Toys,Debit Card,Desktop,162.62,0.0,0.437,0
3093,CUST_03094,2023-05-17,40,Female,Istanbul,False,2023,5,2,2,Wednesday,May,False,2023-11-17,1675.24,2,377.78,0.18401184596350742,15.0,8.0,2.0,9.0,1,Electronics,Credit Card,Desktop,837.62,0.22550798691530763,0.533,1
3094,CUST_03095,2023-02-25,24,Female,Eskisehir,True,2023,2,1,5,Saturday,February,True,2023-08-25,168.04,5,19.91,0.10593242883745677,15.0,12.0,5.0,3.0,1,Books,Debit Card,Mobile,33.608,0.11848369435848607,0.8,1
3095,CUST_03096,2023-01-02,50,Male,Konya,True,2023,1,1,0,Monday,January,False,2023-07-02,734.65,1,176.04,0.19330397830216647,15.0,10.0,5.0,2.0,1,Home & Garden,Credit Card,Mobile,734.65,0.2396243108963452,0.667,0
3096,CUST_03097,2023-04-02,47,Female,Istanbul,True,2023,4,2,6,Sunday,April,True,2023-10-02,1384.24,4,0.0,0.0,18.0,8.0,4.0,5.0,1,Sports,Credit Card,Desktop,346.06,0.0,0.444,1
3097,CUST_03098,2023-02-14,42,Male,Konya,True,2023,2,1,1,Tuesday,February,False,2023-08-14,33.46,2,2.54,0.07055555555555555,16.0,11.0,5.0,10.0,1,Books,Debit Card,Mobile,16.73,0.07591153616258219,0.687,1
3098,CUST_03099,2023-05-03,33,Male,Kayseri,True,2023,5,2,2,Wednesday,May,False,2023-11-03,3318.03,4,282.65,0.0784990612884233,14.0,13.0,4.0,2.0,1,Home & Garden,Debit Card,Desktop,829.5075,0.08518608933614222,0.929,0
3099,CUST_03100,2023-02-01,41,Male,Ankara,False,2023,2,1,2,Wednesday,February,False,2023-08-01,1194.68,5,51.02,0.04095689170747372,12.0,6.0,4.0,9.0,1,Sports,Credit Card,Mobile,238.936,0.042705996584859546,0.5,0
3100,CUST_03101,2023-03-22,26,Female,Adana,False,2023,3,1,2,Wednesday,March,False,2023-09-22,158.24,2,0.0,0.0,17.0,13.0,4.0,3.0,1,Food,Credit Card,Mobile,79.12,0.0,0.765,1
3101,CUST_03102,2023-03-12,45,Male,Izmir,True,2023,3,1,6,Sunday,March,True,2023-09-12,500.25,5,0.0,0.0,18.0,11.0,3.0,8.0,1,Food,Debit Card,Desktop,100.05,0.0,0.611,0
3102,CUST_03103,2023-01-13,54,Male,Antalya,False,2023,1,1,4,Friday,January,False,2023-07-13,842.5,5,0.0,0.0,20.0,7.0,4.0,12.0,1,Toys,Credit Card,Mobile,168.5,0.0,0.35,1
3103,CUST_03104,2023-03-31,47,Female,Ankara,True,2023,3,1,4,Friday,March,False,2023-09-30,108.62,2,0.0,0.0,16.0,6.0,4.0,3.0,1,Beauty,Credit Card,Mobile,54.31,0.0,0.375,1
3104,CUST_03105,2023-09-03,26,Male,Ankara,False,2023,9,3,6,Sunday,September,True,2024-03-03,173.16,5,9.44,0.05169769989047097,14.0,10.0,4.0,3.0,1,Food,Digital Wallet,Mobile,34.632,0.05451605451605451,0.714,1
3105,CUST_03106,2023-06-16,39,Male,Izmir,False,2023,6,2,4,Friday,June,False,2023-12-16,465.16,4,0.0,0.0,1.0,10.0,5.0,5.0,1,Toys,Bank Transfer,Mobile,116.29,0.0,10.0,0
3106,CUST_03107,2023-01-05,19,Male,Istanbul,False,2023,1,1,3,Thursday,January,False,2023-07-05,79.48,4,0.0,0.0,14.0,9.0,3.0,6.0,1,Books,Debit Card,Mobile,19.87,0.0,0.643,0
3107,CUST_03108,2023-05-18,41,Male,Gaziantep,True,2023,5,2,3,Thursday,May,False,2023-11-18,1077.51,3,0.0,0.0,9.0,10.0,2.0,5.0,1,Sports,Digital Wallet,Desktop,359.17,0.0,1.111,1
3108,CUST_03109,2023-09-27,40,Male,Ankara,True,2023,9,3,2,Wednesday,September,False,2024-03-27,311.14,2,0.0,0.0,3.0,5.0,4.0,4.0,1,Sports,Debit Card,Mobile,155.57,0.0,1.667,1
3109,CUST_03110,2023-07-12,18,Male,Izmir,True,2023,7,3,2,Wednesday,July,False,2024-01-12,61.03,1,0.0,0.0,14.0,6.0,4.0,13.0,1,Food,Debit Card,Mobile,61.03,0.0,0.429,0
3110,CUST_03111,2023-01-28,21,Female,Konya,False,2023,1,1,5,Saturday,January,True,2023-07-28,99.04,2,0.0,0.0,17.0,9.0,4.0,6.0,1,Food,Digital Wallet,Mobile,49.52,0.0,0.529,1
3111,CUST_03112,2023-03-30,31,Female,Izmir,True,2023,3,1,3,Thursday,March,False,2023-09-30,304.35,3,0.0,0.0,5.0,12.0,4.0,13.0,1,Sports,Debit Card,Mobile,101.45,0.0,2.4,0
3112,CUST_03113,2023-01-24,31,Male,Bursa,True,2023,1,1,1,Tuesday,January,False,2023-07-24,450.69,3,0.0,0.0,14.0,10.0,3.0,3.0,1,Toys,Credit Card,Tablet,150.23,0.0,0.714,1
3113,CUST_03114,2023-04-05,20,Male,Kayseri,False,2023,4,2,2,Wednesday,April,False,2023-10-05,1222.8,2,343.84,0.21947607618853085,15.0,7.0,4.0,3.0,1,Home & Garden,Credit Card,Mobile,611.4,0.2811907098462545,0.467,0
3114,CUST_03115,2023-06-25,39,Male,Konya,False,2023,6,2,6,Sunday,June,True,2023-12-25,671.8,2,0.0,0.0,12.0,4.0,3.0,15.0,1,Toys,Credit Card,Mobile,335.9,0.0,0.333,1
3115,CUST_03116,2023-02-28,38,Female,Istanbul,False,2023,2,1,1,Tuesday,February,False,2023-08-28,8105.46,3,0.0,0.0,14.0,8.0,2.0,5.0,1,Electronics,Credit Card,Desktop,2701.82,0.0,0.571,1
3116,CUST_03117,2023-06-29,32,Male,Izmir,True,2023,6,2,3,Thursday,June,False,2023-12-29,749.48,2,0.0,0.0,18.0,8.0,5.0,5.0,1,Sports,Credit Card,Mobile,374.74,0.0,0.444,1
3117,CUST_03118,2023-03-13,25,Male,Eskisehir,True,2023,3,1,0,Monday,March,False,2023-09-13,84.07,3,9.8,0.10439970171513796,12.0,4.0,5.0,6.0,1,Beauty,Digital Wallet,Desktop,28.02333333333333,0.11656952539550376,0.333,1
3118,CUST_03119,2023-10-13,47,Female,Ankara,False,2023,10,4,4,Friday,October,False,2024-04-13,368.88,3,0.0,0.0,13.0,7.0,5.0,1.0,1,Beauty,Debit Card,Desktop,122.96,0.0,0.538,1
3119,CUST_03120,2023-02-06,54,Male,Ankara,False,2023,2,1,0,Monday,February,False,2023-08-06,216.21,1,32.85,0.1318959286918815,18.0,14.0,3.0,11.0,1,Home & Garden,Debit Card,Mobile,216.21,0.1519356181490218,0.778,0
3120,CUST_03121,2023-04-19,29,Male,Istanbul,True,2023,4,2,2,Wednesday,April,False,2023-10-19,331.29,1,0.0,0.0,14.0,9.0,4.0,4.0,1,Beauty,Digital Wallet,Desktop,331.29,0.0,0.643,0
3121,CUST_03122,2023-03-22,27,Female,Istanbul,False,2023,3,1,2,Wednesday,March,False,2023-09-22,301.59,1,0.0,0.0,14.0,8.0,4.0,13.0,1,Home & Garden,Debit Card,Mobile,301.59,0.0,0.571,1
3122,CUST_03123,2023-02-07,40,Female,Adana,True,2023,2,1,1,Tuesday,February,False,2023-08-07,4496.92,2,0.0,0.0,17.0,12.0,5.0,7.0,1,Electronics,Debit Card,Desktop,2248.46,0.0,0.706,1
3123,CUST_03124,2023-02-04,30,Male,Adana,False,2023,2,1,5,Saturday,February,True,2023-08-04,1114.5,2,0.0,0.0,15.0,10.0,5.0,6.0,1,Home & Garden,Debit Card,Desktop,557.25,0.0,0.667,1
3124,CUST_03125,2023-02-08,33,Female,Eskisehir,True,2023,2,1,2,Wednesday,February,False,2023-08-08,1604.04,4,0.0,0.0,17.0,9.0,5.0,11.0,1,Home & Garden,Bank Transfer,Mobile,401.01,0.0,0.529,0
3125,CUST_03126,2023-05-16,43,Male,Adana,False,2023,5,2,1,Tuesday,May,False,2023-11-16,83.79,1,0.0,0.0,10.0,6.0,3.0,3.0,1,Toys,Debit Card,Tablet,83.79,0.0,0.6,0
3126,CUST_03127,2023-05-10,18,Female,Istanbul,True,2023,5,2,2,Wednesday,May,False,2023-11-10,547.42,2,0.0,0.0,15.0,11.0,3.0,4.0,1,Toys,Debit Card,Mobile,273.71,0.0,0.733,1
3127,CUST_03128,2023-08-06,50,Female,Istanbul,False,2023,8,3,6,Sunday,August,True,2024-02-06,26363.5,5,0.0,0.0,12.0,8.0,5.0,5.0,1,Electronics,Digital Wallet,Mobile,5272.7,0.0,0.667,1
3128,CUST_03129,2023-04-09,35,Female,Eskisehir,True,2023,4,2,6,Sunday,April,True,2023-10-09,117.83,1,0.0,0.0,8.0,10.0,1.0,8.0,1,Beauty,Bank Transfer,Mobile,117.83,0.0,1.25,1
3129,CUST_03130,2023-05-07,30,Female,Ankara,False,2023,5,2,6,Sunday,May,True,2023-11-07,2346.2,4,0.0,0.0,16.0,8.0,5.0,7.0,1,Sports,Credit Card,Desktop,586.55,0.0,0.5,1
3130,CUST_03131,2023-02-01,33,Female,Ankara,False,2023,2,1,2,Wednesday,February,False,2023-08-01,486.75,5,0.0,0.0,15.0,8.0,5.0,6.0,1,Beauty,Digital Wallet,Mobile,97.35,0.0,0.533,0
3131,CUST_03132,2023-01-06,34,Female,Konya,True,2023,1,1,4,Friday,January,False,2023-07-06,316.1,2,48.64,0.1333552667653671,20.0,11.0,4.0,1.0,1,Fashion,Bank Transfer,Mobile,158.05,0.15387535590003162,0.55,1
3132,CUST_03133,2023-02-05,18,Female,Bursa,True,2023,2,1,6,Sunday,February,True,2023-08-05,809.64,4,56.96,0.06572813293330255,16.0,7.0,4.0,2.0,1,Sports,Digital Wallet,Desktop,202.41,0.0703522553233536,0.437,1
3133,CUST_03134,2023-01-10,52,Male,Istanbul,True,2023,1,1,1,Tuesday,January,False,2023-07-10,156.23,1,8.82,0.05343835201454104,20.0,11.0,5.0,6.0,1,Sports,Digital Wallet,Mobile,156.23,0.05645522626896243,0.55,0
3134,CUST_03135,2023-01-02,35,Male,Konya,False,2023,1,1,0,Monday,January,False,2023-07-02,899.51,3,68.56,0.07082132490419082,18.0,8.0,5.0,6.0,1,Fashion,Digital Wallet,Tablet,299.83666666666664,0.07621927493857768,0.444,1
3135,CUST_03136,2023-05-06,40,Female,Eskisehir,False,2023,5,2,5,Saturday,May,True,2023-11-06,1877.61,3,0.0,0.0,12.0,8.0,5.0,5.0,1,Electronics,Credit Card,Mobile,625.87,0.0,0.667,0
3136,CUST_03137,2023-01-09,46,Female,Istanbul,False,2023,1,1,0,Monday,January,False,2023-07-09,1800.4,2,355.58,0.16492731843523595,14.0,9.0,2.0,6.0,1,Electronics,Digital Wallet,Mobile,900.2,0.19750055543212616,0.643,1
3137,CUST_03138,2023-12-27,22,Male,Konya,False,2023,12,4,2,Wednesday,December,False,2024-06-27,105.09,2,13.13,0.1110641177465742,9.0,9.0,4.0,11.0,1,Books,Digital Wallet,Mobile,52.545,0.12494052716719004,1.0,1
3138,CUST_03139,2023-04-17,40,Female,Ankara,False,2023,4,2,0,Monday,April,False,2023-10-17,977.48,2,0.0,0.0,17.0,9.0,4.0,7.0,1,Home & Garden,Credit Card,Mobile,488.74,0.0,0.529,0
3139,CUST_03140,2023-03-14,31,Female,Bursa,True,2023,3,1,1,Tuesday,March,False,2023-09-14,134.96,4,0.0,0.0,17.0,8.0,5.0,15.0,1,Books,Cash on Delivery,Mobile,33.74,0.0,0.471,1
3140,CUST_03141,2023-03-17,45,Female,Kayseri,False,2023,3,1,4,Friday,March,False,2023-09-17,505.7,2,129.2,0.20349661363994329,11.0,8.0,5.0,3.0,1,Home & Garden,Credit Card,Desktop,252.85,0.2554874431481115,0.727,1
3141,CUST_03142,2023-01-17,18,Female,Eskisehir,False,2023,1,1,1,Tuesday,January,False,2023-07-17,410.08,4,0.0,0.0,12.0,4.0,4.0,2.0,1,Books,Credit Card,Desktop,102.52,0.0,0.333,0
3142,CUST_03143,2023-05-06,33,Male,Ankara,True,2023,5,2,5,Saturday,May,True,2023-11-06,407.67,3,0.0,0.0,15.0,10.0,4.0,5.0,1,Beauty,Bank Transfer,Mobile,135.89000000000001,0.0,0.667,1
3143,CUST_03144,2023-09-03,27,Male,Istanbul,True,2023,9,3,6,Sunday,September,True,2024-03-03,239.25,1,0.0,0.0,15.0,10.0,1.0,4.0,1,Fashion,Credit Card,Desktop,239.25,0.0,0.667,1
3144,CUST_03145,2023-01-26,40,Male,Istanbul,False,2023,1,1,3,Thursday,January,False,2023-07-26,465.83,1,0.0,0.0,11.0,8.0,5.0,4.0,1,Home & Garden,Credit Card,Mobile,465.83,0.0,0.727,1
3145,CUST_03146,2023-02-08,40,Male,Bursa,True,2023,2,1,2,Wednesday,February,False,2023-08-08,2484.77,4,134.27,0.05126687641273139,13.0,9.0,3.0,14.0,1,Home & Garden,Credit Card,Mobile,621.1925,0.05403719458943887,0.692,0
3146,CUST_03147,2023-05-09,26,Female,Istanbul,False,2023,5,2,1,Tuesday,May,False,2023-11-09,61.14,2,5.04,0.07615593834995465,13.0,12.0,5.0,5.0,1,Beauty,Cash on Delivery,Mobile,30.57,0.08243375858684986,0.923,0
3147,CUST_03148,2023-05-28,26,Female,Izmir,False,2023,5,2,6,Sunday,May,True,2023-11-28,74.93,1,7.66,0.09274730596924567,15.0,5.0,4.0,6.0,1,Food,Debit Card,Mobile,74.93,0.10222874683037501,0.333,0
3148,CUST_03149,2023-02-04,33,Female,Istanbul,True,2023,2,1,5,Saturday,February,True,2023-08-04,27.42,1,3.82,0.12227912932138284,11.0,9.0,3.0,11.0,1,Food,Credit Card,Mobile,27.42,0.13931436907366884,0.818,1
3149,CUST_03150,2023-02-05,24,Female,Izmir,False,2023,2,1,6,Sunday,February,True,2023-08-05,283.35,5,0.0,0.0,16.0,7.0,5.0,8.0,1,Beauty,Credit Card,Desktop,56.67,0.0,0.437,1
3150,CUST_03151,2023-03-04,45,Male,Istanbul,True,2023,3,1,5,Saturday,March,True,2023-09-04,761.8,2,0.0,0.0,17.0,10.0,4.0,6.0,1,Toys,Credit Card,Desktop,380.9,0.0,0.588,1
3151,CUST_03152,2023-10-13,30,Male,Gaziantep,False,2023,10,4,4,Friday,October,False,2024-04-13,326.37,3,47.76,0.12765616229652793,13.0,6.0,3.0,2.0,1,Food,Cash on Delivery,Desktop,108.79,0.14633697950179245,0.462,0
3152,CUST_03153,2023-04-13,18,Male,Istanbul,True,2023,4,2,3,Thursday,April,False,2023-10-13,506.28,3,0.0,0.0,16.0,10.0,3.0,7.0,1,Beauty,Credit Card,Mobile,168.76,0.0,0.625,1
3153,CUST_03154,2023-01-16,30,Male,Ankara,True,2023,1,1,0,Monday,January,False,2023-07-16,401.96,4,0.0,0.0,18.0,7.0,5.0,12.0,1,Beauty,Credit Card,Mobile,100.49,0.0,0.389,0
3154,CUST_03155,2023-03-15,22,Female,Konya,True,2023,3,1,2,Wednesday,March,False,2023-09-15,1135.62,3,190.2,0.14345838801647282,15.0,9.0,4.0,2.0,1,Electronics,Bank Transfer,Mobile,378.53999999999996,0.16748560257832726,0.6,1
3155,CUST_03156,2023-05-05,18,Male,Adana,False,2023,5,2,4,Friday,May,False,2023-11-05,125.95,5,0.0,0.0,9.0,8.0,5.0,5.0,1,Food,Bank Transfer,Mobile,25.19,0.0,0.889,0
3156,CUST_03157,2023-03-25,20,Male,Istanbul,False,2023,3,1,5,Saturday,March,True,2023-09-25,252.02,3,37.93,0.13081565787204688,18.0,8.0,5.0,6.0,1,Beauty,Debit Card,Desktop,84.00666666666667,0.1505039282596619,0.444,0
3157,CUST_03158,2023-02-21,36,Male,Istanbul,False,2023,2,1,1,Tuesday,February,False,2023-08-21,257.43,3,51.21,0.16592146189735615,16.0,4.0,5.0,9.0,1,Fashion,Debit Card,Mobile,85.81,0.19892786388532804,0.25,1
3158,CUST_03159,2023-01-20,50,Female,Adana,True,2023,1,1,4,Friday,January,False,2023-07-20,164.32,1,0.0,0.0,15.0,12.0,5.0,7.0,1,Toys,Credit Card,Mobile,164.32,0.0,0.8,1
3159,CUST_03160,2023-10-24,38,Male,Ankara,True,2023,10,4,1,Tuesday,October,False,2024-04-24,604.59,4,128.53,0.1753191837625491,12.0,10.0,5.0,2.0,1,Home & Garden,Cash on Delivery,Desktop,151.1475,0.21259035048545294,0.833,0
3160,CUST_03161,2023-02-22,27,Female,Adana,False,2023,2,1,2,Wednesday,February,False,2023-08-22,351.78,3,70.74,0.16742402726498154,19.0,6.0,4.0,3.0,1,Beauty,Bank Transfer,Desktop,117.25999999999999,0.20109159133549379,0.316,1
3161,CUST_03162,2023-01-17,40,Male,Izmir,True,2023,1,1,1,Tuesday,January,False,2023-07-17,513.42,3,0.0,0.0,14.0,5.0,2.0,9.0,1,Sports,Cash on Delivery,Mobile,171.14,0.0,0.357,1
3162,CUST_03163,2023-01-22,29,Female,Ankara,True,2023,1,1,6,Sunday,January,True,2023-07-22,441.98,4,30.78,0.06510703105169642,16.0,8.0,1.0,5.0,1,Sports,Debit Card,Mobile,110.495,0.06964116023349473,0.5,1
3163,CUST_03164,2023-05-28,26,Male,Izmir,True,2023,5,2,6,Sunday,May,True,2023-11-28,1175.36,3,83.74,0.06650782304820904,14.0,6.0,2.0,8.0,1,Home & Garden,Credit Card,Desktop,391.78666666666663,0.07124625646610401,0.429,1
3164,CUST_03165,2023-01-06,21,Female,Adana,False,2023,1,1,4,Friday,January,False,2023-07-06,1097.94,2,0.0,0.0,14.0,9.0,5.0,11.0,1,Sports,Credit Card,Mobile,548.97,0.0,0.643,0
3165,CUST_03166,2023-02-10,18,Female,Konya,True,2023,2,1,4,Friday,February,False,2023-08-10,48.46,1,0.0,0.0,18.0,11.0,4.0,4.0,1,Food,Credit Card,Tablet,48.46,0.0,0.611,0
3166,CUST_03167,2023-01-21,30,Female,Istanbul,True,2023,1,1,5,Saturday,January,True,2023-07-21,3522.0,4,0.0,0.0,18.0,14.0,2.0,2.0,1,Sports,Digital Wallet,Mobile,880.5,0.0,0.778,1
3167,CUST_03168,2023-08-15,36,Female,Bursa,True,2023,8,3,1,Tuesday,August,False,2024-02-15,55.37,5,1.88,0.03283842794759825,29.0,9.0,4.0,8.0,1,Food,Debit Card,Desktop,11.074,0.033953404370597795,0.31,1
3168,CUST_03169,2023-08-25,33,Male,Istanbul,False,2023,8,3,4,Friday,August,False,2024-02-25,20173.36,4,0.0,0.0,12.0,9.0,3.0,4.0,1,Electronics,Debit Card,Mobile,5043.34,0.0,0.75,1
3169,CUST_03170,2023-03-18,30,Male,Izmir,True,2023,3,1,5,Saturday,March,True,2023-09-18,798.97,4,91.75,0.10300655649362313,16.0,12.0,4.0,5.0,1,Fashion,Credit Card,Mobile,199.7425,0.1148353505137865,0.75,1
3170,CUST_03171,2023-08-09,23,Male,Konya,True,2023,8,3,2,Wednesday,August,False,2024-02-09,86.09,1,18.69,0.17837373544569576,15.0,7.0,4.0,11.0,1,Food,Credit Card,Mobile,86.09,0.2170983854106168,0.467,0
3171,CUST_03172,2023-08-04,42,Female,Ankara,False,2023,8,3,4,Friday,August,False,2024-02-04,1706.68,1,0.0,0.0,12.0,10.0,4.0,12.0,1,Sports,Credit Card,Mobile,1706.68,0.0,0.833,1
3172,CUST_03173,2023-03-13,19,Male,Kayseri,True,2023,3,1,0,Monday,March,False,2023-09-13,348.21,2,78.03,0.18306587837837837,11.0,6.0,3.0,2.0,1,Toys,Credit Card,Mobile,174.105,0.22408891186353064,0.545,1
3173,CUST_03174,2023-04-14,44,Male,Antalya,False,2023,4,2,4,Friday,April,False,2023-10-14,18728.68,4,0.0,0.0,12.0,8.0,4.0,8.0,1,Electronics,Digital Wallet,Mobile,4682.17,0.0,0.667,0
3174,CUST_03175,2023-04-20,22,Female,Kayseri,True,2023,4,2,3,Thursday,April,False,2023-10-20,26.53,1,5.64,0.17531861983214173,19.0,16.0,2.0,4.0,1,Books,Digital Wallet,Desktop,26.53,0.2125895212966453,0.842,0
3175,CUST_03176,2023-02-14,25,Female,Adana,True,2023,2,1,1,Tuesday,February,False,2023-08-14,228.24,2,33.2,0.1269889840881273,15.0,6.0,5.0,5.0,1,Beauty,Digital Wallet,Mobile,114.12,0.14546091833158079,0.4,1
3176,CUST_03177,2023-01-17,18,Male,Istanbul,True,2023,1,1,1,Tuesday,January,False,2023-07-17,527.7,5,0.0,0.0,14.0,9.0,5.0,5.0,1,Food,Credit Card,Mobile,105.54,0.0,0.643,1
3177,CUST_03178,2023-02-01,28,Female,Istanbul,False,2023,2,1,2,Wednesday,February,False,2023-08-01,301.74,3,0.0,0.0,17.0,15.0,4.0,4.0,1,Sports,Credit Card,Mobile,100.58,0.0,0.882,0
3178,CUST_03179,2023-08-14,46,Female,Ankara,False,2023,8,3,0,Monday,August,False,2024-02-14,176.58,3,0.0,0.0,14.0,10.0,5.0,4.0,1,Food,Credit Card,Mobile,58.86000000000001,0.0,0.714,1
3179,CUST_03180,2023-05-20,41,Male,Istanbul,False,2023,5,2,5,Saturday,May,True,2023-11-20,2182.74,1,0.0,0.0,24.0,14.0,2.0,9.0,1,Electronics,Bank Transfer,Mobile,2182.74,0.0,0.583,0
3180,CUST_03181,2023-02-14,46,Male,Izmir,False,2023,2,1,1,Tuesday,February,False,2023-08-14,243.03,3,0.0,0.0,15.0,11.0,2.0,5.0,1,Beauty,Credit Card,Mobile,81.01,0.0,0.733,1
3181,CUST_03182,2023-01-16,41,Female,Izmir,True,2023,1,1,0,Monday,January,False,2023-07-16,2008.2,5,0.0,0.0,12.0,11.0,4.0,3.0,1,Home & Garden,Digital Wallet,Desktop,401.64,0.0,0.917,0
3182,CUST_03183,2023-09-13,21,Female,Kayseri,False,2023,9,3,2,Wednesday,September,False,2024-03-13,2028.99,3,0.0,0.0,10.0,13.0,4.0,6.0,1,Electronics,Digital Wallet,Mobile,676.33,0.0,1.3,1
3183,CUST_03184,2023-03-07,31,Male,Izmir,True,2023,3,1,1,Tuesday,March,False,2023-09-07,789.5,5,0.0,0.0,14.0,9.0,5.0,2.0,1,Home & Garden,Debit Card,Desktop,157.9,0.0,0.643,1
3184,CUST_03185,2023-10-28,25,Male,Gaziantep,True,2023,10,4,5,Saturday,October,True,2024-04-28,693.65,5,0.0,0.0,7.0,10.0,4.0,4.0,1,Toys,Credit Card,Desktop,138.73,0.0,1.429,0
3185,CUST_03186,2023-05-03,50,Female,Kayseri,False,2023,5,2,2,Wednesday,May,False,2023-11-03,12876.52,4,0.0,0.0,7.0,6.0,2.0,10.0,1,Electronics,Debit Card,Tablet,3219.13,0.0,0.857,0
3186,CUST_03187,2023-01-06,20,Female,Konya,True,2023,1,1,4,Friday,January,False,2023-07-06,3123.9,5,412.85,0.11673146250088359,17.0,6.0,2.0,4.0,1,Sports,Digital Wallet,Mobile,624.78,0.13215851979896925,0.353,1
3187,CUST_03188,2023-01-26,45,Female,Istanbul,False,2023,1,1,3,Thursday,January,False,2023-07-26,291.31,1,42.36,0.12695177870350946,2.0,11.0,5.0,3.0,1,Fashion,Credit Card,Mobile,291.31,0.14541210394425183,5.5,0
3188,CUST_03189,2023-02-14,45,Male,Izmir,True,2023,2,1,1,Tuesday,February,False,2023-08-14,137.98,1,14.22,0.09342969776609725,12.0,8.0,2.0,4.0,1,Toys,Debit Card,Desktop,137.98,0.10305841426293667,0.667,0
3189,CUST_03190,2023-05-26,56,Male,Ankara,True,2023,5,2,4,Friday,May,False,2023-11-26,580.4,4,0.0,0.0,17.0,9.0,4.0,5.0,1,Toys,Digital Wallet,Mobile,145.1,0.0,0.529,1
3190,CUST_03191,2023-04-26,30,Female,Ankara,True,2023,4,2,2,Wednesday,April,False,2023-10-26,250.66,1,0.0,0.0,12.0,11.0,5.0,11.0,1,Fashion,Bank Transfer,Mobile,250.66,0.0,0.917,0
3191,CUST_03192,2023-04-27,43,Male,Ankara,False,2023,4,2,3,Thursday,April,False,2023-10-27,2796.8,4,0.0,0.0,22.0,7.0,3.0,9.0,1,Electronics,Credit Card,Desktop,699.2,0.0,0.318,0
3192,CUST_03193,2023-03-30,62,Other,Gaziantep,True,2023,3,1,3,Thursday,March,False,2023-09-30,85.36,2,9.68,0.10185185185185185,12.0,11.0,4.0,5.0,1,Toys,Debit Card,Mobile,42.68,0.1134020618556701,0.917,1
3193,CUST_03194,2023-01-27,27,Female,Izmir,True,2023,1,1,4,Friday,January,False,2023-07-27,820.57,1,0.0,0.0,21.0,16.0,3.0,4.0,1,Fashion,Debit Card,Mobile,820.57,0.0,0.762,0
3194,CUST_03195,2023-02-21,18,Male,Bursa,False,2023,2,1,1,Tuesday,February,False,2023-08-21,746.76,1,104.28,0.12253243090806543,4.0,6.0,4.0,6.0,1,Home & Garden,Digital Wallet,Mobile,746.76,0.1396432588783545,1.5,1
3195,CUST_03196,2023-04-29,18,Female,Eskisehir,False,2023,4,2,5,Saturday,April,True,2023-10-29,641.66,4,174.66,0.21396021168169344,16.0,9.0,2.0,5.0,1,Fashion,Debit Card,Mobile,160.415,0.27220023065174703,0.562,0
3196,CUST_03197,2023-02-22,43,Male,Istanbul,True,2023,2,1,2,Wednesday,February,False,2023-08-22,2872.53,3,0.0,0.0,14.0,10.0,4.0,7.0,1,Electronics,Credit Card,Desktop,957.5100000000001,0.0,0.714,1
3197,CUST_03198,2023-01-09,18,Female,Izmir,True,2023,1,1,0,Monday,January,False,2023-07-09,75.15,3,0.0,0.0,17.0,7.0,4.0,8.0,1,Toys,Digital Wallet,Desktop,25.05,0.0,0.412,1
3198,CUST_03199,2023-03-30,30,Male,Adana,True,2023,3,1,3,Thursday,March,False,2023-09-30,10180.3,5,0.0,0.0,13.0,10.0,5.0,3.0,1,Electronics,Credit Card,Mobile,2036.06,0.0,0.769,0
3199,CUST_03200,2023-02-19,40,Male,Istanbul,False,2023,2,1,6,Sunday,February,True,2023-08-19,84.25,3,7.64,0.08314288823593427,19.0,3.0,4.0,12.0,1,Books,Digital Wallet,Mobile,28.083333333333332,0.09068249258160237,0.158,1
3200,CUST_03201,2023-02-25,37,Female,Bursa,True,2023,2,1,5,Saturday,February,True,2023-08-25,992.76,1,0.0,0.0,15.0,7.0,4.0,8.0,1,Home & Garden,Credit Card,Mobile,992.76,0.0,0.467,0
3201,CUST_03202,2023-04-14,40,Female,Istanbul,True,2023,4,2,4,Friday,April,False,2023-10-14,607.2,4,0.0,0.0,9.0,8.0,3.0,7.0,1,Food,Cash on Delivery,Mobile,151.8,0.0,0.889,0
3202,CUST_03203,2023-03-12,37,Male,Konya,False,2023,3,1,6,Sunday,March,True,2023-09-12,363.36,2,0.0,0.0,6.0,6.0,3.0,4.0,1,Toys,Credit Card,Desktop,181.68,0.0,1.0,1
3203,CUST_03204,2023-01-03,50,Female,Ankara,True,2023,1,1,1,Tuesday,January,False,2023-07-03,596.74,1,100.24,0.14382048265373468,30.0,15.0,5.0,14.0,1,Sports,Debit Card,Desktop,596.74,0.1679793544927439,0.5,0
3204,CUST_03205,2023-06-07,23,Male,Ankara,True,2023,6,2,2,Wednesday,June,False,2023-12-07,197.02,3,40.82,0.17162798520013453,10.0,12.0,5.0,8.0,1,Books,Bank Transfer,Desktop,65.67333333333333,0.20718708760531926,1.2,1
3205,CUST_03206,2023-03-11,26,Male,Bursa,False,2023,3,1,5,Saturday,March,True,2023-09-11,2376.38,2,0.0,0.0,17.0,8.0,4.0,6.0,1,Electronics,Credit Card,Desktop,1188.19,0.0,0.471,0
3206,CUST_03207,2023-05-13,25,Male,Istanbul,True,2023,5,2,5,Saturday,May,True,2023-11-13,1715.82,5,475.03,0.2168245201634069,15.0,8.0,4.0,4.0,1,Electronics,Credit Card,Mobile,343.164,0.27685304985371423,0.533,1
3207,CUST_03208,2023-07-16,44,Male,Ankara,True,2023,7,3,6,Sunday,July,True,2024-01-16,704.06,2,0.0,0.0,14.0,10.0,4.0,17.0,1,Fashion,Bank Transfer,Desktop,352.03,0.0,0.714,1
3208,CUST_03209,2023-08-17,45,Male,Izmir,False,2023,8,3,3,Thursday,August,False,2024-02-17,224.0,4,0.0,0.0,15.0,7.0,4.0,3.0,1,Food,Cash on Delivery,Mobile,56.0,0.0,0.467,0
3209,CUST_03210,2023-02-04,40,Male,Ankara,True,2023,2,1,5,Saturday,February,True,2023-08-04,518.41,5,84.44,0.14006801028448207,23.0,7.0,5.0,8.0,1,Sports,Credit Card,Mobile,103.68199999999999,0.1628826604425069,0.304,0
3210,CUST_03211,2023-01-10,49,Male,Bursa,True,2023,1,1,1,Tuesday,January,False,2023-07-10,857.8,4,106.36,0.11031364088947893,14.0,6.0,4.0,4.0,1,Toys,Credit Card,Desktop,214.45,0.12399160643506646,0.429,0
3211,CUST_03212,2023-03-11,20,Male,Bursa,False,2023,3,1,5,Saturday,March,True,2023-09-11,1157.28,3,0.0,0.0,16.0,9.0,5.0,5.0,1,Electronics,Debit Card,Tablet,385.76,0.0,0.562,0
3212,CUST_03213,2023-09-05,55,Male,Bursa,False,2023,9,3,1,Tuesday,September,False,2024-03-05,628.03,3,131.72,0.1733728200065811,13.0,10.0,2.0,6.0,1,Beauty,Bank Transfer,Mobile,209.34333333333333,0.20973520373230578,0.769,0
3213,CUST_03214,2023-04-13,53,Female,Antalya,True,2023,4,2,3,Thursday,April,False,2023-10-13,412.28,2,0.0,0.0,4.0,12.0,3.0,7.0,1,Home & Garden,Debit Card,Mobile,206.14,0.0,3.0,1
3214,CUST_03215,2023-04-23,43,Male,Ankara,True,2023,4,2,6,Sunday,April,True,2023-10-23,5557.78,4,349.9,0.059227987974974944,14.0,8.0,5.0,8.0,1,Electronics,Credit Card,Mobile,1389.445,0.06295679210044298,0.571,0
3215,CUST_03216,2023-05-28,56,Female,Istanbul,True,2023,5,2,6,Sunday,May,True,2023-11-28,909.09,1,73.73,0.07501882338576749,7.0,6.0,5.0,3.0,1,Sports,Debit Card,Desktop,909.09,0.0811030811030811,0.857,0
3216,CUST_03217,2023-02-10,18,Female,Adana,False,2023,2,1,4,Friday,February,False,2023-08-10,81.0,3,13.86,0.1461100569259962,12.0,7.0,5.0,8.0,1,Food,Bank Transfer,Mobile,27.0,0.1711111111111111,0.583,1
3217,CUST_03218,2023-05-27,28,Female,Konya,False,2023,5,2,5,Saturday,May,True,2023-11-27,165.53,1,33.4,0.16789825566782285,12.0,10.0,3.0,4.0,1,Home & Garden,Credit Card,Desktop,165.53,0.20177611309128254,0.833,0
3218,CUST_03219,2023-02-22,26,Female,Ankara,False,2023,2,1,2,Wednesday,February,False,2023-08-22,419.44,2,44.46,0.09583962060788964,16.0,9.0,5.0,3.0,1,Toys,Digital Wallet,Mobile,209.72,0.10599847415601756,0.562,0
3219,CUST_03220,2023-01-31,43,Female,Izmir,True,2023,1,1,1,Tuesday,January,False,2023-07-31,28.39,1,0.0,0.0,13.0,10.0,5.0,12.0,1,Beauty,Credit Card,Mobile,28.39,0.0,0.769,1
3220,CUST_03221,2023-10-12,22,Male,Izmir,False,2023,10,4,3,Thursday,October,False,2024-04-12,403.8,5,0.0,0.0,10.0,7.0,5.0,14.0,1,Beauty,Debit Card,Desktop,80.76,0.0,0.7,1
3221,CUST_03222,2023-01-27,44,Female,Bursa,False,2023,1,1,4,Friday,January,False,2023-07-27,1445.81,3,78.43,0.051455151419723934,16.0,6.0,4.0,5.0,1,Sports,Digital Wallet,Mobile,481.93666666666667,0.054246408587573756,0.375,1
3222,CUST_03223,2023-02-14,51,Female,Antalya,False,2023,2,1,1,Tuesday,February,False,2023-08-14,905.85,5,0.0,0.0,13.0,6.0,4.0,6.0,1,Home & Garden,Credit Card,Desktop,181.17000000000002,0.0,0.462,0
3223,CUST_03224,2023-06-19,43,Female,Istanbul,False,2023,6,2,0,Monday,June,False,2023-12-19,222.77,4,35.03,0.13588052754072924,17.0,9.0,3.0,10.0,1,Books,Debit Card,Desktop,55.6925,0.1572473851954931,0.529,1
3224,CUST_03225,2023-04-01,38,Female,Adana,True,2023,4,2,5,Saturday,April,True,2023-10-01,451.71,3,0.0,0.0,15.0,6.0,5.0,4.0,1,Home & Garden,Debit Card,Mobile,150.57,0.0,0.4,0
3225,CUST_03226,2023-03-16,23,Male,Istanbul,True,2023,3,1,3,Thursday,March,False,2023-09-16,218.19,1,0.0,0.0,6.0,10.0,5.0,7.0,1,Fashion,Credit Card,Desktop,218.19,0.0,1.667,0
3226,CUST_03227,2023-04-13,24,Female,Izmir,True,2023,4,2,3,Thursday,April,False,2023-10-13,3515.72,2,875.3,0.19933865024527328,13.0,8.0,5.0,7.0,1,Electronics,Credit Card,Desktop,1757.86,0.24896749456725792,0.615,1
3227,CUST_03228,2023-09-17,49,Female,Gaziantep,True,2023,9,3,6,Sunday,September,True,2024-03-17,558.65,5,0.0,0.0,18.0,11.0,4.0,7.0,1,Food,Credit Card,Desktop,111.72999999999999,0.0,0.611,1
3228,CUST_03229,2023-01-23,44,Male,Izmir,True,2023,1,1,0,Monday,January,False,2023-07-23,499.2,4,0.0,0.0,14.0,9.0,3.0,4.0,1,Sports,Cash on Delivery,Desktop,124.8,0.0,0.643,0
3229,CUST_03230,2023-01-10,34,Male,Istanbul,False,2023,1,1,1,Tuesday,January,False,2023-07-10,1837.58,2,0.0,0.0,12.0,9.0,4.0,6.0,1,Electronics,Debit Card,Mobile,918.79,0.0,0.75,1
3230,CUST_03231,2023-03-31,29,Female,Eskisehir,True,2023,3,1,4,Friday,March,False,2023-09-30,9879.5,2,0.0,0.0,11.0,5.0,5.0,9.0,1,Electronics,Debit Card,Tablet,4939.75,0.0,0.455,1
3231,CUST_03232,2023-03-06,18,Female,Konya,False,2023,3,1,0,Monday,March,False,2023-09-06,3714.7,2,0.0,0.0,14.0,10.0,5.0,3.0,1,Electronics,Debit Card,Mobile,1857.35,0.0,0.714,1
3232,CUST_03233,2023-06-27,22,Female,Adana,True,2023,6,2,1,Tuesday,June,False,2023-12-27,667.59,3,0.0,0.0,16.0,12.0,4.0,7.0,1,Home & Garden,Bank Transfer,Desktop,222.53,0.0,0.75,0
3233,CUST_03234,2023-03-11,57,Female,Izmir,True,2023,3,1,5,Saturday,March,True,2023-09-11,547.65,5,0.0,0.0,17.0,9.0,4.0,12.0,1,Toys,Credit Card,Mobile,109.53,0.0,0.529,1
3234,CUST_03235,2023-01-19,19,Male,Istanbul,True,2023,1,1,3,Thursday,January,False,2023-07-19,104.98,1,0.0,0.0,13.0,5.0,4.0,6.0,1,Food,Bank Transfer,Mobile,104.98,0.0,0.385,0
3235,CUST_03236,2023-05-30,37,Male,Kayseri,False,2023,5,2,1,Tuesday,May,False,2023-11-30,91.68,3,0.0,0.0,12.0,7.0,5.0,8.0,1,Food,Digital Wallet,Mobile,30.560000000000002,0.0,0.583,0
3236,CUST_03237,2023-07-23,47,Male,Bursa,False,2023,7,3,6,Sunday,July,True,2024-01-23,215.06,1,81.63,0.27513566348714147,9.0,9.0,4.0,5.0,1,Electronics,Debit Card,Mobile,215.06,0.3795684925137171,1.0,1
3237,CUST_03238,2023-05-29,19,Male,Konya,False,2023,5,2,0,Monday,May,False,2023-11-29,918.56,3,128.35,0.12259888624619115,13.0,11.0,3.0,5.0,1,Sports,Digital Wallet,Tablet,306.18666666666667,0.1397295767287929,0.846,0
3238,CUST_03239,2023-04-22,37,Male,Ankara,True,2023,4,2,5,Saturday,April,True,2023-10-22,87.79,5,8.71,0.09025906735751296,16.0,10.0,3.0,3.0,1,Food,Debit Card,Mobile,17.558,0.09921403348900787,0.625,1
3239,CUST_03240,2023-04-06,46,Male,Ankara,True,2023,4,2,3,Thursday,April,False,2023-10-06,15.84,1,6.02,0.2753888380603843,16.0,12.0,3.0,13.0,1,Books,Debit Card,Mobile,15.84,0.380050505050505,0.75,1
3240,CUST_03241,2024-01-12,35,Female,Eskisehir,False,2024,1,1,4,Friday,January,False,2024-07-12,213.48,2,0.0,0.0,16.0,10.0,4.0,8.0,1,Toys,Credit Card,Desktop,106.74,0.0,0.625,1
3241,CUST_03242,2023-02-25,69,Female,Bursa,False,2023,2,1,5,Saturday,February,True,2023-08-25,1582.07,2,289.83,0.1548319888882953,16.0,11.0,4.0,15.0,1,Fashion,Credit Card,Mobile,791.035,0.18319669799692806,0.687,1
3242,CUST_03243,2023-02-22,18,Male,Istanbul,False,2023,2,1,2,Wednesday,February,False,2023-08-22,147.13,2,8.83,0.05661708130289818,12.0,9.0,3.0,8.0,1,Food,Credit Card,Desktop,73.565,0.060014952762862776,0.75,0
3243,CUST_03244,2023-03-21,47,Male,Istanbul,False,2023,3,1,1,Tuesday,March,False,2023-09-21,1417.42,5,363.03,0.20389789098261676,19.0,5.0,3.0,5.0,1,Sports,Credit Card,Desktop,283.48400000000004,0.25612027486560085,0.263,0
3244,CUST_03245,2023-01-20,32,Male,Izmir,False,2023,1,1,4,Friday,January,False,2023-07-20,197.92,1,0.0,0.0,23.0,8.0,1.0,6.0,1,Fashion,Credit Card,Desktop,197.92,0.0,0.348,1
3245,CUST_03246,2023-01-05,44,Female,Istanbul,True,2023,1,1,3,Thursday,January,False,2023-07-05,530.65,1,0.0,0.0,25.0,7.0,4.0,11.0,1,Home & Garden,Credit Card,Mobile,530.65,0.0,0.28,0
3246,CUST_03247,2023-06-02,40,Male,Izmir,True,2023,6,2,4,Friday,June,False,2023-12-02,211.12,2,0.0,0.0,19.0,9.0,5.0,4.0,1,Toys,Credit Card,Tablet,105.56,0.0,0.474,0
3247,CUST_03248,2023-01-12,26,Male,Izmir,True,2023,1,1,3,Thursday,January,False,2023-07-12,360.21,3,24.09,0.06268540202966433,14.0,9.0,3.0,5.0,1,Sports,Bank Transfer,Mobile,120.07,0.06687765470142418,0.643,1
3248,CUST_03249,2023-02-12,37,Female,Adana,True,2023,2,1,6,Sunday,February,True,2023-08-12,85.24,4,0.0,0.0,15.0,10.0,5.0,5.0,1,Books,Debit Card,Mobile,21.31,0.0,0.667,0
3249,CUST_03250,2023-02-24,18,Female,Ankara,False,2023,2,1,4,Friday,February,False,2023-08-24,509.3,4,16.02,0.03049569786035178,11.0,8.0,3.0,2.0,1,Toys,Digital Wallet,Desktop,127.325,0.03145493815040251,0.727,0
3250,CUST_03251,2023-04-17,42,Male,Eskisehir,True,2023,4,2,0,Monday,April,False,2023-10-17,158.44,4,0.0,0.0,13.0,6.0,5.0,12.0,1,Beauty,Bank Transfer,Mobile,39.61,0.0,0.462,0
3251,CUST_03252,2023-02-28,38,Male,Istanbul,True,2023,2,1,1,Tuesday,February,False,2023-08-28,81.9,4,21.86,0.21067848882035464,16.0,4.0,4.0,8.0,1,Beauty,Digital Wallet,Desktop,20.475,0.2669108669108669,0.25,1
3252,CUST_03253,2023-01-09,42,Male,Bursa,True,2023,1,1,0,Monday,January,False,2023-07-09,236.84,3,15.34,0.060829566182885236,16.0,7.0,3.0,5.0,1,Beauty,Debit Card,Desktop,78.94666666666667,0.06476946461746326,0.437,1
3253,CUST_03254,2023-04-22,47,Female,Istanbul,True,2023,4,2,5,Saturday,April,True,2023-10-22,4041.48,4,0.0,0.0,10.0,9.0,4.0,6.0,1,Home & Garden,Debit Card,Tablet,1010.37,0.0,0.9,0
3254,CUST_03255,2023-05-19,39,Female,Adana,True,2023,5,2,4,Friday,May,False,2023-11-19,486.76,4,0.0,0.0,17.0,9.0,5.0,2.0,1,Fashion,Digital Wallet,Desktop,121.69,0.0,0.529,1
3255,CUST_03256,2023-01-16,36,Male,Eskisehir,False,2023,1,1,0,Monday,January,False,2023-07-16,131.07,1,32.54,0.19888759855754537,14.0,10.0,1.0,3.0,1,Food,Bank Transfer,Mobile,131.07,0.2482642862592508,0.714,1
3256,CUST_03257,2023-05-02,24,Female,Gaziantep,True,2023,5,2,1,Tuesday,May,False,2023-11-02,1350.77,1,199.64,0.12876593933217664,13.0,4.0,4.0,5.0,1,Electronics,Credit Card,Desktop,1350.77,0.14779718234784603,0.308,1
3257,CUST_03258,2023-01-17,26,Male,Bursa,True,2023,1,1,1,Tuesday,January,False,2023-07-17,284.17,1,0.0,0.0,17.0,11.0,4.0,15.0,1,Home & Garden,Bank Transfer,Desktop,284.17,0.0,0.647,1
3258,CUST_03259,2023-10-21,49,Male,Izmir,False,2023,10,4,5,Saturday,October,True,2024-04-21,193.62,4,11.82,0.057535046728971966,18.0,11.0,5.0,6.0,1,Books,Credit Card,Mobile,48.405,0.061047412457390766,0.611,0
3259,CUST_03260,2023-05-01,52,Male,Gaziantep,False,2023,5,2,0,Monday,May,False,2023-11-01,4526.93,5,352.17,0.07217929536184951,15.0,11.0,2.0,5.0,1,Sports,Credit Card,Desktop,905.3860000000001,0.07779444347493776,0.733,1
3260,CUST_03261,2023-01-15,32,Female,Kayseri,True,2023,1,1,6,Sunday,January,True,2023-07-15,5341.51,3,694.94,0.11512395530485632,18.0,7.0,5.0,5.0,1,Electronics,Credit Card,Mobile,1780.5033333333333,0.13010178769673744,0.389,0
3261,CUST_03262,2023-05-20,35,Male,Eskisehir,True,2023,5,2,5,Saturday,May,True,2023-11-20,2717.91,3,0.0,0.0,35.0,13.0,5.0,8.0,1,Electronics,Credit Card,Desktop,905.9699999999999,0.0,0.371,1
3262,CUST_03263,2023-02-02,24,Male,Ankara,True,2023,2,1,3,Thursday,February,False,2023-08-02,418.14,2,84.16,0.16754927334262393,9.0,12.0,5.0,12.0,1,Sports,Debit Card,Mobile,209.07,0.2012723011431578,1.333,1
3263,CUST_03264,2023-03-22,49,Male,Eskisehir,True,2023,3,1,2,Wednesday,March,False,2023-09-22,756.62,3,163.75,0.17791757662679136,17.0,7.0,4.0,10.0,1,Fashion,Digital Wallet,Desktop,252.20666666666668,0.21642303930638893,0.412,0
3264,CUST_03265,2023-02-27,42,Male,Istanbul,True,2023,2,1,0,Monday,February,False,2023-08-27,700.29,3,0.0,0.0,22.0,8.0,3.0,5.0,1,Toys,Credit Card,Mobile,233.42999999999998,0.0,0.364,1
3265,CUST_03266,2023-03-22,58,Female,Ankara,False,2023,3,1,2,Wednesday,March,False,2023-09-22,13373.49,2,749.19,0.053048713133767814,15.0,7.0,5.0,4.0,1,Electronics,Credit Card,Mobile,6686.745,0.056020530168265734,0.467,0
3266,CUST_03267,2023-03-02,24,Male,Istanbul,True,2023,3,1,3,Thursday,March,False,2023-09-02,72.92,1,0.0,0.0,14.0,9.0,4.0,5.0,1,Fashion,Credit Card,Tablet,72.92,0.0,0.643,0
3267,CUST_03268,2023-06-28,30,Male,Ankara,True,2023,6,2,2,Wednesday,June,False,2023-12-28,524.15,5,0.0,0.0,14.0,6.0,4.0,5.0,1,Fashion,Bank Transfer,Mobile,104.83,0.0,0.429,0
3268,CUST_03269,2023-05-01,37,Female,Adana,True,2023,5,2,0,Monday,May,False,2023-11-01,212.04,3,11.85,0.0529277770333646,13.0,8.0,5.0,3.0,1,Food,Debit Card,Mobile,70.67999999999999,0.05588568194680249,0.615,1
3269,CUST_03270,2023-04-15,42,Female,Konya,False,2023,4,2,5,Saturday,April,True,2023-10-15,59.32,2,0.0,0.0,21.0,8.0,4.0,6.0,1,Toys,Credit Card,Desktop,29.66,0.0,0.381,0
3270,CUST_03271,2023-03-13,32,Female,Adana,False,2023,3,1,0,Monday,March,False,2023-09-13,408.48,3,0.0,0.0,13.0,12.0,4.0,8.0,1,Toys,Debit Card,Desktop,136.16,0.0,0.923,1
3271,CUST_03272,2023-03-23,24,Female,Antalya,True,2023,3,1,3,Thursday,March,False,2023-09-23,1277.18,2,0.0,0.0,19.0,11.0,5.0,3.0,1,Home & Garden,Debit Card,Mobile,638.59,0.0,0.579,0
3272,CUST_03273,2023-04-06,45,Male,Izmir,True,2023,4,2,3,Thursday,April,False,2023-10-06,17.81,1,0.0,0.0,15.0,8.0,4.0,5.0,1,Beauty,Digital Wallet,Desktop,17.81,0.0,0.533,0
3273,CUST_03274,2023-01-08,43,Female,Adana,False,2023,1,1,6,Sunday,January,True,2023-07-08,968.28,2,0.0,0.0,14.0,4.0,5.0,3.0,1,Electronics,Debit Card,Mobile,484.14,0.0,0.286,0
3274,CUST_03275,2023-09-10,24,Female,Ankara,True,2023,9,3,6,Sunday,September,True,2024-03-10,1199.1,3,0.0,0.0,16.0,5.0,4.0,15.0,1,Sports,Debit Card,Mobile,399.7,0.0,0.312,0
3275,CUST_03276,2023-04-01,51,Male,Gaziantep,True,2023,4,2,5,Saturday,April,True,2023-10-01,517.26,2,56.72,0.09881877417331614,16.0,10.0,5.0,6.0,1,Fashion,Credit Card,Tablet,258.63,0.10965471909677918,0.625,0
3276,CUST_03277,2023-09-10,49,Female,Antalya,True,2023,9,3,6,Sunday,September,True,2024-03-10,928.4,5,0.0,0.0,17.0,7.0,5.0,8.0,1,Toys,Debit Card,Desktop,185.68,0.0,0.412,0
3277,CUST_03278,2023-02-03,36,Male,Antalya,False,2023,2,1,4,Friday,February,False,2023-08-03,120.41,3,31.24,0.20600065941312234,10.0,12.0,1.0,4.0,1,Food,Credit Card,Tablet,40.13666666666666,0.2594468897932065,1.2,1
3278,CUST_03279,2023-04-15,35,Other,Bursa,True,2023,4,2,5,Saturday,April,True,2023-10-15,12355.92,4,0.0,0.0,19.0,11.0,4.0,5.0,1,Electronics,Debit Card,Mobile,3088.98,0.0,0.579,0
3279,CUST_03280,2023-01-19,41,Female,Konya,False,2023,1,1,3,Thursday,January,False,2023-07-19,123.62,1,24.33,0.16444744846231835,11.0,6.0,5.0,6.0,1,Toys,Bank Transfer,Desktop,123.62,0.19681281346060506,0.545,1
3280,CUST_03281,2023-01-30,24,Female,Ankara,True,2023,1,1,0,Monday,January,False,2023-07-30,90.12,2,0.0,0.0,17.0,6.0,4.0,6.0,1,Fashion,Credit Card,Desktop,45.06,0.0,0.353,1
3281,CUST_03282,2023-03-22,35,Female,Ankara,True,2023,3,1,2,Wednesday,March,False,2023-09-22,185.23,1,0.0,0.0,18.0,8.0,2.0,10.0,1,Toys,Bank Transfer,Mobile,185.23,0.0,0.444,0
3282,CUST_03283,2023-03-31,18,Female,Adana,True,2023,3,1,4,Friday,March,False,2023-09-30,4494.8,2,0.0,0.0,28.0,5.0,5.0,9.0,1,Electronics,Digital Wallet,Desktop,2247.4,0.0,0.179,1
3283,CUST_03284,2023-01-07,45,Male,Izmir,False,2023,1,1,5,Saturday,January,True,2023-07-07,968.48,4,0.0,0.0,18.0,9.0,4.0,5.0,1,Sports,Credit Card,Desktop,242.12,0.0,0.5,1
3284,CUST_03285,2023-01-26,18,Male,Konya,True,2023,1,1,3,Thursday,January,False,2023-07-26,1486.88,2,0.0,0.0,15.0,9.0,5.0,8.0,1,Fashion,Credit Card,Desktop,743.44,0.0,0.6,1
3285,CUST_03286,2023-05-18,53,Male,Ankara,True,2023,5,2,3,Thursday,May,False,2023-11-18,54.24,4,0.0,0.0,14.0,9.0,4.0,4.0,1,Books,Credit Card,Desktop,13.56,0.0,0.643,0
3286,CUST_03287,2023-07-27,31,Male,Ankara,True,2023,7,3,3,Thursday,July,False,2024-01-27,366.9,3,0.0,0.0,17.0,8.0,3.0,3.0,1,Fashion,Credit Card,Desktop,122.3,0.0,0.471,0
3287,CUST_03288,2023-07-03,32,Female,Konya,True,2023,7,3,0,Monday,July,False,2024-01-03,5870.45,5,1105.25,0.1584428802844159,14.0,8.0,5.0,4.0,1,Electronics,Debit Card,Mobile,1174.09,0.18827347136931583,0.571,0
3288,CUST_03289,2023-04-01,27,Male,Izmir,False,2023,4,2,5,Saturday,April,True,2023-10-01,1075.88,2,0.0,0.0,12.0,10.0,5.0,6.0,1,Sports,Digital Wallet,Desktop,537.94,0.0,0.833,0
3289,CUST_03290,2023-01-18,31,Male,Izmir,True,2023,1,1,2,Wednesday,January,False,2023-07-18,159.37,3,12.74,0.07402242751728547,11.0,8.0,2.0,7.0,1,Books,Debit Card,Desktop,53.123333333333335,0.07993976281608835,0.727,1
3290,CUST_03291,2023-04-29,52,Female,Ankara,True,2023,4,2,5,Saturday,April,True,2023-10-29,3850.84,2,0.0,0.0,9.0,10.0,5.0,9.0,1,Sports,Debit Card,Mobile,1925.42,0.0,1.111,1
3291,CUST_03292,2023-01-14,18,Female,Ankara,False,2023,1,1,5,Saturday,January,True,2023-07-14,941.28,3,0.0,0.0,12.0,14.0,5.0,2.0,1,Sports,Digital Wallet,Mobile,313.76,0.0,1.167,0
3292,CUST_03293,2023-07-17,50,Male,Antalya,True,2023,7,3,0,Monday,July,False,2024-01-17,24.61,1,0.0,0.0,13.0,9.0,3.0,4.0,1,Books,Debit Card,Desktop,24.61,0.0,0.692,0
3293,CUST_03294,2023-08-28,39,Male,Istanbul,False,2023,8,3,0,Monday,August,False,2024-02-28,302.65,5,0.0,0.0,18.0,12.0,2.0,11.0,1,Beauty,Cash on Delivery,Tablet,60.529999999999994,0.0,0.667,1
3294,CUST_03295,2023-02-18,20,Male,Konya,True,2023,2,1,5,Saturday,February,True,2023-08-18,528.28,1,0.0,0.0,9.0,9.0,2.0,3.0,1,Electronics,Credit Card,Mobile,528.28,0.0,1.0,1
3295,CUST_03296,2023-04-05,22,Female,Adana,True,2023,4,2,2,Wednesday,April,False,2023-10-05,1244.16,2,0.0,0.0,2.0,8.0,5.0,3.0,1,Sports,Credit Card,Mobile,622.08,0.0,4.0,0
3296,CUST_03297,2023-03-13,55,Male,Istanbul,True,2023,3,1,0,Monday,March,False,2023-09-13,236.53,5,3.57,0.01486880466472303,10.0,12.0,5.0,5.0,1,Toys,Debit Card,Desktop,47.306,0.015093222846996152,1.2,1
3297,CUST_03298,2023-02-25,23,Female,Antalya,False,2023,2,1,5,Saturday,February,True,2023-08-25,905.61,3,0.0,0.0,12.0,9.0,2.0,4.0,1,Toys,Credit Card,Desktop,301.87,0.0,0.75,0
3298,CUST_03299,2023-05-28,21,Male,Bursa,True,2023,5,2,6,Sunday,May,True,2023-11-28,54.05,5,0.0,0.0,20.0,8.0,5.0,14.0,1,Books,Credit Card,Mobile,10.809999999999999,0.0,0.4,0
3299,CUST_03300,2023-05-08,48,Male,Istanbul,False,2023,5,2,0,Monday,May,False,2023-11-08,10639.53,3,0.0,0.0,15.0,4.0,4.0,10.0,1,Electronics,Debit Card,Desktop,3546.51,0.0,0.267,0
3300,CUST_03301,2023-01-04,39,Female,Ankara,False,2023,1,1,2,Wednesday,January,False,2023-07-04,1374.62,2,74.6,0.05147596638191578,30.0,13.0,5.0,17.0,1,Home & Garden,Credit Card,Desktop,687.31,0.054269543582953834,0.433,0
3301,CUST_03302,2023-05-14,23,Male,Izmir,False,2023,5,2,6,Sunday,May,True,2023-11-14,25.46,1,0.0,0.0,11.0,11.0,5.0,11.0,1,Food,Credit Card,Desktop,25.46,0.0,1.0,1
3302,CUST_03303,2023-03-07,37,Male,Antalya,True,2023,3,1,1,Tuesday,March,False,2023-09-07,1977.96,4,265.12,0.11819462524742765,15.0,11.0,2.0,3.0,1,Fashion,Debit Card,Mobile,494.49,0.1340370887176687,0.733,1
3303,CUST_03304,2023-05-01,22,Male,Antalya,True,2023,5,2,0,Monday,May,False,2023-11-01,258.1,5,0.0,0.0,4.0,12.0,5.0,11.0,1,Books,Bank Transfer,Mobile,51.620000000000005,0.0,3.0,0
3304,CUST_03305,2023-03-12,48,Female,Bursa,False,2023,3,1,6,Sunday,March,True,2023-09-12,428.87,1,0.0,0.0,15.0,12.0,5.0,7.0,1,Home & Garden,Debit Card,Desktop,428.87,0.0,0.8,1
3305,CUST_03306,2023-08-09,47,Female,Adana,True,2023,8,3,2,Wednesday,August,False,2024-02-09,480.87,1,0.0,0.0,15.0,7.0,5.0,3.0,1,Toys,Credit Card,Mobile,480.87,0.0,0.467,0
3306,CUST_03307,2023-04-04,41,Male,Adana,False,2023,4,2,1,Tuesday,April,False,2023-10-04,676.68,2,0.0,0.0,10.0,8.0,3.0,7.0,1,Toys,Credit Card,Mobile,338.34,0.0,0.8,1
3307,CUST_03308,2023-04-02,39,Male,Bursa,True,2023,4,2,6,Sunday,April,True,2023-10-02,42.0,1,0.0,0.0,17.0,13.0,5.0,4.0,1,Books,Cash on Delivery,Desktop,42.0,0.0,0.765,1
3308,CUST_03309,2023-01-01,56,Male,Gaziantep,True,2023,1,1,6,Sunday,January,True,2023-07-01,62.99,3,11.77,0.15743713215623326,13.0,11.0,4.0,3.0,1,Books,Debit Card,Mobile,20.996666666666666,0.18685505635815208,0.846,0
3309,CUST_03310,2023-01-23,34,Female,Ankara,True,2023,1,1,0,Monday,January,False,2023-07-23,990.67,1,144.21,0.1270707035105033,17.0,5.0,2.0,7.0,1,Home & Garden,Credit Card,Tablet,990.67,0.14556815084740632,0.294,0
3310,CUST_03311,2023-02-02,20,Female,Konya,True,2023,2,1,3,Thursday,February,False,2023-08-02,219.8,2,34.36,0.13519043122442556,19.0,10.0,4.0,6.0,1,Beauty,Credit Card,Mobile,109.9,0.15632393084622384,0.526,1
3311,CUST_03312,2023-01-28,40,Female,Bursa,False,2023,1,1,5,Saturday,January,True,2023-07-28,50.48,1,9.52,0.15866666666666665,17.0,8.0,4.0,2.0,1,Books,Debit Card,Desktop,50.48,0.18858954041204437,0.471,1
3312,CUST_03313,2023-01-06,60,Female,Gaziantep,False,2023,1,1,4,Friday,January,False,2023-07-06,2668.6,5,0.0,0.0,7.0,14.0,4.0,4.0,1,Home & Garden,Credit Card,Desktop,533.72,0.0,2.0,0
3313,CUST_03314,2023-03-17,22,Male,Bursa,False,2023,3,1,4,Friday,March,False,2023-09-17,1017.4,5,115.55,0.10199037909881283,15.0,4.0,5.0,8.0,1,Fashion,Debit Card,Mobile,203.48,0.1135738156084136,0.267,1
3314,CUST_03315,2023-04-26,30,Male,Istanbul,True,2023,4,2,2,Wednesday,April,False,2023-10-26,460.4,1,0.0,0.0,15.0,7.0,5.0,3.0,1,Electronics,Digital Wallet,Mobile,460.4,0.0,0.467,0
3315,CUST_03316,2023-07-04,39,Male,Bursa,True,2023,7,3,1,Tuesday,July,False,2024-01-04,1292.53,4,18.87,0.0143892023791368,10.0,13.0,5.0,3.0,1,Fashion,Debit Card,Desktop,323.1325,0.014599274291505808,1.3,0
3316,CUST_03317,2023-05-14,34,Male,Ankara,True,2023,5,2,6,Sunday,May,True,2023-11-14,224.78,2,0.0,0.0,12.0,8.0,4.0,8.0,1,Beauty,Debit Card,Mobile,112.39,0.0,0.667,0
3317,CUST_03318,2023-03-13,23,Male,Antalya,True,2023,3,1,0,Monday,March,False,2023-09-13,1848.22,1,0.0,0.0,10.0,9.0,2.0,8.0,1,Electronics,Credit Card,Mobile,1848.22,0.0,0.9,0
3318,CUST_03319,2023-02-01,48,Female,Izmir,False,2023,2,1,2,Wednesday,February,False,2023-08-01,368.72,1,0.0,0.0,15.0,8.0,3.0,5.0,1,Toys,Debit Card,Desktop,368.72,0.0,0.533,1
3319,CUST_03320,2023-04-26,62,Female,Gaziantep,True,2023,4,2,2,Wednesday,April,False,2023-10-26,725.15,5,0.0,0.0,13.0,5.0,5.0,4.0,1,Beauty,Credit Card,Mobile,145.03,0.0,0.385,0
3320,CUST_03321,2023-03-02,37,Female,Antalya,True,2023,3,1,3,Thursday,March,False,2023-09-02,1494.32,4,0.0,0.0,26.0,4.0,3.0,11.0,1,Electronics,Debit Card,Tablet,373.58,0.0,0.154,1
3321,CUST_03322,2023-03-21,24,Male,Antalya,True,2023,3,1,1,Tuesday,March,False,2023-09-21,150.36,4,0.0,0.0,7.0,9.0,3.0,13.0,1,Books,Digital Wallet,Mobile,37.59,0.0,1.286,0
3322,CUST_03323,2023-05-14,18,Female,Istanbul,False,2023,5,2,6,Sunday,May,True,2023-11-14,177.08,4,0.0,0.0,16.0,9.0,4.0,9.0,1,Food,Cash on Delivery,Desktop,44.27,0.0,0.562,1
3323,CUST_03324,2023-01-25,38,Female,Eskisehir,False,2023,1,1,2,Wednesday,January,False,2023-07-25,136.12,4,0.0,0.0,11.0,5.0,5.0,9.0,1,Books,Digital Wallet,Mobile,34.03,0.0,0.455,1
3324,CUST_03325,2023-02-06,48,Female,Gaziantep,True,2023,2,1,0,Monday,February,False,2023-08-06,269.13,3,0.0,0.0,18.0,7.0,5.0,10.0,1,Food,Debit Card,Desktop,89.71,0.0,0.389,1
3325,CUST_03326,2023-04-08,40,Male,Gaziantep,True,2023,4,2,5,Saturday,April,True,2023-10-08,83.52,2,0.0,0.0,13.0,4.0,5.0,8.0,1,Books,Debit Card,Desktop,41.76,0.0,0.308,0
3326,CUST_03327,2023-09-15,34,Male,Ankara,False,2023,9,3,4,Friday,September,False,2024-03-15,788.4,4,0.0,0.0,7.0,11.0,5.0,4.0,1,Fashion,Credit Card,Mobile,197.1,0.0,1.571,1
3327,CUST_03328,2023-12-27,27,Male,Bursa,True,2023,12,4,2,Wednesday,December,False,2024-06-27,1721.93,3,95.59,0.05259364408644747,12.0,13.0,1.0,6.0,1,Sports,Debit Card,Mobile,573.9766666666667,0.055513290319583256,1.083,0
3328,CUST_03329,2023-01-09,21,Male,Istanbul,True,2023,1,1,0,Monday,January,False,2023-07-09,501.93,3,0.0,0.0,19.0,5.0,4.0,9.0,1,Fashion,Digital Wallet,Desktop,167.31,0.0,0.263,0
3329,CUST_03330,2023-01-29,45,Female,Bursa,False,2023,1,1,6,Sunday,January,True,2023-07-29,347.45,5,0.0,0.0,11.0,9.0,2.0,13.0,1,Toys,Credit Card,Desktop,69.49,0.0,0.818,1
3330,CUST_03331,2023-02-03,45,Male,Istanbul,True,2023,2,1,4,Friday,February,False,2023-08-03,706.55,4,124.97,0.15029103328843563,19.0,12.0,4.0,3.0,1,Sports,Credit Card,Mobile,176.6375,0.17687354044299766,0.632,0
3331,CUST_03332,2023-02-16,18,Male,Bursa,True,2023,2,1,3,Thursday,February,False,2023-08-16,280.98,3,0.0,0.0,15.0,11.0,4.0,11.0,1,Books,Debit Card,Tablet,93.66000000000001,0.0,0.733,0
3332,CUST_03333,2023-01-02,54,Female,Antalya,True,2023,1,1,0,Monday,January,False,2023-07-02,2192.25,5,0.0,0.0,15.0,12.0,5.0,11.0,1,Home & Garden,Cash on Delivery,Mobile,438.45,0.0,0.8,0
3333,CUST_03334,2023-06-01,41,Female,Ankara,False,2023,6,2,3,Thursday,June,False,2023-12-01,868.44,1,46.33,0.050646610623435395,20.0,9.0,3.0,9.0,1,Home & Garden,Bank Transfer,Desktop,868.44,0.0533485330017042,0.45,0
3334,CUST_03335,2023-03-11,51,Male,Izmir,True,2023,3,1,5,Saturday,March,True,2023-09-11,546.92,4,0.0,0.0,15.0,8.0,5.0,6.0,1,Beauty,Debit Card,Desktop,136.73,0.0,0.533,1
3335,CUST_03336,2023-05-17,18,Female,Konya,False,2023,5,2,2,Wednesday,May,False,2023-11-17,1257.6,4,0.0,0.0,13.0,8.0,5.0,4.0,1,Fashion,Digital Wallet,Tablet,314.4,0.0,0.615,1
3336,CUST_03337,2023-03-15,18,Male,Istanbul,True,2023,3,1,2,Wednesday,March,False,2023-09-15,331.88,2,0.0,0.0,12.0,8.0,5.0,6.0,1,Sports,Credit Card,Desktop,165.94,0.0,0.667,0
3337,CUST_03338,2023-04-23,33,Male,Gaziantep,True,2023,4,2,6,Sunday,April,True,2023-10-23,2627.96,1,0.0,0.0,30.0,10.0,5.0,19.0,1,Electronics,Credit Card,Mobile,2627.96,0.0,0.333,1
3338,CUST_03339,2023-03-04,41,Male,Istanbul,True,2023,3,1,5,Saturday,March,True,2023-09-04,4130.25,4,606.15,0.1279769445148214,19.0,7.0,3.0,5.0,1,Home & Garden,Digital Wallet,Desktop,1032.5625,0.14675867078264027,0.368,0
3339,CUST_03340,2023-06-26,56,Female,Istanbul,False,2023,6,2,0,Monday,June,False,2023-12-26,238.02,3,0.0,0.0,12.0,7.0,5.0,7.0,1,Books,Cash on Delivery,Desktop,79.34,0.0,0.583,1
3340,CUST_03341,2023-01-01,43,Female,Istanbul,False,2023,1,1,6,Sunday,January,True,2023-07-01,36.86,1,0.0,0.0,15.0,10.0,5.0,5.0,1,Food,Debit Card,Tablet,36.86,0.0,0.667,1
3341,CUST_03342,2023-01-28,32,Male,Adana,True,2023,1,1,5,Saturday,January,True,2023-07-28,184.44,4,0.0,0.0,15.0,6.0,3.0,7.0,1,Food,Credit Card,Mobile,46.11,0.0,0.4,1
3342,CUST_03343,2023-05-22,22,Female,Izmir,True,2023,5,2,0,Monday,May,False,2023-11-22,4601.1,5,0.0,0.0,16.0,7.0,5.0,12.0,1,Home & Garden,Cash on Delivery,Mobile,920.22,0.0,0.437,0
3343,CUST_03344,2023-05-07,49,Male,Konya,False,2023,5,2,6,Sunday,May,True,2023-11-07,167.01,1,0.0,0.0,13.0,7.0,5.0,9.0,1,Fashion,Debit Card,Tablet,167.01,0.0,0.538,1
3344,CUST_03345,2023-07-11,23,Female,Bursa,True,2023,7,3,1,Tuesday,July,False,2024-01-11,82.92,1,0.0,0.0,16.0,10.0,4.0,6.0,1,Fashion,Credit Card,Tablet,82.92,0.0,0.625,0
3345,CUST_03346,2023-08-01,54,Male,Istanbul,False,2023,8,3,1,Tuesday,August,False,2024-02-01,1038.15,3,0.0,0.0,22.0,9.0,2.0,3.0,1,Toys,Debit Card,Mobile,346.05,0.0,0.409,1
3346,CUST_03347,2023-04-08,31,Male,Adana,True,2023,4,2,5,Saturday,April,True,2023-10-08,4724.13,3,0.0,0.0,15.0,12.0,5.0,13.0,1,Electronics,Bank Transfer,Tablet,1574.71,0.0,0.8,0
3347,CUST_03348,2023-08-11,54,Female,Istanbul,False,2023,8,3,4,Friday,August,False,2024-02-11,1765.89,3,0.0,0.0,15.0,6.0,4.0,8.0,1,Electronics,Debit Card,Mobile,588.63,0.0,0.4,1
3348,CUST_03349,2023-02-23,43,Female,Gaziantep,True,2023,2,1,3,Thursday,February,False,2023-08-23,207.96,4,0.0,0.0,12.0,9.0,4.0,5.0,1,Beauty,Debit Card,Mobile,51.99,0.0,0.75,0
3349,CUST_03350,2023-02-12,33,Male,Istanbul,False,2023,2,1,6,Sunday,February,True,2023-08-12,452.67,1,43.83,0.08827794561933534,11.0,10.0,3.0,6.0,1,Sports,Debit Card,Desktop,452.67,0.09682550202134005,0.909,1
3350,CUST_03351,2023-03-17,28,Male,Ankara,True,2023,3,1,4,Friday,March,False,2023-09-17,5584.26,5,1300.09,0.18884716785172165,12.0,11.0,4.0,9.0,1,Home & Garden,Debit Card,Mobile,1116.852,0.2328133002403183,0.917,0
3351,CUST_03352,2023-01-26,30,Male,Adana,True,2023,1,1,3,Thursday,January,False,2023-07-26,830.7,5,0.0,0.0,17.0,9.0,4.0,7.0,1,Beauty,Credit Card,Desktop,166.14000000000001,0.0,0.529,1
3352,CUST_03353,2023-05-30,40,Male,Kayseri,True,2023,5,2,1,Tuesday,May,False,2023-11-30,448.78,5,125.82,0.21896971806474066,14.0,10.0,4.0,9.0,1,Food,Bank Transfer,Desktop,89.756,0.280360087347921,0.714,1
3353,CUST_03354,2023-03-26,35,Female,Ankara,True,2023,3,1,6,Sunday,March,True,2023-09-26,3449.58,3,0.0,0.0,14.0,8.0,4.0,4.0,1,Home & Garden,Digital Wallet,Mobile,1149.86,0.0,0.571,0
3354,CUST_03355,2023-04-01,27,Female,Gaziantep,True,2023,4,2,5,Saturday,April,True,2023-10-01,1374.27,3,0.0,0.0,10.0,10.0,5.0,10.0,1,Fashion,Cash on Delivery,Desktop,458.09,0.0,1.0,1
3355,CUST_03356,2023-01-15,33,Male,Istanbul,False,2023,1,1,6,Sunday,January,True,2023-07-15,763.47,3,0.0,0.0,17.0,9.0,3.0,4.0,1,Fashion,Credit Card,Mobile,254.49,0.0,0.529,0
3356,CUST_03357,2023-01-09,35,Male,Gaziantep,True,2023,1,1,0,Monday,January,False,2023-07-09,1499.37,5,330.63,0.180672131147541,12.0,6.0,5.0,3.0,1,Home & Garden,Digital Wallet,Desktop,299.87399999999997,0.22051261529842536,0.5,1
3357,CUST_03358,2023-03-25,18,Female,Antalya,True,2023,3,1,5,Saturday,March,True,2023-09-25,40.18,4,7.46,0.15659109991603695,12.0,12.0,1.0,4.0,1,Food,Digital Wallet,Desktop,10.045,0.18566450970632156,1.0,1
3358,CUST_03359,2023-06-22,40,Male,Istanbul,True,2023,6,2,3,Thursday,June,False,2023-12-22,120.7,5,0.0,0.0,14.0,5.0,5.0,5.0,1,Toys,Debit Card,Mobile,24.14,0.0,0.357,0
3359,CUST_03360,2023-07-23,23,Female,Ankara,True,2023,7,3,6,Sunday,July,True,2024-01-23,725.32,2,0.0,0.0,11.0,9.0,4.0,4.0,1,Fashion,Credit Card,Mobile,362.66,0.0,0.818,0
3360,CUST_03361,2023-01-24,21,Male,Istanbul,True,2023,1,1,1,Tuesday,January,False,2023-07-24,1876.93,5,249.42,0.11729959790250899,12.0,13.0,4.0,2.0,1,Sports,Debit Card,Desktop,375.386,0.1328872147602734,1.083,1
3361,CUST_03362,2023-01-27,18,Female,Ankara,True,2023,1,1,4,Friday,January,False,2023-07-27,262.71,3,0.0,0.0,16.0,7.0,4.0,5.0,1,Books,Digital Wallet,Mobile,87.57,0.0,0.437,1
3362,CUST_03363,2023-02-11,18,Female,Istanbul,True,2023,2,1,5,Saturday,February,True,2023-08-11,2265.64,4,0.0,0.0,16.0,8.0,5.0,6.0,1,Electronics,Debit Card,Mobile,566.41,0.0,0.5,0
3363,CUST_03364,2023-05-24,18,Female,Antalya,False,2023,5,2,2,Wednesday,May,False,2023-11-24,3224.12,4,0.0,0.0,14.0,11.0,5.0,9.0,1,Electronics,Digital Wallet,Desktop,806.03,0.0,0.786,1
3364,CUST_03365,2023-05-21,26,Female,Eskisehir,True,2023,5,2,6,Sunday,May,True,2023-11-21,698.72,4,0.0,0.0,19.0,5.0,4.0,9.0,1,Sports,Bank Transfer,Mobile,174.68,0.0,0.263,0
3365,CUST_03366,2023-09-28,58,Male,Istanbul,True,2023,9,3,3,Thursday,September,False,2024-03-28,1697.68,6,0.0,0.0,10.0,11.5,4.0,6.5,2,Home & Garden,Debit Card,Mobile,282.94666666666666,0.0,1.15,1
3366,CUST_03367,2023-07-11,28,Female,Bursa,True,2023,7,3,1,Tuesday,July,False,2024-01-11,327.6,3,0.0,0.0,15.0,8.0,4.0,6.0,1,Toys,Credit Card,Mobile,109.2,0.0,0.533,1
3367,CUST_03368,2023-01-12,37,Female,Bursa,True,2023,1,1,3,Thursday,January,False,2023-07-12,101.18,1,9.14,0.08284989122552576,13.0,12.0,3.0,7.0,1,Toys,Digital Wallet,Mobile,101.18,0.09033405811425183,0.923,1
3368,CUST_03369,2023-02-09,39,Male,Kayseri,True,2023,2,1,3,Thursday,February,False,2023-08-09,303.72,1,95.49,0.23919741489441648,20.0,6.0,5.0,7.0,1,Home & Garden,Credit Card,Mobile,303.72,0.31440142236270247,0.3,0
3369,CUST_03370,2023-07-22,36,Male,Izmir,True,2023,7,3,5,Saturday,July,True,2024-01-22,149.36,1,0.0,0.0,13.0,8.0,5.0,13.0,1,Books,Digital Wallet,Mobile,149.36,0.0,0.615,1
3370,CUST_03371,2023-01-22,34,Male,Bursa,True,2023,1,1,6,Sunday,January,True,2023-07-22,36.23,1,0.0,0.0,16.0,8.0,3.0,3.0,1,Food,Credit Card,Mobile,36.23,0.0,0.5,1
3371,CUST_03372,2023-02-01,20,Male,Izmir,False,2023,2,1,2,Wednesday,February,False,2023-08-01,2099.8,5,0.0,0.0,30.0,14.0,5.0,6.0,1,Home & Garden,Bank Transfer,Desktop,419.96000000000004,0.0,0.467,0
3372,CUST_03373,2023-04-01,52,Male,Ankara,True,2023,4,2,5,Saturday,April,True,2023-10-01,333.8,5,0.0,0.0,14.0,5.0,2.0,1.0,1,Beauty,Credit Card,Desktop,66.76,0.0,0.357,0
3373,CUST_03374,2023-01-15,56,Female,Istanbul,True,2023,1,1,6,Sunday,January,True,2023-07-15,239.84,4,0.0,0.0,15.0,15.0,4.0,4.0,1,Food,Credit Card,Mobile,59.96,0.0,1.0,0
3374,CUST_03375,2023-02-28,18,Male,Izmir,False,2023,2,1,1,Tuesday,February,False,2023-08-28,2385.0,4,0.0,0.0,17.0,8.0,4.0,2.0,1,Sports,Credit Card,Desktop,596.25,0.0,0.471,0
3375,CUST_03376,2023-01-03,22,Female,Istanbul,False,2023,1,1,1,Tuesday,January,False,2023-07-03,407.87,1,65.89,0.13907885849375212,16.0,8.0,4.0,5.0,1,Fashion,Debit Card,Desktop,407.87,0.1615465712114154,0.5,0
3376,CUST_03377,2023-05-14,31,Male,Bursa,False,2023,5,2,6,Sunday,May,True,2023-11-14,148.84,1,22.68,0.1322294776119403,20.0,11.0,5.0,2.0,1,Toys,Credit Card,Mobile,148.84,0.15237839290513303,0.55,1
3377,CUST_03378,2023-06-14,23,Male,Ankara,False,2023,6,2,2,Wednesday,June,False,2023-12-14,1342.72,4,0.0,0.0,17.0,10.0,4.0,4.0,1,Home & Garden,Digital Wallet,Tablet,335.68,0.0,0.588,1
3378,CUST_03379,2023-02-27,41,Female,Bursa,False,2023,2,1,0,Monday,February,False,2023-08-27,286.9,5,0.0,0.0,17.0,10.0,5.0,6.0,1,Beauty,Credit Card,Mobile,57.379999999999995,0.0,0.588,0
3379,CUST_03380,2023-03-26,26,Female,Istanbul,True,2023,3,1,6,Sunday,March,True,2023-09-26,158.84,1,46.65,0.22701834639155188,21.0,12.0,5.0,13.0,1,Sports,Credit Card,Mobile,158.84,0.2936917652984135,0.571,0
3380,CUST_03381,2023-02-13,60,Male,Kayseri,False,2023,2,1,0,Monday,February,False,2023-08-13,359.43,3,23.58,0.061564972193937494,19.0,9.0,5.0,4.0,1,Toys,Digital Wallet,Desktop,119.81,0.06560387279859778,0.474,0
3381,CUST_03382,2023-01-05,49,Male,Konya,True,2023,1,1,3,Thursday,January,False,2023-07-05,597.2,5,0.0,0.0,17.0,9.0,3.0,3.0,1,Food,Bank Transfer,Mobile,119.44000000000001,0.0,0.529,1
3382,CUST_03383,2023-02-12,37,Male,Istanbul,True,2023,2,1,6,Sunday,February,True,2023-08-12,191.34,3,48.33,0.20165227187382648,16.0,8.0,5.0,4.0,1,Toys,Credit Card,Mobile,63.78,0.25258701787394167,0.5,0
3383,CUST_03384,2023-02-20,47,Female,Ankara,True,2023,2,1,0,Monday,February,False,2023-08-20,418.15,5,0.0,0.0,13.0,14.0,5.0,6.0,1,Toys,Debit Card,Desktop,83.63,0.0,1.077,0
3384,CUST_03385,2023-03-01,48,Female,Bursa,False,2023,3,1,2,Wednesday,March,False,2023-09-01,1236.45,5,0.0,0.0,19.0,5.0,5.0,5.0,1,Beauty,Credit Card,Mobile,247.29000000000002,0.0,0.263,0
3385,CUST_03386,2023-02-09,28,Male,Istanbul,True,2023,2,1,3,Thursday,February,False,2023-08-09,1111.92,3,0.0,0.0,10.0,10.0,5.0,9.0,1,Toys,Credit Card,Mobile,370.64000000000004,0.0,1.0,1
3386,CUST_03387,2023-04-11,25,Female,Ankara,True,2023,4,2,1,Tuesday,April,False,2023-10-11,1844.07,3,168.93,0.08391952309985097,15.0,7.0,3.0,4.0,1,Sports,Credit Card,Desktop,614.6899999999999,0.09160715157233729,0.467,1
3387,CUST_03388,2023-02-12,35,Female,Ankara,True,2023,2,1,6,Sunday,February,True,2023-08-12,1132.11,3,64.95,0.054257931933236435,13.0,11.0,5.0,4.0,1,Electronics,Debit Card,Desktop,377.36999999999995,0.057370750192119145,0.846,0
3388,CUST_03389,2023-01-11,45,Male,Kayseri,True,2023,1,1,2,Wednesday,January,False,2023-07-11,576.4,5,0.0,0.0,10.0,8.0,4.0,15.0,1,Food,Credit Card,Desktop,115.28,0.0,0.8,0
3389,CUST_03390,2023-03-22,36,Female,Konya,False,2023,3,1,2,Wednesday,March,False,2023-09-22,937.74,5,60.96,0.061039351156503455,8.0,12.0,5.0,4.0,1,Sports,Credit Card,Desktop,187.548,0.06500735811632222,1.5,0
3390,CUST_03391,2023-02-16,18,Female,Bursa,False,2023,2,1,3,Thursday,February,False,2023-08-16,1934.0,4,0.0,0.0,16.0,7.0,3.0,6.0,1,Sports,Cash on Delivery,Mobile,483.5,0.0,0.437,1
3391,CUST_03392,2023-05-17,25,Male,Bursa,True,2023,5,2,2,Wednesday,May,False,2023-11-17,1375.54,4,335.22,0.19594799971942298,12.0,6.0,3.0,4.0,1,Fashion,Credit Card,Desktop,343.885,0.24370065574247207,0.5,0
3392,CUST_03393,2023-05-19,34,Male,Kayseri,True,2023,5,2,4,Friday,May,False,2023-11-19,591.19,3,71.3,0.107624266026657,11.0,7.0,1.0,7.0,1,Home & Garden,Credit Card,Mobile,197.06333333333336,0.12060420507789373,0.636,0
3393,CUST_03394,2023-02-21,34,Male,Kayseri,True,2023,2,1,1,Tuesday,February,False,2023-08-21,1084.23,1,0.0,0.0,19.0,8.0,3.0,9.0,1,Home & Garden,Debit Card,Mobile,1084.23,0.0,0.421,0
3394,CUST_03395,2023-01-29,58,Male,Eskisehir,False,2023,1,1,6,Sunday,January,True,2023-07-29,1263.25,1,0.0,0.0,34.0,8.0,5.0,4.0,1,Electronics,Bank Transfer,Mobile,1263.25,0.0,0.235,0
3395,CUST_03396,2023-03-30,18,Female,Istanbul,True,2023,3,1,3,Thursday,March,False,2023-09-30,223.91,1,0.0,0.0,14.0,10.0,1.0,3.0,1,Fashion,Debit Card,Mobile,223.91,0.0,0.714,1
3396,CUST_03397,2023-03-09,41,Male,Istanbul,True,2023,3,1,3,Thursday,March,False,2023-09-09,222.91,1,37.61,0.14436511592200216,13.0,5.0,5.0,10.0,1,Sports,Credit Card,Desktop,222.91,0.1687228029249473,0.385,0
3397,CUST_03398,2023-03-19,52,Female,Antalya,False,2023,3,1,6,Sunday,March,True,2023-09-19,171.14,2,11.66,0.0637855579868709,15.0,11.0,3.0,11.0,1,Toys,Debit Card,Mobile,85.57,0.06813135444665187,0.733,0
3398,CUST_03399,2023-07-20,62,Female,Bursa,False,2023,7,3,3,Thursday,July,False,2024-01-20,102.4,1,0.0,0.0,13.0,6.0,4.0,5.0,1,Food,Credit Card,Mobile,102.4,0.0,0.462,1
3399,CUST_03400,2023-05-18,30,Female,Istanbul,False,2023,5,2,3,Thursday,May,False,2023-11-18,1059.08,4,0.0,0.0,17.0,10.0,1.0,2.0,1,Sports,Debit Card,Desktop,264.77,0.0,0.588,1
3400,CUST_03401,2023-01-01,40,Female,Istanbul,True,2023,1,1,6,Sunday,January,True,2023-07-01,1729.14,3,0.0,0.0,17.0,7.0,4.0,4.0,1,Fashion,Digital Wallet,Desktop,576.38,0.0,0.412,0
3401,CUST_03402,2023-01-30,41,Male,Konya,False,2023,1,1,0,Monday,January,False,2023-07-30,442.32,2,0.0,0.0,9.0,2.0,4.0,10.0,1,Toys,Cash on Delivery,Desktop,221.16,0.0,0.222,0
3402,CUST_03403,2023-01-27,37,Male,Konya,False,2023,1,1,4,Friday,January,False,2023-07-27,63.85,1,0.0,0.0,12.0,9.0,3.0,5.0,1,Toys,Credit Card,Tablet,63.85,0.0,0.75,1
3403,CUST_03404,2023-01-24,33,Female,Ankara,True,2023,1,1,1,Tuesday,January,False,2023-07-24,271.77,2,47.53,0.14885687441277795,14.0,7.0,3.0,12.0,1,Home & Garden,Debit Card,Desktop,135.885,0.17489053243551533,0.5,0
3404,CUST_03405,2023-03-31,40,Male,Konya,False,2023,3,1,4,Friday,March,False,2023-09-30,324.37,1,0.0,0.0,16.0,8.0,5.0,2.0,1,Home & Garden,Digital Wallet,Desktop,324.37,0.0,0.5,0
3405,CUST_03406,2023-08-21,18,Male,Bursa,False,2023,8,3,0,Monday,August,False,2024-02-21,2578.91,3,238.48,0.08464571820017817,17.0,8.0,2.0,4.0,1,Home & Garden,Credit Card,Tablet,859.6366666666667,0.09247317665215149,0.471,1
3406,CUST_03407,2023-01-18,43,Female,Gaziantep,True,2023,1,1,2,Wednesday,January,False,2023-07-18,483.36,2,0.0,0.0,11.0,9.0,5.0,4.0,1,Sports,Debit Card,Mobile,241.68,0.0,0.818,1
3407,CUST_03408,2023-04-09,36,Female,Izmir,True,2023,4,2,6,Sunday,April,True,2023-10-09,732.24,4,0.0,0.0,8.0,9.0,4.0,3.0,1,Toys,Digital Wallet,Mobile,183.06,0.0,1.125,0
3408,CUST_03409,2023-01-12,32,Male,Istanbul,False,2023,1,1,3,Thursday,January,False,2023-07-12,718.18,1,66.97,0.0852958033496784,20.0,13.0,5.0,8.0,1,Electronics,Credit Card,Mobile,718.18,0.09324960316355231,0.65,0
3409,CUST_03410,2023-06-26,59,Female,Izmir,False,2023,6,2,0,Monday,June,False,2023-12-26,655.4,4,0.0,0.0,15.0,9.0,1.0,3.0,1,Food,Credit Card,Desktop,163.85,0.0,0.6,1
3410,CUST_03411,2023-01-03,26,Female,Izmir,False,2023,1,1,1,Tuesday,January,False,2023-07-03,2135.41,5,226.39,0.09585485646540773,12.0,10.0,5.0,3.0,1,Electronics,Bank Transfer,Mobile,427.082,0.10601711146805531,0.833,1
3411,CUST_03412,2023-06-24,30,Male,Bursa,False,2023,6,2,5,Saturday,June,True,2023-12-24,91.57,1,0.0,0.0,15.0,9.0,4.0,10.0,1,Books,Digital Wallet,Mobile,91.57,0.0,0.6,0
3412,CUST_03413,2023-01-02,58,Male,Istanbul,True,2023,1,1,0,Monday,January,False,2023-07-02,6648.75,4,490.25,0.06867208292477939,8.0,5.0,4.0,5.0,1,Sports,Debit Card,Desktop,1662.1875,0.07373566459860877,0.625,1
3413,CUST_03414,2023-10-26,25,Female,Eskisehir,True,2023,10,4,3,Thursday,October,False,2024-04-26,146.42,2,0.0,0.0,13.0,9.0,4.0,3.0,1,Food,Digital Wallet,Desktop,73.21,0.0,0.692,1
3414,CUST_03415,2023-04-22,28,Male,Istanbul,False,2023,4,2,5,Saturday,April,True,2023-10-22,118.96,1,8.64,0.06771159874608151,18.0,12.0,4.0,6.0,1,Food,Cash on Delivery,Desktop,118.96,0.07262945527908542,0.667,0
3415,CUST_03416,2023-10-24,33,Male,Istanbul,False,2023,10,4,1,Tuesday,October,False,2024-04-24,93.38,1,21.16,0.18473895582329317,18.0,10.0,5.0,9.0,1,Books,Credit Card,Mobile,93.38,0.22660098522167488,0.556,1
3416,CUST_03417,2023-02-05,45,Female,Bursa,True,2023,2,1,6,Sunday,February,True,2023-08-05,570.96,3,0.0,0.0,16.0,3.0,3.0,5.0,1,Toys,Credit Card,Mobile,190.32000000000002,0.0,0.187,0
3417,CUST_03418,2023-01-24,37,Female,Bursa,True,2023,1,1,1,Tuesday,January,False,2023-07-24,1277.19,2,35.67,0.02716969059914995,1.0,12.0,5.0,5.0,1,Fashion,Credit Card,Desktop,638.595,0.027928499283583492,12.0,0
3418,CUST_03419,2023-08-05,19,Male,Izmir,True,2023,8,3,5,Saturday,August,True,2024-02-05,50.26,1,0.0,0.0,7.0,6.0,5.0,3.0,1,Food,Credit Card,Desktop,50.26,0.0,0.857,0
3419,CUST_03420,2023-01-14,28,Male,Adana,True,2023,1,1,5,Saturday,January,True,2023-07-14,94.62,2,0.0,0.0,15.0,8.0,5.0,8.0,1,Beauty,Bank Transfer,Desktop,47.31,0.0,0.533,1
3420,CUST_03421,2023-04-08,27,Male,Izmir,True,2023,4,2,5,Saturday,April,True,2023-10-08,59.18,1,0.0,0.0,12.0,11.0,5.0,12.0,1,Books,Credit Card,Desktop,59.18,0.0,0.917,1
3421,CUST_03422,2023-02-02,34,Other,Bursa,True,2023,2,1,3,Thursday,February,False,2023-08-02,2093.52,2,0.0,0.0,5.0,7.0,4.0,5.0,1,Sports,Digital Wallet,Tablet,1046.76,0.0,1.4,1
3422,CUST_03423,2023-08-22,40,Male,Adana,False,2023,8,3,1,Tuesday,August,False,2024-02-22,339.84,5,77.46,0.1856218547807333,16.0,9.0,4.0,7.0,1,Books,Credit Card,Desktop,67.96799999999999,0.22793079096045196,0.562,1
3423,CUST_03424,2023-01-31,40,Female,Istanbul,True,2023,1,1,1,Tuesday,January,False,2023-07-31,163.71,1,15.22,0.08506119711619069,15.0,8.0,4.0,10.0,1,Sports,Credit Card,Mobile,163.71,0.09296927493738928,0.533,1
3424,CUST_03425,2023-01-27,18,Female,Bursa,True,2023,1,1,4,Friday,January,False,2023-07-27,699.87,3,0.0,0.0,11.0,7.0,3.0,6.0,1,Toys,Cash on Delivery,Mobile,233.29,0.0,0.636,0
3425,CUST_03426,2023-08-30,47,Male,Konya,True,2023,8,3,2,Wednesday,August,False,2024-02-29,791.43,3,0.0,0.0,21.0,6.0,5.0,7.0,1,Sports,Credit Card,Mobile,263.81,0.0,0.286,1
3426,CUST_03427,2023-01-17,38,Female,Istanbul,True,2023,1,1,1,Tuesday,January,False,2023-07-17,207.5,1,0.0,0.0,10.0,6.0,4.0,10.0,1,Beauty,Credit Card,Mobile,207.5,0.0,0.6,1
3427,CUST_03428,2023-05-08,51,Female,Izmir,True,2023,5,2,0,Monday,May,False,2023-11-08,424.68,1,54.73,0.11416115642143466,13.0,9.0,3.0,9.0,1,Sports,Debit Card,Desktop,424.68,0.12887350475652254,0.692,1
3428,CUST_03429,2023-01-14,40,Female,Kayseri,False,2023,1,1,5,Saturday,January,True,2023-07-14,4884.0,5,0.0,0.0,18.0,12.0,4.0,4.0,1,Electronics,Bank Transfer,Mobile,976.8,0.0,0.667,0
3429,CUST_03430,2023-04-03,48,Male,Ankara,True,2023,4,2,0,Monday,April,False,2023-10-03,561.92,4,0.0,0.0,10.0,10.0,5.0,8.0,1,Books,Credit Card,Mobile,140.48,0.0,1.0,1
3430,CUST_03431,2023-05-25,40,Female,Izmir,False,2023,5,2,3,Thursday,May,False,2023-11-25,305.2,3,28.01,0.08406110260796495,19.0,7.0,4.0,3.0,1,Fashion,Credit Card,Mobile,101.73333333333333,0.09177588466579294,0.368,0
3431,CUST_03432,2023-03-11,51,Female,Eskisehir,True,2023,3,1,5,Saturday,March,True,2023-09-11,317.37,3,0.0,0.0,15.0,7.0,5.0,5.0,1,Beauty,Bank Transfer,Mobile,105.79,0.0,0.467,0
3432,CUST_03433,2023-05-13,41,Other,Istanbul,False,2023,5,2,5,Saturday,May,True,2023-11-13,1023.7,5,0.0,0.0,10.0,9.0,1.0,3.0,1,Home & Garden,Debit Card,Mobile,204.74,0.0,0.9,0
3433,CUST_03434,2023-01-23,33,Male,Istanbul,False,2023,1,1,0,Monday,January,False,2023-07-23,1354.56,4,0.0,0.0,17.0,9.0,4.0,5.0,1,Sports,Cash on Delivery,Desktop,338.64,0.0,0.529,1
3434,CUST_03435,2023-02-23,62,Female,Konya,True,2023,2,1,3,Thursday,February,False,2023-08-23,45.6,1,0.0,0.0,11.0,10.0,5.0,5.0,1,Food,Digital Wallet,Desktop,45.6,0.0,0.909,0
3435,CUST_03436,2023-03-15,45,Male,Konya,False,2023,3,1,2,Wednesday,March,False,2023-09-15,176.2,2,22.58,0.11359291679243384,17.0,11.0,2.0,5.0,1,Sports,Bank Transfer,Desktop,88.1,0.12814982973893302,0.647,1
3436,CUST_03437,2023-08-04,41,Male,Izmir,False,2023,8,3,4,Friday,August,False,2024-02-04,1807.2,3,0.0,0.0,16.0,11.0,3.0,6.0,1,Toys,Digital Wallet,Desktop,602.4,0.0,0.687,0
3437,CUST_03438,2023-03-12,19,Male,Izmir,False,2023,3,1,6,Sunday,March,True,2023-09-12,41.33,1,10.62,0.20442733397497592,10.0,8.0,1.0,7.0,1,Books,Bank Transfer,Mobile,41.33,0.2569562061456569,0.8,1
3438,CUST_03439,2023-07-15,19,Female,Gaziantep,True,2023,7,3,5,Saturday,July,True,2024-01-15,266.56,4,0.0,0.0,10.0,7.0,4.0,4.0,1,Food,Digital Wallet,Mobile,66.64,0.0,0.7,0
3439,CUST_03440,2023-03-25,38,Male,Adana,True,2023,3,1,5,Saturday,March,True,2023-09-25,2079.81,3,0.0,0.0,11.0,8.0,4.0,8.0,1,Home & Garden,Debit Card,Mobile,693.27,0.0,0.727,1
3440,CUST_03441,2023-12-02,36,Female,Ankara,False,2023,12,4,5,Saturday,December,True,2024-06-02,384.08,4,0.0,0.0,17.0,12.0,5.0,5.0,1,Books,Credit Card,Mobile,96.02,0.0,0.706,1
3441,CUST_03442,2023-02-24,27,Other,Istanbul,False,2023,2,1,4,Friday,February,False,2023-08-24,989.11,1,0.0,0.0,19.0,10.0,3.0,14.0,1,Electronics,Credit Card,Mobile,989.11,0.0,0.526,1
3442,CUST_03443,2023-01-16,36,Male,Izmir,False,2023,1,1,0,Monday,January,False,2023-07-16,1315.25,3,165.64,0.11185165677396701,16.0,10.0,5.0,11.0,1,Home & Garden,Credit Card,Desktop,438.4166666666667,0.1259380345941836,0.625,1
3443,CUST_03444,2023-02-11,54,Female,Konya,True,2023,2,1,5,Saturday,February,True,2023-08-11,588.85,9,134.01,0.10943165115139637,12.5,9.5,4.5,5.5,2,Beauty,Credit Card,Tablet,65.42777777777778,0.22757917975715375,0.76,1
3444,CUST_03445,2023-12-16,43,Male,Konya,True,2023,12,4,5,Saturday,December,True,2024-06-16,45.9,1,0.0,0.0,14.0,6.0,4.0,11.0,1,Books,Credit Card,Mobile,45.9,0.0,0.429,0
3445,CUST_03446,2023-08-27,21,Male,Kayseri,True,2023,8,3,6,Sunday,August,True,2024-02-27,296.47,4,17.17,0.0547442928197934,15.0,8.0,4.0,6.0,1,Food,Debit Card,Mobile,74.1175,0.05791479744999494,0.533,0
3446,CUST_03447,2023-01-18,33,Female,Konya,True,2023,1,1,2,Wednesday,January,False,2023-07-18,1426.6,1,0.0,0.0,12.0,11.0,1.0,8.0,1,Electronics,Digital Wallet,Desktop,1426.6,0.0,0.917,0
3447,CUST_03448,2023-06-05,25,Female,Bursa,True,2023,6,2,0,Monday,June,False,2023-12-05,598.79,1,0.0,0.0,11.0,10.0,5.0,6.0,1,Home & Garden,Debit Card,Mobile,598.79,0.0,0.909,1
3448,CUST_03449,2023-03-10,30,Female,Izmir,False,2023,3,1,4,Friday,March,False,2023-09-10,572.91,3,0.0,0.0,38.0,12.0,2.0,4.0,1,Home & Garden,Debit Card,Desktop,190.97,0.0,0.316,0
3449,CUST_03450,2023-11-10,30,Female,Adana,True,2023,11,4,4,Friday,November,False,2024-05-10,47.16,2,0.0,0.0,13.0,10.0,1.0,8.0,1,Books,Digital Wallet,Desktop,23.58,0.0,0.769,0
3450,CUST_03451,2023-05-19,29,Male,Adana,False,2023,5,2,4,Friday,May,False,2023-11-19,151.24,2,10.78,0.06653499567954572,16.0,10.0,3.0,4.0,1,Beauty,Credit Card,Desktop,75.62,0.0712774398307326,0.625,0
3451,CUST_03452,2023-01-07,19,Male,Bursa,False,2023,1,1,5,Saturday,January,True,2023-07-07,323.83,5,71.22,0.1802809770915074,13.0,11.0,3.0,4.0,1,Food,Bank Transfer,Desktop,64.76599999999999,0.21993021029552542,0.846,1
3452,CUST_03453,2023-01-05,33,Female,Istanbul,True,2023,1,1,3,Thursday,January,False,2023-07-05,809.44,4,0.0,0.0,15.0,9.0,5.0,8.0,1,Fashion,Debit Card,Desktop,202.36,0.0,0.6,1
3453,CUST_03454,2023-04-02,28,Male,Kayseri,False,2023,4,2,6,Sunday,April,True,2023-10-02,252.5,1,0.0,0.0,4.0,12.0,5.0,8.0,1,Fashion,Credit Card,Tablet,252.5,0.0,3.0,1
3454,CUST_03455,2023-01-30,18,Male,Izmir,False,2023,1,1,0,Monday,January,False,2023-07-30,87.03,2,10.29,0.10573366214549938,17.0,12.0,4.0,9.0,1,Food,Credit Card,Mobile,43.515,0.11823509134781109,0.706,1
3455,CUST_03456,2023-02-26,59,Female,Ankara,True,2023,2,1,6,Sunday,February,True,2023-08-26,3525.03,3,0.0,0.0,12.0,10.0,4.0,2.0,1,Home & Garden,Bank Transfer,Mobile,1175.01,0.0,0.833,1
3456,CUST_03457,2023-09-28,48,Male,Antalya,True,2023,9,3,3,Thursday,September,False,2024-03-28,19.81,1,0.0,0.0,5.0,8.0,4.0,5.0,1,Food,Credit Card,Mobile,19.81,0.0,1.6,0
3457,CUST_03458,2023-03-07,30,Male,Antalya,True,2023,3,1,1,Tuesday,March,False,2023-09-07,729.42,2,0.0,0.0,26.0,8.0,4.0,4.0,1,Sports,Credit Card,Mobile,364.71,0.0,0.308,0
3458,CUST_03459,2023-09-21,35,Female,Istanbul,False,2023,9,3,3,Thursday,September,False,2024-03-21,892.25,5,0.0,0.0,13.0,8.0,4.0,6.0,1,Home & Garden,Cash on Delivery,Mobile,178.45,0.0,0.615,0
3459,CUST_03460,2023-03-21,20,Female,Gaziantep,False,2023,3,1,1,Tuesday,March,False,2023-09-21,4053.18,4,366.74,0.08297435247696791,6.0,7.0,5.0,2.0,1,Home & Garden,Debit Card,Mobile,1013.295,0.09048204126142931,1.167,1
3460,CUST_03461,2023-01-06,55,Female,Ankara,True,2023,1,1,4,Friday,January,False,2023-07-06,266.76,4,0.0,0.0,15.0,9.0,1.0,4.0,1,Beauty,Credit Card,Mobile,66.69,0.0,0.6,0
3461,CUST_03462,2023-01-02,57,Female,Istanbul,False,2023,1,1,0,Monday,January,False,2023-07-02,140.0,4,8.76,0.05888679752621673,11.0,8.0,5.0,5.0,1,Books,Credit Card,Desktop,35.0,0.06257142857142857,0.727,0
3462,CUST_03463,2023-02-12,36,Male,Izmir,True,2023,2,1,6,Sunday,February,True,2023-08-12,8622.44,3,1383.46,0.13826442398984598,18.0,10.0,4.0,1.0,1,Electronics,Debit Card,Desktop,2874.146666666667,0.1604487824792054,0.556,0
3463,CUST_03464,2023-01-12,47,Female,Adana,False,2023,1,1,3,Thursday,January,False,2023-07-12,434.12,1,0.0,0.0,26.0,11.0,4.0,9.0,1,Toys,Credit Card,Desktop,434.12,0.0,0.423,1
3464,CUST_03465,2023-06-02,37,Female,Eskisehir,False,2023,6,2,4,Friday,June,False,2023-12-02,278.52,1,0.0,0.0,3.0,6.0,2.0,12.0,1,Home & Garden,Digital Wallet,Mobile,278.52,0.0,2.0,0
3465,CUST_03466,2023-04-06,18,Male,Gaziantep,True,2023,4,2,3,Thursday,April,False,2023-10-06,1066.7,5,0.0,0.0,15.0,13.0,3.0,7.0,1,Toys,Debit Card,Desktop,213.34,0.0,0.867,1
3466,CUST_03467,2023-12-11,30,Male,Kayseri,False,2023,12,4,0,Monday,December,False,2024-06-11,15729.15,5,0.0,0.0,23.0,3.0,2.0,4.0,1,Electronics,Digital Wallet,Desktop,3145.83,0.0,0.13,0
3467,CUST_03468,2023-05-12,36,Female,Istanbul,True,2023,5,2,4,Friday,May,False,2023-11-12,868.34,3,173.11,0.16622017379614965,19.0,8.0,3.0,3.0,1,Home & Garden,Digital Wallet,Mobile,289.44666666666666,0.19935739456894766,0.421,0
3468,CUST_03469,2023-06-01,29,Female,Istanbul,True,2023,6,2,3,Thursday,June,False,2023-12-01,102.18,2,0.0,0.0,11.0,7.0,4.0,11.0,1,Beauty,Debit Card,Mobile,51.09,0.0,0.636,0
3469,CUST_03470,2023-02-24,32,Female,Bursa,False,2023,2,1,4,Friday,February,False,2023-08-24,2994.32,3,175.99,0.05551192154710423,17.0,9.0,4.0,2.0,1,Electronics,Debit Card,Desktop,998.1066666666667,0.05877461326778701,0.529,1
3470,CUST_03471,2023-01-07,33,Female,Ankara,True,2023,1,1,5,Saturday,January,True,2023-07-07,453.36,1,65.05,0.12547983256495823,12.0,9.0,2.0,6.0,1,Home & Garden,Credit Card,Mobile,453.36,0.14348420681136403,0.75,0
3471,CUST_03472,2023-07-14,34,Female,Gaziantep,True,2023,7,3,4,Friday,July,False,2024-01-14,965.67,1,0.0,0.0,16.0,9.0,5.0,3.0,1,Sports,Credit Card,Mobile,965.67,0.0,0.562,0
3472,CUST_03473,2023-02-09,35,Other,Antalya,False,2023,2,1,3,Thursday,February,False,2023-08-09,7161.9,5,0.0,0.0,14.0,10.0,4.0,6.0,1,Electronics,Credit Card,Desktop,1432.3799999999999,0.0,0.714,0
3473,CUST_03474,2023-04-12,22,Female,Eskisehir,True,2023,4,2,2,Wednesday,April,False,2023-10-12,108.99,3,0.0,0.0,17.0,13.0,5.0,3.0,1,Books,Credit Card,Mobile,36.33,0.0,0.765,1
3474,CUST_03475,2023-05-07,26,Male,Ankara,True,2023,5,2,6,Sunday,May,True,2023-11-07,93.04,1,22.76,0.19654576856649397,9.0,7.0,5.0,15.0,1,Beauty,Bank Transfer,Mobile,93.04,0.24462596732588135,0.778,0
3475,CUST_03476,2023-03-14,19,Female,Izmir,False,2023,3,1,1,Tuesday,March,False,2023-09-14,300.93,3,0.0,0.0,9.0,8.0,5.0,2.0,1,Food,Debit Card,Mobile,100.31,0.0,0.889,0
3476,CUST_03477,2023-01-08,46,Male,Izmir,True,2023,1,1,6,Sunday,January,True,2023-07-08,1922.4,4,0.0,0.0,11.0,12.0,5.0,6.0,1,Home & Garden,Debit Card,Mobile,480.6,0.0,1.091,1
3477,CUST_03478,2023-03-21,18,Female,Istanbul,False,2023,3,1,1,Tuesday,March,False,2023-09-21,45.47,1,0.0,0.0,15.0,10.0,4.0,6.0,1,Food,Digital Wallet,Desktop,45.47,0.0,0.667,0
3478,CUST_03479,2023-05-02,48,Female,Bursa,True,2023,5,2,1,Tuesday,May,False,2023-11-02,150.01,4,8.75,0.055114638447971785,14.0,8.0,4.0,6.0,1,Food,Bank Transfer,Desktop,37.5025,0.05832944470368642,0.571,1
3479,CUST_03480,2023-01-14,51,Female,Izmir,True,2023,1,1,5,Saturday,January,True,2023-07-14,610.68,4,0.0,0.0,11.0,10.0,5.0,5.0,1,Beauty,Credit Card,Mobile,152.67,0.0,0.909,1
3480,CUST_03481,2023-04-01,31,Female,Izmir,True,2023,4,2,5,Saturday,April,True,2023-10-01,131.21,2,33.91,0.20536579457364337,15.0,7.0,5.0,2.0,1,Toys,Credit Card,Mobile,65.605,0.2584406676320402,0.467,1
3481,CUST_03482,2023-01-10,18,Male,Ankara,True,2023,1,1,1,Tuesday,January,False,2023-07-10,64.69,1,0.0,0.0,13.0,9.0,4.0,7.0,1,Books,Credit Card,Mobile,64.69,0.0,0.692,1
3482,CUST_03483,2023-05-22,30,Male,Istanbul,True,2023,5,2,0,Monday,May,False,2023-11-22,85.99,2,15.39,0.15180508976129414,16.0,7.0,4.0,11.0,1,Books,Bank Transfer,Desktop,42.995,0.17897429933713224,0.437,0
3483,CUST_03484,2023-02-27,34,Male,Bursa,True,2023,2,1,0,Monday,February,False,2023-08-27,1414.09,2,72.17,0.048558125765343886,10.0,6.0,3.0,7.0,1,Fashion,Credit Card,Desktop,707.045,0.05103635553606914,0.6,0
3484,CUST_03485,2023-01-17,22,Female,Ankara,False,2023,1,1,1,Tuesday,January,False,2023-07-17,234.69,1,0.0,0.0,15.0,7.0,1.0,11.0,1,Home & Garden,Cash on Delivery,Mobile,234.69,0.0,0.467,0
3485,CUST_03486,2023-07-14,28,Female,Istanbul,False,2023,7,3,4,Friday,July,False,2024-01-14,2193.36,4,0.0,0.0,15.0,11.0,1.0,6.0,1,Sports,Bank Transfer,Desktop,548.34,0.0,0.733,1
3486,CUST_03487,2023-01-14,53,Female,Ankara,True,2023,1,1,5,Saturday,January,True,2023-07-14,658.8,4,114.6,0.14817688130333592,15.0,11.0,5.0,4.0,1,Toys,Credit Card,Mobile,164.7,0.17395264116575593,0.733,1
3487,CUST_03488,2023-02-06,42,Male,Ankara,True,2023,2,1,0,Monday,February,False,2023-08-06,136.69,5,24.71,0.15309789343246594,12.0,6.0,5.0,7.0,1,Food,Debit Card,Mobile,27.338,0.1807740141926988,0.5,1
3488,CUST_03489,2023-01-09,23,Female,Ankara,True,2023,1,1,0,Monday,January,False,2023-07-09,516.63,3,0.0,0.0,14.0,5.0,4.0,5.0,1,Beauty,Credit Card,Mobile,172.21,0.0,0.357,0
3489,CUST_03490,2023-04-16,18,Female,Istanbul,True,2023,4,2,6,Sunday,April,True,2023-10-16,1549.31,1,0.0,0.0,15.0,10.0,5.0,9.0,1,Electronics,Credit Card,Mobile,1549.31,0.0,0.667,0
3490,CUST_03491,2023-01-09,31,Male,Izmir,True,2023,1,1,0,Monday,January,False,2023-07-09,526.8,5,0.0,0.0,19.0,12.0,2.0,4.0,1,Sports,Debit Card,Mobile,105.35999999999999,0.0,0.632,0
3491,CUST_03492,2023-05-03,32,Female,Antalya,False,2023,5,2,2,Wednesday,May,False,2023-11-03,1031.39,4,55.85,0.051368603068319786,13.0,6.0,2.0,8.0,1,Toys,Credit Card,Mobile,257.8475,0.0541502244543771,0.462,1
3492,CUST_03493,2023-04-16,40,Female,Antalya,False,2023,4,2,6,Sunday,April,True,2023-10-16,833.4,5,0.0,0.0,14.0,11.0,3.0,6.0,1,Toys,Credit Card,Desktop,166.68,0.0,0.786,0
3493,CUST_03494,2023-02-04,28,Female,Gaziantep,True,2023,2,1,5,Saturday,February,True,2023-08-04,18014.55,5,0.0,0.0,16.0,13.0,5.0,4.0,1,Electronics,Credit Card,Desktop,3602.91,0.0,0.812,0
3494,CUST_03495,2023-02-21,41,Male,Izmir,False,2023,2,1,1,Tuesday,February,False,2023-08-21,113.22,1,0.0,0.0,5.0,8.0,4.0,15.0,1,Beauty,Debit Card,Mobile,113.22,0.0,1.6,0
3495,CUST_03496,2023-11-01,58,Female,Izmir,False,2023,11,4,2,Wednesday,November,False,2024-05-01,652.96,1,0.0,0.0,7.0,10.0,4.0,6.0,1,Sports,Debit Card,Desktop,652.96,0.0,1.429,0
3496,CUST_03497,2023-01-18,44,Male,Gaziantep,False,2023,1,1,2,Wednesday,January,False,2023-07-18,3505.7,5,0.0,0.0,17.0,7.0,5.0,1.0,1,Sports,Credit Card,Mobile,701.14,0.0,0.412,0
3497,CUST_03498,2023-08-17,34,Other,Izmir,False,2023,8,3,3,Thursday,August,False,2024-02-17,53.22,1,16.32,0.2346850733390854,20.0,9.0,5.0,8.0,1,Toys,Debit Card,Mobile,53.22,0.30665163472378804,0.45,0
3498,CUST_03499,2023-02-18,32,Male,Adana,True,2023,2,1,5,Saturday,February,True,2023-08-18,1565.03,1,0.0,0.0,16.0,11.0,4.0,8.0,1,Home & Garden,Debit Card,Mobile,1565.03,0.0,0.687,1
3499,CUST_03500,2023-09-30,30,Male,Izmir,False,2023,9,3,5,Saturday,September,True,2024-03-30,6584.76,4,0.0,0.0,14.0,8.0,5.0,4.0,1,Home & Garden,Credit Card,Desktop,1646.19,0.0,0.571,0
3500,CUST_03501,2023-01-21,49,Female,Izmir,False,2023,1,1,5,Saturday,January,True,2023-07-21,370.3,5,0.0,0.0,20.0,9.0,4.0,6.0,1,Food,Credit Card,Desktop,74.06,0.0,0.45,1
3501,CUST_03502,2023-04-01,27,Male,Adana,True,2023,4,2,5,Saturday,April,True,2023-10-01,156.78,3,0.0,0.0,14.0,9.0,5.0,4.0,1,Beauty,Credit Card,Mobile,52.26,0.0,0.643,0
3502,CUST_03503,2023-01-25,35,Female,Istanbul,True,2023,1,1,2,Wednesday,January,False,2023-07-25,915.76,2,0.0,0.0,5.0,8.0,4.0,6.0,1,Sports,Credit Card,Desktop,457.88,0.0,1.6,0
3503,CUST_03504,2023-05-06,35,Female,Ankara,True,2023,5,2,5,Saturday,May,True,2023-11-06,923.74,1,59.37,0.06038998687837576,8.0,17.0,5.0,4.0,1,Home & Garden,Credit Card,Desktop,923.74,0.06427133176001905,2.125,0
3504,CUST_03505,2023-03-25,28,Female,Istanbul,False,2023,3,1,5,Saturday,March,True,2023-09-25,118.08,3,0.0,0.0,16.0,11.0,3.0,4.0,1,Books,Debit Card,Mobile,39.36,0.0,0.687,0
3505,CUST_03506,2023-01-23,18,Other,Ankara,False,2023,1,1,0,Monday,January,False,2023-07-23,67.66,2,3.14,0.04435028248587571,26.0,8.0,4.0,3.0,1,Books,Debit Card,Desktop,33.83,0.04640851315400533,0.308,0
3506,CUST_03507,2023-01-01,38,Male,Istanbul,True,2023,1,1,6,Sunday,January,True,2023-07-01,4433.97,3,0.0,0.0,15.0,9.0,4.0,5.0,1,Home & Garden,Credit Card,Mobile,1477.99,0.0,0.6,1
3507,CUST_03508,2023-08-13,34,Female,Bursa,False,2023,8,3,6,Sunday,August,True,2024-02-13,170.7,5,0.0,0.0,4.0,11.0,5.0,3.0,1,Books,Credit Card,Mobile,34.14,0.0,2.75,0
3508,CUST_03509,2023-02-03,41,Male,Gaziantep,True,2023,2,1,4,Friday,February,False,2023-08-03,949.48,4,0.0,0.0,16.0,10.0,5.0,4.0,1,Beauty,Credit Card,Mobile,237.37,0.0,0.625,0
3509,CUST_03510,2023-01-03,28,Male,Gaziantep,True,2023,1,1,1,Tuesday,January,False,2023-07-03,436.45,1,82.57,0.1590882817617818,15.0,6.0,4.0,3.0,1,Electronics,Credit Card,Mobile,436.45,0.18918547370832856,0.4,0
3510,CUST_03511,2023-01-14,49,Female,Ankara,False,2023,1,1,5,Saturday,January,True,2023-07-14,276.71,3,24.94,0.0826786010276811,15.0,4.0,4.0,5.0,1,Toys,Digital Wallet,Desktop,92.23666666666666,0.09013046149398288,0.267,0
3511,CUST_03512,2023-06-29,24,Male,Eskisehir,True,2023,6,2,3,Thursday,June,False,2023-12-29,6759.75,1,0.0,0.0,14.0,12.0,4.0,4.0,1,Electronics,Bank Transfer,Mobile,6759.75,0.0,0.857,0
3512,CUST_03513,2023-04-16,55,Female,Bursa,True,2023,4,2,6,Sunday,April,True,2023-10-16,116.26,2,0.0,0.0,16.0,11.0,4.0,9.0,1,Books,Credit Card,Mobile,58.13,0.0,0.687,0
3513,CUST_03514,2023-02-09,18,Female,Ankara,True,2023,2,1,3,Thursday,February,False,2023-08-09,72.99,1,0.0,0.0,14.0,8.0,4.0,9.0,1,Food,Digital Wallet,Mobile,72.99,0.0,0.571,0
3514,CUST_03515,2023-01-08,40,Female,Gaziantep,False,2023,1,1,6,Sunday,January,True,2023-07-08,145.19,1,0.0,0.0,9.0,12.0,4.0,5.0,1,Food,Credit Card,Mobile,145.19,0.0,1.333,1
3515,CUST_03516,2023-03-13,40,Female,Adana,False,2023,3,1,0,Monday,March,False,2023-09-13,176.2,1,0.0,0.0,31.0,10.0,5.0,11.0,1,Sports,Credit Card,Desktop,176.2,0.0,0.323,0
3516,CUST_03517,2023-08-29,25,Male,Adana,True,2023,8,3,1,Tuesday,August,False,2024-02-29,128.04,2,34.38,0.21167343923162174,16.0,6.0,4.0,7.0,1,Beauty,Debit Card,Desktop,64.02,0.26850984067478917,0.375,1
3517,CUST_03518,2023-05-29,40,Female,Istanbul,True,2023,5,2,0,Monday,May,False,2023-11-29,4561.9,5,0.0,0.0,24.0,13.0,4.0,7.0,1,Electronics,Credit Card,Mobile,912.3799999999999,0.0,0.542,0
3518,CUST_03519,2023-03-15,50,Female,Izmir,False,2023,3,1,2,Wednesday,March,False,2023-09-15,536.65,5,0.0,0.0,12.0,6.0,5.0,14.0,1,Toys,Credit Card,Desktop,107.33,0.0,0.5,1
3519,CUST_03520,2023-07-01,18,Female,Konya,True,2023,7,3,5,Saturday,July,True,2024-01-01,813.96,1,142.2,0.14871987951807228,11.0,13.0,5.0,9.0,1,Electronics,Credit Card,Mobile,813.96,0.17470145953118088,1.182,1
3520,CUST_03521,2023-06-15,41,Male,Izmir,False,2023,6,2,3,Thursday,June,False,2023-12-15,4920.71,3,394.45,0.07421225325295946,17.0,12.0,5.0,10.0,1,Electronics,Cash on Delivery,Mobile,1640.2366666666667,0.08016119625013463,0.706,0
3521,CUST_03522,2023-10-22,18,Female,Antalya,True,2023,10,4,6,Sunday,October,True,2024-04-22,398.85,5,0.0,0.0,10.0,9.0,3.0,5.0,1,Books,Digital Wallet,Mobile,79.77000000000001,0.0,0.9,0
3522,CUST_03523,2023-03-09,23,Male,Bursa,True,2023,3,1,3,Thursday,March,False,2023-09-09,231.28,4,0.0,0.0,25.0,9.0,4.0,7.0,1,Books,Credit Card,Desktop,57.82,0.0,0.36,1
3523,CUST_03524,2023-08-19,54,Male,Gaziantep,True,2023,8,3,5,Saturday,August,True,2024-02-19,518.65,1,0.0,0.0,14.0,9.0,3.0,17.0,1,Sports,Digital Wallet,Mobile,518.65,0.0,0.643,1
3524,CUST_03525,2023-02-01,28,Female,Ankara,True,2023,2,1,2,Wednesday,February,False,2023-08-01,20.57,2,2.31,0.10096153846153846,18.0,13.0,4.0,4.0,1,Books,Cash on Delivery,Mobile,10.285,0.11229946524064172,0.722,0
3525,CUST_03526,2023-04-20,20,Female,Bursa,True,2023,4,2,3,Thursday,April,False,2023-10-20,3060.05,5,0.0,0.0,18.0,4.0,4.0,4.0,1,Home & Garden,Bank Transfer,Mobile,612.01,0.0,0.222,0
3526,CUST_03527,2023-03-29,32,Female,Istanbul,True,2023,3,1,2,Wednesday,March,False,2023-09-29,932.14,2,0.0,0.0,10.0,11.0,5.0,2.0,1,Beauty,Debit Card,Desktop,466.07,0.0,1.1,0
3527,CUST_03528,2023-02-12,59,Female,Antalya,False,2023,2,1,6,Sunday,February,True,2023-08-12,159.81,1,0.0,0.0,16.0,5.0,5.0,4.0,1,Fashion,Credit Card,Mobile,159.81,0.0,0.312,0
3528,CUST_03529,2023-05-19,18,Female,Adana,False,2023,5,2,4,Friday,May,False,2023-11-19,1470.15,5,0.0,0.0,12.0,7.0,4.0,6.0,1,Fashion,Debit Card,Mobile,294.03000000000003,0.0,0.583,1
3529,CUST_03530,2023-02-04,22,Male,Istanbul,True,2023,2,1,5,Saturday,February,True,2023-08-04,244.83,3,0.0,0.0,13.0,6.0,5.0,2.0,1,Books,Digital Wallet,Desktop,81.61,0.0,0.462,0
3530,CUST_03531,2023-04-11,52,Male,Antalya,False,2023,4,2,1,Tuesday,April,False,2023-10-11,425.75,5,0.0,0.0,12.0,11.0,5.0,5.0,1,Books,Credit Card,Tablet,85.15,0.0,0.917,1
3531,CUST_03532,2023-04-25,57,Male,Izmir,True,2023,4,2,1,Tuesday,April,False,2023-10-25,130.74,3,0.0,0.0,17.0,8.0,2.0,5.0,1,Books,Debit Card,Mobile,43.580000000000005,0.0,0.471,1
3532,CUST_03533,2023-03-07,33,Female,Istanbul,False,2023,3,1,1,Tuesday,March,False,2023-09-07,80.09,1,0.0,0.0,7.0,11.0,3.0,8.0,1,Food,Debit Card,Mobile,80.09,0.0,1.571,1
3533,CUST_03534,2023-01-25,20,Male,Izmir,True,2023,1,1,2,Wednesday,January,False,2023-07-25,1813.85,5,0.0,0.0,15.0,9.0,4.0,6.0,1,Sports,Cash on Delivery,Desktop,362.77,0.0,0.6,0
3534,CUST_03535,2023-09-24,60,Male,Istanbul,True,2023,9,3,6,Sunday,September,True,2024-03-24,855.28,4,0.0,0.0,5.0,8.0,1.0,6.0,1,Toys,Credit Card,Mobile,213.82,0.0,1.6,0
3535,CUST_03536,2023-03-15,54,Female,Izmir,True,2023,3,1,2,Wednesday,March,False,2023-09-15,197.44,2,0.0,0.0,19.0,7.0,5.0,5.0,1,Beauty,Credit Card,Mobile,98.72,0.0,0.368,1
3536,CUST_03537,2023-01-07,43,Male,Ankara,True,2023,1,1,5,Saturday,January,True,2023-07-07,833.32,4,0.0,0.0,8.0,8.0,1.0,3.0,1,Fashion,Debit Card,Mobile,208.33,0.0,1.0,1
3537,CUST_03538,2023-06-03,25,Male,Adana,True,2023,6,2,5,Saturday,June,True,2023-12-03,154.06,1,0.0,0.0,3.0,13.0,5.0,14.0,1,Fashion,Credit Card,Desktop,154.06,0.0,4.333,0
3538,CUST_03539,2023-01-08,34,Female,Adana,False,2023,1,1,6,Sunday,January,True,2023-07-08,1374.76,3,214.67,0.13506099670951222,12.0,5.0,4.0,3.0,1,Electronics,Credit Card,Mobile,458.25333333333333,0.15615089179202188,0.417,1
3539,CUST_03540,2023-02-01,33,Male,Bursa,True,2023,2,1,2,Wednesday,February,False,2023-08-01,87.18,2,0.0,0.0,5.0,8.0,4.0,10.0,1,Books,Digital Wallet,Mobile,43.59,0.0,1.6,0
3540,CUST_03541,2023-01-13,38,Male,Istanbul,False,2023,1,1,4,Friday,January,False,2023-07-13,115.88,1,0.0,0.0,15.0,10.0,5.0,9.0,1,Toys,Credit Card,Mobile,115.88,0.0,0.667,0
3541,CUST_03542,2023-05-13,52,Male,Kayseri,True,2023,5,2,5,Saturday,May,True,2023-11-13,310.15,2,51.57,0.14256883777507465,15.0,10.0,3.0,7.0,1,Toys,Bank Transfer,Mobile,155.075,0.16627438336288894,0.667,1
3542,CUST_03543,2023-01-11,45,Female,Antalya,True,2023,1,1,2,Wednesday,January,False,2023-07-11,1219.59,1,307.96,0.20160387548689077,15.0,8.0,5.0,7.0,1,Home & Garden,Credit Card,Mobile,1219.59,0.2525110897924712,0.533,0
3543,CUST_03544,2023-08-19,22,Female,Istanbul,True,2023,8,3,5,Saturday,August,True,2024-02-19,2654.26,4,485.7,0.15468349915285545,13.0,6.0,3.0,10.0,1,Home & Garden,Digital Wallet,Mobile,663.565,0.18298885565091585,0.462,0
3544,CUST_03545,2023-02-05,51,Male,Gaziantep,True,2023,2,1,6,Sunday,February,True,2023-08-05,251.69,2,13.39,0.05051305266334692,18.0,8.0,2.0,10.0,1,Food,Debit Card,Desktop,125.845,0.0532003655290238,0.444,1
3545,CUST_03546,2023-08-22,38,Female,Istanbul,False,2023,8,3,1,Tuesday,August,False,2024-02-22,637.84,4,0.0,0.0,15.0,7.0,1.0,2.0,1,Beauty,Credit Card,Desktop,159.46,0.0,0.467,0
3546,CUST_03547,2023-04-22,43,Male,Bursa,True,2023,4,2,5,Saturday,April,True,2023-10-22,470.6,2,91.6,0.1629313411597296,18.0,9.0,2.0,5.0,1,Sports,Credit Card,Mobile,235.3,0.1946451338716532,0.5,0
3547,CUST_03548,2023-01-09,52,Female,Izmir,False,2023,1,1,0,Monday,January,False,2023-07-09,1417.83,3,120.93,0.07858925368478517,13.0,10.0,4.0,5.0,1,Home & Garden,Digital Wallet,Desktop,472.60999999999996,0.08529231290070037,0.769,1
3548,CUST_03549,2023-06-11,21,Male,Izmir,True,2023,6,2,6,Sunday,June,True,2023-12-11,137.51,2,7.55,0.0520474286502137,16.0,9.0,4.0,12.0,1,Beauty,Credit Card,Mobile,68.755,0.05490509781106829,0.562,0
3549,CUST_03550,2023-05-11,34,Female,Konya,False,2023,5,2,3,Thursday,May,False,2023-11-11,382.71,3,0.0,0.0,14.0,9.0,4.0,10.0,1,Beauty,Debit Card,Mobile,127.57,0.0,0.643,1
3550,CUST_03551,2023-01-25,28,Female,Izmir,False,2023,1,1,2,Wednesday,January,False,2023-07-25,252.88,1,0.0,0.0,14.0,12.0,5.0,2.0,1,Toys,Debit Card,Mobile,252.88,0.0,0.857,0
3551,CUST_03552,2023-02-12,18,Female,Istanbul,False,2023,2,1,6,Sunday,February,True,2023-08-12,1528.15,5,0.0,0.0,11.0,12.0,5.0,8.0,1,Fashion,Credit Card,Desktop,305.63,0.0,1.091,0
3552,CUST_03553,2023-03-14,39,Male,Kayseri,False,2023,3,1,1,Tuesday,March,False,2023-09-14,903.45,5,0.0,0.0,11.0,11.0,4.0,3.0,1,Toys,Debit Card,Mobile,180.69,0.0,1.0,1
3553,CUST_03554,2023-02-25,65,Male,Kayseri,False,2023,2,1,5,Saturday,February,True,2023-08-25,1268.45,5,0.0,0.0,13.0,8.0,3.0,3.0,1,Toys,Debit Card,Mobile,253.69,0.0,0.615,0
3554,CUST_03555,2023-02-27,18,Female,Antalya,False,2023,2,1,0,Monday,February,False,2023-08-27,478.46,2,0.0,0.0,21.0,9.0,5.0,3.0,1,Toys,Bank Transfer,Tablet,239.23,0.0,0.429,1
3555,CUST_03556,2023-01-25,34,Male,Izmir,False,2023,1,1,2,Wednesday,January,False,2023-07-25,437.94,3,0.0,0.0,12.0,15.0,5.0,5.0,1,Beauty,Digital Wallet,Mobile,145.98,0.0,1.25,0
3556,CUST_03557,2023-09-26,42,Female,Istanbul,True,2023,9,3,1,Tuesday,September,False,2024-03-26,85.86,1,0.0,0.0,17.0,6.0,5.0,12.0,1,Fashion,Digital Wallet,Mobile,85.86,0.0,0.353,1
3557,CUST_03558,2023-05-03,36,Female,Gaziantep,False,2023,5,2,2,Wednesday,May,False,2023-11-03,482.64,2,115.5,0.19309860567760057,8.0,6.0,4.0,7.0,1,Toys,Digital Wallet,Desktop,241.32,0.23930880159124815,0.75,0
3558,CUST_03559,2023-03-09,33,Female,Istanbul,False,2023,3,1,3,Thursday,March,False,2023-09-09,60.53,5,14.22,0.1902341137123746,16.0,9.0,2.0,12.0,1,Books,Digital Wallet,Desktop,12.106,0.23492483066248143,0.562,0
3559,CUST_03560,2023-04-30,19,Male,Istanbul,False,2023,4,2,6,Sunday,April,True,2023-10-30,3017.16,4,0.0,0.0,13.0,8.0,1.0,12.0,1,Fashion,Credit Card,Desktop,754.29,0.0,0.615,1
3560,CUST_03561,2023-07-29,37,Female,Bursa,True,2023,7,3,5,Saturday,July,True,2024-01-29,183.85,5,0.0,0.0,9.0,12.0,5.0,7.0,1,Beauty,Credit Card,Desktop,36.769999999999996,0.0,1.333,0
3561,CUST_03562,2023-01-07,25,Female,Istanbul,False,2023,1,1,5,Saturday,January,True,2023-07-07,163.86,3,0.0,0.0,13.0,8.0,3.0,12.0,1,Toys,Credit Card,Mobile,54.620000000000005,0.0,0.615,1
3562,CUST_03563,2023-02-19,18,Female,Istanbul,True,2023,2,1,6,Sunday,February,True,2023-08-19,207.4,5,0.0,0.0,6.0,8.0,3.0,6.0,1,Fashion,Credit Card,Mobile,41.480000000000004,0.0,1.333,0
3563,CUST_03564,2023-03-20,49,Male,Izmir,False,2023,3,1,0,Monday,March,False,2023-09-20,177.36,4,0.0,0.0,16.0,9.0,1.0,12.0,1,Books,Credit Card,Desktop,44.34,0.0,0.562,0
3564,CUST_03565,2023-04-05,46,Male,Istanbul,False,2023,4,2,2,Wednesday,April,False,2023-10-05,350.6,4,0.0,0.0,10.0,9.0,5.0,12.0,1,Beauty,Debit Card,Mobile,87.65,0.0,0.9,0
3565,CUST_03566,2023-03-03,35,Male,Istanbul,True,2023,3,1,4,Friday,March,False,2023-09-03,3754.22,4,315.86,0.07760535419451216,15.0,7.0,5.0,1.0,1,Electronics,Debit Card,Mobile,938.555,0.08413465380292046,0.467,0
3566,CUST_03567,2023-09-25,37,Male,Istanbul,True,2023,9,3,0,Monday,September,False,2024-03-25,366.58,2,26.32,0.06698905573937389,16.0,9.0,4.0,13.0,1,Toys,Credit Card,Mobile,183.29,0.07179878880462655,0.562,1
3567,CUST_03568,2023-08-31,47,Female,Istanbul,False,2023,8,3,3,Thursday,August,False,2024-02-29,61.71,1,0.0,0.0,12.0,9.0,3.0,6.0,1,Food,Credit Card,Mobile,61.71,0.0,0.75,0
3568,CUST_03569,2023-01-16,37,Female,Adana,True,2023,1,1,0,Monday,January,False,2023-07-16,2396.87,5,200.43,0.0771685981596273,11.0,8.0,5.0,2.0,1,Sports,Credit Card,Mobile,479.37399999999997,0.08362155644653235,0.727,1
3569,CUST_03570,2023-05-21,45,Male,Gaziantep,True,2023,5,2,6,Sunday,May,True,2023-11-21,3977.28,4,0.0,0.0,17.0,11.0,3.0,3.0,1,Electronics,Credit Card,Tablet,994.32,0.0,0.647,0
3570,CUST_03571,2023-04-26,31,Female,Izmir,True,2023,4,2,2,Wednesday,April,False,2023-10-26,93.39,1,21.45,0.1867816091954023,11.0,9.0,5.0,6.0,1,Beauty,Cash on Delivery,Mobile,93.39,0.22968197879858657,0.818,0
3571,CUST_03572,2023-06-03,50,Male,Izmir,True,2023,6,2,5,Saturday,June,True,2023-12-03,61.83,1,4.63,0.06966596448991876,17.0,6.0,5.0,18.0,1,Books,Digital Wallet,Desktop,61.83,0.07488274300501374,0.353,0
3572,CUST_03573,2023-05-28,38,Male,Istanbul,True,2023,5,2,6,Sunday,May,True,2023-11-28,182.97,3,13.08,0.06671767406273911,17.0,4.0,5.0,5.0,1,Books,Debit Card,Mobile,60.99,0.07148712903754714,0.235,1
3573,CUST_03574,2023-12-13,37,Male,Istanbul,True,2023,12,4,2,Wednesday,December,False,2024-06-13,67.37,1,0.0,0.0,11.0,10.0,3.0,4.0,1,Books,Debit Card,Mobile,67.37,0.0,0.909,0
3574,CUST_03575,2023-03-15,19,Male,Ankara,True,2023,3,1,2,Wednesday,March,False,2023-09-15,520.45,5,0.0,0.0,1.0,12.0,5.0,2.0,1,Fashion,Debit Card,Desktop,104.09,0.0,12.0,0
3575,CUST_03576,2023-01-07,38,Female,Bursa,True,2023,1,1,5,Saturday,January,True,2023-07-07,403.09,4,103.35,0.204071558328726,18.0,10.0,5.0,5.0,1,Beauty,Debit Card,Mobile,100.7725,0.25639435361829865,0.556,0
3576,CUST_03577,2023-01-25,25,Male,Adana,False,2023,1,1,2,Wednesday,January,False,2023-07-25,504.99,3,0.0,0.0,12.0,6.0,5.0,3.0,1,Fashion,Credit Card,Mobile,168.33,0.0,0.5,0
3577,CUST_03578,2023-01-30,27,Female,Bursa,True,2023,1,1,0,Monday,January,False,2023-07-30,735.38,4,28.38,0.03715826961349115,19.0,5.0,5.0,6.0,1,Toys,Digital Wallet,Desktop,183.845,0.03859229242024531,0.263,1
3578,CUST_03579,2023-08-23,25,Male,Ankara,True,2023,8,3,2,Wednesday,August,False,2024-02-23,14501.2,4,0.0,0.0,14.0,7.0,2.0,3.0,1,Electronics,Debit Card,Desktop,3625.3,0.0,0.5,0
3579,CUST_03580,2023-03-01,22,Female,Istanbul,True,2023,3,1,2,Wednesday,March,False,2023-09-01,49.28,4,0.0,0.0,15.0,7.0,1.0,4.0,1,Food,Credit Card,Mobile,12.32,0.0,0.467,1
3580,CUST_03581,2023-08-02,60,Male,Gaziantep,False,2023,8,3,2,Wednesday,August,False,2024-02-02,1530.97,1,0.0,0.0,24.0,9.0,5.0,3.0,1,Electronics,Debit Card,Desktop,1530.97,0.0,0.375,0
3581,CUST_03582,2023-07-30,50,Male,Ankara,False,2023,7,3,6,Sunday,July,True,2024-01-30,113.44,4,0.0,0.0,12.0,10.0,5.0,3.0,1,Food,Credit Card,Mobile,28.36,0.0,0.833,1
3582,CUST_03583,2023-02-26,58,Male,Adana,True,2023,2,1,6,Sunday,February,True,2023-08-26,692.24,1,61.11,0.08111767438773478,16.0,9.0,5.0,6.0,1,Sports,Debit Card,Desktop,692.24,0.08827863168843175,0.562,0
3583,CUST_03584,2023-01-30,20,Male,Izmir,False,2023,1,1,0,Monday,January,False,2023-07-30,1370.6,5,0.0,0.0,15.0,7.0,3.0,4.0,1,Fashion,Credit Card,Desktop,274.12,0.0,0.467,0
3584,CUST_03585,2023-02-19,35,Male,Adana,True,2023,2,1,6,Sunday,February,True,2023-08-19,22.68,1,4.39,0.162172146287403,18.0,11.0,4.0,11.0,1,Toys,Bank Transfer,Mobile,22.68,0.19356261022927687,0.611,0
3585,CUST_03586,2023-05-05,19,Female,Konya,False,2023,5,2,4,Friday,May,False,2023-11-05,135.48,3,0.0,0.0,13.0,6.0,5.0,4.0,1,Books,Credit Card,Mobile,45.16,0.0,0.462,0
3586,CUST_03587,2023-05-11,26,Female,Kayseri,False,2023,5,2,3,Thursday,May,False,2023-11-11,65.3,1,0.0,0.0,5.0,10.0,4.0,9.0,1,Fashion,Credit Card,Desktop,65.3,0.0,2.0,0
3587,CUST_03588,2023-04-15,23,Female,Bursa,False,2023,4,2,5,Saturday,April,True,2023-10-15,809.37,3,0.0,0.0,15.0,7.0,3.0,9.0,1,Fashion,Credit Card,Mobile,269.79,0.0,0.467,0
3588,CUST_03589,2023-05-23,49,Female,Izmir,False,2023,5,2,1,Tuesday,May,False,2023-11-23,1829.07,3,0.0,0.0,12.0,11.0,3.0,11.0,1,Sports,Credit Card,Mobile,609.6899999999999,0.0,0.917,1
3589,CUST_03590,2023-07-18,30,Male,Ankara,True,2023,7,3,1,Tuesday,July,False,2024-01-18,241.37,1,14.51,0.05670626856338909,13.0,3.0,3.0,8.0,1,Sports,Credit Card,Mobile,241.37,0.060115175871069314,0.231,1
3590,CUST_03591,2023-01-11,47,Male,Kayseri,False,2023,1,1,2,Wednesday,January,False,2023-07-11,459.52,4,0.0,0.0,10.0,9.0,4.0,12.0,1,Beauty,Credit Card,Mobile,114.88,0.0,0.9,0
3591,CUST_03592,2023-02-11,42,Other,Izmir,False,2023,2,1,5,Saturday,February,True,2023-08-11,3530.25,5,0.0,0.0,11.0,9.0,5.0,7.0,1,Sports,Digital Wallet,Desktop,706.05,0.0,0.818,1
3592,CUST_03593,2023-01-19,62,Female,Istanbul,True,2023,1,1,3,Thursday,January,False,2023-07-19,7892.9,5,0.0,0.0,20.0,11.0,5.0,7.0,1,Electronics,Debit Card,Mobile,1578.58,0.0,0.55,0
3593,CUST_03594,2023-03-30,18,Female,Izmir,False,2023,3,1,3,Thursday,March,False,2023-09-30,416.16,5,31.79,0.07096774193548386,17.0,11.0,4.0,12.0,1,Sports,Cash on Delivery,Tablet,83.232,0.07638888888888888,0.647,0
3594,CUST_03595,2023-02-17,50,Female,Istanbul,True,2023,2,1,4,Friday,February,False,2023-08-17,1590.55,1,0.0,0.0,11.0,10.0,5.0,2.0,1,Electronics,Credit Card,Mobile,1590.55,0.0,0.909,0
3595,CUST_03596,2023-07-29,48,Male,Izmir,True,2023,7,3,5,Saturday,July,True,2024-01-29,50.49,1,0.0,0.0,17.0,6.0,3.0,2.0,1,Books,Bank Transfer,Mobile,50.49,0.0,0.353,1
3596,CUST_03597,2023-02-02,23,Male,Bursa,True,2023,2,1,3,Thursday,February,False,2023-08-02,3425.25,5,0.0,0.0,16.0,8.0,5.0,7.0,1,Home & Garden,Credit Card,Tablet,685.05,0.0,0.5,0
3597,CUST_03598,2023-04-07,47,Male,Ankara,True,2023,4,2,4,Friday,April,False,2023-10-07,449.54,1,38.32,0.07854712417496823,18.0,5.0,1.0,6.0,1,Sports,Debit Card,Tablet,449.54,0.08524269253014193,0.278,0
3598,CUST_03599,2023-01-24,39,Male,Istanbul,False,2023,1,1,1,Tuesday,January,False,2023-07-24,2174.17,4,332.79,0.1327464339279446,14.0,10.0,4.0,6.0,1,Fashion,Digital Wallet,Mobile,543.5425,0.15306530768063215,0.714,1
3599,CUST_03600,2023-01-27,32,Male,Kayseri,False,2023,1,1,4,Friday,January,False,2023-07-27,2846.03,5,75.17,0.02573257565384089,8.0,7.0,2.0,4.0,1,Electronics,Debit Card,Mobile,569.206,0.026412230370024208,0.875,0
3600,CUST_03601,2023-02-16,25,Male,Adana,True,2023,2,1,3,Thursday,February,False,2023-08-16,193.76,3,24.55,0.11245476615821538,12.0,9.0,3.0,4.0,1,Toys,Debit Card,Mobile,64.58666666666666,0.12670313790255988,0.75,1
3601,CUST_03602,2023-07-13,26,Female,Gaziantep,True,2023,7,3,3,Thursday,July,False,2024-01-13,192.39,3,0.0,0.0,31.0,10.0,5.0,6.0,1,Food,Digital Wallet,Mobile,64.13,0.0,0.323,0
3602,CUST_03603,2023-02-10,59,Female,Ankara,False,2023,2,1,4,Friday,February,False,2023-08-10,147.51,1,0.0,0.0,18.0,10.0,5.0,8.0,1,Sports,Credit Card,Mobile,147.51,0.0,0.556,0
3603,CUST_03604,2023-01-18,35,Female,Adana,True,2023,1,1,2,Wednesday,January,False,2023-07-18,2607.84,4,0.0,0.0,16.0,9.0,5.0,4.0,1,Sports,Bank Transfer,Mobile,651.96,0.0,0.562,0
3604,CUST_03605,2023-06-03,44,Female,Izmir,True,2023,6,2,5,Saturday,June,True,2023-12-03,512.0,1,0.0,0.0,14.0,12.0,4.0,10.0,1,Fashion,Credit Card,Mobile,512.0,0.0,0.857,1
3605,CUST_03606,2023-01-05,25,Male,Istanbul,False,2023,1,1,3,Thursday,January,False,2023-07-05,4843.92,3,0.0,0.0,18.0,10.0,5.0,6.0,1,Electronics,Debit Card,Mobile,1614.64,0.0,0.556,0
3606,CUST_03607,2023-09-05,25,Male,Istanbul,True,2023,9,3,1,Tuesday,September,False,2024-03-05,186.09,1,0.0,0.0,14.0,5.0,3.0,8.0,1,Toys,Credit Card,Mobile,186.09,0.0,0.357,0
3607,CUST_03608,2023-01-10,47,Female,Ankara,False,2023,1,1,1,Tuesday,January,False,2023-07-10,395.16,3,0.0,0.0,16.0,6.0,4.0,4.0,1,Beauty,Credit Card,Tablet,131.72,0.0,0.375,1
3608,CUST_03609,2023-04-07,18,Male,Istanbul,False,2023,4,2,4,Friday,April,False,2023-10-07,2418.6,5,0.0,0.0,18.0,13.0,5.0,7.0,1,Fashion,Digital Wallet,Mobile,483.71999999999997,0.0,0.722,0
3609,CUST_03610,2023-08-19,30,Male,Eskisehir,True,2023,8,3,5,Saturday,August,True,2024-02-19,196.24,2,0.0,0.0,14.0,6.0,4.0,2.0,1,Fashion,Bank Transfer,Desktop,98.12,0.0,0.429,1
3610,CUST_03611,2023-05-08,35,Male,Istanbul,True,2023,5,2,0,Monday,May,False,2023-11-08,476.17,4,42.15,0.08132041981787312,16.0,12.0,3.0,7.0,1,Beauty,Credit Card,Mobile,119.0425,0.08851880630867126,0.75,0
3611,CUST_03612,2023-09-19,36,Male,Izmir,True,2023,9,3,1,Tuesday,September,False,2024-03-19,5857.31,3,1010.47,0.14713196986508012,15.0,10.0,5.0,8.0,1,Electronics,Cash on Delivery,Tablet,1952.4366666666667,0.1725143453223408,0.667,1
3612,CUST_03613,2023-07-21,32,Female,Izmir,True,2023,7,3,4,Friday,July,False,2024-01-21,4076.45,1,0.0,0.0,13.0,9.0,5.0,6.0,1,Electronics,Credit Card,Tablet,4076.45,0.0,0.692,1
3613,CUST_03614,2023-03-12,39,Male,Ankara,False,2023,3,1,6,Sunday,March,True,2023-09-12,2418.25,5,0.0,0.0,20.0,7.0,5.0,5.0,1,Sports,Bank Transfer,Mobile,483.65,0.0,0.35,1
3614,CUST_03615,2023-10-14,43,Female,Bursa,True,2023,10,4,5,Saturday,October,True,2024-04-14,103.34,1,0.0,0.0,20.0,8.0,4.0,6.0,1,Books,Debit Card,Mobile,103.34,0.0,0.4,0
3615,CUST_03616,2023-03-31,43,Female,Istanbul,False,2023,3,1,4,Friday,March,False,2023-09-30,300.22,2,0.0,0.0,14.0,12.0,5.0,4.0,1,Beauty,Credit Card,Desktop,150.11,0.0,0.857,1
3616,CUST_03617,2023-02-04,23,Male,Gaziantep,True,2023,2,1,5,Saturday,February,True,2023-08-04,1677.09,4,248.59,0.129092060986249,14.0,8.0,4.0,10.0,1,Electronics,Debit Card,Mobile,419.2725,0.148226988414456,0.571,0
3617,CUST_03618,2023-02-11,31,Male,Ankara,True,2023,2,1,5,Saturday,February,True,2023-08-11,1104.92,5,147.43,0.11772268135904501,14.0,8.0,3.0,9.0,1,Sports,Credit Card,Mobile,220.984,0.13343047460449625,0.571,1
3618,CUST_03619,2023-07-24,49,Male,Bursa,False,2023,7,3,0,Monday,July,False,2024-01-24,222.4,5,0.0,0.0,15.0,8.0,3.0,5.0,1,Books,Digital Wallet,Tablet,44.480000000000004,0.0,0.533,0
3619,CUST_03620,2023-02-26,45,Male,Adana,True,2023,2,1,6,Sunday,February,True,2023-08-26,3352.84,1,0.0,0.0,16.0,13.0,3.0,9.0,1,Electronics,Cash on Delivery,Desktop,3352.84,0.0,0.812,1
3620,CUST_03621,2023-05-23,18,Female,Konya,False,2023,5,2,1,Tuesday,May,False,2023-11-23,3788.68,3,312.08,0.07610296627942137,19.0,7.0,5.0,7.0,1,Electronics,Debit Card,Mobile,1262.8933333333332,0.08237169673870583,0.368,0
3621,CUST_03622,2023-01-08,39,Female,Gaziantep,False,2023,1,1,6,Sunday,January,True,2023-07-08,120.13,1,25.45,0.1748179695013051,14.0,9.0,4.0,3.0,1,Food,Debit Card,Desktop,120.13,0.21185382502289188,0.643,0
3622,CUST_03623,2023-01-13,18,Female,Bursa,True,2023,1,1,4,Friday,January,False,2023-07-13,1567.94,2,122.92,0.07269673420626191,15.0,7.0,4.0,3.0,1,Sports,Debit Card,Mobile,783.97,0.07839585698432337,0.467,0
3623,CUST_03624,2023-04-08,35,Male,Ankara,True,2023,4,2,5,Saturday,April,True,2023-10-08,406.8,3,32.67,0.07433954536145812,18.0,8.0,4.0,7.0,1,Sports,Credit Card,Desktop,135.6,0.08030973451327433,0.444,0
3624,CUST_03625,2023-03-25,57,Female,Izmir,True,2023,3,1,5,Saturday,March,True,2023-09-25,416.1,5,0.0,0.0,15.0,8.0,3.0,5.0,1,Books,Digital Wallet,Desktop,83.22,0.0,0.533,0
3625,CUST_03626,2023-03-02,23,Female,Adana,True,2023,3,1,3,Thursday,March,False,2023-09-02,282.06,3,0.0,0.0,14.0,15.0,5.0,3.0,1,Beauty,Digital Wallet,Mobile,94.02,0.0,1.071,0
3626,CUST_03627,2023-06-27,24,Female,Konya,True,2023,6,2,1,Tuesday,June,False,2023-12-27,45.01,1,8.05,0.1517150395778364,13.0,13.0,5.0,9.0,1,Toys,Bank Transfer,Desktop,45.01,0.1788491446345257,1.0,1
3627,CUST_03628,2023-08-25,44,Female,Istanbul,False,2023,8,3,4,Friday,August,False,2024-02-25,53.28,1,14.23,0.21078358761664936,15.0,6.0,5.0,2.0,1,Toys,Digital Wallet,Mobile,53.28,0.26707957957957956,0.4,1
3628,CUST_03629,2023-01-06,18,Female,Ankara,True,2023,1,1,4,Friday,January,False,2023-07-06,499.73,3,134.62,0.21221723023567435,15.0,10.0,5.0,2.0,1,Home & Garden,Debit Card,Mobile,166.57666666666668,0.2693854681528025,0.667,0
3629,CUST_03630,2023-05-05,27,Female,Adana,False,2023,5,2,4,Friday,May,False,2023-11-05,205.09,4,14.47,0.06590453634541811,16.0,15.0,3.0,7.0,1,Food,Credit Card,Mobile,51.2725,0.07055439075527817,0.937,0
3630,CUST_03631,2023-06-16,42,Female,Izmir,True,2023,6,2,4,Friday,June,False,2023-12-16,1015.17,3,0.0,0.0,16.0,12.0,5.0,5.0,1,Fashion,Credit Card,Desktop,338.39,0.0,0.75,0
3631,CUST_03632,2023-08-08,27,Male,Ankara,False,2023,8,3,1,Tuesday,August,False,2024-02-08,3453.99,4,641.73,0.15668307403826434,11.0,7.0,5.0,5.0,1,Home & Garden,Cash on Delivery,Desktop,863.4975,0.18579382105912295,0.636,1
3632,CUST_03633,2023-01-01,32,Female,Izmir,False,2023,1,1,6,Sunday,January,True,2023-07-01,742.71,4,187.89,0.20190199871050932,10.0,5.0,2.0,9.0,1,Fashion,Credit Card,Mobile,185.6775,0.25297895544694426,0.5,0
3633,CUST_03634,2023-04-15,43,Male,Bursa,False,2023,4,2,5,Saturday,April,True,2023-10-15,120.4,4,0.0,0.0,27.0,7.0,4.0,8.0,1,Beauty,Credit Card,Mobile,30.1,0.0,0.259,0
3634,CUST_03635,2023-02-13,40,Male,Eskisehir,False,2023,2,1,0,Monday,February,False,2023-08-13,1079.12,2,258.7,0.19337429549565713,11.0,13.0,2.0,6.0,1,Home & Garden,Cash on Delivery,Mobile,539.56,0.2397323745273927,1.182,1
3635,CUST_03636,2023-01-21,38,Female,Izmir,False,2023,1,1,5,Saturday,January,True,2023-07-21,222.45,3,0.0,0.0,11.0,9.0,5.0,3.0,1,Toys,Cash on Delivery,Desktop,74.14999999999999,0.0,0.818,1
3636,CUST_03637,2023-03-07,30,Female,Istanbul,True,2023,3,1,1,Tuesday,March,False,2023-09-07,287.4,4,0.0,0.0,10.0,9.0,4.0,6.0,1,Books,Digital Wallet,Desktop,71.85,0.0,0.9,0
3637,CUST_03638,2023-03-25,39,Male,Istanbul,False,2023,3,1,5,Saturday,March,True,2023-09-25,5285.69,5,1167.51,0.18091954379222708,12.0,5.0,5.0,10.0,1,Home & Garden,Debit Card,Tablet,1057.138,0.220881285130229,0.417,1
3638,CUST_03639,2023-05-01,33,Male,Istanbul,True,2023,5,2,0,Monday,May,False,2023-11-01,83.16,1,0.0,0.0,15.0,7.0,5.0,10.0,1,Food,Debit Card,Mobile,83.16,0.0,0.467,1
3639,CUST_03640,2023-05-25,40,Male,Bursa,True,2023,5,2,3,Thursday,May,False,2023-11-25,5279.8,4,0.0,0.0,7.0,11.0,1.0,1.0,1,Electronics,Credit Card,Mobile,1319.95,0.0,1.571,1
3640,CUST_03641,2023-07-14,29,Female,Bursa,True,2023,7,3,4,Friday,July,False,2024-01-14,105.36,2,0.0,0.0,8.0,7.0,4.0,5.0,1,Food,Digital Wallet,Desktop,52.68,0.0,0.875,0
3641,CUST_03642,2023-02-05,32,Female,Istanbul,False,2023,2,1,6,Sunday,February,True,2023-08-05,3087.16,4,267.0,0.07960264268848237,14.0,9.0,5.0,10.0,1,Electronics,Credit Card,Mobile,771.79,0.086487256896306,0.643,0
3642,CUST_03643,2023-04-02,23,Female,Antalya,True,2023,4,2,6,Sunday,April,True,2023-10-02,578.04,2,0.0,0.0,9.0,13.0,5.0,7.0,1,Sports,Credit Card,Tablet,289.02,0.0,1.444,0
3643,CUST_03644,2023-01-05,34,Female,Adana,False,2023,1,1,3,Thursday,January,False,2023-07-05,82.16,4,0.0,0.0,14.0,12.0,5.0,12.0,1,Books,Digital Wallet,Desktop,20.54,0.0,0.857,0
3644,CUST_03645,2023-01-05,25,Male,Ankara,False,2023,1,1,3,Thursday,January,False,2023-07-05,15.16,2,0.0,0.0,9.0,6.0,5.0,3.0,1,Food,Credit Card,Mobile,7.58,0.0,0.667,1
3645,CUST_03646,2023-06-07,21,Female,Ankara,True,2023,6,2,2,Wednesday,June,False,2023-12-07,107.16,1,0.0,0.0,14.0,6.0,4.0,2.0,1,Books,Digital Wallet,Mobile,107.16,0.0,0.429,0
3646,CUST_03647,2023-01-03,38,Male,Eskisehir,True,2023,1,1,1,Tuesday,January,False,2023-07-03,139.15,4,19.45,0.12263556116015133,16.0,8.0,3.0,15.0,1,Toys,Digital Wallet,Desktop,34.7875,0.13977721882860222,0.5,0
3647,CUST_03648,2023-01-14,37,Female,Ankara,True,2023,1,1,5,Saturday,January,True,2023-07-14,2781.4,4,0.0,0.0,15.0,5.0,3.0,6.0,1,Sports,Debit Card,Desktop,695.35,0.0,0.333,1
3648,CUST_03649,2023-05-24,44,Female,Adana,False,2023,5,2,2,Wednesday,May,False,2023-11-24,6006.68,4,0.0,0.0,13.0,6.0,3.0,3.0,1,Electronics,Credit Card,Desktop,1501.67,0.0,0.462,1
3649,CUST_03650,2023-09-12,29,Female,Izmir,True,2023,9,3,1,Tuesday,September,False,2024-03-12,192.75,5,0.0,0.0,11.0,5.0,2.0,2.0,1,Books,Debit Card,Mobile,38.55,0.0,0.455,0
3650,CUST_03651,2023-08-27,39,Male,Gaziantep,True,2023,8,3,6,Sunday,August,True,2024-02-27,88.1,2,0.0,0.0,8.0,10.0,3.0,6.0,1,Books,Cash on Delivery,Tablet,44.05,0.0,1.25,0
3651,CUST_03652,2023-02-20,41,Male,Adana,True,2023,2,1,0,Monday,February,False,2023-08-20,35.45,1,0.0,0.0,19.0,12.0,5.0,13.0,1,Books,Credit Card,Desktop,35.45,0.0,0.632,1
3652,CUST_03653,2023-07-12,40,Male,Antalya,True,2023,7,3,2,Wednesday,July,False,2024-01-12,6717.75,5,0.0,0.0,10.0,12.0,4.0,4.0,1,Electronics,Credit Card,Desktop,1343.55,0.0,1.2,0
3653,CUST_03654,2023-01-17,25,Female,Konya,False,2023,1,1,1,Tuesday,January,False,2023-07-17,160.78,1,33.69,0.17324008844551858,14.0,6.0,5.0,9.0,1,Toys,Debit Card,Mobile,160.78,0.20954098768503543,0.429,0
3654,CUST_03655,2023-01-30,36,Male,Kayseri,True,2023,1,1,0,Monday,January,False,2023-07-30,1698.56,3,433.36,0.2032721678111749,11.0,9.0,5.0,5.0,1,Sports,Credit Card,Tablet,566.1866666666666,0.2551337603617182,0.818,1
3655,CUST_03656,2023-04-08,39,Male,Bursa,True,2023,4,2,5,Saturday,April,True,2023-10-08,244.05,4,47.71,0.16352481491636964,16.0,14.0,5.0,6.0,1,Food,Debit Card,Mobile,61.0125,0.19549272690022534,0.875,0
3656,CUST_03657,2023-05-02,35,Male,Istanbul,False,2023,5,2,1,Tuesday,May,False,2023-11-02,2188.75,3,130.19,0.05614203041044615,15.0,11.0,5.0,5.0,1,Home & Garden,Credit Card,Mobile,729.5833333333334,0.05948143917761279,0.733,0
3657,CUST_03658,2023-03-02,18,Female,Ankara,True,2023,3,1,3,Thursday,March,False,2023-09-02,81.4,1,11.84,0.12698412698412698,14.0,8.0,1.0,13.0,1,Beauty,Debit Card,Desktop,81.4,0.14545454545454545,0.571,1
3658,CUST_03659,2023-03-30,36,Male,Adana,True,2023,3,1,3,Thursday,March,False,2023-09-30,209.76,4,49.2,0.18999073215940687,6.0,8.0,4.0,6.0,1,Books,Credit Card,Desktop,52.44,0.23455377574370712,1.333,1
3659,CUST_03660,2023-03-28,61,Female,Antalya,True,2023,3,1,1,Tuesday,March,False,2023-09-28,8865.45,5,0.0,0.0,17.0,11.0,5.0,7.0,1,Electronics,Debit Card,Mobile,1773.0900000000001,0.0,0.647,0
3660,CUST_03661,2023-06-10,30,Female,Istanbul,True,2023,6,2,5,Saturday,June,True,2023-12-10,684.84,3,0.0,0.0,3.0,12.0,4.0,7.0,1,Sports,Credit Card,Mobile,228.28,0.0,4.0,0
3661,CUST_03662,2023-03-30,26,Female,Istanbul,True,2023,3,1,3,Thursday,March,False,2023-09-30,45.93,1,11.64,0.20218863991662325,18.0,11.0,2.0,2.0,1,Food,Digital Wallet,Mobile,45.93,0.2534291312867407,0.611,1
3662,CUST_03663,2023-01-24,39,Male,Antalya,False,2023,1,1,1,Tuesday,January,False,2023-07-24,656.63,1,0.0,0.0,7.0,7.0,4.0,11.0,1,Sports,Credit Card,Mobile,656.63,0.0,1.0,1
3663,CUST_03664,2023-02-04,38,Male,Ankara,False,2023,2,1,5,Saturday,February,True,2023-08-04,82.34,1,17.7,0.17692922830867652,18.0,7.0,4.0,4.0,1,Food,Credit Card,Tablet,82.34,0.2149623512266213,0.389,0
3664,CUST_03665,2023-01-20,49,Male,Izmir,False,2023,1,1,4,Friday,January,False,2023-07-20,194.32,2,0.0,0.0,10.0,11.0,5.0,12.0,1,Toys,Credit Card,Mobile,97.16,0.0,1.1,0
3665,CUST_03666,2023-02-18,19,Male,Adana,True,2023,2,1,5,Saturday,February,True,2023-08-18,1228.14,2,0.0,0.0,14.0,6.0,4.0,10.0,1,Fashion,Credit Card,Desktop,614.07,0.0,0.429,1
3666,CUST_03667,2023-05-19,43,Male,Bursa,False,2023,5,2,4,Friday,May,False,2023-11-19,145.8,4,0.0,0.0,11.0,14.0,5.0,11.0,1,Books,Credit Card,Mobile,36.45,0.0,1.273,0
3667,CUST_03668,2023-03-14,42,Female,Istanbul,True,2023,3,1,1,Tuesday,March,False,2023-09-14,82.52,2,17.08,0.1714859437751004,13.0,11.0,3.0,5.0,1,Books,Credit Card,Mobile,41.26,0.2069801260300533,0.846,1
3668,CUST_03669,2023-01-09,33,Male,Istanbul,False,2023,1,1,0,Monday,January,False,2023-07-09,32.92,1,0.0,0.0,2.0,10.0,5.0,9.0,1,Food,Credit Card,Tablet,32.92,0.0,5.0,1
3669,CUST_03670,2023-04-15,39,Female,Istanbul,False,2023,4,2,5,Saturday,April,True,2023-10-15,89.7,3,0.0,0.0,11.0,8.0,5.0,13.0,1,Food,Bank Transfer,Mobile,29.900000000000002,0.0,0.727,1
3670,CUST_03671,2023-05-15,47,Male,Ankara,True,2023,5,2,0,Monday,May,False,2023-11-15,563.1,3,0.0,0.0,9.0,7.0,4.0,6.0,1,Toys,Debit Card,Mobile,187.70000000000002,0.0,0.778,1
3671,CUST_03672,2023-06-09,45,Female,Bursa,True,2023,6,2,4,Friday,June,False,2023-12-09,2749.32,4,0.0,0.0,19.0,5.0,2.0,11.0,1,Electronics,Debit Card,Desktop,687.33,0.0,0.263,1
3672,CUST_03673,2023-10-24,21,Female,Izmir,True,2023,10,4,1,Tuesday,October,False,2024-04-24,2061.65,5,0.0,0.0,40.0,8.0,2.0,8.0,1,Sports,Credit Card,Desktop,412.33000000000004,0.0,0.2,0
3673,CUST_03674,2023-05-04,44,Female,Istanbul,True,2023,5,2,3,Thursday,May,False,2023-11-04,2862.84,4,0.0,0.0,14.0,7.0,4.0,2.0,1,Home & Garden,Credit Card,Desktop,715.71,0.0,0.5,1
3674,CUST_03675,2023-07-20,34,Female,Istanbul,True,2023,7,3,3,Thursday,July,False,2024-01-20,326.88,1,79.97,0.19655892835197245,14.0,12.0,5.0,6.0,1,Sports,Credit Card,Tablet,326.88,0.24464635340186,0.857,0
3675,CUST_03676,2023-06-01,35,Female,Istanbul,True,2023,6,2,3,Thursday,June,False,2023-12-01,34.68,1,11.01,0.24097176625082076,12.0,11.0,3.0,11.0,1,Beauty,Credit Card,Tablet,34.68,0.31747404844290655,0.917,1
3676,CUST_03677,2023-03-20,35,Female,Eskisehir,True,2023,3,1,0,Monday,March,False,2023-09-20,64.94,1,0.0,0.0,10.0,9.0,3.0,5.0,1,Beauty,Credit Card,Mobile,64.94,0.0,0.9,0
3677,CUST_03678,2023-01-23,33,Male,Izmir,True,2023,1,1,0,Monday,January,False,2023-07-23,66.6,3,0.0,0.0,17.0,9.0,4.0,8.0,1,Food,Credit Card,Mobile,22.2,0.0,0.529,1
3678,CUST_03679,2023-01-05,49,Female,Konya,True,2023,1,1,3,Thursday,January,False,2023-07-05,4845.9,2,1302.14,0.2117975810176902,19.0,5.0,5.0,9.0,1,Electronics,Credit Card,Mobile,2422.95,0.268709630821932,0.263,1
3679,CUST_03680,2023-01-24,33,Male,Gaziantep,False,2023,1,1,1,Tuesday,January,False,2023-07-24,95.94,2,11.32,0.1055379451799366,8.0,7.0,4.0,6.0,1,Food,Debit Card,Mobile,47.97,0.11799041067333751,0.875,1
3680,CUST_03681,2023-03-20,21,Male,Izmir,False,2023,3,1,0,Monday,March,False,2023-09-20,584.54,2,56.5,0.08813802570822414,20.0,11.0,1.0,11.0,1,Sports,Credit Card,Mobile,292.27,0.09665720053375304,0.55,1
3681,CUST_03682,2023-09-05,30,Male,Adana,True,2023,9,3,1,Tuesday,September,False,2024-03-05,588.09,4,42.39,0.0672344880091359,19.0,7.0,5.0,3.0,1,Beauty,Bank Transfer,Desktop,147.0225,0.07208080395857777,0.368,1
3682,CUST_03683,2023-08-08,37,Male,Istanbul,True,2023,8,3,1,Tuesday,August,False,2024-02-08,5235.29,5,588.76,0.10109116508271736,15.0,6.0,5.0,3.0,1,Electronics,Credit Card,Desktop,1047.058,0.11245986373247709,0.4,0
3683,CUST_03684,2023-05-06,49,Male,Antalya,False,2023,5,2,5,Saturday,May,True,2023-11-06,416.33,2,51.27,0.10964499572284003,7.0,10.0,4.0,14.0,1,Toys,Credit Card,Mobile,208.165,0.12314750318257153,1.429,0
3684,CUST_03685,2023-01-07,42,Male,Ankara,True,2023,1,1,5,Saturday,January,True,2023-07-07,3986.9,5,0.0,0.0,16.0,7.0,4.0,1.0,1,Home & Garden,Digital Wallet,Mobile,797.38,0.0,0.437,1
3685,CUST_03686,2023-04-30,24,Male,Gaziantep,True,2023,4,2,6,Sunday,April,True,2023-10-30,569.55,3,0.0,0.0,17.0,9.0,4.0,3.0,1,Beauty,Credit Card,Mobile,189.85,0.0,0.529,0
3686,CUST_03687,2023-02-26,64,Female,Istanbul,False,2023,2,1,6,Sunday,February,True,2023-08-26,1467.08,2,0.0,0.0,14.0,8.0,4.0,4.0,1,Electronics,Digital Wallet,Desktop,733.54,0.0,0.571,0
3687,CUST_03688,2023-05-05,38,Male,Adana,False,2023,5,2,4,Friday,May,False,2023-11-05,152.09,1,42.45,0.21820705253418324,14.0,6.0,4.0,3.0,1,Fashion,Credit Card,Desktop,152.09,0.2791110526661845,0.429,0
3688,CUST_03689,2023-02-27,50,Female,Istanbul,True,2023,2,1,0,Monday,February,False,2023-08-27,245.0,4,0.0,0.0,15.0,7.0,2.0,23.0,1,Books,Debit Card,Mobile,61.25,0.0,0.467,1
3689,CUST_03690,2023-05-12,33,Male,Konya,True,2023,5,2,4,Friday,May,False,2023-11-12,604.82,1,0.0,0.0,15.0,6.0,2.0,5.0,1,Sports,Digital Wallet,Mobile,604.82,0.0,0.4,1
3690,CUST_03691,2023-04-12,41,Female,Ankara,False,2023,4,2,2,Wednesday,April,False,2023-10-12,1536.14,2,381.74,0.19904269297349156,17.0,9.0,5.0,4.0,1,Home & Garden,Digital Wallet,Mobile,768.07,0.24850599554728084,0.529,0
3691,CUST_03692,2023-01-19,45,Female,Antalya,True,2023,1,1,3,Thursday,January,False,2023-07-19,156.32,4,32.68,0.1729100529100529,18.0,10.0,5.0,11.0,1,Beauty,Credit Card,Mobile,39.08,0.20905834186284544,0.556,0
3692,CUST_03693,2023-01-03,49,Female,Izmir,True,2023,1,1,1,Tuesday,January,False,2023-07-03,72.44,2,0.0,0.0,14.0,12.0,4.0,7.0,1,Food,Debit Card,Mobile,36.22,0.0,0.857,1
3693,CUST_03694,2023-06-15,47,Female,Ankara,True,2023,6,2,3,Thursday,June,False,2023-12-15,681.7,2,0.0,0.0,18.0,9.0,4.0,8.0,1,Home & Garden,Debit Card,Mobile,340.85,0.0,0.5,1
3694,CUST_03695,2023-01-24,45,Male,Antalya,False,2023,1,1,1,Tuesday,January,False,2023-07-24,276.76,1,0.0,0.0,16.0,8.0,3.0,10.0,1,Sports,Debit Card,Mobile,276.76,0.0,0.5,1
3695,CUST_03696,2023-08-03,31,Other,Kayseri,True,2023,8,3,3,Thursday,August,False,2024-02-03,160.89,3,0.0,0.0,15.0,12.0,4.0,20.0,1,Books,Credit Card,Mobile,53.629999999999995,0.0,0.8,1
3696,CUST_03697,2023-07-23,28,Female,Istanbul,True,2023,7,3,6,Sunday,July,True,2024-01-23,381.06,5,30.54,0.07419825072886298,16.0,16.0,5.0,9.0,1,Books,Credit Card,Mobile,76.212,0.08014485907731066,1.0,0
3697,CUST_03698,2023-01-20,38,Female,Kayseri,True,2023,1,1,4,Friday,January,False,2023-07-20,190.1,1,50.9,0.2112033195020747,11.0,15.0,2.0,21.0,1,Fashion,Digital Wallet,Desktop,190.1,0.2677538137822199,1.364,0
3698,CUST_03699,2023-03-28,46,Female,Bursa,True,2023,3,1,1,Tuesday,March,False,2023-09-28,42.9,3,1.23,0.02787219578518015,10.0,10.0,5.0,4.0,1,Food,Credit Card,Desktop,14.299999999999999,0.028671328671328673,1.0,1
3699,CUST_03700,2023-01-24,32,Male,Gaziantep,False,2023,1,1,1,Tuesday,January,False,2023-07-24,2341.44,4,0.0,0.0,11.0,9.0,4.0,4.0,1,Home & Garden,Debit Card,Desktop,585.36,0.0,0.818,1
3700,CUST_03701,2023-04-29,47,Female,Ankara,False,2023,4,2,5,Saturday,April,True,2023-10-29,60.64,1,0.0,0.0,19.0,10.0,2.0,4.0,1,Food,Credit Card,Mobile,60.64,0.0,0.526,0
3701,CUST_03702,2023-01-30,52,Male,Izmir,True,2023,1,1,0,Monday,January,False,2023-07-30,375.58,1,0.0,0.0,14.0,11.0,4.0,8.0,1,Toys,Bank Transfer,Mobile,375.58,0.0,0.786,1
3702,CUST_03703,2023-03-28,24,Female,Konya,False,2023,3,1,1,Tuesday,March,False,2023-09-28,3031.2,4,0.0,0.0,18.0,6.0,3.0,6.0,1,Home & Garden,Digital Wallet,Mobile,757.8,0.0,0.333,0
3703,CUST_03704,2023-03-13,24,Male,Izmir,True,2023,3,1,0,Monday,March,False,2023-09-13,853.56,3,0.0,0.0,14.0,19.0,3.0,7.0,1,Sports,Credit Card,Mobile,284.52,0.0,1.357,0
3704,CUST_03705,2023-03-27,33,Female,Bursa,True,2023,3,1,0,Monday,March,False,2023-09-27,96.88,2,15.04,0.13438170121515366,14.0,10.0,4.0,7.0,1,Books,Digital Wallet,Mobile,48.44,0.15524360033030554,0.714,0
3705,CUST_03706,2023-02-19,38,Male,Istanbul,True,2023,2,1,6,Sunday,February,True,2023-08-19,10434.15,5,0.0,0.0,10.0,8.0,5.0,9.0,1,Electronics,Debit Card,Desktop,2086.83,0.0,0.8,0
3706,CUST_03707,2023-03-31,28,Male,Istanbul,True,2023,3,1,4,Friday,March,False,2023-09-30,4224.16,5,940.29,0.18206972668919244,13.0,8.0,3.0,4.0,1,Electronics,Credit Card,Desktop,844.832,0.22259810234460817,0.615,0
3707,CUST_03708,2023-04-05,51,Female,Antalya,True,2023,4,2,2,Wednesday,April,False,2023-10-05,261.31,5,6.39,0.02387000373552484,13.0,7.0,3.0,4.0,1,Books,Debit Card,Desktop,52.262,0.0244537139795645,0.538,0
3708,CUST_03709,2023-05-29,40,Female,Adana,False,2023,5,2,0,Monday,May,False,2023-11-29,1451.52,4,0.0,0.0,13.0,10.0,5.0,3.0,1,Fashion,Credit Card,Mobile,362.88,0.0,0.769,1
3709,CUST_03710,2023-01-04,35,Female,Bursa,True,2023,1,1,2,Wednesday,January,False,2023-07-04,35.66,2,0.0,0.0,17.0,8.0,5.0,4.0,1,Food,Bank Transfer,Mobile,17.83,0.0,0.471,1
3710,CUST_03711,2023-01-31,18,Male,Istanbul,False,2023,1,1,1,Tuesday,January,False,2023-07-31,136.17,1,21.85,0.13827363624857614,36.0,9.0,1.0,9.0,1,Toys,Credit Card,Desktop,136.17,0.16046118822060662,0.25,0
3711,CUST_03712,2023-05-02,19,Male,Izmir,True,2023,5,2,1,Tuesday,May,False,2023-11-02,4629.75,5,0.0,0.0,15.0,10.0,5.0,5.0,1,Home & Garden,Digital Wallet,Mobile,925.95,0.0,0.667,1
3712,CUST_03713,2023-01-18,38,Female,Ankara,True,2023,1,1,2,Wednesday,January,False,2023-07-18,2787.38,2,407.84,0.12764066324071582,7.0,10.0,5.0,7.0,1,Electronics,Debit Card,Mobile,1393.69,0.1463166127331042,1.429,0
3713,CUST_03714,2023-06-01,18,Other,Izmir,True,2023,6,2,3,Thursday,June,False,2023-12-01,717.41,2,117.73,0.14097037622434563,16.0,16.0,4.0,6.0,1,Toys,Credit Card,Mobile,358.705,0.16410420819336224,1.0,0
3714,CUST_03715,2023-02-26,47,Female,Konya,True,2023,2,1,6,Sunday,February,True,2023-08-26,74.94,1,19.34,0.2051336444633008,14.0,12.0,3.0,7.0,1,Fashion,Debit Card,Desktop,74.94,0.2580731251668001,0.857,0
3715,CUST_03716,2023-02-08,33,Male,Adana,True,2023,2,1,2,Wednesday,February,False,2023-08-08,197.36,1,0.0,0.0,31.0,5.0,3.0,11.0,1,Toys,Credit Card,Desktop,197.36,0.0,0.161,1
3716,CUST_03717,2023-09-06,73,Female,Istanbul,True,2023,9,3,2,Wednesday,September,False,2024-03-06,1099.6,2,0.0,0.0,12.0,9.0,5.0,9.0,1,Home & Garden,Debit Card,Mobile,549.8,0.0,0.75,0
3717,CUST_03718,2023-02-09,62,Male,Konya,True,2023,2,1,3,Thursday,February,False,2023-08-09,1651.72,4,0.0,0.0,14.0,10.0,4.0,13.0,1,Home & Garden,Credit Card,Desktop,412.93,0.0,0.714,1
3718,CUST_03719,2023-01-20,32,Female,Izmir,False,2023,1,1,4,Friday,January,False,2023-07-20,756.54,3,0.0,0.0,19.0,6.0,4.0,7.0,1,Electronics,Credit Card,Tablet,252.17999999999998,0.0,0.316,0
3719,CUST_03720,2023-11-30,33,Male,Adana,True,2023,11,4,3,Thursday,November,False,2024-05-30,31.96,1,0.0,0.0,13.0,10.0,4.0,11.0,1,Books,Credit Card,Desktop,31.96,0.0,0.769,0
3720,CUST_03721,2023-01-04,46,Male,Istanbul,True,2023,1,1,2,Wednesday,January,False,2023-07-04,19547.2,5,1137.7,0.0550014745055572,20.0,7.0,5.0,8.0,1,Electronics,Debit Card,Mobile,3909.44,0.05820270933944503,0.35,1
3721,CUST_03722,2023-07-31,55,Female,Antalya,True,2023,7,3,0,Monday,July,False,2024-01-31,114.58,1,0.0,0.0,26.0,4.0,3.0,5.0,1,Toys,Debit Card,Mobile,114.58,0.0,0.154,0
3722,CUST_03723,2023-03-12,18,Female,Istanbul,True,2023,3,1,6,Sunday,March,True,2023-09-12,31.33,1,0.0,0.0,19.0,12.0,4.0,4.0,1,Books,Debit Card,Mobile,31.33,0.0,0.632,0
3723,CUST_03724,2023-03-21,18,Male,Izmir,False,2023,3,1,1,Tuesday,March,False,2023-09-21,3312.32,2,0.0,0.0,14.0,7.0,5.0,15.0,1,Electronics,Cash on Delivery,Desktop,1656.16,0.0,0.5,0
3724,CUST_03725,2023-02-09,27,Male,Istanbul,False,2023,2,1,3,Thursday,February,False,2023-08-09,421.81,4,45.47,0.09730782400273925,14.0,7.0,5.0,8.0,1,Toys,Credit Card,Mobile,105.4525,0.10779734951755529,0.5,0
3725,CUST_03726,2023-01-08,41,Male,Istanbul,False,2023,1,1,6,Sunday,January,True,2023-07-08,310.47,1,0.0,0.0,17.0,7.0,4.0,4.0,1,Home & Garden,Digital Wallet,Mobile,310.47,0.0,0.412,1
3726,CUST_03727,2023-02-04,40,Female,Istanbul,True,2023,2,1,5,Saturday,February,True,2023-08-04,881.66,2,0.0,0.0,3.0,11.0,1.0,4.0,1,Home & Garden,Credit Card,Desktop,440.83,0.0,3.667,1
3727,CUST_03728,2023-02-21,47,Male,Istanbul,True,2023,2,1,1,Tuesday,February,False,2023-08-21,317.26,2,0.0,0.0,15.0,7.0,3.0,3.0,1,Fashion,Digital Wallet,Mobile,158.63,0.0,0.467,1
3728,CUST_03729,2023-03-19,20,Male,Istanbul,True,2023,3,1,6,Sunday,March,True,2023-09-19,745.15,4,30.41,0.03921037701789675,28.0,12.0,4.0,8.0,1,Sports,Cash on Delivery,Mobile,186.2875,0.04081057505200295,0.429,0
3729,CUST_03730,2023-01-05,18,Female,Antalya,True,2023,1,1,3,Thursday,January,False,2023-07-05,544.6,1,0.0,0.0,9.0,10.0,2.0,13.0,1,Sports,Credit Card,Desktop,544.6,0.0,1.111,1
3730,CUST_03731,2023-04-22,45,Female,Istanbul,False,2023,4,2,5,Saturday,April,True,2023-10-22,235.65,1,0.0,0.0,2.0,11.0,1.0,6.0,1,Sports,Credit Card,Mobile,235.65,0.0,5.5,0
3731,CUST_03732,2023-03-18,25,Female,Bursa,False,2023,3,1,5,Saturday,March,True,2023-09-18,490.02,4,82.9,0.14469733994274944,12.0,9.0,4.0,2.0,1,Food,Credit Card,Desktop,122.505,0.16917676829517164,0.75,1
3732,CUST_03733,2023-04-03,18,Female,Istanbul,True,2023,4,2,0,Monday,April,False,2023-10-03,168.27,3,0.0,0.0,13.0,8.0,3.0,4.0,1,Toys,Digital Wallet,Desktop,56.09,0.0,0.615,1
3733,CUST_03734,2023-03-29,36,Female,Kayseri,True,2023,3,1,2,Wednesday,March,False,2023-09-29,969.35,1,0.0,0.0,14.0,10.0,4.0,3.0,1,Home & Garden,Digital Wallet,Mobile,969.35,0.0,0.714,0
3734,CUST_03735,2023-01-31,44,Female,Kayseri,False,2023,1,1,1,Tuesday,January,False,2023-07-31,155.92,4,0.0,0.0,4.0,12.0,5.0,7.0,1,Books,Credit Card,Mobile,38.98,0.0,3.0,0
3735,CUST_03736,2023-04-11,33,Female,Istanbul,False,2023,4,2,1,Tuesday,April,False,2023-10-11,2948.45,5,0.0,0.0,16.0,11.0,5.0,3.0,1,Electronics,Credit Card,Mobile,589.6899999999999,0.0,0.687,1
3736,CUST_03737,2023-01-04,29,Female,Bursa,True,2023,1,1,2,Wednesday,January,False,2023-07-04,390.81,3,0.0,0.0,13.0,10.0,5.0,6.0,1,Beauty,Debit Card,Mobile,130.27,0.0,0.769,1
3737,CUST_03738,2023-12-08,33,Male,Istanbul,True,2023,12,4,4,Friday,December,False,2024-06-08,2450.87,1,938.19,0.2768289732256142,10.0,11.0,5.0,3.0,1,Electronics,Credit Card,Mobile,2450.87,0.38279876125620704,1.1,0
3738,CUST_03739,2023-01-03,30,Other,Kayseri,False,2023,1,1,1,Tuesday,January,False,2023-07-03,1021.14,1,0.0,0.0,14.0,10.0,5.0,6.0,1,Sports,Debit Card,Mobile,1021.14,0.0,0.714,1
3739,CUST_03740,2023-09-05,18,Male,Bursa,True,2023,9,3,1,Tuesday,September,False,2024-03-05,68.47,1,21.05,0.2351429848078642,7.0,6.0,3.0,6.0,1,Books,Digital Wallet,Desktop,68.47,0.30743391266247994,0.857,1
3740,CUST_03741,2023-03-20,26,Male,Istanbul,False,2023,3,1,0,Monday,March,False,2023-09-20,63.18,3,0.0,0.0,16.0,11.0,4.0,11.0,1,Food,Credit Card,Mobile,21.06,0.0,0.687,0
3741,CUST_03742,2023-03-30,41,Male,Ankara,False,2023,3,1,3,Thursday,March,False,2023-09-30,284.7,3,47.79,0.14373364612469547,10.0,5.0,5.0,1.0,1,Sports,Debit Card,Mobile,94.89999999999999,0.16786090621707062,0.5,1
3742,CUST_03743,2023-01-09,38,Male,Istanbul,True,2023,1,1,0,Monday,January,False,2023-07-09,1856.0,5,0.0,0.0,18.0,8.0,5.0,4.0,1,Sports,Digital Wallet,Mobile,371.2,0.0,0.444,0
3743,CUST_03744,2023-01-04,37,Female,Ankara,True,2023,1,1,2,Wednesday,January,False,2023-07-04,1297.82,3,61.33,0.04512379060442188,19.0,12.0,5.0,3.0,1,Home & Garden,Digital Wallet,Mobile,432.6066666666666,0.04725616803562898,0.632,1
3744,CUST_03745,2023-09-30,23,Female,Antalya,True,2023,9,3,5,Saturday,September,True,2024-03-30,651.3,1,60.29,0.0847257549993676,21.0,5.0,4.0,10.0,1,Sports,Credit Card,Tablet,651.3,0.0925687087363734,0.238,1
3745,CUST_03746,2023-05-25,32,Female,Izmir,True,2023,5,2,3,Thursday,May,False,2023-11-25,803.76,4,0.0,0.0,15.0,6.0,5.0,4.0,1,Fashion,Credit Card,Desktop,200.94,0.0,0.4,1
3746,CUST_03747,2023-01-22,18,Female,Ankara,False,2023,1,1,6,Sunday,January,True,2023-07-22,139.32,4,0.0,0.0,12.0,11.0,5.0,6.0,1,Toys,Credit Card,Desktop,34.83,0.0,0.917,0
3747,CUST_03748,2023-01-07,37,Female,Istanbul,True,2023,1,1,5,Saturday,January,True,2023-07-07,236.74,2,0.0,0.0,12.0,9.0,2.0,2.0,1,Sports,Credit Card,Mobile,118.37,0.0,0.75,0
3748,CUST_03749,2023-01-09,52,Male,Istanbul,False,2023,1,1,0,Monday,January,False,2023-07-09,407.41,1,68.97,0.14477937780763256,6.0,11.0,5.0,2.0,1,Electronics,Digital Wallet,Desktop,407.41,0.1692889227068555,1.833,0
3749,CUST_03750,2023-01-23,18,Female,Istanbul,True,2023,1,1,0,Monday,January,False,2023-07-23,1158.8,5,0.0,0.0,19.0,12.0,5.0,4.0,1,Sports,Digital Wallet,Mobile,231.76,0.0,0.632,1
3750,CUST_03751,2023-03-03,27,Female,Gaziantep,True,2023,3,1,4,Friday,March,False,2023-09-03,474.37,1,0.0,0.0,14.0,9.0,3.0,2.0,1,Sports,Credit Card,Mobile,474.37,0.0,0.643,0
3751,CUST_03752,2023-05-21,38,Male,Istanbul,True,2023,5,2,6,Sunday,May,True,2023-11-21,378.3,1,0.0,0.0,19.0,7.0,4.0,2.0,1,Sports,Debit Card,Desktop,378.3,0.0,0.368,0
3752,CUST_03753,2023-10-02,50,Female,Bursa,False,2023,10,4,0,Monday,October,False,2024-04-02,614.5,5,0.0,0.0,10.0,9.0,3.0,11.0,1,Fashion,Credit Card,Mobile,122.9,0.0,0.9,1
3753,CUST_03754,2023-05-27,29,Male,Ankara,False,2023,5,2,5,Saturday,May,True,2023-11-27,1422.16,4,0.0,0.0,23.0,8.0,3.0,6.0,1,Fashion,Credit Card,Desktop,355.54,0.0,0.348,0
3754,CUST_03755,2023-01-09,26,Male,Istanbul,True,2023,1,1,0,Monday,January,False,2023-07-09,41.21,1,0.0,0.0,5.0,10.0,3.0,4.0,1,Beauty,Credit Card,Desktop,41.21,0.0,2.0,1
3755,CUST_03756,2023-04-01,18,Male,Antalya,False,2023,4,2,5,Saturday,April,True,2023-10-01,2777.81,5,328.89,0.10586474394051565,12.0,11.0,5.0,3.0,1,Toys,Digital Wallet,Mobile,555.562,0.11839902657129177,0.917,1
3756,CUST_03757,2023-04-23,36,Male,Izmir,True,2023,4,2,6,Sunday,April,True,2023-10-23,614.2,4,133.92,0.17900871517938297,11.0,13.0,2.0,5.0,1,Fashion,Credit Card,Desktop,153.55,0.21803972647346137,1.182,0
3757,CUST_03758,2023-01-08,59,Female,Izmir,False,2023,1,1,6,Sunday,January,True,2023-07-08,727.7,5,0.0,0.0,14.0,10.0,4.0,9.0,1,Beauty,Credit Card,Mobile,145.54000000000002,0.0,0.714,0
3758,CUST_03759,2023-01-04,38,Female,Bursa,False,2023,1,1,2,Wednesday,January,False,2023-07-04,3358.22,4,240.7,0.06688117546375023,12.0,9.0,3.0,11.0,1,Sports,Debit Card,Desktop,839.555,0.07167487538040986,0.75,0
3759,CUST_03760,2023-02-15,34,Male,Izmir,False,2023,2,1,2,Wednesday,February,False,2023-08-15,549.68,4,0.0,0.0,21.0,9.0,5.0,2.0,1,Beauty,Digital Wallet,Mobile,137.42,0.0,0.429,1
3760,CUST_03761,2023-01-03,38,Female,Ankara,True,2023,1,1,1,Tuesday,January,False,2023-07-03,2895.56,4,0.0,0.0,14.0,13.0,4.0,6.0,1,Home & Garden,Credit Card,Desktop,723.89,0.0,0.929,0
3761,CUST_03762,2023-04-02,34,Female,Bursa,False,2023,4,2,6,Sunday,April,True,2023-10-02,657.3,4,26.54,0.038810248011230696,14.0,11.0,1.0,7.0,1,Beauty,Bank Transfer,Mobile,164.325,0.04037730108017648,0.786,0
3762,CUST_03763,2023-02-24,25,Male,Antalya,True,2023,2,1,4,Friday,February,False,2023-08-24,170.35,1,0.0,0.0,6.0,8.0,4.0,3.0,1,Beauty,Debit Card,Mobile,170.35,0.0,1.333,0
3763,CUST_03764,2023-02-19,44,Male,Istanbul,False,2023,2,1,6,Sunday,February,True,2023-08-19,966.44,4,0.0,0.0,23.0,10.0,4.0,9.0,1,Toys,Digital Wallet,Mobile,241.61,0.0,0.435,0
3764,CUST_03765,2023-03-31,37,Female,Izmir,False,2023,3,1,4,Friday,March,False,2023-09-30,236.76,2,0.0,0.0,17.0,16.0,4.0,7.0,1,Beauty,Bank Transfer,Mobile,118.38,0.0,0.941,1
3765,CUST_03766,2023-02-10,35,Female,Istanbul,True,2023,2,1,4,Friday,February,False,2023-08-10,46.96,1,0.0,0.0,19.0,6.0,5.0,2.0,1,Beauty,Credit Card,Desktop,46.96,0.0,0.316,1
3766,CUST_03767,2023-05-04,23,Other,Istanbul,True,2023,5,2,3,Thursday,May,False,2023-11-04,761.5,5,0.0,0.0,8.0,9.0,4.0,3.0,1,Beauty,Credit Card,Desktop,152.3,0.0,1.125,0
3767,CUST_03768,2023-04-09,50,Male,Bursa,False,2023,4,2,6,Sunday,April,True,2023-10-09,1411.48,4,87.24,0.05820967225365645,8.0,7.0,5.0,8.0,1,Home & Garden,Credit Card,Desktop,352.87,0.06180746450534191,0.875,1
3768,CUST_03769,2023-05-18,42,Female,Konya,True,2023,5,2,3,Thursday,May,False,2023-11-18,1322.0,4,0.0,0.0,10.0,11.0,5.0,3.0,1,Sports,Credit Card,Desktop,330.5,0.0,1.1,0
3769,CUST_03770,2023-09-25,28,Male,Konya,False,2023,9,3,0,Monday,September,False,2024-03-25,394.74,2,0.0,0.0,13.0,4.0,3.0,7.0,1,Home & Garden,Bank Transfer,Mobile,197.37,0.0,0.308,1
3770,CUST_03771,2023-03-13,47,Male,Istanbul,True,2023,3,1,0,Monday,March,False,2023-09-13,122.65,5,0.0,0.0,15.0,8.0,1.0,9.0,1,Books,Debit Card,Mobile,24.53,0.0,0.533,1
3771,CUST_03772,2023-04-19,29,Female,Izmir,True,2023,4,2,2,Wednesday,April,False,2023-10-19,30.7,1,0.0,0.0,10.0,6.0,1.0,6.0,1,Food,Credit Card,Desktop,30.7,0.0,0.6,0
3772,CUST_03773,2023-02-11,25,Male,Bursa,False,2023,2,1,5,Saturday,February,True,2023-08-11,3137.88,5,487.57,0.13448537422940599,16.0,9.0,4.0,8.0,1,Electronics,Digital Wallet,Mobile,627.576,0.15538197764095504,0.562,1
3773,CUST_03774,2023-02-07,25,Male,Istanbul,True,2023,2,1,1,Tuesday,February,False,2023-08-07,363.42,1,0.0,0.0,9.0,10.0,4.0,7.0,1,Fashion,Digital Wallet,Tablet,363.42,0.0,1.111,1
3774,CUST_03775,2023-06-24,18,Male,Adana,True,2023,6,2,5,Saturday,June,True,2023-12-24,1251.96,2,0.0,0.0,11.0,12.0,5.0,6.0,1,Home & Garden,Credit Card,Desktop,625.98,0.0,1.091,0
3775,CUST_03776,2023-04-13,40,Male,Adana,True,2023,4,2,3,Thursday,April,False,2023-10-13,217.89,1,0.0,0.0,15.0,11.0,5.0,16.0,1,Fashion,Bank Transfer,Mobile,217.89,0.0,0.733,0
3776,CUST_03777,2023-02-10,18,Female,Konya,True,2023,2,1,4,Friday,February,False,2023-08-10,120.64,2,0.0,0.0,13.0,12.0,4.0,3.0,1,Food,Digital Wallet,Desktop,60.32,0.0,0.923,0
3777,CUST_03778,2023-01-29,20,Female,Istanbul,True,2023,1,1,6,Sunday,January,True,2023-07-29,4538.0,5,0.0,0.0,17.0,4.0,2.0,11.0,1,Sports,Credit Card,Desktop,907.6,0.0,0.235,0
3778,CUST_03779,2023-06-09,18,Male,Istanbul,False,2023,6,2,4,Friday,June,False,2023-12-09,133.12,1,30.45,0.18615883108149417,16.0,6.0,3.0,9.0,1,Home & Garden,Credit Card,Tablet,133.12,0.22874098557692307,0.375,1
3779,CUST_03780,2023-08-24,33,Male,Gaziantep,False,2023,8,3,3,Thursday,August,False,2024-02-24,38.51,1,0.0,0.0,3.0,8.0,5.0,8.0,1,Books,Debit Card,Mobile,38.51,0.0,2.667,0
3780,CUST_03781,2023-08-04,33,Male,Antalya,True,2023,8,3,4,Friday,August,False,2024-02-04,507.9,3,61.29,0.10767933379012282,13.0,5.0,5.0,8.0,1,Fashion,Credit Card,Desktop,169.29999999999998,0.12067336089781454,0.385,1
3781,CUST_03782,2023-03-24,31,Female,Konya,True,2023,3,1,4,Friday,March,False,2023-09-24,1505.35,5,0.0,0.0,14.0,10.0,5.0,5.0,1,Home & Garden,Credit Card,Mobile,301.07,0.0,0.714,0
3782,CUST_03783,2023-02-22,22,Male,Istanbul,False,2023,2,1,2,Wednesday,February,False,2023-08-22,3591.07,4,1008.61,0.21927829762070403,14.0,7.0,2.0,9.0,1,Home & Garden,Debit Card,Tablet,897.7675,0.2808661485295469,0.5,1
3783,CUST_03784,2023-04-26,20,Female,Bursa,True,2023,4,2,2,Wednesday,April,False,2023-10-26,2503.61,1,261.34,0.09451888822582687,6.0,6.0,4.0,5.0,1,Electronics,Credit Card,Tablet,2503.61,0.10438526767347948,1.0,0
3784,CUST_03785,2023-02-08,40,Male,Bursa,True,2023,2,1,2,Wednesday,February,False,2023-08-08,58.15,1,12.61,0.17820802713397396,15.0,9.0,4.0,5.0,1,Books,Credit Card,Desktop,58.15,0.2168529664660361,0.6,1
3785,CUST_03786,2023-02-28,28,Male,Istanbul,True,2023,2,1,1,Tuesday,February,False,2023-08-28,2001.6,5,0.0,0.0,8.0,6.0,4.0,3.0,1,Fashion,Digital Wallet,Tablet,400.32,0.0,0.75,0
3786,CUST_03787,2023-01-07,38,Female,Izmir,False,2023,1,1,5,Saturday,January,True,2023-07-07,286.85,5,0.0,0.0,10.0,7.0,5.0,5.0,1,Sports,Credit Card,Mobile,57.370000000000005,0.0,0.7,1
3787,CUST_03788,2023-01-04,24,Female,Bursa,True,2023,1,1,2,Wednesday,January,False,2023-07-04,140.78,3,16.21,0.10325498439391044,13.0,11.0,5.0,1.0,1,Food,Credit Card,Tablet,46.92666666666667,0.1151441966188379,0.846,1
3788,CUST_03789,2023-02-11,37,Male,Istanbul,True,2023,2,1,5,Saturday,February,True,2023-08-11,45.18,2,7.88,0.14851111948737278,17.0,6.0,4.0,6.0,1,Food,Digital Wallet,Mobile,22.59,0.17441345728198318,0.353,0
3789,CUST_03790,2023-12-01,50,Female,Ankara,False,2023,12,4,4,Friday,December,False,2024-06-01,125.07,1,53.22,0.29850243984519603,25.0,9.0,4.0,4.0,1,Food,Digital Wallet,Mobile,125.07,0.4255217078436076,0.36,0
3790,CUST_03791,2023-01-25,42,Female,Antalya,False,2023,1,1,2,Wednesday,January,False,2023-07-25,86.94,3,0.0,0.0,11.0,9.0,5.0,5.0,1,Books,Debit Card,Mobile,28.98,0.0,0.818,0
3791,CUST_03792,2023-02-03,30,Female,Izmir,True,2023,2,1,4,Friday,February,False,2023-08-03,2308.9,5,0.0,0.0,16.0,8.0,5.0,6.0,1,Sports,Debit Card,Mobile,461.78000000000003,0.0,0.5,0
3792,CUST_03793,2023-11-25,38,Female,Konya,True,2023,11,4,5,Saturday,November,True,2024-05-25,547.65,3,0.0,0.0,15.0,10.0,5.0,6.0,1,Fashion,Credit Card,Mobile,182.54999999999998,0.0,0.667,0
3793,CUST_03794,2023-01-17,32,Female,Ankara,False,2023,1,1,1,Tuesday,January,False,2023-07-17,194.41,1,0.0,0.0,26.0,8.0,3.0,8.0,1,Sports,Credit Card,Mobile,194.41,0.0,0.308,0
3794,CUST_03795,2023-02-06,35,Other,Ankara,True,2023,2,1,0,Monday,February,False,2023-08-06,37852.05,5,0.0,0.0,13.0,5.0,5.0,7.0,1,Electronics,Credit Card,Mobile,7570.410000000001,0.0,0.385,0
3795,CUST_03796,2023-05-13,31,Male,Eskisehir,False,2023,5,2,5,Saturday,May,True,2023-11-13,722.52,3,0.0,0.0,15.0,7.0,4.0,6.0,1,Fashion,Cash on Delivery,Desktop,240.84,0.0,0.467,1
3796,CUST_03797,2023-03-23,33,Female,Kayseri,False,2023,3,1,3,Thursday,March,False,2023-09-23,88.36,3,10.82,0.10909457551925791,17.0,9.0,2.0,3.0,1,Books,Bank Transfer,Mobile,29.453333333333333,0.12245359891353554,0.529,1
3797,CUST_03798,2023-01-19,37,Male,Istanbul,True,2023,1,1,3,Thursday,January,False,2023-07-19,1946.21,2,350.35,0.15255425505974154,13.0,6.0,4.0,6.0,1,Home & Garden,Debit Card,Desktop,973.105,0.18001654497716074,0.462,1
3798,CUST_03799,2023-04-30,23,Male,Adana,True,2023,4,2,6,Sunday,April,True,2023-10-30,455.56,2,63.92,0.12304612304612304,13.0,13.0,4.0,13.0,1,Sports,Credit Card,Mobile,227.78,0.1403108262358416,1.0,1
3799,CUST_03800,2023-01-18,22,Male,Istanbul,False,2023,1,1,2,Wednesday,January,False,2023-07-18,3442.94,2,0.0,0.0,15.0,12.0,5.0,3.0,1,Home & Garden,Cash on Delivery,Mobile,1721.47,0.0,0.8,0
3800,CUST_03801,2023-01-16,18,Male,Istanbul,True,2023,1,1,0,Monday,January,False,2023-07-16,25.18,1,0.0,0.0,21.0,11.0,4.0,7.0,1,Food,Credit Card,Mobile,25.18,0.0,0.524,1
3801,CUST_03802,2023-06-10,18,Female,Ankara,True,2023,6,2,5,Saturday,June,True,2023-12-10,393.48,3,99.84,0.20238384821211386,14.0,8.0,4.0,6.0,1,Beauty,Bank Transfer,Desktop,131.16,0.25373589508996647,0.571,0
3802,CUST_03803,2023-01-05,20,Female,Ankara,False,2023,1,1,3,Thursday,January,False,2023-07-05,1624.97,1,0.0,0.0,12.0,7.0,4.0,5.0,1,Electronics,Credit Card,Desktop,1624.97,0.0,0.583,1
3803,CUST_03804,2023-12-26,36,Female,Gaziantep,True,2023,12,4,1,Tuesday,December,False,2024-06-26,456.14,2,0.0,0.0,8.0,8.0,4.0,9.0,1,Sports,Bank Transfer,Mobile,228.07,0.0,1.0,1
3804,CUST_03805,2023-03-29,24,Male,Adana,False,2023,3,1,2,Wednesday,March,False,2023-09-29,88.08,1,0.0,0.0,11.0,15.0,2.0,10.0,1,Books,Digital Wallet,Desktop,88.08,0.0,1.364,1
3805,CUST_03806,2023-02-12,41,Male,Eskisehir,False,2023,2,1,6,Sunday,February,True,2023-08-12,272.91,2,41.49,0.13196564885496184,2.0,9.0,5.0,2.0,1,Fashion,Digital Wallet,Desktop,136.455,0.15202814114543256,4.5,0
3806,CUST_03807,2023-01-15,35,Female,Adana,False,2023,1,1,6,Sunday,January,True,2023-07-15,1616.95,5,0.0,0.0,10.0,4.0,2.0,8.0,1,Fashion,Credit Card,Mobile,323.39,0.0,0.4,1
3807,CUST_03808,2023-05-29,18,Male,Izmir,True,2023,5,2,0,Monday,May,False,2023-11-29,939.15,5,0.0,0.0,21.0,11.0,3.0,10.0,1,Toys,Credit Card,Desktop,187.82999999999998,0.0,0.524,0
3808,CUST_03809,2023-08-11,42,Female,Antalya,True,2023,8,3,4,Friday,August,False,2024-02-11,180.69,3,0.0,0.0,4.0,7.0,4.0,5.0,1,Food,Digital Wallet,Mobile,60.23,0.0,1.75,1
3809,CUST_03810,2023-02-19,44,Female,Eskisehir,True,2023,2,1,6,Sunday,February,True,2023-08-19,4053.98,2,512.72,0.11227363303917491,11.0,11.0,4.0,1.0,1,Electronics,Debit Card,Desktop,2026.99,0.12647324357791603,1.0,1
3810,CUST_03811,2023-01-10,23,Female,Adana,True,2023,1,1,1,Tuesday,January,False,2023-07-10,518.22,1,82.76,0.13770840959765718,8.0,6.0,5.0,1.0,1,Home & Garden,Digital Wallet,Mobile,518.22,0.15970051329551155,0.75,1
3811,CUST_03812,2023-01-19,40,Female,Adana,True,2023,1,1,3,Thursday,January,False,2023-07-19,190.88,2,26.5,0.12190633912963475,21.0,9.0,4.0,4.0,1,Food,Bank Transfer,Mobile,95.44,0.13883067896060353,0.429,1
3812,CUST_03813,2023-02-25,24,Female,Kayseri,True,2023,2,1,5,Saturday,February,True,2023-08-25,417.88,2,0.0,0.0,13.0,10.0,1.0,7.0,1,Food,Credit Card,Mobile,208.94,0.0,0.769,1
3813,CUST_03814,2023-04-03,36,Male,Istanbul,True,2023,4,2,0,Monday,April,False,2023-10-03,230.62,2,0.0,0.0,19.0,9.0,5.0,6.0,1,Beauty,Digital Wallet,Desktop,115.31,0.0,0.474,0
3814,CUST_03815,2023-02-10,19,Female,Adana,False,2023,2,1,4,Friday,February,False,2023-08-10,789.8,3,147.82,0.15765448689234443,16.0,9.0,4.0,5.0,1,Sports,Credit Card,Tablet,263.26666666666665,0.1871613066599139,0.562,1
3815,CUST_03816,2023-09-28,18,Male,Konya,True,2023,9,3,3,Thursday,September,False,2024-03-28,149.89,1,0.0,0.0,9.0,10.0,3.0,10.0,1,Fashion,Debit Card,Mobile,149.89,0.0,1.111,0
3816,CUST_03817,2023-01-22,30,Male,Kayseri,True,2023,1,1,6,Sunday,January,True,2023-07-22,885.38,1,0.0,0.0,11.0,14.0,5.0,5.0,1,Electronics,Debit Card,Mobile,885.38,0.0,1.273,1
3817,CUST_03818,2023-04-28,33,Male,Istanbul,True,2023,4,2,4,Friday,April,False,2023-10-28,1160.74,3,118.7,0.09277496404677046,47.0,8.0,4.0,11.0,1,Fashion,Credit Card,Desktop,386.91333333333336,0.1022623498802488,0.17,0
3818,CUST_03819,2023-04-04,30,Female,Izmir,False,2023,4,2,1,Tuesday,April,False,2023-10-04,495.45,5,0.0,0.0,13.0,10.0,4.0,6.0,1,Food,Debit Card,Desktop,99.09,0.0,0.769,1
3819,CUST_03820,2023-03-11,20,Male,Antalya,True,2023,3,1,5,Saturday,March,True,2023-09-11,432.82,2,0.0,0.0,17.0,12.0,4.0,6.0,1,Home & Garden,Bank Transfer,Desktop,216.41,0.0,0.706,1
3820,CUST_03821,2023-01-23,30,Male,Istanbul,True,2023,1,1,0,Monday,January,False,2023-07-23,37.85,1,0.0,0.0,15.0,12.0,1.0,8.0,1,Food,Credit Card,Desktop,37.85,0.0,0.8,0
3821,CUST_03822,2023-03-06,38,Male,Bursa,True,2023,3,1,0,Monday,March,False,2023-09-06,6385.04,2,0.0,0.0,9.0,8.0,5.0,14.0,1,Electronics,Debit Card,Desktop,3192.52,0.0,0.889,0
3822,CUST_03823,2023-04-07,34,Female,Ankara,False,2023,4,2,4,Friday,April,False,2023-10-07,93.96,4,0.0,0.0,7.0,7.0,5.0,4.0,1,Books,Bank Transfer,Mobile,23.49,0.0,1.0,0
3823,CUST_03824,2023-03-07,37,Female,Ankara,True,2023,3,1,1,Tuesday,March,False,2023-09-07,9369.33,5,1361.22,0.12685463466457916,14.0,11.0,4.0,11.0,1,Sports,Digital Wallet,Mobile,1873.866,0.1452846681673076,0.786,1
3824,CUST_03825,2023-01-24,26,Female,Izmir,False,2023,1,1,1,Tuesday,January,False,2023-07-24,1474.25,3,114.28,0.07194072507286611,15.0,9.0,5.0,3.0,1,Home & Garden,Cash on Delivery,Mobile,491.4166666666667,0.0775173817195184,0.6,1
3825,CUST_03826,2023-02-08,49,Female,Bursa,False,2023,2,1,2,Wednesday,February,False,2023-08-08,307.12,1,0.0,0.0,13.0,8.0,4.0,4.0,1,Home & Garden,Digital Wallet,Mobile,307.12,0.0,0.615,1
3826,CUST_03827,2023-01-14,20,Male,Izmir,True,2023,1,1,5,Saturday,January,True,2023-07-14,402.96,4,0.0,0.0,15.0,9.0,4.0,6.0,1,Fashion,Debit Card,Mobile,100.74,0.0,0.6,0
3827,CUST_03828,2023-05-24,40,Male,Izmir,True,2023,5,2,2,Wednesday,May,False,2023-11-24,123.52,1,0.0,0.0,12.0,8.0,5.0,2.0,1,Home & Garden,Debit Card,Desktop,123.52,0.0,0.667,0
3828,CUST_03829,2023-01-20,49,Female,Ankara,False,2023,1,1,4,Friday,January,False,2023-07-20,11453.2,5,0.0,0.0,22.0,10.0,3.0,6.0,1,Electronics,Credit Card,Desktop,2290.6400000000003,0.0,0.455,0
3829,CUST_03830,2023-05-27,40,Male,Istanbul,True,2023,5,2,5,Saturday,May,True,2023-11-27,1035.58,1,0.0,0.0,13.0,10.0,5.0,3.0,1,Home & Garden,Debit Card,Mobile,1035.58,0.0,0.769,1
3830,CUST_03831,2023-02-21,32,Male,Istanbul,True,2023,2,1,1,Tuesday,February,False,2023-08-21,1396.53,3,0.0,0.0,14.0,8.0,4.0,6.0,1,Fashion,Debit Card,Tablet,465.51,0.0,0.571,0
3831,CUST_03832,2023-01-03,28,Male,Istanbul,False,2023,1,1,1,Tuesday,January,False,2023-07-03,2887.64,1,0.0,0.0,18.0,7.0,3.0,7.0,1,Electronics,Digital Wallet,Mobile,2887.64,0.0,0.389,1
3832,CUST_03833,2023-01-25,47,Female,Bursa,True,2023,1,1,2,Wednesday,January,False,2023-07-25,701.56,4,0.0,0.0,12.0,12.0,4.0,7.0,1,Beauty,Debit Card,Desktop,175.39,0.0,1.0,1
3833,CUST_03834,2023-12-08,18,Male,Gaziantep,False,2023,12,4,4,Friday,December,False,2024-06-08,556.83,1,96.93,0.14826541850220265,13.0,10.0,3.0,6.0,1,Home & Garden,Digital Wallet,Desktop,556.83,0.1740746727008243,0.769,0
3834,CUST_03835,2023-01-14,23,Female,Istanbul,True,2023,1,1,5,Saturday,January,True,2023-07-14,310.65,3,0.0,0.0,19.0,5.0,5.0,8.0,1,Toys,Credit Card,Desktop,103.55,0.0,0.263,1
3835,CUST_03836,2023-01-09,30,Male,Istanbul,False,2023,1,1,0,Monday,January,False,2023-07-09,310.43,2,21.55,0.06491354900897645,5.0,12.0,3.0,6.0,1,Fashion,Bank Transfer,Mobile,155.215,0.06941983700028992,2.4,0
3836,CUST_03837,2023-04-17,49,Female,Adana,False,2023,4,2,0,Monday,April,False,2023-10-17,453.78,3,0.0,0.0,20.0,7.0,4.0,6.0,1,Toys,Credit Card,Desktop,151.26,0.0,0.35,1
3837,CUST_03838,2023-01-19,39,Male,Ankara,True,2023,1,1,3,Thursday,January,False,2023-07-19,183.84,2,13.66,0.06916455696202532,13.0,12.0,4.0,14.0,1,Toys,Debit Card,Mobile,91.92,0.07430374238468233,0.923,0
3838,CUST_03839,2023-01-21,23,Male,Kayseri,True,2023,1,1,5,Saturday,January,True,2023-07-21,203.36,2,0.0,0.0,15.0,5.0,5.0,2.0,1,Food,Credit Card,Desktop,101.68,0.0,0.333,1
3839,CUST_03840,2023-07-11,31,Male,Adana,False,2023,7,3,1,Tuesday,July,False,2024-01-11,501.36,5,97.89,0.16335419274092616,12.0,12.0,3.0,2.0,1,Books,Debit Card,Mobile,100.272,0.1952489229296314,1.0,1
3840,CUST_03841,2023-01-04,27,Female,Ankara,False,2023,1,1,2,Wednesday,January,False,2023-07-04,866.22,2,0.0,0.0,16.0,9.0,2.0,20.0,1,Sports,Debit Card,Mobile,433.11,0.0,0.562,1
3841,CUST_03842,2023-09-18,26,Male,Ankara,True,2023,9,3,0,Monday,September,False,2024-03-18,200.06,1,0.0,0.0,15.0,10.0,1.0,3.0,1,Fashion,Bank Transfer,Mobile,200.06,0.0,0.667,0
3842,CUST_03843,2023-04-11,46,Female,Bursa,True,2023,4,2,1,Tuesday,April,False,2023-10-11,151.39,1,0.0,0.0,13.0,6.0,2.0,4.0,1,Food,Credit Card,Mobile,151.39,0.0,0.462,0
3843,CUST_03844,2023-04-26,18,Female,Istanbul,False,2023,4,2,2,Wednesday,April,False,2023-10-26,575.98,5,87.87,0.1323642389093922,11.0,8.0,4.0,3.0,1,Books,Credit Card,Mobile,115.196,0.15255738046459946,0.727,1
3844,CUST_03845,2023-02-09,54,Female,Istanbul,True,2023,2,1,3,Thursday,February,False,2023-08-09,14731.95,5,0.0,0.0,17.0,9.0,5.0,2.0,1,Electronics,Bank Transfer,Mobile,2946.3900000000003,0.0,0.529,0
3845,CUST_03846,2023-02-28,44,Male,Istanbul,True,2023,2,1,1,Tuesday,February,False,2023-08-28,1016.58,1,82.79,0.07530676660269064,15.0,9.0,4.0,4.0,1,Electronics,Debit Card,Mobile,1016.58,0.08143972928839836,0.6,0
3846,CUST_03847,2023-01-02,48,Male,Adana,True,2023,1,1,0,Monday,January,False,2023-07-02,339.96,4,0.0,0.0,18.0,10.0,5.0,5.0,1,Home & Garden,Credit Card,Desktop,84.99,0.0,0.556,0
3847,CUST_03848,2023-07-21,29,Male,Izmir,True,2023,7,3,4,Friday,July,False,2024-01-21,393.28,4,0.0,0.0,14.0,9.0,5.0,2.0,1,Fashion,Bank Transfer,Mobile,98.32,0.0,0.643,1
3848,CUST_03849,2023-05-04,33,Female,Istanbul,True,2023,5,2,3,Thursday,May,False,2023-11-04,151.53,1,0.0,0.0,16.0,6.0,3.0,5.0,1,Toys,Debit Card,Tablet,151.53,0.0,0.375,1
3849,CUST_03850,2023-05-13,18,Female,Antalya,True,2023,5,2,5,Saturday,May,True,2023-11-13,1060.75,5,0.0,0.0,10.0,11.0,3.0,7.0,1,Home & Garden,Credit Card,Desktop,212.15,0.0,1.1,0
3850,CUST_03851,2023-04-22,28,Female,Izmir,False,2023,4,2,5,Saturday,April,True,2023-10-22,34.92,3,2.31,0.062046736502820304,15.0,12.0,5.0,7.0,1,Books,Cash on Delivery,Mobile,11.64,0.0661512027491409,0.8,0
3851,CUST_03852,2023-03-19,40,Female,Izmir,True,2023,3,1,6,Sunday,March,True,2023-09-19,272.73,3,44.76,0.14098081829348955,18.0,6.0,4.0,11.0,1,Food,Debit Card,Mobile,90.91000000000001,0.16411835881641182,0.333,0
3852,CUST_03853,2023-03-25,50,Male,Istanbul,True,2023,3,1,5,Saturday,March,True,2023-09-25,1207.11,3,222.57,0.15567819372167196,12.0,9.0,3.0,4.0,1,Sports,Credit Card,Mobile,402.36999999999995,0.18438253348907724,0.75,1
3853,CUST_03854,2023-08-12,21,Male,Bursa,False,2023,8,3,5,Saturday,August,True,2024-02-12,1740.6,4,0.0,0.0,16.0,9.0,4.0,10.0,1,Sports,Debit Card,Tablet,435.15,0.0,0.562,0
3854,CUST_03855,2023-04-16,30,Female,Eskisehir,False,2023,4,2,6,Sunday,April,True,2023-10-16,1131.45,5,0.0,0.0,12.0,8.0,4.0,2.0,1,Sports,Credit Card,Mobile,226.29000000000002,0.0,0.667,1
3855,CUST_03856,2023-04-04,33,Male,Istanbul,False,2023,4,2,1,Tuesday,April,False,2023-10-04,14532.72,5,789.08,0.051500476445326265,16.0,12.0,5.0,9.0,1,Electronics,Credit Card,Desktop,2906.544,0.054296786836875686,0.75,0
3856,CUST_03857,2023-02-23,18,Male,Ankara,False,2023,2,1,3,Thursday,February,False,2023-08-23,535.47,1,0.0,0.0,17.0,11.0,5.0,10.0,1,Sports,Digital Wallet,Mobile,535.47,0.0,0.647,1
3857,CUST_03858,2023-04-29,42,Female,Istanbul,True,2023,4,2,5,Saturday,April,True,2023-10-29,226.23,3,0.0,0.0,8.0,8.0,3.0,7.0,1,Beauty,Bank Transfer,Desktop,75.41,0.0,1.0,1
3858,CUST_03859,2023-02-03,26,Male,Istanbul,False,2023,2,1,4,Friday,February,False,2023-08-03,181.46,4,14.26,0.07285918659309217,15.0,9.0,4.0,8.0,1,Books,Credit Card,Mobile,45.365,0.0785848120797972,0.6,0
3859,CUST_03860,2023-03-13,32,Female,Ankara,False,2023,3,1,0,Monday,March,False,2023-09-13,7.87,1,0.0,0.0,12.0,8.0,2.0,9.0,1,Food,Debit Card,Desktop,7.87,0.0,0.667,0
3860,CUST_03861,2023-06-09,29,Female,Gaziantep,False,2023,6,2,4,Friday,June,False,2023-12-09,225.76,4,0.0,0.0,17.0,7.0,3.0,7.0,1,Books,Digital Wallet,Mobile,56.44,0.0,0.412,1
3861,CUST_03862,2023-03-07,25,Female,Kayseri,True,2023,3,1,1,Tuesday,March,False,2023-09-07,293.38,1,0.0,0.0,14.0,8.0,5.0,6.0,1,Sports,Digital Wallet,Mobile,293.38,0.0,0.571,0
3862,CUST_03863,2023-04-14,34,Male,Istanbul,False,2023,4,2,4,Friday,April,False,2023-10-14,9980.12,5,2275.58,0.18567523682857773,12.0,9.0,3.0,7.0,1,Electronics,Credit Card,Desktop,1996.0240000000001,0.2280112864374376,0.75,0
3863,CUST_03864,2023-02-10,32,Male,Bursa,True,2023,2,1,4,Friday,February,False,2023-08-10,1207.84,2,0.0,0.0,12.0,6.0,4.0,20.0,1,Fashion,Digital Wallet,Desktop,603.92,0.0,0.5,1
3864,CUST_03865,2023-01-26,30,Female,Antalya,True,2023,1,1,3,Thursday,January,False,2023-07-26,879.8,3,158.92,0.15299599507085643,13.0,9.0,4.0,4.0,1,Toys,Credit Card,Mobile,293.26666666666665,0.18063196180950217,0.692,0
3865,CUST_03866,2023-01-02,26,Male,Bursa,False,2023,1,1,0,Monday,January,False,2023-07-02,400.72,1,95.1,0.1918034770682909,15.0,13.0,3.0,2.0,1,Sports,Bank Transfer,Mobile,400.72,0.2373228189259333,0.867,0
3866,CUST_03867,2023-01-10,38,Male,Izmir,False,2023,1,1,1,Tuesday,January,False,2023-07-10,1956.18,3,0.0,0.0,15.0,9.0,3.0,3.0,1,Sports,Digital Wallet,Tablet,652.0600000000001,0.0,0.6,1
3867,CUST_03868,2023-01-28,54,Male,Istanbul,True,2023,1,1,5,Saturday,January,True,2023-07-28,863.34,2,0.0,0.0,9.0,17.0,3.0,3.0,1,Fashion,Digital Wallet,Mobile,431.67,0.0,1.889,1
3868,CUST_03869,2023-02-20,36,Male,Izmir,False,2023,2,1,0,Monday,February,False,2023-08-20,203.25,3,0.0,0.0,28.0,12.0,5.0,7.0,1,Books,Bank Transfer,Mobile,67.75,0.0,0.429,0
3869,CUST_03870,2023-08-12,46,Male,Izmir,False,2023,8,3,5,Saturday,August,True,2024-02-12,208.22,1,0.0,0.0,18.0,9.0,5.0,8.0,1,Toys,Credit Card,Mobile,208.22,0.0,0.5,0
3870,CUST_03871,2023-02-01,18,Female,Gaziantep,False,2023,2,1,2,Wednesday,February,False,2023-08-01,4809.63,3,0.0,0.0,16.0,6.0,3.0,2.0,1,Electronics,Bank Transfer,Desktop,1603.21,0.0,0.375,1
3871,CUST_03872,2023-09-19,36,Male,Adana,False,2023,9,3,1,Tuesday,September,False,2024-03-19,633.33,3,0.0,0.0,14.0,8.0,2.0,7.0,1,Sports,Credit Card,Desktop,211.11,0.0,0.571,1
3872,CUST_03873,2023-02-08,21,Male,Istanbul,False,2023,2,1,2,Wednesday,February,False,2023-08-08,32.05,1,0.0,0.0,7.0,7.0,4.0,12.0,1,Books,Debit Card,Desktop,32.05,0.0,1.0,0
3873,CUST_03874,2023-03-29,18,Female,Istanbul,True,2023,3,1,2,Wednesday,March,False,2023-09-29,2036.6,4,0.0,0.0,16.0,6.0,4.0,3.0,1,Home & Garden,Credit Card,Desktop,509.15,0.0,0.375,1
3874,CUST_03875,2023-03-23,26,Female,Konya,True,2023,3,1,3,Thursday,March,False,2023-09-23,22.75,1,4.61,0.16849415204678364,8.0,5.0,5.0,7.0,1,Food,Bank Transfer,Mobile,22.75,0.20263736263736265,0.625,1
3875,CUST_03876,2023-03-30,49,Male,Bursa,True,2023,3,1,3,Thursday,March,False,2023-09-30,2176.7,1,0.0,0.0,12.0,4.0,5.0,8.0,1,Electronics,Credit Card,Mobile,2176.7,0.0,0.333,0
3876,CUST_03877,2023-01-27,46,Male,Konya,False,2023,1,1,4,Friday,January,False,2023-07-27,63.41,1,6.76,0.0963374661536269,18.0,9.0,5.0,10.0,1,Toys,Bank Transfer,Desktop,63.41,0.10660779056931084,0.5,0
3877,CUST_03878,2023-05-02,37,Female,Istanbul,True,2023,5,2,1,Tuesday,May,False,2023-11-02,34.69,2,9.01,0.20617848970251715,19.0,11.0,4.0,6.0,1,Books,Credit Card,Mobile,17.345,0.25972902853848373,0.579,1
3878,CUST_03879,2023-07-23,18,Female,Bursa,False,2023,7,3,6,Sunday,July,True,2024-01-23,38.43,1,0.0,0.0,12.0,8.0,4.0,4.0,1,Food,Digital Wallet,Mobile,38.43,0.0,0.667,0
3879,CUST_03880,2023-05-07,32,Female,Bursa,True,2023,5,2,6,Sunday,May,True,2023-11-07,3282.84,3,0.0,0.0,13.0,10.0,5.0,2.0,1,Sports,Digital Wallet,Mobile,1094.28,0.0,0.769,0
3880,CUST_03881,2023-01-12,38,Female,Konya,True,2023,1,1,3,Thursday,January,False,2023-07-12,314.16,3,27.72,0.08108108108108109,13.0,9.0,4.0,6.0,1,Books,Debit Card,Mobile,104.72000000000001,0.08823529411764705,0.692,1
3881,CUST_03882,2023-01-16,37,Male,Istanbul,True,2023,1,1,0,Monday,January,False,2023-07-16,1312.08,2,0.0,0.0,4.0,8.0,2.0,8.0,1,Home & Garden,Debit Card,Desktop,656.04,0.0,2.0,1
3882,CUST_03883,2023-01-06,18,Female,Istanbul,False,2023,1,1,4,Friday,January,False,2023-07-06,401.59,1,0.0,0.0,16.0,8.0,4.0,5.0,1,Sports,Credit Card,Mobile,401.59,0.0,0.5,1
3883,CUST_03884,2023-02-18,24,Male,Izmir,True,2023,2,1,5,Saturday,February,True,2023-08-18,367.85,5,0.0,0.0,17.0,10.0,2.0,5.0,1,Beauty,Bank Transfer,Mobile,73.57000000000001,0.0,0.588,0
3884,CUST_03885,2023-05-23,34,Female,Konya,False,2023,5,2,1,Tuesday,May,False,2023-11-23,3225.56,2,0.0,0.0,20.0,4.0,5.0,5.0,1,Electronics,Debit Card,Tablet,1612.78,0.0,0.2,0
3885,CUST_03886,2023-08-19,41,Female,Kayseri,False,2023,8,3,5,Saturday,August,True,2024-02-19,203.53,1,0.0,0.0,24.0,5.0,2.0,10.0,1,Fashion,Credit Card,Desktop,203.53,0.0,0.208,1
3886,CUST_03887,2023-02-21,18,Female,Eskisehir,True,2023,2,1,1,Tuesday,February,False,2023-08-21,164.95,5,0.0,0.0,14.0,8.0,4.0,14.0,1,Beauty,Digital Wallet,Mobile,32.989999999999995,0.0,0.571,0
3887,CUST_03888,2023-04-27,33,Male,Kayseri,False,2023,4,2,3,Thursday,April,False,2023-10-27,1234.88,4,0.0,0.0,6.0,9.0,5.0,3.0,1,Fashion,Credit Card,Desktop,308.72,0.0,1.5,0
3888,CUST_03889,2023-01-27,36,Male,Istanbul,False,2023,1,1,4,Friday,January,False,2023-07-27,17064.3,5,0.0,0.0,14.0,11.0,5.0,4.0,1,Electronics,Debit Card,Desktop,3412.8599999999997,0.0,0.786,1
3889,CUST_03890,2023-05-14,45,Female,Istanbul,False,2023,5,2,6,Sunday,May,True,2023-11-14,128.0,1,0.0,0.0,12.0,13.0,4.0,5.0,1,Fashion,Credit Card,Desktop,128.0,0.0,1.083,1
3890,CUST_03891,2023-07-12,43,Female,Istanbul,True,2023,7,3,2,Wednesday,July,False,2024-01-12,1876.97,1,0.0,0.0,13.0,9.0,5.0,6.0,1,Electronics,Cash on Delivery,Desktop,1876.97,0.0,0.692,1
3891,CUST_03892,2023-04-15,41,Female,Ankara,False,2023,4,2,5,Saturday,April,True,2023-10-15,2045.9,3,447.34,0.17942115480258616,16.0,11.0,4.0,11.0,1,Home & Garden,Digital Wallet,Mobile,681.9666666666667,0.21865193802238622,0.687,1
3892,CUST_03893,2023-04-06,25,Male,Gaziantep,True,2023,4,2,3,Thursday,April,False,2023-10-06,127.82,5,5.23,0.03930853062758362,20.0,9.0,5.0,8.0,1,Books,Debit Card,Mobile,25.564,0.04091691441089032,0.45,0
3893,CUST_03894,2023-01-19,18,Male,Konya,False,2023,1,1,3,Thursday,January,False,2023-07-19,230.08,2,0.0,0.0,16.0,5.0,3.0,11.0,1,Food,Credit Card,Tablet,115.04,0.0,0.312,0
3894,CUST_03895,2023-06-28,30,Female,Istanbul,True,2023,6,2,2,Wednesday,June,False,2023-12-28,56.9,4,7.86,0.12137121680049413,13.0,8.0,4.0,2.0,1,Books,Credit Card,Mobile,14.225,0.13813708260105448,0.615,1
3895,CUST_03896,2023-05-08,47,Male,Bursa,True,2023,5,2,0,Monday,May,False,2023-11-08,177.28,3,47.93,0.21282358687447273,12.0,8.0,5.0,7.0,1,Toys,Credit Card,Mobile,59.093333333333334,0.27036326714801445,0.667,0
3896,CUST_03897,2023-03-03,51,Female,Kayseri,True,2023,3,1,4,Friday,March,False,2023-09-03,26.04,2,5.28,0.1685823754789272,12.0,4.0,4.0,4.0,1,Food,Debit Card,Mobile,13.02,0.20276497695852536,0.333,0
3897,CUST_03898,2023-02-08,43,Male,Izmir,False,2023,2,1,2,Wednesday,February,False,2023-08-08,451.28,3,43.45,0.08782568269561175,10.0,9.0,5.0,4.0,1,Sports,Credit Card,Desktop,150.42666666666665,0.09628168764403476,0.9,1
3898,CUST_03899,2024-01-01,40,Female,Istanbul,True,2024,1,1,0,Monday,January,False,2024-07-01,181.64,4,36.92,0.16892386530014641,15.0,11.0,2.0,4.0,1,Books,Debit Card,Mobile,45.41,0.20325919401012996,0.733,0
3899,CUST_03900,2023-11-02,39,Female,Izmir,True,2023,11,4,3,Thursday,November,False,2024-05-02,1022.62,4,93.22,0.08354244336105536,11.0,8.0,5.0,8.0,1,Home & Garden,Credit Card,Desktop,255.655,0.09115800590639729,0.727,1
3900,CUST_03901,2023-03-09,28,Female,Ankara,False,2023,3,1,3,Thursday,March,False,2023-09-09,1192.35,5,0.0,0.0,19.0,7.0,5.0,9.0,1,Beauty,Bank Transfer,Desktop,238.46999999999997,0.0,0.368,0
3901,CUST_03902,2023-08-06,33,Male,Bursa,False,2023,8,3,6,Sunday,August,True,2024-02-06,178.66,3,25.34,0.12421568627450981,14.0,8.0,3.0,6.0,1,Beauty,Cash on Delivery,Mobile,59.553333333333335,0.14183365050934738,0.571,0
3902,CUST_03903,2023-05-07,55,Female,Izmir,True,2023,5,2,6,Sunday,May,True,2023-11-07,389.36,3,31.99,0.07592262964281477,17.0,7.0,5.0,5.0,1,Toys,Debit Card,Mobile,129.78666666666666,0.0821604684610643,0.412,1
3903,CUST_03904,2023-01-19,23,Male,Istanbul,False,2023,1,1,3,Thursday,January,False,2023-07-19,346.72,3,60.68,0.1489445262641139,13.0,9.0,5.0,12.0,1,Fashion,Credit Card,Mobile,115.57333333333334,0.17501153668666358,0.692,1
3904,CUST_03905,2023-02-07,54,Female,Eskisehir,True,2023,2,1,1,Tuesday,February,False,2023-08-07,92.6,1,0.0,0.0,16.0,9.0,2.0,12.0,1,Beauty,Credit Card,Mobile,92.6,0.0,0.562,0
3905,CUST_03906,2023-02-12,31,Male,Bursa,True,2023,2,1,6,Sunday,February,True,2023-08-12,968.02,2,36.58,0.036412502488552656,5.0,11.0,3.0,3.0,1,Home & Garden,Credit Card,Desktop,484.01,0.03778847544472221,2.2,0
3906,CUST_03907,2023-05-18,50,Male,Izmir,True,2023,5,2,3,Thursday,May,False,2023-11-18,3562.36,4,0.0,0.0,13.0,11.0,5.0,4.0,1,Sports,Credit Card,Mobile,890.59,0.0,0.846,0
3907,CUST_03908,2023-01-02,18,Male,Kayseri,True,2023,1,1,0,Monday,January,False,2023-07-02,131.02,3,20.12,0.13312160910414184,15.0,10.0,4.0,3.0,1,Food,Debit Card,Desktop,43.67333333333334,0.15356434132193558,0.667,0
3908,CUST_03909,2023-02-01,42,Male,Istanbul,True,2023,2,1,2,Wednesday,February,False,2023-08-01,40.31,2,8.39,0.17227926078028746,15.0,6.0,5.0,4.0,1,Books,Digital Wallet,Desktop,20.155,0.20813693872488218,0.4,0
3909,CUST_03910,2023-01-22,26,Female,Istanbul,True,2023,1,1,6,Sunday,January,True,2023-07-22,272.45,5,0.0,0.0,14.0,9.0,3.0,12.0,1,Books,Credit Card,Desktop,54.489999999999995,0.0,0.643,0
3910,CUST_03911,2023-02-09,18,Male,Gaziantep,True,2023,2,1,3,Thursday,February,False,2023-08-09,3569.76,4,0.0,0.0,9.0,10.0,4.0,12.0,1,Electronics,Credit Card,Mobile,892.44,0.0,1.111,1
3911,CUST_03912,2023-11-21,37,Female,Ankara,False,2023,11,4,1,Tuesday,November,False,2024-05-21,1206.99,1,216.71,0.15221605675352953,4.0,11.0,1.0,2.0,1,Electronics,Digital Wallet,Mobile,1206.99,0.17954581230996114,2.75,0
3912,CUST_03913,2023-03-20,47,Other,Gaziantep,False,2023,3,1,0,Monday,March,False,2023-09-20,117.48,4,0.0,0.0,6.0,9.0,3.0,7.0,1,Food,Bank Transfer,Desktop,29.37,0.0,1.5,1
3913,CUST_03914,2023-01-25,24,Male,Ankara,True,2023,1,1,2,Wednesday,January,False,2023-07-25,265.8,3,0.0,0.0,17.0,7.0,2.0,7.0,1,Toys,Debit Card,Desktop,88.60000000000001,0.0,0.412,0
3914,CUST_03915,2023-04-30,18,Female,Istanbul,False,2023,4,2,6,Sunday,April,True,2023-10-30,588.14,2,119.14,0.16844813935075217,14.0,8.0,3.0,11.0,1,Toys,Credit Card,Desktop,294.07,0.20257081647226852,0.571,1
3915,CUST_03916,2023-02-09,33,Male,Izmir,False,2023,2,1,3,Thursday,February,False,2023-08-09,155.72,2,18.82,0.10782628623811162,15.0,5.0,2.0,10.0,1,Fashion,Credit Card,Desktop,77.86,0.12085795016696635,0.333,1
3916,CUST_03917,2023-06-15,33,Male,Istanbul,True,2023,6,2,3,Thursday,June,False,2023-12-15,462.6,4,0.0,0.0,20.0,2.0,5.0,4.0,1,Toys,Digital Wallet,Desktop,115.65,0.0,0.1,1
3917,CUST_03918,2023-02-24,41,Male,Adana,False,2023,2,1,4,Friday,February,False,2023-08-24,642.96,4,0.0,0.0,13.0,10.0,4.0,5.0,1,Food,Credit Card,Mobile,160.74,0.0,0.769,0
3918,CUST_03919,2023-02-16,46,Female,Antalya,True,2023,2,1,3,Thursday,February,False,2023-08-16,77.2,1,0.0,0.0,3.0,12.0,4.0,2.0,1,Beauty,Debit Card,Mobile,77.2,0.0,4.0,0
3919,CUST_03920,2023-01-03,34,Male,Kayseri,False,2023,1,1,1,Tuesday,January,False,2023-07-03,181.48,1,0.0,0.0,27.0,5.0,4.0,6.0,1,Fashion,Digital Wallet,Mobile,181.48,0.0,0.185,0
3920,CUST_03921,2023-05-04,57,Female,Gaziantep,True,2023,5,2,3,Thursday,May,False,2023-11-04,756.3,3,0.0,0.0,18.0,7.0,4.0,5.0,1,Sports,Credit Card,Tablet,252.1,0.0,0.389,1
3921,CUST_03922,2023-08-16,37,Female,Istanbul,False,2023,8,3,2,Wednesday,August,False,2024-02-16,1388.62,1,345.67,0.19931499345553513,36.0,6.0,5.0,2.0,1,Electronics,Debit Card,Mobile,1388.62,0.24893059296279763,0.167,0
3922,CUST_03923,2023-02-26,30,Female,Gaziantep,False,2023,2,1,6,Sunday,February,True,2023-08-26,4255.38,1,315.87,0.06909926168990976,12.0,9.0,5.0,11.0,1,Electronics,Credit Card,Mobile,4255.38,0.07422838853404397,0.75,1
3923,CUST_03924,2023-01-09,18,Male,Antalya,True,2023,1,1,0,Monday,January,False,2023-07-09,2799.78,1,0.0,0.0,14.0,9.0,4.0,2.0,1,Electronics,Cash on Delivery,Desktop,2799.78,0.0,0.643,1
3924,CUST_03925,2023-05-19,31,Female,Antalya,True,2023,5,2,4,Friday,May,False,2023-11-19,1235.6,1,0.0,0.0,14.0,9.0,5.0,5.0,1,Home & Garden,Bank Transfer,Mobile,1235.6,0.0,0.643,0
3925,CUST_03926,2023-01-07,30,Female,Gaziantep,True,2023,1,1,5,Saturday,January,True,2023-07-07,6983.12,3,601.42,0.07929551429618673,13.0,12.0,4.0,7.0,1,Electronics,Debit Card,Mobile,2327.7066666666665,0.0861248267250169,0.923,0
3926,CUST_03927,2023-02-02,46,Female,Bursa,True,2023,2,1,3,Thursday,February,False,2023-08-02,4444.2,5,0.0,0.0,9.0,9.0,3.0,8.0,1,Electronics,Credit Card,Tablet,888.8399999999999,0.0,1.0,1
3927,CUST_03928,2023-02-14,40,Female,Izmir,True,2023,2,1,1,Tuesday,February,False,2023-08-14,1927.03,1,278.63,0.12632500022668952,5.0,6.0,5.0,10.0,1,Electronics,Credit Card,Mobile,1927.03,0.14459038001484148,1.2,1
3928,CUST_03929,2023-04-06,20,Female,Antalya,True,2023,4,2,3,Thursday,April,False,2023-10-06,134.28,5,1.87,0.013734851266984944,15.0,11.0,5.0,4.0,1,Food,Debit Card,Desktop,26.856,0.013926124515936849,0.733,1
3929,CUST_03930,2023-04-20,37,Male,Ankara,False,2023,4,2,3,Thursday,April,False,2023-10-20,54.26,2,0.0,0.0,14.0,7.0,3.0,4.0,1,Toys,Debit Card,Desktop,27.13,0.0,0.5,0
3930,CUST_03931,2023-01-04,43,Male,Istanbul,False,2023,1,1,2,Wednesday,January,False,2023-07-04,2837.37,2,193.71,0.06390791401084762,19.0,11.0,3.0,4.0,1,Home & Garden,Credit Card,Mobile,1418.685,0.06827096924264373,0.579,0
3931,CUST_03932,2023-05-09,53,Male,Bursa,True,2023,5,2,1,Tuesday,May,False,2023-11-09,16.98,1,0.0,0.0,17.0,7.0,4.0,16.0,1,Books,Credit Card,Desktop,16.98,0.0,0.412,0
3932,CUST_03933,2023-01-18,45,Male,Istanbul,True,2023,1,1,2,Wednesday,January,False,2023-07-18,118.11,5,21.44,0.15363668935865282,13.0,8.0,4.0,6.0,1,Beauty,Credit Card,Mobile,23.622,0.18152569638472613,0.615,0
3933,CUST_03934,2023-09-20,44,Male,Istanbul,True,2023,9,3,2,Wednesday,September,False,2024-03-20,1733.36,5,79.89,0.04405901006480077,12.0,8.0,4.0,9.0,1,Home & Garden,Credit Card,Mobile,346.67199999999997,0.04608967554345318,0.667,0
3934,CUST_03935,2023-05-08,35,Male,Istanbul,False,2023,5,2,0,Monday,May,False,2023-11-08,101.97,3,0.0,0.0,14.0,11.0,3.0,4.0,1,Beauty,Debit Card,Mobile,33.99,0.0,0.786,1
3935,CUST_03936,2023-02-22,39,Male,Bursa,True,2023,2,1,2,Wednesday,February,False,2023-08-22,298.39,1,114.25,0.27687572702597907,22.0,6.0,4.0,9.0,1,Fashion,Debit Card,Desktop,298.39,0.3828881664935152,0.273,1
3936,CUST_03937,2023-01-14,49,Female,Ankara,False,2023,1,1,5,Saturday,January,True,2023-07-14,29.41,1,0.0,0.0,34.0,8.0,4.0,3.0,1,Books,Debit Card,Desktop,29.41,0.0,0.235,0
3937,CUST_03938,2023-02-15,19,Male,Adana,True,2023,2,1,2,Wednesday,February,False,2023-08-15,1160.04,3,0.0,0.0,5.0,11.0,4.0,11.0,1,Toys,Digital Wallet,Desktop,386.68,0.0,2.2,0
3938,CUST_03939,2023-02-10,30,Female,Ankara,True,2023,2,1,4,Friday,February,False,2023-08-10,28.86,1,0.0,0.0,14.0,12.0,5.0,5.0,1,Food,Credit Card,Mobile,28.86,0.0,0.857,1
3939,CUST_03940,2023-07-14,25,Female,Izmir,True,2023,7,3,4,Friday,July,False,2024-01-14,15.09,1,0.0,0.0,16.0,10.0,5.0,2.0,1,Books,Digital Wallet,Tablet,15.09,0.0,0.625,1
3940,CUST_03941,2023-02-17,39,Female,Izmir,False,2023,2,1,4,Friday,February,False,2023-08-17,869.88,3,0.0,0.0,11.0,13.0,2.0,5.0,1,Fashion,Digital Wallet,Desktop,289.96,0.0,1.182,0
3941,CUST_03942,2023-02-03,49,Female,Antalya,False,2023,2,1,4,Friday,February,False,2023-08-03,1582.32,3,0.0,0.0,15.0,12.0,5.0,5.0,1,Home & Garden,Credit Card,Mobile,527.4399999999999,0.0,0.8,0
3942,CUST_03943,2023-03-05,27,Male,Ankara,True,2023,3,1,6,Sunday,March,True,2023-09-05,264.72,2,0.0,0.0,18.0,7.0,5.0,5.0,1,Beauty,Bank Transfer,Mobile,132.36,0.0,0.389,1
3943,CUST_03944,2023-07-03,18,Male,Eskisehir,False,2023,7,3,0,Monday,July,False,2024-01-03,858.02,1,0.0,0.0,13.0,11.0,2.0,9.0,1,Electronics,Bank Transfer,Mobile,858.02,0.0,0.846,0
3944,CUST_03945,2023-04-28,30,Male,Kayseri,True,2023,4,2,4,Friday,April,False,2023-10-28,162.31,2,39.17,0.1944113559658527,18.0,8.0,5.0,7.0,1,Beauty,Credit Card,Tablet,81.155,0.24132832234612778,0.444,0
3945,CUST_03946,2023-03-13,45,Male,Gaziantep,True,2023,3,1,0,Monday,March,False,2023-09-13,200.6,5,0.0,0.0,12.0,11.0,4.0,9.0,1,Toys,Credit Card,Mobile,40.12,0.0,0.917,0
3946,CUST_03947,2023-02-04,41,Female,Kayseri,True,2023,2,1,5,Saturday,February,True,2023-08-04,2095.95,3,0.0,0.0,10.0,8.0,5.0,7.0,1,Home & Garden,Credit Card,Desktop,698.65,0.0,0.8,1
3947,CUST_03948,2023-01-07,40,Female,Izmir,True,2023,1,1,5,Saturday,January,True,2023-07-07,433.64,2,0.0,0.0,30.0,10.0,3.0,3.0,1,Fashion,Debit Card,Mobile,216.82,0.0,0.333,0
3948,CUST_03949,2023-01-04,31,Male,Bursa,True,2023,1,1,2,Wednesday,January,False,2023-07-04,3022.9,2,0.0,0.0,18.0,11.0,4.0,4.0,1,Electronics,Debit Card,Tablet,1511.45,0.0,0.611,1
3949,CUST_03950,2023-04-08,19,Male,Adana,True,2023,4,2,5,Saturday,April,True,2023-10-08,6259.52,4,0.0,0.0,19.0,10.0,4.0,3.0,1,Electronics,Bank Transfer,Desktop,1564.88,0.0,0.526,1
3950,CUST_03951,2023-05-07,41,Male,Antalya,False,2023,5,2,6,Sunday,May,True,2023-11-07,644.22,2,0.0,0.0,16.0,7.0,1.0,12.0,1,Fashion,Credit Card,Desktop,322.11,0.0,0.437,0
3951,CUST_03952,2023-04-21,24,Male,Konya,True,2023,4,2,4,Friday,April,False,2023-10-21,2689.91,3,451.03,0.1435971397097684,16.0,5.0,5.0,11.0,1,Home & Garden,Debit Card,Mobile,896.6366666666667,0.16767475491745076,0.312,0
3952,CUST_03953,2023-02-13,61,Female,Adana,False,2023,2,1,0,Monday,February,False,2023-08-13,76.22,2,9.34,0.10916316035530621,9.0,8.0,4.0,4.0,1,Books,Debit Card,Desktop,38.11,0.12254001574389924,0.889,1
3953,CUST_03954,2023-08-15,41,Male,Eskisehir,False,2023,8,3,1,Tuesday,August,False,2024-02-15,631.75,1,0.0,0.0,16.0,5.0,4.0,3.0,1,Sports,Digital Wallet,Desktop,631.75,0.0,0.312,0
3954,CUST_03955,2023-05-13,28,Female,Ankara,False,2023,5,2,5,Saturday,May,True,2023-11-13,114.2,1,0.0,0.0,19.0,6.0,2.0,1.0,1,Food,Cash on Delivery,Mobile,114.2,0.0,0.316,1
3955,CUST_03956,2023-05-05,27,Male,Gaziantep,False,2023,5,2,4,Friday,May,False,2023-11-05,984.94,1,132.82,0.11882693959347265,40.0,11.0,4.0,9.0,1,Sports,Digital Wallet,Desktop,984.94,0.1348508538591183,0.275,0
3956,CUST_03957,2023-03-13,33,Male,Antalya,False,2023,3,1,0,Monday,March,False,2023-09-13,361.93,1,0.0,0.0,11.0,8.0,5.0,8.0,1,Fashion,Debit Card,Mobile,361.93,0.0,0.727,0
3957,CUST_03958,2023-01-02,32,Female,Antalya,False,2023,1,1,0,Monday,January,False,2023-07-02,941.58,2,0.0,0.0,15.0,13.0,4.0,6.0,1,Home & Garden,Digital Wallet,Desktop,470.79,0.0,0.867,1
3958,CUST_03959,2023-03-28,48,Female,Ankara,False,2023,3,1,1,Tuesday,March,False,2023-09-28,273.46,2,0.0,0.0,12.0,12.0,5.0,6.0,1,Food,Bank Transfer,Mobile,136.73,0.0,1.0,0
3959,CUST_03960,2023-05-08,37,Female,Gaziantep,False,2023,5,2,0,Monday,May,False,2023-11-08,208.56,1,13.23,0.05965102123630461,11.0,9.0,3.0,2.0,1,Fashion,Debit Card,Desktop,208.56,0.0634349827387802,0.818,1
3960,CUST_03961,2023-04-15,26,Female,Konya,False,2023,4,2,5,Saturday,April,True,2023-10-15,15410.8,4,0.0,0.0,6.0,11.0,5.0,7.0,1,Electronics,Debit Card,Mobile,3852.7,0.0,1.833,1
3961,CUST_03962,2023-03-28,57,Male,Istanbul,True,2023,3,1,1,Tuesday,March,False,2023-09-28,116.85,3,0.0,0.0,32.0,11.0,5.0,13.0,1,Beauty,Credit Card,Mobile,38.949999999999996,0.0,0.344,0
3962,CUST_03963,2023-02-09,35,Male,Antalya,True,2023,2,1,3,Thursday,February,False,2023-08-09,336.56,4,0.0,0.0,18.0,13.0,3.0,4.0,1,Beauty,Credit Card,Tablet,84.14,0.0,0.722,1
3963,CUST_03964,2023-03-03,44,Female,Ankara,False,2023,3,1,4,Friday,March,False,2023-09-03,325.81,1,0.0,0.0,12.0,11.0,2.0,6.0,1,Toys,Credit Card,Mobile,325.81,0.0,0.917,0
3964,CUST_03965,2023-02-03,27,Female,Eskisehir,True,2023,2,1,4,Friday,February,False,2023-08-03,631.2,5,0.0,0.0,14.0,10.0,5.0,16.0,1,Toys,Digital Wallet,Mobile,126.24000000000001,0.0,0.714,1
3965,CUST_03966,2023-03-26,39,Female,Izmir,False,2023,3,1,6,Sunday,March,True,2023-09-26,1178.64,4,0.0,0.0,16.0,8.0,5.0,11.0,1,Home & Garden,Credit Card,Desktop,294.66,0.0,0.5,1
3966,CUST_03967,2023-09-10,38,Male,Istanbul,False,2023,9,3,6,Sunday,September,True,2024-03-10,512.59,3,39.05,0.07078892031034732,19.0,14.0,2.0,9.0,1,Fashion,Credit Card,Mobile,170.86333333333334,0.07618174369379035,0.737,0
3967,CUST_03968,2023-01-16,18,Other,Ankara,True,2023,1,1,0,Monday,January,False,2023-07-16,2329.6,5,415.15,0.15125239092813553,20.0,11.0,5.0,7.0,1,Sports,Credit Card,Mobile,465.91999999999996,0.17820655906593405,0.55,1
3968,CUST_03969,2023-02-02,59,Male,Antalya,True,2023,2,1,3,Thursday,February,False,2023-08-02,64.72,1,0.0,0.0,7.0,8.0,5.0,8.0,1,Beauty,Debit Card,Tablet,64.72,0.0,1.143,0
3969,CUST_03970,2023-03-15,50,Female,Istanbul,False,2023,3,1,2,Wednesday,March,False,2023-09-15,911.32,2,64.04,0.06565780839895013,13.0,9.0,5.0,13.0,1,Sports,Debit Card,Desktop,455.66,0.07027169380678576,0.692,1
3970,CUST_03971,2023-01-09,30,Female,Bursa,False,2023,1,1,0,Monday,January,False,2023-07-09,931.14,4,184.66,0.165495608531995,11.0,9.0,4.0,2.0,1,Toys,Debit Card,Desktop,232.785,0.1983160427003458,0.818,1
3971,CUST_03972,2023-05-22,21,Male,Kayseri,False,2023,5,2,0,Monday,May,False,2023-11-22,242.37,1,0.0,0.0,33.0,14.0,3.0,15.0,1,Beauty,Credit Card,Desktop,242.37,0.0,0.424,0
3972,CUST_03973,2023-02-19,39,Female,Konya,True,2023,2,1,6,Sunday,February,True,2023-08-19,154.06,1,18.6,0.1077261670334762,14.0,9.0,5.0,7.0,1,Beauty,Credit Card,Mobile,154.06,0.12073218226664936,0.643,1
3973,CUST_03974,2023-01-29,36,Male,Istanbul,False,2023,1,1,6,Sunday,January,True,2023-07-29,2121.46,5,428.09,0.16790806220705612,14.0,13.0,2.0,5.0,1,Home & Garden,Digital Wallet,Tablet,424.29200000000003,0.20179027650768808,0.929,1
3974,CUST_03975,2023-07-18,39,Female,Eskisehir,True,2023,7,3,1,Tuesday,July,False,2024-01-18,188.8,5,0.0,0.0,12.0,6.0,4.0,7.0,1,Food,Credit Card,Mobile,37.760000000000005,0.0,0.5,0
3975,CUST_03976,2023-01-13,37,Male,Antalya,False,2023,1,1,4,Friday,January,False,2023-07-13,192.26,2,0.0,0.0,14.0,6.0,5.0,6.0,1,Food,Debit Card,Mobile,96.13,0.0,0.429,0
3976,CUST_03977,2023-02-09,41,Female,Istanbul,True,2023,2,1,3,Thursday,February,False,2023-08-09,975.64,2,91.38,0.08564038162358718,5.0,7.0,1.0,5.0,1,Electronics,Debit Card,Desktop,487.82,0.09366159649050879,1.4,0
3977,CUST_03978,2023-07-04,52,Male,Istanbul,True,2023,7,3,1,Tuesday,July,False,2024-01-04,96.28,2,0.0,0.0,7.0,12.0,4.0,8.0,1,Food,Debit Card,Tablet,48.14,0.0,1.714,1
3978,CUST_03979,2023-03-14,41,Female,Istanbul,False,2023,3,1,1,Tuesday,March,False,2023-09-14,136.73,1,0.0,0.0,17.0,13.0,5.0,7.0,1,Sports,Debit Card,Mobile,136.73,0.0,0.765,1
3979,CUST_03980,2023-04-22,22,Female,Gaziantep,True,2023,4,2,5,Saturday,April,True,2023-10-22,37.5,1,5.18,0.12136832239925023,15.0,7.0,4.0,5.0,1,Toys,Bank Transfer,Desktop,37.5,0.13813333333333333,0.467,1
3980,CUST_03981,2023-01-27,51,Male,Istanbul,False,2023,1,1,4,Friday,January,False,2023-07-27,416.91,3,0.0,0.0,12.0,10.0,5.0,5.0,1,Beauty,Debit Card,Mobile,138.97,0.0,0.833,0
3981,CUST_03982,2023-01-07,54,Male,Istanbul,True,2023,1,1,5,Saturday,January,True,2023-07-07,609.48,4,0.0,0.0,13.0,10.0,1.0,7.0,1,Toys,Debit Card,Mobile,152.37,0.0,0.769,1
3982,CUST_03983,2023-06-14,72,Female,Adana,True,2023,6,2,2,Wednesday,June,False,2023-12-14,218.79,3,19.05,0.08009586276488395,17.0,7.0,4.0,3.0,1,Beauty,Digital Wallet,Mobile,72.92999999999999,0.0870697929521459,0.412,1
3983,CUST_03984,2023-05-07,21,Male,Bursa,True,2023,5,2,6,Sunday,May,True,2023-11-07,2528.64,4,0.0,0.0,10.0,10.0,3.0,8.0,1,Home & Garden,Bank Transfer,Mobile,632.16,0.0,1.0,0
3984,CUST_03985,2023-04-07,37,Female,Gaziantep,True,2023,4,2,4,Friday,April,False,2023-10-07,709.24,4,0.0,0.0,20.0,12.0,5.0,4.0,1,Fashion,Credit Card,Mobile,177.31,0.0,0.6,1
3985,CUST_03986,2023-04-11,18,Male,Adana,False,2023,4,2,1,Tuesday,April,False,2023-10-11,774.72,2,0.0,0.0,11.0,7.0,4.0,3.0,1,Sports,Debit Card,Desktop,387.36,0.0,0.636,0
3986,CUST_03987,2023-02-07,41,Female,Istanbul,False,2023,2,1,1,Tuesday,February,False,2023-08-07,4849.64,4,0.0,0.0,18.0,10.0,4.0,6.0,1,Electronics,Credit Card,Mobile,1212.41,0.0,0.556,0
3987,CUST_03988,2023-02-24,28,Male,Konya,True,2023,2,1,4,Friday,February,False,2023-08-24,2607.88,4,0.0,0.0,7.0,11.0,4.0,2.0,1,Electronics,Credit Card,Mobile,651.97,0.0,1.571,0
3988,CUST_03989,2023-01-29,58,Male,Istanbul,False,2023,1,1,6,Sunday,January,True,2023-07-29,638.72,4,0.0,0.0,16.0,8.0,5.0,9.0,1,Fashion,Digital Wallet,Mobile,159.68,0.0,0.5,1
3989,CUST_03990,2023-06-05,25,Male,Bursa,True,2023,6,2,0,Monday,June,False,2023-12-05,128.78,2,14.38,0.10044705224923163,29.0,9.0,5.0,13.0,1,Food,Credit Card,Desktop,64.39,0.11166330175493089,0.31,1
3990,CUST_03991,2023-01-04,18,Male,Antalya,True,2023,1,1,2,Wednesday,January,False,2023-07-04,1153.04,4,0.0,0.0,8.0,6.0,2.0,14.0,1,Sports,Credit Card,Desktop,288.26,0.0,0.75,1
3991,CUST_03992,2023-05-12,29,Male,Istanbul,False,2023,5,2,4,Friday,May,False,2023-11-12,25579.4,5,0.0,0.0,19.0,9.0,5.0,2.0,1,Electronics,Digital Wallet,Mobile,5115.88,0.0,0.474,1
3992,CUST_03993,2023-06-20,18,Female,Eskisehir,True,2023,6,2,1,Tuesday,June,False,2023-12-20,1711.78,1,0.0,0.0,8.0,7.0,3.0,7.0,1,Electronics,Credit Card,Mobile,1711.78,0.0,0.875,0
3993,CUST_03994,2023-09-12,44,Female,Izmir,False,2023,9,3,1,Tuesday,September,False,2024-03-12,2671.86,3,0.0,0.0,14.0,8.0,5.0,8.0,1,Electronics,Digital Wallet,Tablet,890.62,0.0,0.571,1
3994,CUST_03995,2023-05-31,18,Female,Istanbul,False,2023,5,2,2,Wednesday,May,False,2023-11-30,713.22,2,0.0,0.0,13.0,5.0,4.0,16.0,1,Sports,Debit Card,Tablet,356.61,0.0,0.385,1
3995,CUST_03996,2023-03-30,35,Female,Kayseri,True,2023,3,1,3,Thursday,March,False,2023-09-30,897.66,3,135.99,0.13156290814105354,14.0,12.0,4.0,5.0,1,Home & Garden,Digital Wallet,Mobile,299.21999999999997,0.15149388409865652,0.857,0
3996,CUST_03997,2023-03-30,18,Male,Bursa,False,2023,3,1,3,Thursday,March,False,2023-09-30,478.8,5,0.0,0.0,15.0,10.0,3.0,3.0,1,Fashion,Credit Card,Mobile,95.76,0.0,0.667,0
3997,CUST_03998,2023-07-10,31,Female,Antalya,False,2023,7,3,0,Monday,July,False,2024-01-10,229.75,5,0.0,0.0,12.0,12.0,5.0,3.0,1,Books,Credit Card,Desktop,45.95,0.0,1.0,0
3998,CUST_03999,2023-06-18,54,Male,Bursa,True,2023,6,2,6,Sunday,June,True,2023-12-18,394.49,1,0.0,0.0,15.0,14.0,5.0,4.0,1,Toys,Debit Card,Desktop,394.49,0.0,0.933,0
3999,CUST_04000,2023-01-27,39,Female,Gaziantep,True,2023,1,1,4,Friday,January,False,2023-07-27,562.58,1,0.0,0.0,20.0,11.0,1.0,6.0,1,Home & Garden,Debit Card,Mobile,562.58,0.0,0.55,1
4000,CUST_04001,2023-02-03,24,Male,Istanbul,True,2023,2,1,4,Friday,February,False,2023-08-03,26.59,1,3.77,0.12417654808959157,14.0,8.0,5.0,17.0,1,Beauty,Bank Transfer,Mobile,26.59,0.14178262504701017,0.571,1
4001,CUST_04002,2023-03-07,34,Male,Ankara,False,2023,3,1,1,Tuesday,March,False,2023-09-07,269.8,4,0.0,0.0,14.0,10.0,5.0,12.0,1,Fashion,Credit Card,Mobile,67.45,0.0,0.714,1
4002,CUST_04003,2023-03-08,35,Male,Izmir,False,2023,3,1,2,Wednesday,March,False,2023-09-08,206.76,4,0.0,0.0,14.0,11.0,4.0,3.0,1,Books,Digital Wallet,Mobile,51.69,0.0,0.786,0
4003,CUST_04004,2023-04-12,40,Female,Istanbul,True,2023,4,2,2,Wednesday,April,False,2023-10-12,3501.7,5,0.0,0.0,18.0,3.0,5.0,3.0,1,Home & Garden,Digital Wallet,Mobile,700.3399999999999,0.0,0.167,1
4004,CUST_04005,2023-08-13,18,Male,Adana,True,2023,8,3,6,Sunday,August,True,2024-02-13,219.9,3,0.0,0.0,24.0,11.0,5.0,13.0,1,Books,Debit Card,Mobile,73.3,0.0,0.458,0
4005,CUST_04006,2023-01-24,42,Female,Ankara,True,2023,1,1,1,Tuesday,January,False,2023-07-24,328.8,2,0.0,0.0,18.0,10.0,5.0,4.0,1,Toys,Credit Card,Desktop,164.4,0.0,0.556,0
4006,CUST_04007,2023-03-13,18,Male,Ankara,True,2023,3,1,0,Monday,March,False,2023-09-13,142.66,1,0.0,0.0,13.0,13.0,4.0,7.0,1,Food,Debit Card,Mobile,142.66,0.0,1.0,1
4007,CUST_04008,2023-01-06,27,Female,Istanbul,True,2023,1,1,4,Friday,January,False,2023-07-06,971.28,4,0.0,0.0,20.0,9.0,4.0,1.0,1,Beauty,Digital Wallet,Mobile,242.82,0.0,0.45,1
4008,CUST_04009,2023-01-19,29,Female,Adana,False,2023,1,1,3,Thursday,January,False,2023-07-19,510.5,5,0.0,0.0,14.0,11.0,2.0,5.0,1,Beauty,Bank Transfer,Desktop,102.1,0.0,0.786,1
4009,CUST_04010,2023-06-14,42,Male,Gaziantep,True,2023,6,2,2,Wednesday,June,False,2023-12-14,146.07,1,0.0,0.0,16.0,10.0,1.0,3.0,1,Food,Cash on Delivery,Mobile,146.07,0.0,0.625,1
4010,CUST_04011,2023-01-19,35,Female,Ankara,False,2023,1,1,3,Thursday,January,False,2023-07-19,1229.25,3,76.71,0.05873839933841771,12.0,9.0,4.0,4.0,1,Sports,Debit Card,Mobile,409.75,0.0624039048200122,0.75,1
4011,CUST_04012,2023-03-25,18,Female,Bursa,True,2023,3,1,5,Saturday,March,True,2023-09-25,1763.67,2,229.35,0.11507661739470752,16.0,6.0,4.0,3.0,1,Fashion,Debit Card,Mobile,881.835,0.1300413342632125,0.375,0
4012,CUST_04013,2023-04-13,23,Female,Istanbul,False,2023,4,2,3,Thursday,April,False,2023-10-13,234.9,5,0.0,0.0,15.0,6.0,2.0,3.0,1,Toys,Digital Wallet,Mobile,46.980000000000004,0.0,0.4,0
4013,CUST_04014,2023-09-03,37,Female,Antalya,True,2023,9,3,6,Sunday,September,True,2024-03-03,1000.51,1,0.0,0.0,6.0,11.0,4.0,11.0,1,Electronics,Bank Transfer,Mobile,1000.51,0.0,1.833,1
4014,CUST_04015,2023-02-11,34,Female,Istanbul,True,2023,2,1,5,Saturday,February,True,2023-08-11,947.54,1,0.0,0.0,15.0,10.0,4.0,5.0,1,Sports,Debit Card,Mobile,947.54,0.0,0.667,1
4015,CUST_04016,2023-02-26,28,Female,Izmir,True,2023,2,1,6,Sunday,February,True,2023-08-26,314.39,5,83.86,0.210571249215317,11.0,9.0,4.0,17.0,1,Food,Digital Wallet,Mobile,62.878,0.26673876395559654,0.818,1
4016,CUST_04017,2023-07-23,29,Male,Antalya,True,2023,7,3,6,Sunday,July,True,2024-01-23,1225.77,1,85.66,0.06531801163615289,25.0,8.0,5.0,12.0,1,Home & Garden,Credit Card,Desktop,1225.77,0.06988260440376252,0.32,0
4017,CUST_04018,2023-02-10,43,Female,Kayseri,True,2023,2,1,4,Friday,February,False,2023-08-10,540.54,3,0.0,0.0,8.0,9.0,3.0,5.0,1,Sports,Credit Card,Desktop,180.17999999999998,0.0,1.125,1
4018,CUST_04019,2023-05-02,28,Male,Ankara,False,2023,5,2,1,Tuesday,May,False,2023-11-02,2342.69,3,349.3,0.12975531112671296,16.0,9.0,4.0,18.0,1,Fashion,Credit Card,Mobile,780.8966666666666,0.1491021005766875,0.562,1
4019,CUST_04020,2023-01-19,33,Male,Adana,True,2023,1,1,3,Thursday,January,False,2023-07-19,42.84,1,0.0,0.0,9.0,8.0,5.0,5.0,1,Food,Credit Card,Mobile,42.84,0.0,0.889,1
4020,CUST_04021,2023-04-08,61,Female,Bursa,False,2023,4,2,5,Saturday,April,True,2023-10-08,1506.95,5,0.0,0.0,14.0,8.0,5.0,6.0,1,Home & Garden,Debit Card,Mobile,301.39,0.0,0.571,1
4021,CUST_04022,2023-11-21,18,Male,Kayseri,False,2023,11,4,1,Tuesday,November,False,2024-05-21,49.74,1,0.0,0.0,9.0,5.0,5.0,11.0,1,Books,Credit Card,Desktop,49.74,0.0,0.556,1
4022,CUST_04023,2023-05-02,18,Male,Ankara,True,2023,5,2,1,Tuesday,May,False,2023-11-02,78.87,1,0.0,0.0,11.0,11.0,3.0,9.0,1,Food,Debit Card,Mobile,78.87,0.0,1.0,1
4023,CUST_04024,2023-05-18,44,Female,Ankara,False,2023,5,2,3,Thursday,May,False,2023-11-18,322.68,4,0.0,0.0,13.0,13.0,4.0,3.0,1,Beauty,Credit Card,Desktop,80.67,0.0,1.0,1
4024,CUST_04025,2023-04-11,26,Female,Konya,False,2023,4,2,1,Tuesday,April,False,2023-10-11,111.04,4,0.0,0.0,12.0,9.0,2.0,12.0,1,Beauty,Bank Transfer,Mobile,27.76,0.0,0.75,1
4025,CUST_04026,2023-05-05,31,Female,Istanbul,False,2023,5,2,4,Friday,May,False,2023-11-05,36.42,1,0.0,0.0,3.0,8.0,4.0,11.0,1,Beauty,Digital Wallet,Desktop,36.42,0.0,2.667,0
4026,CUST_04027,2023-02-05,25,Female,Istanbul,False,2023,2,1,6,Sunday,February,True,2023-08-05,54.96,2,0.0,0.0,17.0,4.0,2.0,6.0,1,Books,Debit Card,Mobile,27.48,0.0,0.235,1
4027,CUST_04028,2023-07-01,31,Female,Istanbul,True,2023,7,3,5,Saturday,July,True,2024-01-01,154.11,5,17.79,0.10349040139616054,13.0,9.0,5.0,4.0,1,Books,Digital Wallet,Mobile,30.822000000000003,0.11543702550126532,0.692,0
4028,CUST_04029,2023-05-24,54,Male,Gaziantep,False,2023,5,2,2,Wednesday,May,False,2023-11-24,323.36,1,108.63,0.25146415426283014,15.0,8.0,5.0,1.0,1,Home & Garden,Debit Card,Mobile,323.36,0.33594136566056404,0.533,1
4029,CUST_04030,2024-01-20,44,Male,Istanbul,False,2024,1,1,5,Saturday,January,True,2024-07-20,982.21,1,0.0,0.0,16.0,9.0,4.0,8.0,1,Electronics,Debit Card,Mobile,982.21,0.0,0.562,0
4030,CUST_04031,2023-03-24,45,Female,Konya,False,2023,3,1,4,Friday,March,False,2023-09-24,598.5,5,0.0,0.0,13.0,11.0,5.0,7.0,1,Beauty,Debit Card,Mobile,119.7,0.0,0.846,0
4031,CUST_04032,2023-01-15,18,Male,Izmir,True,2023,1,1,6,Sunday,January,True,2023-07-15,198.13,4,40.39,0.16933590474593324,18.0,11.0,5.0,5.0,1,Food,Credit Card,Mobile,49.5325,0.20385605410589008,0.611,0
4032,CUST_04033,2023-01-18,21,Female,Istanbul,True,2023,1,1,2,Wednesday,January,False,2023-07-18,1413.59,1,0.0,0.0,10.0,6.0,3.0,5.0,1,Electronics,Credit Card,Mobile,1413.59,0.0,0.6,1
4033,CUST_04034,2023-02-28,18,Female,Izmir,True,2023,2,1,1,Tuesday,February,False,2023-08-28,238.32,4,0.0,0.0,30.0,7.0,5.0,3.0,1,Toys,Credit Card,Tablet,59.58,0.0,0.233,1
4034,CUST_04035,2023-06-11,25,Male,Istanbul,True,2023,6,2,6,Sunday,June,True,2023-12-11,294.94,1,0.0,0.0,13.0,14.0,4.0,6.0,1,Electronics,Debit Card,Mobile,294.94,0.0,1.077,1
4035,CUST_04036,2023-01-19,46,Female,Antalya,True,2023,1,1,3,Thursday,January,False,2023-07-19,160.51,1,0.0,0.0,19.0,11.0,5.0,10.0,1,Beauty,Credit Card,Mobile,160.51,0.0,0.579,1
4036,CUST_04037,2023-04-05,41,Female,Antalya,False,2023,4,2,2,Wednesday,April,False,2023-10-05,204.07,1,0.0,0.0,12.0,13.0,2.0,12.0,1,Fashion,Digital Wallet,Mobile,204.07,0.0,1.083,1
4037,CUST_04038,2023-01-07,32,Male,Izmir,True,2023,1,1,5,Saturday,January,True,2023-07-07,133.44,5,25.81,0.16207221350078493,14.0,9.0,4.0,4.0,1,Food,Credit Card,Mobile,26.688,0.19342026378896882,0.643,0
4038,CUST_04039,2023-01-16,34,Other,Istanbul,True,2023,1,1,0,Monday,January,False,2023-07-16,2206.8,5,0.0,0.0,21.0,11.0,5.0,4.0,1,Fashion,Credit Card,Mobile,441.36,0.0,0.524,0
4039,CUST_04040,2023-01-18,26,Female,Antalya,True,2023,1,1,2,Wednesday,January,False,2023-07-18,277.26,3,0.0,0.0,10.0,8.0,5.0,2.0,1,Toys,Debit Card,Mobile,92.42,0.0,0.8,0
4040,CUST_04041,2023-08-14,37,Male,Gaziantep,False,2023,8,3,0,Monday,August,False,2024-02-14,1219.68,3,161.55,0.11696096957060012,12.0,10.0,5.0,5.0,1,Home & Garden,Bank Transfer,Mobile,406.56,0.13245277449822904,0.833,1
4041,CUST_04042,2023-03-24,44,Female,Adana,True,2023,3,1,4,Friday,March,False,2023-09-24,142.99,3,39.74,0.21747934110436165,17.0,11.0,5.0,22.0,1,Beauty,Cash on Delivery,Mobile,47.663333333333334,0.27792153297433386,0.647,0
4042,CUST_04043,2023-01-14,18,Female,Gaziantep,True,2023,1,1,5,Saturday,January,True,2023-07-14,106.13,1,0.0,0.0,9.0,10.0,5.0,5.0,1,Toys,Debit Card,Desktop,106.13,0.0,1.111,0
4043,CUST_04044,2023-06-21,38,Female,Istanbul,True,2023,6,2,2,Wednesday,June,False,2023-12-21,666.07,1,58.19,0.08034407533206307,19.0,10.0,4.0,5.0,1,Sports,Digital Wallet,Mobile,666.07,0.08736319005509931,0.526,1
4044,CUST_04045,2023-05-02,46,Female,Konya,False,2023,5,2,1,Tuesday,May,False,2023-11-02,109.94,2,19.88,0.15313511015251888,16.0,7.0,4.0,5.0,1,Food,Debit Card,Mobile,54.97,0.18082590503911225,0.437,1
4045,CUST_04046,2023-03-15,30,Female,Ankara,True,2023,3,1,2,Wednesday,March,False,2023-09-15,4397.73,3,0.0,0.0,14.0,6.0,3.0,3.0,1,Electronics,Bank Transfer,Desktop,1465.9099999999999,0.0,0.429,1
4046,CUST_04047,2023-03-31,43,Male,Istanbul,True,2023,3,1,4,Friday,March,False,2023-09-30,105.3,5,0.0,0.0,14.0,9.0,5.0,3.0,1,Food,Credit Card,Desktop,21.06,0.0,0.643,1
4047,CUST_04048,2023-04-03,68,Female,Gaziantep,True,2023,4,2,0,Monday,April,False,2023-10-03,12.27,1,3.32,0.21295702373316228,10.0,7.0,5.0,8.0,1,Food,Credit Card,Mobile,12.27,0.27057864710676444,0.7,0
4048,CUST_04049,2023-06-23,33,Female,Kayseri,True,2023,6,2,4,Friday,June,False,2023-12-23,3345.12,3,0.0,0.0,22.0,8.0,5.0,7.0,1,Sports,Digital Wallet,Mobile,1115.04,0.0,0.364,1
4049,CUST_04050,2023-03-17,39,Male,Antalya,False,2023,3,1,4,Friday,March,False,2023-09-17,139.9,1,0.0,0.0,11.0,8.0,1.0,3.0,1,Food,Credit Card,Mobile,139.9,0.0,0.727,0
4050,CUST_04051,2023-05-06,26,Male,Istanbul,True,2023,5,2,5,Saturday,May,True,2023-11-06,2059.11,3,132.0,0.060243438257321626,14.0,15.0,5.0,3.0,1,Sports,Bank Transfer,Desktop,686.37,0.06410536591051473,1.071,0
4051,CUST_04052,2023-12-04,37,Female,Ankara,False,2023,12,4,0,Monday,December,False,2024-06-04,683.7,5,0.0,0.0,13.0,6.0,1.0,5.0,1,Fashion,Digital Wallet,Mobile,136.74,0.0,0.462,0
4052,CUST_04053,2023-02-05,40,Female,Izmir,True,2023,2,1,6,Sunday,February,True,2023-08-05,986.98,2,0.0,0.0,18.0,9.0,3.0,4.0,1,Sports,Credit Card,Mobile,493.49,0.0,0.5,0
4053,CUST_04054,2023-03-16,37,Female,Konya,False,2023,3,1,3,Thursday,March,False,2023-09-16,4246.45,5,0.0,0.0,17.0,9.0,5.0,3.0,1,Home & Garden,Credit Card,Desktop,849.29,0.0,0.529,1
4054,CUST_04055,2023-01-13,22,Female,Istanbul,True,2023,1,1,4,Friday,January,False,2023-07-13,68.87,1,0.0,0.0,17.0,10.0,5.0,3.0,1,Toys,Digital Wallet,Desktop,68.87,0.0,0.588,0
4055,CUST_04056,2023-01-01,37,Female,Gaziantep,False,2023,1,1,6,Sunday,January,True,2023-07-01,6024.24,4,0.0,0.0,13.0,11.0,3.0,5.0,1,Home & Garden,Debit Card,Desktop,1506.06,0.0,0.846,0
4056,CUST_04057,2023-07-16,52,Female,Ankara,False,2023,7,3,6,Sunday,July,True,2024-01-16,51.1,3,10.94,0.1763378465506125,24.0,8.0,5.0,7.0,1,Books,Credit Card,Desktop,17.033333333333335,0.2140900195694716,0.333,0
4057,CUST_04058,2023-07-29,40,Female,Gaziantep,True,2023,7,3,5,Saturday,July,True,2024-01-29,1609.7,2,0.0,0.0,23.0,6.0,3.0,3.0,1,Electronics,Credit Card,Mobile,804.85,0.0,0.261,1
4058,CUST_04059,2023-02-11,46,Male,Kayseri,True,2023,2,1,5,Saturday,February,True,2023-08-11,2028.03,3,0.0,0.0,16.0,10.0,5.0,5.0,1,Home & Garden,Bank Transfer,Desktop,676.01,0.0,0.625,0
4059,CUST_04060,2023-05-20,32,Female,Izmir,True,2023,5,2,5,Saturday,May,True,2023-11-20,47.68,2,0.0,0.0,13.0,10.0,3.0,8.0,1,Books,Digital Wallet,Tablet,23.84,0.0,0.769,1
4060,CUST_04061,2023-02-15,43,Female,Ankara,True,2023,2,1,2,Wednesday,February,False,2023-08-15,857.3,3,143.68,0.14353933145517395,13.0,9.0,4.0,11.0,1,Sports,Credit Card,Tablet,285.76666666666665,0.16759594074419693,0.692,1
4061,CUST_04062,2023-06-09,38,Female,Gaziantep,False,2023,6,2,4,Friday,June,False,2023-12-09,196.54,4,44.9,0.18596752816434725,7.0,12.0,5.0,10.0,1,Books,Credit Card,Mobile,49.135,0.22845222346596114,1.714,1
4062,CUST_04063,2023-05-20,23,Female,Bursa,True,2023,5,2,5,Saturday,May,True,2023-11-20,122.38,2,0.0,0.0,15.0,7.0,4.0,8.0,1,Books,Bank Transfer,Mobile,61.19,0.0,0.467,1
4063,CUST_04064,2023-03-14,38,Female,Antalya,True,2023,3,1,1,Tuesday,March,False,2023-09-14,65.62,1,7.81,0.106359798447501,15.0,10.0,5.0,6.0,1,Beauty,Credit Card,Desktop,65.62,0.11901859189271562,0.667,1
4064,CUST_04065,2023-01-22,23,Male,Antalya,False,2023,1,1,6,Sunday,January,True,2023-07-22,3318.69,3,0.0,0.0,14.0,10.0,5.0,6.0,1,Home & Garden,Credit Card,Mobile,1106.23,0.0,0.714,0
4065,CUST_04066,2023-12-04,27,Male,Istanbul,True,2023,12,4,0,Monday,December,False,2024-06-04,521.78,2,0.0,0.0,13.0,3.0,3.0,7.0,1,Beauty,Debit Card,Mobile,260.89,0.0,0.231,0
4066,CUST_04067,2023-02-17,37,Male,Gaziantep,False,2023,2,1,4,Friday,February,False,2023-08-17,2249.62,2,0.0,0.0,14.0,7.0,3.0,8.0,1,Electronics,Debit Card,Desktop,1124.81,0.0,0.5,1
4067,CUST_04068,2023-12-22,38,Male,Istanbul,False,2023,12,4,4,Friday,December,False,2024-06-22,1584.9,4,291.9,0.1555306905370844,15.0,7.0,4.0,1.0,1,Sports,Bank Transfer,Mobile,396.225,0.1841756577702063,0.467,0
4068,CUST_04069,2023-08-05,20,Female,Kayseri,True,2023,8,3,5,Saturday,August,True,2024-02-05,91.5,5,0.0,0.0,9.0,8.0,4.0,3.0,1,Food,Digital Wallet,Mobile,18.3,0.0,0.889,1
4069,CUST_04070,2023-04-14,47,Male,Ankara,True,2023,4,2,4,Friday,April,False,2023-10-14,99.06,1,16.36,0.1417431987523826,19.0,7.0,4.0,4.0,1,Toys,Credit Card,Desktop,99.06,0.1651524328689683,0.368,1
4070,CUST_04071,2023-02-12,41,Male,Adana,False,2023,2,1,6,Sunday,February,True,2023-08-12,2886.56,3,807.19,0.21852859560067683,11.0,7.0,2.0,3.0,1,Electronics,Credit Card,Mobile,962.1866666666666,0.2796373538052215,0.636,1
4071,CUST_04072,2023-02-07,26,Female,Ankara,False,2023,2,1,1,Tuesday,February,False,2023-08-07,149.0,1,0.0,0.0,18.0,13.0,3.0,13.0,1,Fashion,Credit Card,Desktop,149.0,0.0,0.722,0
4072,CUST_04073,2023-06-26,18,Female,Ankara,True,2023,6,2,0,Monday,June,False,2023-12-26,1418.54,2,0.0,0.0,17.0,6.0,5.0,7.0,1,Home & Garden,Credit Card,Mobile,709.27,0.0,0.353,1
4073,CUST_04074,2023-01-14,33,Male,Ankara,True,2023,1,1,5,Saturday,January,True,2023-07-14,1472.2,4,0.0,0.0,12.0,12.0,4.0,6.0,1,Home & Garden,Credit Card,Tablet,368.05,0.0,1.0,0
4074,CUST_04075,2023-02-11,29,Female,Adana,True,2023,2,1,5,Saturday,February,True,2023-08-11,1491.95,5,0.0,0.0,14.0,3.0,5.0,9.0,1,Electronics,Digital Wallet,Desktop,298.39,0.0,0.214,1
4075,CUST_04076,2023-10-26,36,Female,Bursa,False,2023,10,4,3,Thursday,October,False,2024-04-26,139.41,1,26.16,0.15799963761551006,9.0,10.0,1.0,7.0,1,Sports,Credit Card,Mobile,139.41,0.18764794491069509,1.111,0
4076,CUST_04077,2023-04-10,30,Male,Konya,True,2023,4,2,0,Monday,April,False,2023-10-10,205.11,4,27.05,0.1165144727773949,14.0,11.0,4.0,6.0,1,Books,Digital Wallet,Mobile,51.2775,0.13188045439032714,0.786,1
4077,CUST_04078,2023-01-30,18,Male,Ankara,True,2023,1,1,0,Monday,January,False,2023-07-30,6093.16,5,800.09,0.11606861785079607,14.0,6.0,5.0,10.0,1,Home & Garden,Credit Card,Mobile,1218.632,0.13130953396923764,0.429,1
4078,CUST_04079,2023-08-19,30,Female,Antalya,False,2023,8,3,5,Saturday,August,True,2024-02-19,318.18,3,0.0,0.0,14.0,5.0,5.0,4.0,1,Toys,Credit Card,Desktop,106.06,0.0,0.357,0
4079,CUST_04080,2023-05-23,31,Female,Adana,True,2023,5,2,1,Tuesday,May,False,2023-11-23,485.7,1,134.0,0.21623366144908826,11.0,7.0,3.0,4.0,1,Toys,Digital Wallet,Mobile,485.7,0.27589046736668726,0.636,0
4080,CUST_04081,2023-03-01,42,Female,Istanbul,True,2023,3,1,2,Wednesday,March,False,2023-09-01,470.61,3,0.0,0.0,15.0,10.0,4.0,3.0,1,Fashion,Digital Wallet,Mobile,156.87,0.0,0.667,0
4081,CUST_04082,2023-01-19,26,Male,Izmir,True,2023,1,1,3,Thursday,January,False,2023-07-19,2228.06,4,333.3,0.13012618296529968,10.0,9.0,3.0,9.0,1,Home & Garden,Debit Card,Mobile,557.015,0.14959202175883954,0.9,0
4082,CUST_04083,2023-01-10,55,Male,Izmir,True,2023,1,1,1,Tuesday,January,False,2023-07-10,190.25,5,0.0,0.0,15.0,9.0,2.0,7.0,1,Toys,Digital Wallet,Mobile,38.05,0.0,0.6,1
4083,CUST_04084,2023-01-19,18,Female,Ankara,False,2023,1,1,3,Thursday,January,False,2023-07-19,6437.32,2,0.0,0.0,19.0,7.0,4.0,8.0,1,Electronics,Digital Wallet,Mobile,3218.66,0.0,0.368,1
4084,CUST_04085,2023-07-23,50,Male,Ankara,True,2023,7,3,6,Sunday,July,True,2024-01-23,4172.96,5,903.04,0.1779038613081166,15.0,9.0,5.0,6.0,1,Electronics,Credit Card,Desktop,834.592,0.21640274529350867,0.6,0
4085,CUST_04086,2023-07-04,32,Male,Antalya,True,2023,7,3,1,Tuesday,July,False,2024-01-04,3937.75,5,88.3,0.021932166763949774,4.0,12.0,4.0,5.0,1,Home & Garden,Credit Card,Mobile,787.55,0.022423973081074217,3.0,1
4086,CUST_04087,2023-03-15,45,Female,Istanbul,True,2023,3,1,2,Wednesday,March,False,2023-09-15,200.82,4,33.1,0.1415013679890561,14.0,7.0,1.0,11.0,1,Beauty,Credit Card,Tablet,50.205,0.1648242206951499,0.5,0
4087,CUST_04088,2023-03-26,35,Male,Adana,True,2023,3,1,6,Sunday,March,True,2023-09-26,64.66,1,9.04,0.12265943012211668,14.0,11.0,5.0,1.0,1,Books,Debit Card,Desktop,64.66,0.13980822765233528,0.786,0
4088,CUST_04089,2023-10-02,48,Female,Kayseri,True,2023,10,4,0,Monday,October,False,2024-04-02,524.46,1,0.0,0.0,16.0,14.0,5.0,10.0,1,Sports,Credit Card,Tablet,524.46,0.0,0.875,1
4089,CUST_04090,2023-02-12,30,Female,Bursa,True,2023,2,1,6,Sunday,February,True,2023-08-12,919.52,4,0.0,0.0,14.0,9.0,3.0,4.0,1,Sports,Credit Card,Desktop,229.88,0.0,0.643,0
4090,CUST_04091,2023-01-11,21,Male,Bursa,True,2023,1,1,2,Wednesday,January,False,2023-07-11,464.32,4,0.0,0.0,16.0,6.0,5.0,9.0,1,Beauty,Bank Transfer,Mobile,116.08,0.0,0.375,1
4091,CUST_04092,2023-01-08,52,Female,Istanbul,True,2023,1,1,6,Sunday,January,True,2023-07-08,446.74,1,32.27,0.06736811340055532,14.0,10.0,5.0,8.0,1,Home & Garden,Bank Transfer,Desktop,446.74,0.07223440927608901,0.714,1
4092,CUST_04093,2023-02-25,33,Male,Konya,False,2023,2,1,5,Saturday,February,True,2023-08-25,173.88,3,0.0,0.0,16.0,7.0,5.0,8.0,1,Beauty,Credit Card,Desktop,57.96,0.0,0.437,0
4093,CUST_04094,2023-01-28,37,Female,Ankara,True,2023,1,1,5,Saturday,January,True,2023-07-28,1559.25,5,0.0,0.0,16.0,13.0,1.0,8.0,1,Toys,Cash on Delivery,Mobile,311.85,0.0,0.812,1
4094,CUST_04095,2023-01-20,49,Male,Bursa,True,2023,1,1,4,Friday,January,False,2023-07-20,56.53,1,0.0,0.0,18.0,10.0,5.0,7.0,1,Books,Debit Card,Tablet,56.53,0.0,0.556,1
4095,CUST_04096,2023-10-11,22,Male,Eskisehir,True,2023,10,4,2,Wednesday,October,False,2024-04-11,27.1,1,2.66,0.08938172043010753,15.0,7.0,4.0,6.0,1,Books,Credit Card,Tablet,27.1,0.0981549815498155,0.467,1
4096,CUST_04097,2023-02-10,42,Female,Bursa,True,2023,2,1,4,Friday,February,False,2023-08-10,429.0,4,0.0,0.0,12.0,5.0,3.0,10.0,1,Food,Credit Card,Desktop,107.25,0.0,0.417,1
4097,CUST_04098,2023-07-01,27,Male,Adana,False,2023,7,3,5,Saturday,July,True,2024-01-01,233.08,1,60.78,0.20683318587082283,3.0,7.0,2.0,4.0,1,Fashion,Bank Transfer,Desktop,233.08,0.26076883473485496,2.333,1
4098,CUST_04099,2023-03-27,33,Female,Izmir,False,2023,3,1,0,Monday,March,False,2023-09-27,121.87,2,20.93,0.14656862745098037,9.0,5.0,5.0,3.0,1,Beauty,Digital Wallet,Mobile,60.935,0.17174037909247558,0.556,1
4099,CUST_04100,2023-08-15,35,Male,Istanbul,True,2023,8,3,1,Tuesday,August,False,2024-02-15,269.48,1,0.0,0.0,9.0,9.0,4.0,7.0,1,Fashion,Credit Card,Mobile,269.48,0.0,1.0,1
4100,CUST_04101,2023-02-23,18,Male,Gaziantep,False,2023,2,1,3,Thursday,February,False,2023-08-23,832.44,5,125.06,0.13061096605744127,16.0,7.0,3.0,10.0,1,Beauty,Debit Card,Mobile,166.488,0.15023304982941713,0.437,0
4101,CUST_04102,2023-01-23,25,Female,Istanbul,True,2023,1,1,0,Monday,January,False,2023-07-23,245.18,1,0.0,0.0,15.0,5.0,5.0,7.0,1,Sports,Debit Card,Desktop,245.18,0.0,0.333,1
4102,CUST_04103,2023-10-16,51,Male,Adana,False,2023,10,4,0,Monday,October,False,2024-04-16,73.88,2,3.14,0.04076863152427941,23.0,14.0,5.0,5.0,1,Books,Digital Wallet,Desktop,36.94,0.04250135354629129,0.609,0
4103,CUST_04104,2023-06-14,45,Male,Istanbul,False,2023,6,2,2,Wednesday,June,False,2023-12-14,187.71,1,18.91,0.09152066595682896,18.0,11.0,4.0,5.0,1,Fashion,Digital Wallet,Mobile,187.71,0.10074050396888817,0.611,0
4104,CUST_04105,2023-11-20,34,Female,Konya,True,2023,11,4,0,Monday,November,False,2024-05-20,532.04,2,0.0,0.0,16.0,7.0,4.0,6.0,1,Home & Garden,Digital Wallet,Mobile,266.02,0.0,0.437,1
4105,CUST_04106,2023-02-11,37,Female,Istanbul,True,2023,2,1,5,Saturday,February,True,2023-08-11,2792.85,5,0.0,0.0,23.0,8.0,4.0,7.0,1,Toys,Debit Card,Mobile,558.5699999999999,0.0,0.348,1
4106,CUST_04107,2023-06-20,31,Female,Izmir,False,2023,6,2,1,Tuesday,June,False,2023-12-20,193.15,5,40.7,0.17404319007911054,15.0,7.0,3.0,4.0,1,Books,Credit Card,Desktop,38.63,0.21071705928035206,0.467,1
4107,CUST_04108,2023-08-01,51,Female,Bursa,True,2023,8,3,1,Tuesday,August,False,2024-02-01,269.04,2,0.0,0.0,15.0,11.0,5.0,4.0,1,Fashion,Digital Wallet,Mobile,134.52,0.0,0.733,1
4108,CUST_04109,2023-06-19,32,Male,Izmir,True,2023,6,2,0,Monday,June,False,2023-12-19,329.09,1,26.1,0.07348179847405614,7.0,7.0,5.0,5.0,1,Fashion,Bank Transfer,Desktop,329.09,0.07930961135251756,1.0,0
4109,CUST_04110,2023-04-15,37,Female,Ankara,True,2023,4,2,5,Saturday,April,True,2023-10-15,3425.36,4,0.0,0.0,12.0,9.0,3.0,7.0,1,Home & Garden,Credit Card,Mobile,856.34,0.0,0.75,0
4110,CUST_04111,2023-06-19,48,Male,Izmir,True,2023,6,2,0,Monday,June,False,2023-12-19,55.26,3,0.0,0.0,20.0,8.0,3.0,16.0,1,Books,Debit Card,Mobile,18.419999999999998,0.0,0.4,1
4111,CUST_04112,2023-01-23,25,Female,Ankara,True,2023,1,1,0,Monday,January,False,2023-07-23,1030.86,3,0.0,0.0,13.0,6.0,4.0,1.0,1,Sports,Credit Card,Mobile,343.61999999999995,0.0,0.462,1
4112,CUST_04113,2023-01-06,53,Male,Izmir,False,2023,1,1,4,Friday,January,False,2023-07-06,326.33,1,0.0,0.0,20.0,7.0,4.0,3.0,1,Sports,Bank Transfer,Mobile,326.33,0.0,0.35,0
4113,CUST_04114,2023-02-20,18,Other,Ankara,False,2023,2,1,0,Monday,February,False,2023-08-20,19.67,1,0.0,0.0,18.0,13.0,3.0,3.0,1,Food,Credit Card,Mobile,19.67,0.0,0.722,1
4114,CUST_04115,2023-02-03,54,Female,Bursa,True,2023,2,1,4,Friday,February,False,2023-08-03,166.7,2,0.0,0.0,13.0,12.0,5.0,7.0,1,Sports,Credit Card,Mobile,83.35,0.0,0.923,1
4115,CUST_04116,2023-01-01,30,Female,Istanbul,False,2023,1,1,6,Sunday,January,True,2023-07-01,117.62,4,17.46,0.12925673674859342,15.0,7.0,4.0,3.0,1,Food,Bank Transfer,Mobile,29.405,0.1484441421526951,0.467,1
4116,CUST_04117,2023-04-04,32,Female,Eskisehir,False,2023,4,2,1,Tuesday,April,False,2023-10-04,1340.98,4,106.5,0.07357614612982563,15.0,8.0,5.0,4.0,1,Home & Garden,Bank Transfer,Mobile,335.245,0.07941952900117824,0.533,0
4117,CUST_04118,2023-12-27,18,Female,Izmir,True,2023,12,4,2,Wednesday,December,False,2024-06-27,6377.0,5,0.0,0.0,20.0,7.0,4.0,3.0,1,Home & Garden,Credit Card,Desktop,1275.4,0.0,0.35,1
4118,CUST_04119,2023-04-30,29,Female,Istanbul,True,2023,4,2,6,Sunday,April,True,2023-10-30,358.84,1,0.0,0.0,18.0,9.0,5.0,9.0,1,Home & Garden,Credit Card,Desktop,358.84,0.0,0.5,1
4119,CUST_04120,2023-08-22,22,Male,Izmir,False,2023,8,3,1,Tuesday,August,False,2024-02-22,4262.19,3,0.0,0.0,18.0,5.0,4.0,13.0,1,Home & Garden,Credit Card,Desktop,1420.7299999999998,0.0,0.278,1
4120,CUST_04121,2023-10-05,27,Male,Konya,True,2023,10,4,3,Thursday,October,False,2024-04-05,596.18,5,108.32,0.15375443577004966,13.0,9.0,5.0,9.0,1,Food,Credit Card,Desktop,119.23599999999999,0.18169009359589386,0.692,1
4121,CUST_04122,2023-01-02,33,Male,Istanbul,True,2023,1,1,0,Monday,January,False,2023-07-02,314.88,4,0.0,0.0,15.0,9.0,5.0,10.0,1,Books,Credit Card,Tablet,78.72,0.0,0.6,0
4122,CUST_04123,2023-02-24,46,Male,Antalya,True,2023,2,1,4,Friday,February,False,2023-08-24,2711.6,4,0.0,0.0,15.0,7.0,1.0,9.0,1,Home & Garden,Credit Card,Desktop,677.9,0.0,0.467,0
4123,CUST_04124,2023-03-25,37,Female,Bursa,True,2023,3,1,5,Saturday,March,True,2023-09-25,298.27,5,81.88,0.21538866237011706,14.0,9.0,4.0,3.0,1,Books,Debit Card,Mobile,59.653999999999996,0.27451637777852284,0.643,1
4124,CUST_04125,2023-08-17,38,Female,Istanbul,True,2023,8,3,3,Thursday,August,False,2024-02-17,239.11,1,94.34,0.28292097765781976,14.0,11.0,5.0,7.0,1,Fashion,Digital Wallet,Mobile,239.11,0.3945464430596796,0.786,0
4125,CUST_04126,2023-07-11,21,Female,Gaziantep,True,2023,7,3,1,Tuesday,July,False,2024-01-11,652.72,1,0.0,0.0,27.0,8.0,4.0,10.0,1,Fashion,Credit Card,Mobile,652.72,0.0,0.296,1
4126,CUST_04127,2023-01-26,24,Female,Ankara,True,2023,1,1,3,Thursday,January,False,2023-07-26,263.06,1,68.96,0.20769833142581773,12.0,6.0,5.0,12.0,1,Home & Garden,Debit Card,Desktop,263.06,0.26214551813274534,0.5,1
4127,CUST_04128,2023-02-16,56,Female,Ankara,True,2023,2,1,3,Thursday,February,False,2023-08-16,1323.97,1,277.76,0.17341249773682205,15.0,7.0,1.0,3.0,1,Home & Garden,Credit Card,Mobile,1323.97,0.20979327326147873,0.467,0
4128,CUST_04129,2023-02-20,26,Male,Gaziantep,True,2023,2,1,0,Monday,February,False,2023-08-20,550.49,5,109.81,0.16630319551718917,16.0,15.0,4.0,20.0,1,Beauty,Cash on Delivery,Desktop,110.098,0.19947682973351014,0.937,1
4129,CUST_04130,2023-04-16,54,Male,Antalya,False,2023,4,2,6,Sunday,April,True,2023-10-16,187.33,3,38.09,0.16897347174163785,14.0,5.0,5.0,3.0,1,Beauty,Debit Card,Mobile,62.443333333333335,0.20333102012491325,0.357,1
4130,CUST_04131,2023-02-11,32,Male,Konya,False,2023,2,1,5,Saturday,February,True,2023-08-11,1138.13,1,0.0,0.0,16.0,10.0,5.0,6.0,1,Fashion,Credit Card,Mobile,1138.13,0.0,0.625,1
4131,CUST_04132,2023-03-20,35,Male,Antalya,True,2023,3,1,0,Monday,March,False,2023-09-20,268.09,5,63.71,0.19201326100060276,12.0,9.0,4.0,5.0,1,Books,Credit Card,Mobile,53.617999999999995,0.23764407475101648,0.75,1
4132,CUST_04133,2023-01-12,47,Female,Adana,False,2023,1,1,3,Thursday,January,False,2023-07-12,234.6,5,0.0,0.0,13.0,8.0,3.0,11.0,1,Food,Debit Card,Mobile,46.92,0.0,0.615,0
4133,CUST_04134,2023-03-19,50,Female,Gaziantep,True,2023,3,1,6,Sunday,March,True,2023-09-19,1173.93,1,305.11,0.20628921462570318,19.0,7.0,4.0,4.0,1,Electronics,Credit Card,Mobile,1173.93,0.25990476433858917,0.368,0
4134,CUST_04135,2023-01-13,33,Female,Istanbul,False,2023,1,1,4,Friday,January,False,2023-07-13,2097.6,3,0.0,0.0,11.0,10.0,5.0,8.0,1,Sports,Bank Transfer,Desktop,699.1999999999999,0.0,0.909,1
4135,CUST_04136,2023-01-11,30,Female,Adana,True,2023,1,1,2,Wednesday,January,False,2023-07-11,345.68,4,24.92,0.06724230976794388,18.0,12.0,5.0,8.0,1,Books,Debit Card,Desktop,86.42,0.07208979402915992,0.667,0
4136,CUST_04137,2023-07-12,34,Female,Bursa,True,2023,7,3,2,Wednesday,July,False,2024-01-12,894.76,3,137.39,0.13311049750520756,15.0,7.0,4.0,4.0,1,Electronics,Credit Card,Mobile,298.25333333333333,0.15354955518798336,0.467,0
4137,CUST_04138,2023-02-23,39,Male,Istanbul,True,2023,2,1,3,Thursday,February,False,2023-08-23,80.08,1,11.0,0.12077294685990339,12.0,11.0,5.0,9.0,1,Food,Bank Transfer,Mobile,80.08,0.13736263736263737,0.917,0
4138,CUST_04139,2023-03-25,45,Female,Izmir,True,2023,3,1,5,Saturday,March,True,2023-09-25,729.72,2,0.0,0.0,16.0,9.0,3.0,6.0,1,Fashion,Bank Transfer,Mobile,364.86,0.0,0.562,0
4139,CUST_04140,2023-08-01,35,Male,Istanbul,True,2023,8,3,1,Tuesday,August,False,2024-02-01,370.72,4,0.0,0.0,5.0,7.0,4.0,8.0,1,Food,Bank Transfer,Mobile,92.68,0.0,1.4,1
4140,CUST_04141,2023-02-13,42,Male,Adana,True,2023,2,1,0,Monday,February,False,2023-08-13,465.54,1,189.72,0.289533925464701,18.0,11.0,1.0,7.0,1,Home & Garden,Digital Wallet,Mobile,465.54,0.40752674313700216,0.611,1
4141,CUST_04142,2023-03-01,54,Male,Bursa,True,2023,3,1,2,Wednesday,March,False,2023-09-01,247.45,5,0.0,0.0,15.0,16.0,4.0,7.0,1,Books,Credit Card,Desktop,49.489999999999995,0.0,1.067,0
4142,CUST_04143,2023-02-14,39,Female,Kayseri,False,2023,2,1,1,Tuesday,February,False,2023-08-14,735.92,4,0.0,0.0,13.0,8.0,4.0,7.0,1,Fashion,Credit Card,Mobile,183.98,0.0,0.615,1
4143,CUST_04144,2023-02-01,38,Male,Istanbul,True,2023,2,1,2,Wednesday,February,False,2023-08-01,1524.15,5,0.0,0.0,17.0,9.0,5.0,7.0,1,Fashion,Credit Card,Desktop,304.83000000000004,0.0,0.529,1
4144,CUST_04145,2023-03-08,18,Male,Bursa,True,2023,3,1,2,Wednesday,March,False,2023-09-08,1373.52,4,0.0,0.0,15.0,10.0,5.0,5.0,1,Fashion,Credit Card,Mobile,343.38,0.0,0.667,1
4145,CUST_04146,2023-06-28,18,Female,Istanbul,True,2023,6,2,2,Wednesday,June,False,2023-12-28,260.79,1,64.6,0.19853099357693843,29.0,12.0,5.0,2.0,1,Home & Garden,Bank Transfer,Mobile,260.79,0.24770888454311896,0.414,0
4146,CUST_04147,2023-02-20,39,Female,Bursa,False,2023,2,1,0,Monday,February,False,2023-08-20,5709.75,5,0.0,0.0,16.0,10.0,4.0,8.0,1,Sports,Debit Card,Mobile,1141.95,0.0,0.625,1
4147,CUST_04148,2023-01-30,33,Male,Adana,False,2023,1,1,0,Monday,January,False,2023-07-30,3555.35,1,0.0,0.0,13.0,9.0,5.0,3.0,1,Electronics,Credit Card,Mobile,3555.35,0.0,0.692,1
4148,CUST_04149,2023-07-10,28,Male,Adana,False,2023,7,3,0,Monday,July,False,2024-01-10,321.95,5,0.0,0.0,9.0,10.0,4.0,4.0,1,Food,Credit Card,Desktop,64.39,0.0,1.111,1
4149,CUST_04150,2023-03-21,37,Female,Gaziantep,True,2023,3,1,1,Tuesday,March,False,2023-09-21,568.5,5,0.0,0.0,11.0,8.0,2.0,6.0,1,Toys,Debit Card,Mobile,113.7,0.0,0.727,1
4150,CUST_04151,2023-02-04,34,Male,Konya,False,2023,2,1,5,Saturday,February,True,2023-08-04,918.94,3,251.87,0.21512457187758904,12.0,4.0,4.0,5.0,1,Sports,Digital Wallet,Mobile,306.31333333333333,0.27408753563888827,0.333,1
4151,CUST_04152,2023-01-06,48,Female,Istanbul,False,2023,1,1,4,Friday,January,False,2023-07-06,252.75,5,0.0,0.0,11.0,10.0,5.0,3.0,1,Toys,Credit Card,Tablet,50.55,0.0,0.909,0
4152,CUST_04153,2023-04-09,36,Female,Ankara,True,2023,4,2,6,Sunday,April,True,2023-10-09,233.36,1,30.28,0.1148535882263693,18.0,11.0,3.0,7.0,1,Fashion,Digital Wallet,Tablet,233.36,0.12975659924580046,0.611,0
4153,CUST_04154,2023-01-26,26,Male,Antalya,True,2023,1,1,3,Thursday,January,False,2023-07-26,14819.3,5,0.0,0.0,16.0,13.0,4.0,6.0,1,Home & Garden,Credit Card,Mobile,2963.8599999999997,0.0,0.812,1
4154,CUST_04155,2023-03-18,46,Male,Izmir,False,2023,3,1,5,Saturday,March,True,2023-09-18,1223.64,2,195.52,0.1377716395614307,16.0,11.0,5.0,3.0,1,Electronics,Credit Card,Mobile,611.82,0.15978555784381027,0.687,1
4155,CUST_04156,2023-02-19,32,Male,Istanbul,True,2023,2,1,6,Sunday,February,True,2023-08-19,93.08,1,0.0,0.0,13.0,8.0,4.0,4.0,1,Sports,Credit Card,Mobile,93.08,0.0,0.615,1
4156,CUST_04157,2023-02-19,41,Male,Bursa,True,2023,2,1,6,Sunday,February,True,2023-08-19,520.2,4,0.0,0.0,12.0,10.0,5.0,5.0,1,Fashion,Credit Card,Mobile,130.05,0.0,0.833,0
4157,CUST_04158,2023-03-17,29,Male,Izmir,True,2023,3,1,4,Friday,March,False,2023-09-17,4501.75,5,0.0,0.0,19.0,10.0,5.0,3.0,1,Home & Garden,Digital Wallet,Mobile,900.35,0.0,0.526,1
4158,CUST_04159,2023-01-06,27,Female,Ankara,True,2023,1,1,4,Friday,January,False,2023-07-06,304.2,5,0.0,0.0,14.0,11.0,2.0,6.0,1,Food,Credit Card,Mobile,60.839999999999996,0.0,0.786,0
4159,CUST_04160,2023-04-05,36,Male,Gaziantep,False,2023,4,2,2,Wednesday,April,False,2023-10-05,4071.66,3,413.76,0.09224554222347071,6.0,9.0,4.0,11.0,1,Electronics,Credit Card,Mobile,1357.22,0.10161948689232402,1.5,1
4160,CUST_04161,2023-03-24,35,Female,Izmir,False,2023,3,1,4,Friday,March,False,2023-09-24,152.2,3,17.93,0.10538999588549933,16.0,9.0,5.0,6.0,1,Beauty,Credit Card,Mobile,50.73333333333333,0.11780551905387648,0.562,1
4161,CUST_04162,2023-02-04,40,Female,Istanbul,True,2023,2,1,5,Saturday,February,True,2023-08-04,19.37,1,0.0,0.0,16.0,12.0,4.0,2.0,1,Books,Digital Wallet,Mobile,19.37,0.0,0.75,0
4162,CUST_04163,2023-06-03,31,Male,Istanbul,True,2023,6,2,5,Saturday,June,True,2023-12-03,151.35,1,36.8,0.1955886260961998,8.0,15.0,1.0,8.0,1,Beauty,Digital Wallet,Desktop,151.35,0.24314502808060787,1.875,0
4163,CUST_04164,2023-01-23,18,Male,Konya,True,2023,1,1,0,Monday,January,False,2023-07-23,3962.6,4,245.44,0.05832644176386156,9.0,8.0,4.0,9.0,1,Sports,Credit Card,Desktop,990.65,0.061939130873668806,0.889,0
4164,CUST_04165,2023-01-20,29,Male,Eskisehir,True,2023,1,1,4,Friday,January,False,2023-07-20,197.13,2,11.97,0.05724533715925395,11.0,11.0,5.0,3.0,1,Toys,Credit Card,Mobile,98.565,0.06072135139248212,1.0,0
4165,CUST_04166,2023-03-06,44,Male,Antalya,True,2023,3,1,0,Monday,March,False,2023-09-06,575.56,3,36.59,0.05977293147104468,15.0,9.0,5.0,8.0,1,Beauty,Digital Wallet,Mobile,191.85333333333332,0.06357286816318022,0.6,0
4166,CUST_04167,2023-02-22,31,Female,Ankara,False,2023,2,1,2,Wednesday,February,False,2023-08-22,3172.5,3,0.0,0.0,12.0,10.0,5.0,7.0,1,Home & Garden,Debit Card,Mobile,1057.5,0.0,0.833,1
4167,CUST_04168,2023-01-12,32,Male,Kayseri,False,2023,1,1,3,Thursday,January,False,2023-07-12,1740.75,1,119.5,0.06423867759709717,22.0,7.0,4.0,6.0,1,Electronics,Credit Card,Mobile,1740.75,0.06864857101823926,0.318,0
4168,CUST_04169,2023-04-27,46,Female,Antalya,True,2023,4,2,3,Thursday,April,False,2023-10-27,1615.1,5,0.0,0.0,12.0,10.0,4.0,9.0,1,Sports,Credit Card,Mobile,323.02,0.0,0.833,1
4169,CUST_04170,2023-01-25,26,Male,Gaziantep,False,2023,1,1,2,Wednesday,January,False,2023-07-25,49.36,4,0.0,0.0,16.0,13.0,3.0,5.0,1,Books,Cash on Delivery,Mobile,12.34,0.0,0.812,1
4170,CUST_04171,2023-01-06,18,Male,Adana,False,2023,1,1,4,Friday,January,False,2023-07-06,5600.76,2,0.0,0.0,9.0,6.0,5.0,6.0,1,Electronics,Digital Wallet,Desktop,2800.38,0.0,0.667,1
4171,CUST_04172,2023-02-25,33,Female,Ankara,False,2023,2,1,5,Saturday,February,True,2023-08-25,56.98,1,0.0,0.0,13.0,8.0,5.0,4.0,1,Books,Cash on Delivery,Tablet,56.98,0.0,0.615,1
4172,CUST_04173,2023-05-03,29,Female,Izmir,True,2023,5,2,2,Wednesday,May,False,2023-11-03,131.51,1,10.32,0.07276316717196643,15.0,12.0,3.0,7.0,1,Beauty,Bank Transfer,Mobile,131.51,0.07847311991483538,0.8,1
4173,CUST_04174,2023-04-10,23,Male,Istanbul,True,2023,4,2,0,Monday,April,False,2023-10-10,305.13,3,0.0,0.0,10.0,12.0,3.0,7.0,1,Books,Credit Card,Mobile,101.71,0.0,1.2,1
4174,CUST_04175,2023-03-26,32,Male,Ankara,True,2023,3,1,6,Sunday,March,True,2023-09-26,21.01,1,0.0,0.0,9.0,6.0,4.0,6.0,1,Food,Debit Card,Desktop,21.01,0.0,0.667,0
4175,CUST_04176,2023-07-23,40,Female,Adana,True,2023,7,3,6,Sunday,July,True,2024-01-23,101.62,2,0.0,0.0,16.0,11.0,2.0,13.0,1,Books,Credit Card,Mobile,50.81,0.0,0.687,1
4176,CUST_04177,2023-01-12,34,Male,Konya,False,2023,1,1,3,Thursday,January,False,2023-07-12,102.71,1,0.0,0.0,7.0,8.0,4.0,13.0,1,Beauty,Debit Card,Desktop,102.71,0.0,1.143,1
4177,CUST_04178,2023-02-15,38,Male,Adana,True,2023,2,1,2,Wednesday,February,False,2023-08-15,4227.91,1,1015.89,0.19373164499027423,14.0,8.0,3.0,2.0,1,Electronics,Credit Card,Desktop,4227.91,0.24028184138262168,0.571,0
4178,CUST_04179,2023-03-21,56,Female,Izmir,True,2023,3,1,1,Tuesday,March,False,2023-09-21,244.99,1,0.0,0.0,17.0,10.0,3.0,5.0,1,Beauty,Digital Wallet,Tablet,244.99,0.0,0.588,1
4179,CUST_04180,2023-01-19,30,Female,Istanbul,True,2023,1,1,3,Thursday,January,False,2023-07-19,1235.97,4,108.79,0.08089919390820667,16.0,9.0,3.0,7.0,1,Sports,Credit Card,Tablet,308.9925,0.08801993575895856,0.562,0
4180,CUST_04181,2023-03-23,38,Female,Istanbul,False,2023,3,1,3,Thursday,March,False,2023-09-23,83.74,2,6.1,0.06789848619768477,5.0,8.0,4.0,4.0,1,Books,Credit Card,Tablet,41.87,0.07284451874850728,1.6,0
4181,CUST_04182,2023-06-19,28,Female,Ankara,False,2023,6,2,0,Monday,June,False,2023-12-19,42.06,2,0.0,0.0,23.0,11.0,5.0,4.0,1,Books,Digital Wallet,Mobile,21.03,0.0,0.478,0
4182,CUST_04183,2023-09-10,24,Female,Izmir,True,2023,9,3,6,Sunday,September,True,2024-03-10,620.28,1,137.94,0.1819260900530189,16.0,13.0,2.0,2.0,1,Sports,Debit Card,Mobile,620.28,0.22238343973689303,0.812,0
4183,CUST_04184,2023-03-01,27,Female,Bursa,True,2023,3,1,2,Wednesday,March,False,2023-09-01,207.9,1,12.98,0.05876494023904383,13.0,7.0,5.0,7.0,1,Beauty,Digital Wallet,Mobile,207.9,0.06243386243386243,0.538,1
4184,CUST_04185,2023-03-18,29,Female,Istanbul,False,2023,3,1,5,Saturday,March,True,2023-09-18,148.87,1,0.0,0.0,13.0,7.0,5.0,4.0,1,Sports,Bank Transfer,Mobile,148.87,0.0,0.538,0
4185,CUST_04186,2023-03-24,39,Female,Eskisehir,True,2023,3,1,4,Friday,March,False,2023-09-24,251.94,3,0.0,0.0,12.0,7.0,4.0,6.0,1,Beauty,Debit Card,Tablet,83.98,0.0,0.583,1
4186,CUST_04187,2024-01-04,63,Female,Ankara,False,2024,1,1,3,Thursday,January,False,2024-07-04,1874.14,2,0.0,0.0,13.0,5.0,5.0,4.0,1,Sports,Debit Card,Desktop,937.07,0.0,0.385,0
4187,CUST_04188,2023-07-27,26,Male,Gaziantep,True,2023,7,3,3,Thursday,July,False,2024-01-27,57.55,1,0.0,0.0,20.0,14.0,3.0,9.0,1,Books,Bank Transfer,Mobile,57.55,0.0,0.7,0
4188,CUST_04189,2023-03-16,30,Male,Bursa,True,2023,3,1,3,Thursday,March,False,2023-09-16,1589.83,2,162.05,0.09250062789688791,15.0,12.0,5.0,10.0,1,Home & Garden,Debit Card,Desktop,794.915,0.10192913707754918,0.8,0
4189,CUST_04190,2023-04-05,34,Female,Istanbul,False,2023,4,2,2,Wednesday,April,False,2023-10-05,347.27,1,0.0,0.0,8.0,5.0,4.0,8.0,1,Sports,Debit Card,Desktop,347.27,0.0,0.625,0
4190,CUST_04191,2023-04-06,39,Female,Gaziantep,False,2023,4,2,3,Thursday,April,False,2023-10-06,1080.74,5,22.46,0.020358955765047138,22.0,5.0,2.0,7.0,1,Fashion,Credit Card,Desktop,216.148,0.020782056738901124,0.227,0
4191,CUST_04192,2023-07-15,38,Male,Adana,True,2023,7,3,5,Saturday,July,True,2024-01-15,8412.19,4,2111.53,0.2006448290148351,10.0,7.0,3.0,6.0,1,Electronics,Cash on Delivery,Mobile,2103.0475,0.2510083581088872,0.7,1
4192,CUST_04193,2023-07-01,50,Female,Bursa,False,2023,7,3,5,Saturday,July,True,2024-01-01,161.26,4,28.82,0.15162037037037035,16.0,11.0,4.0,6.0,1,Books,Credit Card,Mobile,40.315,0.17871759890859482,0.687,1
4193,CUST_04194,2023-08-10,18,Male,Izmir,True,2023,8,3,3,Thursday,August,False,2024-02-10,441.83,1,40.12,0.08324514991181657,7.0,10.0,3.0,6.0,1,Sports,Debit Card,Desktop,441.83,0.0908041554444017,1.429,0
4194,CUST_04195,2023-01-17,18,Female,Istanbul,True,2023,1,1,1,Tuesday,January,False,2023-07-17,29.1,1,0.0,0.0,12.0,9.0,3.0,10.0,1,Books,Debit Card,Mobile,29.1,0.0,0.75,0
4195,CUST_04196,2023-01-15,29,Female,Antalya,True,2023,1,1,6,Sunday,January,True,2023-07-15,102.98,4,5.54,0.051050497604128275,14.0,7.0,2.0,5.0,1,Books,Debit Card,Mobile,25.745,0.053796853758011264,0.5,0
4196,CUST_04197,2023-11-01,48,Female,Kayseri,False,2023,11,4,2,Wednesday,November,False,2024-05-01,335.73,1,90.65,0.2126037806651344,12.0,12.0,4.0,5.0,1,Sports,Digital Wallet,Mobile,335.73,0.2700086378935454,1.0,0
4197,CUST_04198,2023-11-11,18,Male,Istanbul,True,2023,11,4,5,Saturday,November,True,2024-05-11,23.01,1,1.83,0.07367149758454107,13.0,11.0,5.0,7.0,1,Toys,Credit Card,Mobile,23.01,0.07953063885267275,0.846,1
4198,CUST_04199,2023-01-11,18,Female,Ankara,True,2023,1,1,2,Wednesday,January,False,2023-07-11,7982.08,4,0.0,0.0,13.0,6.0,2.0,8.0,1,Electronics,Debit Card,Desktop,1995.52,0.0,0.462,1
4199,CUST_04200,2023-01-27,41,Male,Konya,True,2023,1,1,4,Friday,January,False,2023-07-27,495.94,2,0.0,0.0,16.0,10.0,4.0,4.0,1,Beauty,Credit Card,Mobile,247.97,0.0,0.625,1
4200,CUST_04201,2023-08-23,37,Male,Ankara,False,2023,8,3,2,Wednesday,August,False,2024-02-23,98.88,1,24.9,0.2011633543383422,15.0,6.0,5.0,18.0,1,Toys,Digital Wallet,Mobile,98.88,0.25182038834951453,0.4,1
4201,CUST_04202,2023-05-19,21,Male,Antalya,False,2023,5,2,4,Friday,May,False,2023-11-19,1727.84,1,0.0,0.0,20.0,12.0,4.0,8.0,1,Electronics,Debit Card,Mobile,1727.84,0.0,0.6,0
4202,CUST_04203,2023-02-25,23,Female,Bursa,True,2023,2,1,5,Saturday,February,True,2023-08-25,192.12,2,27.48,0.12513661202185794,13.0,6.0,5.0,8.0,1,Beauty,Credit Card,Mobile,96.06,0.1430356027482823,0.462,1
4203,CUST_04204,2023-01-03,23,Male,Bursa,True,2023,1,1,1,Tuesday,January,False,2023-07-03,3518.89,2,156.33,0.04253622912369872,22.0,9.0,4.0,9.0,1,Electronics,Credit Card,Desktop,1759.445,0.044425941134846506,0.409,0
4204,CUST_04205,2023-02-14,36,Male,Izmir,False,2023,2,1,1,Tuesday,February,False,2023-08-14,236.58,1,0.0,0.0,13.0,11.0,5.0,10.0,1,Sports,Credit Card,Mobile,236.58,0.0,0.846,0
4205,CUST_04206,2023-02-04,27,Female,Ankara,True,2023,2,1,5,Saturday,February,True,2023-08-04,174.4,5,0.0,0.0,16.0,8.0,2.0,4.0,1,Books,Credit Card,Mobile,34.88,0.0,0.5,0
4206,CUST_04207,2023-01-13,40,Female,Istanbul,False,2023,1,1,4,Friday,January,False,2023-07-13,231.72,2,0.0,0.0,12.0,11.0,4.0,2.0,1,Food,Debit Card,Mobile,115.86,0.0,0.917,0
4207,CUST_04208,2023-04-02,18,Female,Adana,True,2023,4,2,6,Sunday,April,True,2023-10-02,538.68,2,0.0,0.0,15.0,9.0,4.0,7.0,1,Beauty,Debit Card,Mobile,269.34,0.0,0.6,0
4208,CUST_04209,2023-02-10,24,Female,Adana,True,2023,2,1,4,Friday,February,False,2023-08-10,42.46,1,5.91,0.1221831713872235,17.0,10.0,5.0,3.0,1,Books,Digital Wallet,Desktop,42.46,0.13918982571832314,0.588,0
4209,CUST_04210,2023-04-13,21,Male,Antalya,False,2023,4,2,3,Thursday,April,False,2023-10-13,1459.31,5,303.94,0.1723748759393166,20.0,9.0,2.0,12.0,1,Sports,Cash on Delivery,Mobile,291.86199999999997,0.20827651424303267,0.45,0
4210,CUST_04211,2023-04-03,31,Female,Antalya,False,2023,4,2,0,Monday,April,False,2023-10-03,12.4,1,1.78,0.12552891396332863,12.0,1.0,5.0,7.0,1,Food,Credit Card,Mobile,12.4,0.1435483870967742,0.083,1
4211,CUST_04212,2023-04-18,28,Female,Istanbul,True,2023,4,2,1,Tuesday,April,False,2023-10-18,1444.92,3,0.0,0.0,15.0,8.0,5.0,4.0,1,Sports,Digital Wallet,Desktop,481.64000000000004,0.0,0.533,0
4212,CUST_04213,2023-01-16,44,Male,Istanbul,False,2023,1,1,0,Monday,January,False,2023-07-16,691.0,5,0.0,0.0,12.0,4.0,1.0,3.0,1,Beauty,Digital Wallet,Mobile,138.2,0.0,0.333,1
4213,CUST_04214,2023-02-06,18,Male,Gaziantep,True,2023,2,1,0,Monday,February,False,2023-08-06,10855.7,5,0.0,0.0,12.0,8.0,4.0,4.0,1,Electronics,Credit Card,Desktop,2171.1400000000003,0.0,0.667,1
4214,CUST_04215,2023-01-09,35,Male,Izmir,True,2023,1,1,0,Monday,January,False,2023-07-09,143.83,1,0.0,0.0,12.0,9.0,5.0,1.0,1,Fashion,Debit Card,Desktop,143.83,0.0,0.75,0
4215,CUST_04216,2023-11-15,41,Male,Ankara,True,2023,11,4,2,Wednesday,November,False,2024-05-15,209.97,3,17.07,0.07518498942917547,12.0,8.0,5.0,8.0,1,Books,Bank Transfer,Mobile,69.99,0.08129732818974139,0.667,0
4216,CUST_04217,2023-04-08,57,Female,Istanbul,False,2023,4,2,5,Saturday,April,True,2023-10-08,3917.0,4,0.0,0.0,15.0,3.0,3.0,10.0,1,Electronics,Credit Card,Tablet,979.25,0.0,0.2,0
4217,CUST_04218,2023-01-06,29,Female,Istanbul,False,2023,1,1,4,Friday,January,False,2023-07-06,188.88,2,11.02,0.05512756378189094,12.0,9.0,4.0,8.0,1,Fashion,Credit Card,Desktop,94.44,0.058343922066920795,0.75,0
4218,CUST_04219,2023-02-01,38,Female,Ankara,True,2023,2,1,2,Wednesday,February,False,2023-08-01,15338.7,3,0.0,0.0,19.0,10.0,3.0,11.0,1,Electronics,Credit Card,Mobile,5112.900000000001,0.0,0.526,1
4219,CUST_04220,2023-07-07,18,Female,Gaziantep,True,2023,7,3,4,Friday,July,False,2024-01-07,497.05,5,0.0,0.0,12.0,8.0,4.0,5.0,1,Toys,Debit Card,Mobile,99.41,0.0,0.667,0
4220,CUST_04221,2023-01-31,18,Male,Kayseri,False,2023,1,1,1,Tuesday,January,False,2023-07-31,1608.69,3,0.0,0.0,11.0,8.0,3.0,13.0,1,Fashion,Credit Card,Mobile,536.23,0.0,0.727,1
4221,CUST_04222,2023-04-11,45,Female,Konya,True,2023,4,2,1,Tuesday,April,False,2023-10-11,1044.39,3,0.0,0.0,10.0,6.0,5.0,3.0,1,Toys,Credit Card,Mobile,348.13000000000005,0.0,0.6,1
4222,CUST_04223,2023-04-17,34,Male,Kayseri,True,2023,4,2,0,Monday,April,False,2023-10-17,1045.04,4,0.0,0.0,16.0,9.0,2.0,6.0,1,Fashion,Digital Wallet,Desktop,261.26,0.0,0.562,1
4223,CUST_04224,2023-02-12,49,Female,Konya,True,2023,2,1,6,Sunday,February,True,2023-08-12,1052.34,3,0.0,0.0,12.0,10.0,3.0,6.0,1,Electronics,Digital Wallet,Desktop,350.78,0.0,0.833,1
4224,CUST_04225,2023-02-02,18,Male,Bursa,True,2023,2,1,3,Thursday,February,False,2023-08-02,296.13,3,0.0,0.0,15.0,13.0,4.0,9.0,1,Beauty,Credit Card,Mobile,98.71,0.0,0.867,0
4225,CUST_04226,2023-02-12,41,Female,Istanbul,False,2023,2,1,6,Sunday,February,True,2023-08-12,2252.92,4,0.0,0.0,16.0,10.0,2.0,3.0,1,Sports,Digital Wallet,Mobile,563.23,0.0,0.625,0
4226,CUST_04227,2023-04-11,57,Male,Gaziantep,False,2023,4,2,1,Tuesday,April,False,2023-10-11,13214.32,4,0.0,0.0,15.0,7.0,5.0,11.0,1,Electronics,Bank Transfer,Mobile,3303.58,0.0,0.467,1
4227,CUST_04228,2023-03-15,40,Male,Istanbul,True,2023,3,1,2,Wednesday,March,False,2023-09-15,303.05,5,0.0,0.0,13.0,12.0,5.0,4.0,1,Books,Debit Card,Mobile,60.61,0.0,0.923,0
4228,CUST_04229,2023-05-05,38,Male,Ankara,True,2023,5,2,4,Friday,May,False,2023-11-05,939.62,2,191.96,0.16963891196380285,18.0,10.0,2.0,8.0,1,Sports,Credit Card,Mobile,469.81,0.20429535344075264,0.556,1
4229,CUST_04230,2023-04-06,35,Female,Istanbul,True,2023,4,2,3,Thursday,April,False,2023-10-06,72.23,1,0.0,0.0,14.0,10.0,4.0,7.0,1,Toys,Cash on Delivery,Desktop,72.23,0.0,0.714,0
4230,CUST_04231,2023-01-15,18,Female,Izmir,True,2023,1,1,6,Sunday,January,True,2023-07-15,992.34,3,0.0,0.0,19.0,13.0,3.0,5.0,1,Sports,Debit Card,Desktop,330.78000000000003,0.0,0.684,1
4231,CUST_04232,2023-03-22,51,Male,Ankara,False,2023,3,1,2,Wednesday,March,False,2023-09-22,2189.48,4,0.0,0.0,14.0,7.0,2.0,5.0,1,Sports,Debit Card,Mobile,547.37,0.0,0.5,1
4232,CUST_04233,2023-04-14,27,Female,Istanbul,True,2023,4,2,4,Friday,April,False,2023-10-14,644.18,3,112.66,0.14885576872258335,14.0,6.0,3.0,6.0,1,Fashion,Debit Card,Mobile,214.72666666666666,0.17488900617839734,0.429,1
4233,CUST_04234,2023-10-12,41,Female,Izmir,True,2023,10,4,3,Thursday,October,False,2024-04-12,318.3,5,21.15,0.062306672558550595,11.0,7.0,5.0,7.0,1,Books,Digital Wallet,Mobile,63.660000000000004,0.06644674835061262,0.636,0
4234,CUST_04235,2023-03-06,18,Female,Konya,True,2023,3,1,0,Monday,March,False,2023-09-06,77.93,4,15.35,0.16455831903945112,13.0,8.0,5.0,11.0,1,Books,Bank Transfer,Desktop,19.4825,0.1969716412164763,0.615,1
4235,CUST_04236,2023-06-01,20,Female,Bursa,True,2023,6,2,3,Thursday,June,False,2023-12-01,711.45,1,0.0,0.0,15.0,7.0,5.0,20.0,1,Electronics,Debit Card,Desktop,711.45,0.0,0.467,1
4236,CUST_04237,2023-01-03,52,Male,Konya,False,2023,1,1,1,Tuesday,January,False,2023-07-03,218.32,4,0.0,0.0,9.0,8.0,5.0,4.0,1,Books,Digital Wallet,Tablet,54.58,0.0,0.889,1
4237,CUST_04238,2023-06-18,30,Male,Istanbul,True,2023,6,2,6,Sunday,June,True,2023-12-18,1207.15,5,0.0,0.0,17.0,7.0,4.0,5.0,1,Sports,Cash on Delivery,Mobile,241.43,0.0,0.412,1
4238,CUST_04239,2023-03-15,52,Female,Istanbul,True,2023,3,1,2,Wednesday,March,False,2023-09-15,3939.53,5,788.42,0.16675726266140717,15.0,10.0,2.0,2.0,1,Sports,Digital Wallet,Mobile,787.9060000000001,0.20013047241676035,0.667,1
4239,CUST_04240,2023-03-29,34,Female,Bursa,True,2023,3,1,2,Wednesday,March,False,2023-09-29,3881.52,4,1000.4,0.20491937598321971,17.0,11.0,5.0,7.0,1,Home & Garden,Cash on Delivery,Mobile,970.38,0.257734083554896,0.647,1
4240,CUST_04241,2023-04-04,18,Female,Izmir,False,2023,4,2,1,Tuesday,April,False,2023-10-04,124.83,1,10.6,0.07826921656944547,18.0,7.0,3.0,2.0,1,Beauty,Digital Wallet,Mobile,124.83,0.08491548505968116,0.389,0
4241,CUST_04242,2023-02-05,45,Female,Antalya,True,2023,2,1,6,Sunday,February,True,2023-08-05,196.34,1,0.0,0.0,14.0,7.0,2.0,8.0,1,Toys,Digital Wallet,Desktop,196.34,0.0,0.5,0
4242,CUST_04243,2023-03-29,27,Male,Gaziantep,True,2023,3,1,2,Wednesday,March,False,2023-09-29,590.45,5,0.0,0.0,15.0,11.0,2.0,3.0,1,Beauty,Debit Card,Mobile,118.09,0.0,0.733,1
4243,CUST_04244,2023-02-27,43,Female,Adana,False,2023,2,1,0,Monday,February,False,2023-08-27,206.67,3,40.65,0.1643619602134886,12.0,11.0,5.0,3.0,1,Toys,Debit Card,Desktop,68.89,0.19669037596167804,0.917,0
4244,CUST_04245,2023-02-21,35,Male,Kayseri,True,2023,2,1,1,Tuesday,February,False,2023-08-21,704.36,4,0.0,0.0,15.0,11.0,2.0,2.0,1,Fashion,Debit Card,Desktop,176.09,0.0,0.733,1
4245,CUST_04246,2023-03-22,18,Other,Ankara,False,2023,3,1,2,Wednesday,March,False,2023-09-22,1103.82,2,0.0,0.0,14.0,10.0,3.0,5.0,1,Electronics,Debit Card,Tablet,551.91,0.0,0.714,1
4246,CUST_04247,2023-06-21,36,Male,Istanbul,True,2023,6,2,2,Wednesday,June,False,2023-12-21,233.12,3,30.58,0.1159651118695487,13.0,10.0,3.0,3.0,1,Toys,Credit Card,Mobile,77.70666666666666,0.1311770761839396,0.769,1
4247,CUST_04248,2023-02-03,61,Female,Bursa,False,2023,2,1,4,Friday,February,False,2023-08-03,905.52,2,0.0,0.0,15.0,9.0,1.0,1.0,1,Home & Garden,Digital Wallet,Mobile,452.76,0.0,0.6,0
4248,CUST_04249,2023-06-05,40,Female,Istanbul,True,2023,6,2,0,Monday,June,False,2023-12-05,1146.36,4,309.68,0.21268646465756436,15.0,7.0,5.0,9.0,1,Fashion,Debit Card,Desktop,286.59,0.2701420147248683,0.467,1
4249,CUST_04250,2023-07-15,34,Male,Ankara,False,2023,7,3,5,Saturday,July,True,2024-01-15,2314.82,4,503.9,0.1787690866776409,15.0,9.0,1.0,8.0,1,Electronics,Bank Transfer,Mobile,578.705,0.21768431238714023,0.6,0
4250,CUST_04251,2023-02-13,47,Male,Istanbul,True,2023,2,1,0,Monday,February,False,2023-08-13,304.29,1,0.0,0.0,7.0,15.0,3.0,4.0,1,Sports,Credit Card,Tablet,304.29,0.0,2.143,1
4251,CUST_04252,2023-07-31,37,Female,Ankara,True,2023,7,3,0,Monday,July,False,2024-01-31,521.22,3,0.0,0.0,10.0,11.0,4.0,6.0,1,Food,Credit Card,Mobile,173.74,0.0,1.1,1
4252,CUST_04253,2023-03-10,37,Female,Istanbul,True,2023,3,1,4,Friday,March,False,2023-09-10,1998.25,5,0.0,0.0,15.0,10.0,3.0,14.0,1,Sports,Bank Transfer,Desktop,399.65,0.0,0.667,0
4253,CUST_04254,2023-01-02,21,Male,Istanbul,False,2023,1,1,0,Monday,January,False,2023-07-02,1215.54,1,0.0,0.0,15.0,8.0,4.0,4.0,1,Electronics,Debit Card,Desktop,1215.54,0.0,0.533,1
4254,CUST_04255,2023-03-02,37,Female,Antalya,True,2023,3,1,3,Thursday,March,False,2023-09-02,772.75,5,0.0,0.0,18.0,11.0,4.0,11.0,1,Food,Digital Wallet,Mobile,154.55,0.0,0.611,1
4255,CUST_04256,2023-01-11,47,Female,Bursa,True,2023,1,1,2,Wednesday,January,False,2023-07-11,1528.63,1,98.99,0.060818864354087565,12.0,7.0,4.0,12.0,1,Electronics,Debit Card,Tablet,1528.63,0.0647573317284104,0.583,0
4256,CUST_04257,2023-01-22,24,Male,Adana,True,2023,1,1,6,Sunday,January,True,2023-07-22,643.32,4,0.0,0.0,14.0,7.0,3.0,1.0,1,Home & Garden,Debit Card,Mobile,160.83,0.0,0.5,0
4257,CUST_04258,2023-01-19,52,Male,Antalya,True,2023,1,1,3,Thursday,January,False,2023-07-19,34.29,1,0.0,0.0,18.0,6.0,4.0,11.0,1,Books,Debit Card,Desktop,34.29,0.0,0.333,1
4258,CUST_04259,2023-04-04,33,Female,Istanbul,False,2023,4,2,1,Tuesday,April,False,2023-10-04,752.46,1,0.0,0.0,6.0,11.0,4.0,13.0,1,Home & Garden,Credit Card,Mobile,752.46,0.0,1.833,0
4259,CUST_04260,2023-07-11,24,Female,Ankara,False,2023,7,3,1,Tuesday,July,False,2024-01-11,63.71,1,0.0,0.0,5.0,7.0,4.0,6.0,1,Books,Credit Card,Desktop,63.71,0.0,1.4,1
4260,CUST_04261,2023-07-14,46,Female,Istanbul,False,2023,7,3,4,Friday,July,False,2024-01-14,420.87,1,0.0,0.0,16.0,4.0,2.0,13.0,1,Fashion,Bank Transfer,Mobile,420.87,0.0,0.25,1
4261,CUST_04262,2023-03-14,31,Female,Gaziantep,True,2023,3,1,1,Tuesday,March,False,2023-09-14,6587.35,5,101.45,0.015167145078339911,15.0,7.0,5.0,5.0,1,Electronics,Digital Wallet,Mobile,1317.47,0.015400730187404647,0.467,0
4262,CUST_04263,2023-03-14,44,Male,Adana,True,2023,3,1,1,Tuesday,March,False,2023-09-14,157.65,5,0.0,0.0,19.0,8.0,1.0,4.0,1,Food,Digital Wallet,Mobile,31.53,0.0,0.421,0
4263,CUST_04264,2023-04-04,31,Male,Istanbul,False,2023,4,2,1,Tuesday,April,False,2023-10-04,491.36,2,0.0,0.0,15.0,7.0,5.0,4.0,1,Toys,Credit Card,Desktop,245.68,0.0,0.467,1
4264,CUST_04265,2023-08-03,34,Male,Ankara,False,2023,8,3,3,Thursday,August,False,2024-02-03,921.19,1,0.0,0.0,9.0,15.0,5.0,3.0,1,Electronics,Credit Card,Mobile,921.19,0.0,1.667,1
4265,CUST_04266,2023-11-02,40,Male,Eskisehir,False,2023,11,4,3,Thursday,November,False,2024-05-02,186.09,1,53.86,0.22446342988122525,16.0,8.0,5.0,2.0,1,Fashion,Credit Card,Desktop,186.09,0.2894298457735504,0.5,1
4266,CUST_04267,2023-03-12,38,Female,Bursa,True,2023,3,1,6,Sunday,March,True,2023-09-12,283.52,2,0.0,0.0,10.0,10.0,1.0,5.0,1,Electronics,Debit Card,Desktop,141.76,0.0,1.0,1
4267,CUST_04268,2023-06-28,18,Female,Gaziantep,False,2023,6,2,2,Wednesday,June,False,2023-12-28,3602.63,1,834.37,0.1880482307865675,15.0,8.0,1.0,5.0,1,Electronics,Credit Card,Desktop,3602.63,0.2316002475968945,0.533,1
4268,CUST_04269,2023-04-21,21,Male,Ankara,False,2023,4,2,4,Friday,April,False,2023-10-21,10565.7,5,0.0,0.0,12.0,13.0,4.0,4.0,1,Electronics,Digital Wallet,Desktop,2113.1400000000003,0.0,1.083,1
4269,CUST_04270,2023-02-18,46,Male,Istanbul,False,2023,2,1,5,Saturday,February,True,2023-08-18,1808.18,2,0.0,0.0,16.0,9.0,4.0,7.0,1,Sports,Digital Wallet,Desktop,904.09,0.0,0.562,0
4270,CUST_04271,2023-03-09,33,Female,Gaziantep,False,2023,3,1,3,Thursday,March,False,2023-09-09,1694.12,2,277.44,0.14072105337905008,11.0,10.0,5.0,7.0,1,Home & Garden,Credit Card,Tablet,847.06,0.16376643921327888,0.909,0
4271,CUST_04272,2023-02-10,28,Female,Antalya,True,2023,2,1,4,Friday,February,False,2023-08-10,2186.41,1,0.0,0.0,13.0,5.0,4.0,2.0,1,Electronics,Cash on Delivery,Desktop,2186.41,0.0,0.385,0
4272,CUST_04273,2023-01-19,18,Female,Antalya,False,2023,1,1,3,Thursday,January,False,2023-07-19,54.12,3,12.72,0.19030520646319568,11.0,7.0,2.0,5.0,1,Books,Digital Wallet,Mobile,18.04,0.23503325942350334,0.636,0
4273,CUST_04274,2023-10-03,22,Female,Bursa,True,2023,10,4,1,Tuesday,October,False,2024-04-03,653.71,1,0.0,0.0,27.0,10.0,5.0,6.0,1,Electronics,Credit Card,Desktop,653.71,0.0,0.37,1
4274,CUST_04275,2023-03-02,18,Female,Bursa,False,2023,3,1,3,Thursday,March,False,2023-09-02,6943.88,5,493.42,0.06634396891344978,16.0,9.0,5.0,2.0,1,Electronics,Bank Transfer,Mobile,1388.776,0.07105825561501639,0.562,1
4275,CUST_04276,2023-06-23,33,Female,Adana,True,2023,6,2,4,Friday,June,False,2023-12-23,342.84,4,0.0,0.0,17.0,12.0,3.0,3.0,1,Beauty,Credit Card,Tablet,85.71,0.0,0.706,1
4276,CUST_04277,2023-03-30,27,Male,Ankara,True,2023,3,1,3,Thursday,March,False,2023-09-30,707.41,2,55.43,0.07266268155838708,30.0,9.0,3.0,5.0,1,Fashion,Debit Card,Desktop,353.705,0.0783562573330883,0.3,1
4277,CUST_04278,2023-06-07,23,Male,Ankara,False,2023,6,2,2,Wednesday,June,False,2023-12-07,1678.13,3,360.01,0.17663654116007732,14.0,12.0,4.0,10.0,1,Home & Garden,Bank Transfer,Mobile,559.3766666666667,0.21453045949956198,0.857,1
4278,CUST_04279,2023-02-23,34,Male,Konya,True,2023,2,1,3,Thursday,February,False,2023-08-23,444.08,2,0.0,0.0,18.0,10.0,5.0,7.0,1,Sports,Debit Card,Mobile,222.04,0.0,0.556,1
4279,CUST_04280,2023-01-16,39,Female,Ankara,False,2023,1,1,0,Monday,January,False,2023-07-16,146.09,4,40.75,0.21810104902590452,20.0,8.0,4.0,11.0,1,Food,Debit Card,Mobile,36.5225,0.27893764118009445,0.4,0
4280,CUST_04281,2023-01-08,60,Female,Bursa,True,2023,1,1,6,Sunday,January,True,2023-07-08,795.11,2,126.97,0.1376995488460871,14.0,9.0,4.0,11.0,1,Home & Garden,Credit Card,Mobile,397.555,0.1596885965463898,0.643,1
4281,CUST_04282,2023-03-13,18,Female,Adana,False,2023,3,1,0,Monday,March,False,2023-09-13,249.45,1,0.0,0.0,20.0,10.0,5.0,5.0,1,Home & Garden,Credit Card,Mobile,249.45,0.0,0.5,1
4282,CUST_04283,2023-04-06,48,Male,Eskisehir,False,2023,4,2,3,Thursday,April,False,2023-10-06,14.57,1,0.0,0.0,6.0,14.0,4.0,3.0,1,Food,Debit Card,Desktop,14.57,0.0,2.333,0
4283,CUST_04284,2023-01-03,46,Male,Izmir,False,2023,1,1,1,Tuesday,January,False,2023-07-03,2156.08,5,516.37,0.1932197047652903,13.0,8.0,3.0,6.0,1,Electronics,Digital Wallet,Desktop,431.216,0.2394948239397425,0.615,1
4284,CUST_04285,2024-02-07,25,Male,Izmir,False,2024,2,1,2,Wednesday,February,False,2024-08-07,899.86,5,203.99,0.1847986592381211,11.0,12.0,4.0,4.0,1,Sports,Bank Transfer,Mobile,179.972,0.22669081857177784,1.091,0
4285,CUST_04286,2023-01-26,37,Male,Gaziantep,True,2023,1,1,3,Thursday,January,False,2023-07-26,107.0,5,0.0,0.0,14.0,11.0,4.0,5.0,1,Food,Debit Card,Tablet,21.4,0.0,0.786,0
4286,CUST_04287,2023-01-22,29,Female,Gaziantep,True,2023,1,1,6,Sunday,January,True,2023-07-22,2607.84,3,0.0,0.0,16.0,12.0,4.0,5.0,1,Electronics,Credit Card,Mobile,869.2800000000001,0.0,0.75,0
4287,CUST_04288,2023-01-28,37,Female,Adana,True,2023,1,1,5,Saturday,January,True,2023-07-28,1478.97,2,184.33,0.1108218601575182,24.0,10.0,4.0,6.0,1,Sports,Debit Card,Mobile,739.485,0.12463403584927349,0.417,1
4288,CUST_04289,2023-01-30,53,Female,Izmir,False,2023,1,1,0,Monday,January,False,2023-07-30,868.1,2,0.0,0.0,17.0,7.0,5.0,4.0,1,Sports,Debit Card,Mobile,434.05,0.0,0.412,0
4289,CUST_04290,2023-01-22,42,Female,Ankara,False,2023,1,1,6,Sunday,January,True,2023-07-22,6958.24,5,1437.16,0.17118421992996166,10.0,7.0,4.0,1.0,1,Sports,Debit Card,Tablet,1391.648,0.2065407344385937,0.7,1
4290,CUST_04291,2023-01-05,41,Female,Bursa,False,2023,1,1,3,Thursday,January,False,2023-07-05,149.48,1,32.66,0.17931261666849677,12.0,4.0,5.0,2.0,1,Home & Garden,Debit Card,Desktop,149.48,0.21849076799571848,0.333,0
4291,CUST_04292,2023-02-18,29,Female,Konya,False,2023,2,1,5,Saturday,February,True,2023-08-18,629.4,3,0.0,0.0,15.0,10.0,3.0,8.0,1,Sports,Credit Card,Mobile,209.79999999999998,0.0,0.667,1
4292,CUST_04293,2023-03-11,18,Male,Konya,True,2023,3,1,5,Saturday,March,True,2023-09-11,3336.76,4,0.0,0.0,14.0,7.0,4.0,2.0,1,Home & Garden,Bank Transfer,Mobile,834.19,0.0,0.5,0
4293,CUST_04294,2023-04-10,32,Female,Istanbul,False,2023,4,2,0,Monday,April,False,2023-10-10,949.88,3,81.61,0.07911855665105817,5.0,12.0,4.0,4.0,1,Fashion,Credit Card,Desktop,316.62666666666667,0.0859161157198804,2.4,1
4294,CUST_04295,2023-03-23,49,Female,Izmir,False,2023,3,1,3,Thursday,March,False,2023-09-23,1859.79,3,0.0,0.0,11.0,9.0,4.0,5.0,1,Home & Garden,Digital Wallet,Mobile,619.93,0.0,0.818,0
4295,CUST_04296,2023-07-16,18,Female,Izmir,True,2023,7,3,6,Sunday,July,True,2024-01-16,137.89,1,42.78,0.23678529916422209,17.0,8.0,4.0,3.0,1,Sports,Credit Card,Tablet,137.89,0.310247298571325,0.471,0
4296,CUST_04297,2023-04-07,22,Male,Eskisehir,False,2023,4,2,4,Friday,April,False,2023-10-07,512.19,3,0.0,0.0,12.0,9.0,5.0,11.0,1,Toys,Credit Card,Mobile,170.73000000000002,0.0,0.75,0
4297,CUST_04298,2023-09-16,36,Male,Antalya,False,2023,9,3,5,Saturday,September,True,2024-03-16,72.95,1,27.09,0.2707916833266693,7.0,5.0,4.0,6.0,1,Beauty,Credit Card,Desktop,72.95,0.37135023989033583,0.714,0
4298,CUST_04299,2023-12-01,23,Male,Izmir,False,2023,12,4,4,Friday,December,False,2024-06-01,105.18,1,9.89,0.08594768401842358,21.0,13.0,5.0,4.0,1,Fashion,Digital Wallet,Desktop,105.18,0.0940292831336756,0.619,1
4299,CUST_04300,2023-06-10,25,Female,Istanbul,False,2023,6,2,5,Saturday,June,True,2023-12-10,122.83,1,27.54,0.183148234355257,15.0,10.0,5.0,8.0,1,Food,Digital Wallet,Mobile,122.83,0.22421232597899535,0.667,0
4300,CUST_04301,2023-02-05,29,Male,Bursa,True,2023,2,1,6,Sunday,February,True,2023-08-05,1255.32,4,0.0,0.0,15.0,6.0,5.0,11.0,1,Sports,Debit Card,Tablet,313.83,0.0,0.4,1
4301,CUST_04302,2023-03-30,18,Female,Istanbul,False,2023,3,1,3,Thursday,March,False,2023-09-30,3082.52,4,0.0,0.0,10.0,8.0,4.0,3.0,1,Electronics,Bank Transfer,Desktop,770.63,0.0,0.8,0
4302,CUST_04303,2023-08-08,23,Female,Gaziantep,False,2023,8,3,1,Tuesday,August,False,2024-02-08,1306.5,3,0.0,0.0,16.0,8.0,3.0,2.0,1,Home & Garden,Debit Card,Mobile,435.5,0.0,0.5,1
4303,CUST_04304,2023-08-01,43,Male,Adana,False,2023,8,3,1,Tuesday,August,False,2024-02-01,68.45,1,0.0,0.0,17.0,8.0,5.0,7.0,1,Books,Credit Card,Mobile,68.45,0.0,0.471,0
4304,CUST_04305,2023-04-19,19,Female,Izmir,False,2023,4,2,2,Wednesday,April,False,2023-10-19,88.77,1,0.0,0.0,11.0,5.0,5.0,4.0,1,Fashion,Debit Card,Mobile,88.77,0.0,0.455,1
4305,CUST_04306,2023-02-12,18,Female,Izmir,True,2023,2,1,6,Sunday,February,True,2023-08-12,673.64,2,0.0,0.0,12.0,3.0,5.0,10.0,1,Fashion,Credit Card,Mobile,336.82,0.0,0.25,0
4306,CUST_04307,2023-03-13,27,Male,Konya,True,2023,3,1,0,Monday,March,False,2023-09-13,40.92,1,0.0,0.0,13.0,9.0,3.0,6.0,1,Food,Debit Card,Mobile,40.92,0.0,0.692,1
4307,CUST_04308,2023-02-25,43,Female,Ankara,False,2023,2,1,5,Saturday,February,True,2023-08-25,166.4,4,0.0,0.0,13.0,9.0,4.0,7.0,1,Beauty,Credit Card,Tablet,41.6,0.0,0.692,0
4308,CUST_04309,2023-03-27,32,Male,Istanbul,True,2023,3,1,0,Monday,March,False,2023-09-27,221.79,3,7.65,0.03334205020920502,18.0,7.0,4.0,15.0,1,Books,Debit Card,Mobile,73.92999999999999,0.03449208710942784,0.389,1
4309,CUST_04310,2023-02-12,29,Male,Kayseri,True,2023,2,1,6,Sunday,February,True,2023-08-12,258.6,5,12.55,0.04628434445878665,14.0,10.0,4.0,6.0,1,Books,Credit Card,Mobile,51.720000000000006,0.04853054911059551,0.714,1
4310,CUST_04311,2023-03-14,35,Female,Gaziantep,False,2023,3,1,1,Tuesday,March,False,2023-09-14,164.96,5,38.09,0.18758926372814577,17.0,10.0,4.0,8.0,1,Books,Bank Transfer,Desktop,32.992000000000004,0.23090446168768186,0.588,1
4311,CUST_04312,2023-01-16,18,Female,Gaziantep,True,2023,1,1,0,Monday,January,False,2023-07-16,498.6,1,0.0,0.0,1.0,5.0,5.0,1.0,1,Fashion,Digital Wallet,Mobile,498.6,0.0,5.0,0
4312,CUST_04313,2023-07-01,40,Other,Istanbul,False,2023,7,3,5,Saturday,July,True,2024-01-01,284.54,2,0.0,0.0,21.0,9.0,2.0,11.0,1,Fashion,Debit Card,Desktop,142.27,0.0,0.429,0
4313,CUST_04314,2023-07-22,39,Female,Istanbul,False,2023,7,3,5,Saturday,July,True,2024-01-22,390.76,3,31.7,0.07503668986412915,16.0,9.0,5.0,2.0,1,Food,Credit Card,Desktop,130.25333333333333,0.08112396355819429,0.562,0
4314,CUST_04315,2023-04-23,30,Female,Istanbul,True,2023,4,2,6,Sunday,April,True,2023-10-23,470.5,2,0.0,0.0,11.0,7.0,4.0,8.0,1,Toys,Debit Card,Mobile,235.25,0.0,0.636,1
4315,CUST_04316,2023-05-30,47,Female,Istanbul,True,2023,5,2,1,Tuesday,May,False,2023-11-30,762.08,5,14.37,0.018507308905917962,16.0,8.0,5.0,4.0,1,Beauty,Bank Transfer,Mobile,152.416,0.018856288053747637,0.5,0
4316,CUST_04317,2023-01-17,21,Female,Adana,True,2023,1,1,1,Tuesday,January,False,2023-07-17,837.15,5,0.0,0.0,20.0,9.0,1.0,8.0,1,Beauty,Cash on Delivery,Mobile,167.43,0.0,0.45,0
4317,CUST_04318,2023-01-31,48,Female,Istanbul,False,2023,1,1,1,Tuesday,January,False,2023-07-31,55.66,1,6.46,0.10399227301996136,15.0,9.0,5.0,7.0,1,Books,Digital Wallet,Mobile,55.66,0.11606180380883939,0.6,0
4318,CUST_04319,2023-03-04,36,Male,Adana,False,2023,3,1,5,Saturday,March,True,2023-09-04,1394.73,1,0.0,0.0,17.0,11.0,4.0,3.0,1,Electronics,Debit Card,Mobile,1394.73,0.0,0.647,1
4319,CUST_04320,2023-02-23,30,Female,Ankara,True,2023,2,1,3,Thursday,February,False,2023-08-23,544.42,1,0.0,0.0,17.0,8.0,4.0,7.0,1,Electronics,Credit Card,Mobile,544.42,0.0,0.471,0
4320,CUST_04321,2023-04-30,34,Male,Ankara,True,2023,4,2,6,Sunday,April,True,2023-10-30,599.06,1,0.0,0.0,16.0,6.0,3.0,3.0,1,Fashion,Credit Card,Tablet,599.06,0.0,0.375,1
4321,CUST_04322,2023-03-28,33,Female,Eskisehir,False,2023,3,1,1,Tuesday,March,False,2023-09-28,92.65,1,0.0,0.0,9.0,10.0,3.0,9.0,1,Food,Credit Card,Mobile,92.65,0.0,1.111,0
4322,CUST_04323,2023-11-26,49,Male,Istanbul,False,2023,11,4,6,Sunday,November,True,2024-05-26,338.35,5,0.0,0.0,14.0,9.0,5.0,12.0,1,Beauty,Debit Card,Desktop,67.67,0.0,0.643,0
4323,CUST_04324,2023-05-27,22,Female,Ankara,False,2023,5,2,5,Saturday,May,True,2023-11-27,186.08,5,34.22,0.15533363595097593,18.0,7.0,4.0,4.0,1,Food,Debit Card,Mobile,37.216,0.18389939810834047,0.389,1
4324,CUST_04325,2023-02-23,25,Male,Ankara,False,2023,2,1,3,Thursday,February,False,2023-08-23,378.84,3,0.0,0.0,17.0,7.0,3.0,7.0,1,Toys,Credit Card,Desktop,126.27999999999999,0.0,0.412,0
4325,CUST_04326,2023-02-11,47,Male,Istanbul,True,2023,2,1,5,Saturday,February,True,2023-08-11,515.72,2,0.0,0.0,17.0,9.0,3.0,10.0,1,Fashion,Credit Card,Mobile,257.86,0.0,0.529,0
4326,CUST_04327,2023-01-04,27,Female,Izmir,True,2023,1,1,2,Wednesday,January,False,2023-07-04,10193.38,2,0.0,0.0,14.0,10.0,3.0,6.0,1,Electronics,Debit Card,Tablet,5096.69,0.0,0.714,0
4327,CUST_04328,2023-11-02,45,Male,Ankara,False,2023,11,4,3,Thursday,November,False,2024-05-02,1324.78,2,126.68,0.08727763768894768,14.0,10.0,5.0,9.0,1,Home & Garden,Debit Card,Mobile,662.39,0.0956234242666707,0.714,0
4328,CUST_04329,2023-09-11,55,Female,Antalya,True,2023,9,3,0,Monday,September,False,2024-03-11,272.11,1,61.31,0.1838821906304361,21.0,8.0,1.0,12.0,1,Toys,Credit Card,Mobile,272.11,0.22531329241850723,0.381,0
4329,CUST_04330,2023-07-19,30,Male,Gaziantep,True,2023,7,3,2,Wednesday,July,False,2024-01-19,240.39,3,0.0,0.0,11.0,12.0,4.0,8.0,1,Fashion,Credit Card,Mobile,80.13,0.0,1.091,0
4330,CUST_04331,2023-05-05,43,Male,Bursa,True,2023,5,2,4,Friday,May,False,2023-11-05,211.28,4,0.0,0.0,20.0,16.0,2.0,3.0,1,Books,Debit Card,Mobile,52.82,0.0,0.8,1
4331,CUST_04332,2023-02-27,21,Male,Istanbul,True,2023,2,1,0,Monday,February,False,2023-08-27,69.66,2,0.0,0.0,7.0,11.0,2.0,3.0,1,Books,Bank Transfer,Mobile,34.83,0.0,1.571,0
4332,CUST_04333,2023-01-28,44,Female,Bursa,True,2023,1,1,5,Saturday,January,True,2023-07-28,251.77,4,62.87,0.19981566234426645,14.0,11.0,1.0,6.0,1,Beauty,Credit Card,Mobile,62.9425,0.24971203876553996,0.786,0
4333,CUST_04334,2023-02-28,37,Male,Istanbul,True,2023,2,1,1,Tuesday,February,False,2023-08-28,198.54,3,0.0,0.0,23.0,5.0,3.0,6.0,1,Books,Digital Wallet,Mobile,66.17999999999999,0.0,0.217,1
4334,CUST_04335,2023-01-11,40,Female,Bursa,True,2023,1,1,2,Wednesday,January,False,2023-07-11,461.77,2,40.33,0.08032264489145588,13.0,12.0,4.0,10.0,1,Sports,Debit Card,Desktop,230.885,0.08733785217749096,0.923,0
4335,CUST_04336,2023-04-15,27,Male,Antalya,True,2023,4,2,5,Saturday,April,True,2023-10-15,2061.75,3,0.0,0.0,11.0,8.0,5.0,5.0,1,Home & Garden,Debit Card,Desktop,687.25,0.0,0.727,0
4336,CUST_04337,2023-02-24,18,Male,Istanbul,True,2023,2,1,4,Friday,February,False,2023-08-24,1541.2,5,0.0,0.0,19.0,8.0,3.0,7.0,1,Electronics,Debit Card,Tablet,308.24,0.0,0.421,0
4337,CUST_04338,2023-01-10,41,Male,Gaziantep,True,2023,1,1,1,Tuesday,January,False,2023-07-10,720.56,4,0.0,0.0,8.0,8.0,5.0,6.0,1,Books,Bank Transfer,Desktop,180.14,0.0,1.0,0
4338,CUST_04339,2023-07-07,18,Male,Kayseri,True,2023,7,3,4,Friday,July,False,2024-01-07,11804.41,5,684.84,0.054834357547490845,6.0,12.0,5.0,6.0,1,Electronics,Credit Card,Mobile,2360.882,0.05801560603198297,2.0,1
4339,CUST_04340,2023-04-23,31,Female,Gaziantep,True,2023,4,2,6,Sunday,April,True,2023-10-23,56.97,1,0.0,0.0,13.0,9.0,5.0,8.0,1,Books,Credit Card,Desktop,56.97,0.0,0.692,1
4340,CUST_04341,2023-08-07,46,Female,Ankara,True,2023,8,3,0,Monday,August,False,2024-02-07,267.2,5,0.0,0.0,15.0,10.0,5.0,4.0,1,Books,Cash on Delivery,Desktop,53.44,0.0,0.667,0
4341,CUST_04342,2023-06-30,37,Female,Bursa,True,2023,6,2,4,Friday,June,False,2023-12-30,43.48,4,0.0,0.0,15.0,13.0,4.0,4.0,1,Food,Bank Transfer,Mobile,10.87,0.0,0.867,0
4342,CUST_04343,2023-01-22,58,Male,Kayseri,True,2023,1,1,6,Sunday,January,True,2023-07-22,118.26,3,0.0,0.0,11.0,7.0,4.0,13.0,1,Beauty,Cash on Delivery,Tablet,39.42,0.0,0.636,0
4343,CUST_04344,2024-01-25,47,Male,Ankara,False,2024,1,1,3,Thursday,January,False,2024-07-25,51.03,1,0.0,0.0,14.0,10.0,4.0,6.0,1,Beauty,Cash on Delivery,Desktop,51.03,0.0,0.714,1
4344,CUST_04345,2023-01-25,27,Male,Gaziantep,True,2023,1,1,2,Wednesday,January,False,2023-07-25,49.18,1,12.51,0.20278813421948452,22.0,12.0,4.0,10.0,1,Books,Bank Transfer,Desktop,49.18,0.2543716958113054,0.545,1
4345,CUST_04346,2023-06-25,35,Female,Istanbul,False,2023,6,2,6,Sunday,June,True,2023-12-25,525.36,5,86.44,0.14128800261523375,15.0,10.0,1.0,6.0,1,Toys,Credit Card,Mobile,105.072,0.16453479518806152,0.667,1
4346,CUST_04347,2023-05-16,34,Male,Istanbul,True,2023,5,2,1,Tuesday,May,False,2023-11-16,10831.43,5,2443.62,0.18407614283938664,19.0,10.0,2.0,6.0,1,Electronics,Debit Card,Mobile,2166.286,0.22560456006270638,0.526,1
4347,CUST_04348,2023-04-22,18,Female,Adana,True,2023,4,2,5,Saturday,April,True,2023-10-22,1067.24,2,0.0,0.0,11.0,6.0,4.0,4.0,1,Sports,Debit Card,Desktop,533.62,0.0,0.545,0
4348,CUST_04349,2023-03-29,23,Male,Adana,False,2023,3,1,2,Wednesday,March,False,2023-09-29,203.86,2,0.0,0.0,14.0,12.0,5.0,9.0,1,Toys,Credit Card,Mobile,101.93,0.0,0.857,0
4349,CUST_04350,2023-02-01,28,Male,Gaziantep,False,2023,2,1,2,Wednesday,February,False,2023-08-01,460.44,4,0.0,0.0,14.0,4.0,3.0,4.0,1,Books,Credit Card,Desktop,115.11,0.0,0.286,0
4350,CUST_04351,2023-03-23,18,Male,Kayseri,False,2023,3,1,3,Thursday,March,False,2023-09-23,222.64,2,31.4,0.12360258227050858,17.0,11.0,4.0,7.0,1,Beauty,Debit Card,Mobile,111.32,0.14103485447358965,0.647,1
4351,CUST_04352,2023-05-08,35,Male,Istanbul,True,2023,5,2,0,Monday,May,False,2023-11-08,67.39,1,9.77,0.12662001036806636,12.0,13.0,4.0,12.0,1,Fashion,Debit Card,Desktop,67.39,0.1449769995548301,1.083,0
4352,CUST_04353,2023-05-05,32,Female,Istanbul,True,2023,5,2,4,Friday,May,False,2023-11-05,40.94,2,4.24,0.09384683488269147,15.0,10.0,5.0,8.0,1,Books,Debit Card,Mobile,20.47,0.10356619443087446,0.667,1
4353,CUST_04354,2023-01-02,18,Male,Konya,True,2023,1,1,0,Monday,January,False,2023-07-02,178.77,1,0.0,0.0,14.0,7.0,3.0,17.0,1,Fashion,Credit Card,Desktop,178.77,0.0,0.5,1
4354,CUST_04355,2023-05-07,39,Female,Istanbul,True,2023,5,2,6,Sunday,May,True,2023-11-07,3127.58,2,0.0,0.0,34.0,9.0,3.0,6.0,1,Home & Garden,Credit Card,Tablet,1563.79,0.0,0.265,0
4355,CUST_04356,2023-01-22,43,Male,Antalya,True,2023,1,1,6,Sunday,January,True,2023-07-22,395.0,4,0.0,0.0,7.0,10.0,3.0,9.0,1,Beauty,Credit Card,Mobile,98.75,0.0,1.429,1
4356,CUST_04357,2023-09-18,37,Female,Bursa,False,2023,9,3,0,Monday,September,False,2024-03-18,1065.24,4,0.0,0.0,12.0,5.0,5.0,4.0,1,Electronics,Debit Card,Mobile,266.31,0.0,0.417,0
4357,CUST_04358,2023-01-17,31,Male,Istanbul,False,2023,1,1,1,Tuesday,January,False,2023-07-17,1397.66,1,0.0,0.0,3.0,13.0,4.0,7.0,1,Sports,Credit Card,Desktop,1397.66,0.0,4.333,0
4358,CUST_04359,2023-08-16,42,Female,Ankara,True,2023,8,3,2,Wednesday,August,False,2024-02-16,3489.09,1,0.0,0.0,14.0,10.0,2.0,6.0,1,Electronics,Credit Card,Mobile,3489.09,0.0,0.714,0
4359,CUST_04360,2023-05-05,43,Female,Bursa,False,2023,5,2,4,Friday,May,False,2023-11-05,91.31,2,16.15,0.15028847943420806,19.0,8.0,2.0,7.0,1,Books,Digital Wallet,Mobile,45.655,0.1768700032855109,0.421,1
4360,CUST_04361,2023-06-28,38,Female,Konya,False,2023,6,2,2,Wednesday,June,False,2023-12-28,122.52,4,0.0,0.0,21.0,4.0,4.0,2.0,1,Beauty,Credit Card,Mobile,30.63,0.0,0.19,1
4361,CUST_04362,2023-06-25,25,Male,Adana,True,2023,6,2,6,Sunday,June,True,2023-12-25,784.66,2,0.0,0.0,13.0,11.0,4.0,2.0,1,Toys,Credit Card,Mobile,392.33,0.0,0.846,0
4362,CUST_04363,2023-07-12,38,Female,Antalya,False,2023,7,3,2,Wednesday,July,False,2024-01-12,160.4,4,0.0,0.0,14.0,6.0,4.0,11.0,1,Food,Credit Card,Desktop,40.1,0.0,0.429,0
4363,CUST_04364,2023-02-14,49,Male,Izmir,True,2023,2,1,1,Tuesday,February,False,2023-08-14,176.39,1,0.0,0.0,9.0,10.0,5.0,3.0,1,Food,Credit Card,Mobile,176.39,0.0,1.111,1
4364,CUST_04365,2023-01-12,27,Male,Ankara,False,2023,1,1,3,Thursday,January,False,2023-07-12,595.91,1,38.21,0.060256733741247716,13.0,13.0,2.0,10.0,1,Home & Garden,Debit Card,Desktop,595.91,0.06412042086892317,1.0,1
4365,CUST_04366,2023-05-19,60,Male,Istanbul,True,2023,5,2,4,Friday,May,False,2023-11-19,291.31,1,17.18,0.05569062206230348,13.0,9.0,5.0,15.0,1,Fashion,Debit Card,Desktop,291.31,0.05897497511242319,0.692,0
4366,CUST_04367,2023-03-02,28,Male,Izmir,False,2023,3,1,3,Thursday,March,False,2023-09-02,1298.62,2,0.0,0.0,6.0,10.0,3.0,4.0,1,Electronics,Debit Card,Desktop,649.31,0.0,1.667,0
4367,CUST_04368,2023-02-14,35,Other,Istanbul,False,2023,2,1,1,Tuesday,February,False,2023-08-14,4577.16,5,281.84,0.05800370446593949,18.0,11.0,5.0,9.0,1,Sports,Credit Card,Mobile,915.432,0.06157529996766554,0.611,1
4368,CUST_04369,2023-03-25,26,Male,Istanbul,False,2023,3,1,5,Saturday,March,True,2023-09-25,29.58,1,0.0,0.0,11.0,8.0,5.0,7.0,1,Books,Digital Wallet,Mobile,29.58,0.0,0.727,1
4369,CUST_04370,2023-01-21,37,Female,Izmir,False,2023,1,1,5,Saturday,January,True,2023-07-21,4611.52,4,0.0,0.0,11.0,10.0,5.0,12.0,1,Electronics,Digital Wallet,Desktop,1152.88,0.0,0.909,0
4370,CUST_04371,2023-04-18,18,Female,Izmir,False,2023,4,2,1,Tuesday,April,False,2023-10-18,750.36,3,0.0,0.0,7.0,14.0,5.0,10.0,1,Toys,Digital Wallet,Mobile,250.12,0.0,2.0,0
4371,CUST_04372,2023-01-20,28,Female,Istanbul,True,2023,1,1,4,Friday,January,False,2023-07-20,363.1,5,0.0,0.0,12.0,7.0,5.0,3.0,1,Books,Debit Card,Desktop,72.62,0.0,0.583,0
4372,CUST_04373,2023-06-16,21,Female,Bursa,False,2023,6,2,4,Friday,June,False,2023-12-16,4115.73,3,0.0,0.0,14.0,9.0,4.0,4.0,1,Electronics,Bank Transfer,Desktop,1371.9099999999999,0.0,0.643,0
4373,CUST_04374,2023-08-25,36,Male,Bursa,False,2023,8,3,4,Friday,August,False,2024-02-25,541.96,2,0.0,0.0,12.0,9.0,1.0,4.0,1,Fashion,Bank Transfer,Desktop,270.98,0.0,0.75,1
4374,CUST_04375,2023-01-17,46,Female,Istanbul,False,2023,1,1,1,Tuesday,January,False,2023-07-17,345.8,4,0.0,0.0,17.0,6.0,5.0,5.0,1,Sports,Credit Card,Tablet,86.45,0.0,0.353,0
4375,CUST_04376,2023-04-07,42,Male,Kayseri,True,2023,4,2,4,Friday,April,False,2023-10-07,737.01,4,113.91,0.13386687350162177,18.0,8.0,5.0,10.0,1,Beauty,Digital Wallet,Mobile,184.2525,0.15455692595758538,0.444,1
4376,CUST_04377,2023-03-09,18,Female,Istanbul,True,2023,3,1,3,Thursday,March,False,2023-09-09,1020.6,5,0.0,0.0,14.0,13.0,4.0,3.0,1,Home & Garden,Credit Card,Desktop,204.12,0.0,0.929,0
4377,CUST_04378,2023-01-27,59,Female,Konya,False,2023,1,1,4,Friday,January,False,2023-07-27,195.33,2,35.51,0.15382949228903137,17.0,14.0,4.0,6.0,1,Toys,Credit Card,Mobile,97.665,0.1817949111759586,0.824,1
4378,CUST_04379,2023-08-24,38,Female,Istanbul,False,2023,8,3,3,Thursday,August,False,2024-02-24,144.5,5,0.0,0.0,14.0,9.0,5.0,11.0,1,Books,Digital Wallet,Desktop,28.9,0.0,0.643,1
4379,CUST_04380,2023-02-01,25,Male,Konya,True,2023,2,1,2,Wednesday,February,False,2023-08-01,140.47,1,11.48,0.07555116814741693,16.0,8.0,4.0,18.0,1,Books,Credit Card,Mobile,140.47,0.08172563536698228,0.5,0
4380,CUST_04381,2023-02-02,36,Male,Istanbul,False,2023,2,1,3,Thursday,February,False,2023-08-02,67.8,5,0.0,0.0,19.0,11.0,3.0,3.0,1,Books,Debit Card,Mobile,13.559999999999999,0.0,0.579,0
4381,CUST_04382,2023-03-26,37,Male,Adana,True,2023,3,1,6,Sunday,March,True,2023-09-26,68.28,1,0.0,0.0,14.0,6.0,4.0,4.0,1,Books,Digital Wallet,Desktop,68.28,0.0,0.429,0
4382,CUST_04383,2023-04-17,26,Male,Ankara,False,2023,4,2,0,Monday,April,False,2023-10-17,139.07,2,31.17,0.18309445488721804,9.0,7.0,4.0,7.0,1,Books,Credit Card,Mobile,69.535,0.2241317322211836,0.778,1
4383,CUST_04384,2023-03-13,37,Male,Adana,False,2023,3,1,0,Monday,March,False,2023-09-13,2486.46,1,0.0,0.0,7.0,10.0,3.0,8.0,1,Electronics,Credit Card,Desktop,2486.46,0.0,1.429,1
4384,CUST_04385,2023-02-28,27,Female,Izmir,True,2023,2,1,1,Tuesday,February,False,2023-08-28,672.9,3,0.0,0.0,19.0,5.0,5.0,4.0,1,Electronics,Debit Card,Mobile,224.29999999999998,0.0,0.263,1
4385,CUST_04386,2023-04-16,30,Male,Istanbul,False,2023,4,2,6,Sunday,April,True,2023-10-16,3138.15,5,0.0,0.0,10.0,9.0,5.0,20.0,1,Home & Garden,Debit Card,Desktop,627.63,0.0,0.9,1
4386,CUST_04387,2023-05-12,26,Female,Adana,True,2023,5,2,4,Friday,May,False,2023-11-12,11071.4,5,0.0,0.0,14.0,9.0,4.0,7.0,1,Electronics,Debit Card,Mobile,2214.2799999999997,0.0,0.643,1
4387,CUST_04388,2023-04-16,18,Female,Istanbul,True,2023,4,2,6,Sunday,April,True,2023-10-16,549.52,2,28.9,0.049963694201445315,8.0,8.0,5.0,4.0,1,Toys,Credit Card,Desktop,274.76,0.05259135245304993,1.0,0
4388,CUST_04389,2023-01-10,36,Female,Kayseri,False,2023,1,1,1,Tuesday,January,False,2023-07-10,773.74,4,197.78,0.20357789855072464,16.0,12.0,4.0,5.0,1,Home & Garden,Debit Card,Mobile,193.435,0.25561558146147284,0.75,1
4389,CUST_04390,2023-01-31,42,Male,Istanbul,True,2023,1,1,1,Tuesday,January,False,2023-07-31,776.25,3,47.04,0.05713661042888897,27.0,9.0,4.0,12.0,1,Fashion,Debit Card,Mobile,258.75,0.06059903381642512,0.333,0
4390,CUST_04391,2023-01-03,41,Male,Izmir,False,2023,1,1,1,Tuesday,January,False,2023-07-03,63.96,3,7.71,0.10757639179573043,11.0,6.0,5.0,2.0,1,Food,Digital Wallet,Tablet,21.32,0.12054409005628518,0.545,1
4391,CUST_04392,2023-06-29,44,Male,Adana,False,2023,6,2,3,Thursday,June,False,2023-12-29,11748.89,4,303.03,0.02514371154139755,16.0,8.0,1.0,5.0,1,Electronics,Credit Card,Mobile,2937.2225,0.02579222377603331,0.5,0
4392,CUST_04393,2023-08-07,38,Male,Ankara,False,2023,8,3,0,Monday,August,False,2024-02-07,1469.62,1,0.0,0.0,25.0,8.0,2.0,5.0,1,Electronics,Bank Transfer,Mobile,1469.62,0.0,0.32,1
4393,CUST_04394,2023-01-30,28,Female,Istanbul,True,2023,1,1,0,Monday,January,False,2023-07-30,335.51,3,69.22,0.17102759864601091,10.0,12.0,3.0,3.0,1,Toys,Credit Card,Desktop,111.83666666666666,0.20631277756251676,1.2,1
4394,CUST_04395,2023-03-20,45,Male,Adana,True,2023,3,1,0,Monday,March,False,2023-09-20,528.51,4,128.01,0.1949826357155913,16.0,7.0,5.0,9.0,1,Sports,Credit Card,Desktop,132.1275,0.2422092297212919,0.437,1
4395,CUST_04396,2023-01-10,18,Female,Gaziantep,True,2023,1,1,1,Tuesday,January,False,2023-07-10,37.79,1,7.36,0.16301218161683279,13.0,11.0,3.0,13.0,1,Beauty,Debit Card,Desktop,37.79,0.19476051865572905,0.846,1
4396,CUST_04397,2023-03-28,24,Female,Kayseri,True,2023,3,1,1,Tuesday,March,False,2023-09-28,2008.87,5,76.13,0.036513189448441244,14.0,9.0,4.0,4.0,1,Sports,Digital Wallet,Desktop,401.774,0.03789692712818649,0.643,0
4397,CUST_04398,2023-04-28,23,Female,Ankara,True,2023,4,2,4,Friday,April,False,2023-10-28,2149.93,2,326.65,0.13189559796170525,17.0,8.0,3.0,3.0,1,Electronics,Debit Card,Mobile,1074.965,0.15193517928490696,0.471,1
4398,CUST_04399,2023-04-24,47,Male,Izmir,True,2023,4,2,0,Monday,April,False,2023-10-24,29.5,1,7.29,0.19815167164990488,13.0,10.0,3.0,4.0,1,Beauty,Digital Wallet,Desktop,29.5,0.2471186440677966,0.769,0
4399,CUST_04400,2023-05-22,46,Male,Ankara,True,2023,5,2,0,Monday,May,False,2023-11-22,457.87,1,0.0,0.0,9.0,10.0,4.0,11.0,1,Fashion,Debit Card,Desktop,457.87,0.0,1.111,1
4400,CUST_04401,2023-05-24,40,Female,Ankara,False,2023,5,2,2,Wednesday,May,False,2023-11-24,717.12,3,0.0,0.0,17.0,10.0,4.0,5.0,1,Sports,Debit Card,Mobile,239.04,0.0,0.588,1
4401,CUST_04402,2023-10-21,47,Female,Adana,True,2023,10,4,5,Saturday,October,True,2024-04-21,2274.76,2,0.0,0.0,7.0,9.0,4.0,1.0,1,Home & Garden,Debit Card,Mobile,1137.38,0.0,1.286,0
4402,CUST_04403,2023-05-17,24,Male,Ankara,True,2023,5,2,2,Wednesday,May,False,2023-11-17,388.41,3,0.0,0.0,21.0,9.0,5.0,4.0,1,Food,Credit Card,Mobile,129.47,0.0,0.429,1
4403,CUST_04404,2023-01-09,39,Male,Izmir,True,2023,1,1,0,Monday,January,False,2023-07-09,2470.56,4,0.0,0.0,13.0,6.0,4.0,5.0,1,Electronics,Cash on Delivery,Desktop,617.64,0.0,0.462,0
4404,CUST_04405,2023-05-18,33,Male,Izmir,False,2023,5,2,3,Thursday,May,False,2023-11-18,1953.97,4,343.79,0.14961962955225958,14.0,9.0,5.0,10.0,1,Sports,Cash on Delivery,Desktop,488.4925,0.1759443594323352,0.643,1
4405,CUST_04406,2023-03-05,45,Female,Adana,False,2023,3,1,6,Sunday,March,True,2023-09-05,125.85,3,0.0,0.0,9.0,6.0,5.0,3.0,1,Beauty,Credit Card,Mobile,41.949999999999996,0.0,0.667,0
4406,CUST_04407,2023-01-22,33,Male,Kayseri,True,2023,1,1,6,Sunday,January,True,2023-07-22,694.35,2,157.61,0.18499694821353116,15.0,10.0,4.0,4.0,1,Toys,Digital Wallet,Tablet,347.175,0.22698927054079357,0.667,1
4407,CUST_04408,2023-02-18,30,Female,Antalya,True,2023,2,1,5,Saturday,February,True,2023-08-18,410.23,2,32.89,0.07422368658602636,19.0,9.0,1.0,8.0,1,Fashion,Digital Wallet,Desktop,205.115,0.08017453623577017,0.474,0
4408,CUST_04409,2023-01-02,41,Male,Izmir,True,2023,1,1,0,Monday,January,False,2023-07-02,553.8,3,61.92,0.10056519197037614,16.0,3.0,3.0,7.0,1,Fashion,Digital Wallet,Tablet,184.6,0.11180931744312027,0.187,1
4409,CUST_04410,2023-03-24,45,Female,Adana,False,2023,3,1,4,Friday,March,False,2023-09-24,64.86,2,0.0,0.0,14.0,8.0,4.0,9.0,1,Books,Debit Card,Desktop,32.43,0.0,0.571,1
4410,CUST_04411,2023-04-06,26,Female,Antalya,True,2023,4,2,3,Thursday,April,False,2023-10-06,30.88,1,0.0,0.0,15.0,9.0,5.0,6.0,1,Beauty,Digital Wallet,Mobile,30.88,0.0,0.6,0
4411,CUST_04412,2023-01-23,34,Female,Istanbul,True,2023,1,1,0,Monday,January,False,2023-07-23,3268.48,4,0.0,0.0,18.0,9.0,4.0,5.0,1,Fashion,Digital Wallet,Desktop,817.12,0.0,0.5,0
4412,CUST_04413,2023-01-31,22,Male,Istanbul,True,2023,1,1,1,Tuesday,January,False,2023-07-31,485.83,1,0.0,0.0,24.0,12.0,4.0,6.0,1,Fashion,Credit Card,Mobile,485.83,0.0,0.5,0
4413,CUST_04414,2023-01-01,18,Male,Istanbul,False,2023,1,1,6,Sunday,January,True,2023-07-01,172.97,3,33.76,0.1633047936922556,19.0,6.0,4.0,9.0,1,Books,Digital Wallet,Desktop,57.656666666666666,0.19517835462797015,0.316,1
4414,CUST_04415,2023-02-01,37,Male,Izmir,True,2023,2,1,2,Wednesday,February,False,2023-08-01,107.66,2,0.0,0.0,16.0,12.0,3.0,6.0,1,Books,Credit Card,Mobile,53.83,0.0,0.75,1
4415,CUST_04416,2023-04-30,42,Female,Gaziantep,True,2023,4,2,6,Sunday,April,True,2023-10-30,621.73,1,144.57,0.18865979381443299,15.0,6.0,5.0,8.0,1,Sports,Debit Card,Desktop,621.73,0.23252858958068615,0.4,0
4416,CUST_04417,2023-03-06,38,Female,Ankara,True,2023,3,1,0,Monday,March,False,2023-09-06,234.03,5,14.07,0.056711003627569534,7.0,9.0,5.0,15.0,1,Fashion,Bank Transfer,Tablet,46.806,0.06012049737213178,1.286,0
4417,CUST_04418,2023-06-01,18,Female,Ankara,False,2023,6,2,3,Thursday,June,False,2023-12-01,290.15,4,17.69,0.05746491683991685,11.0,9.0,5.0,6.0,1,Beauty,Credit Card,Tablet,72.5375,0.06096846458728245,0.818,0
4418,CUST_04419,2023-01-20,30,Male,Konya,True,2023,1,1,4,Friday,January,False,2023-07-20,1933.65,5,0.0,0.0,13.0,10.0,5.0,6.0,1,Sports,Credit Card,Mobile,386.73,0.0,0.769,0
4419,CUST_04420,2023-02-14,18,Female,Gaziantep,True,2023,2,1,1,Tuesday,February,False,2023-08-14,50.28,2,9.28,0.15580926796507721,14.0,6.0,4.0,8.0,1,Toys,Digital Wallet,Mobile,25.14,0.18456642800318215,0.429,0
4420,CUST_04421,2023-05-08,51,Male,Antalya,True,2023,5,2,0,Monday,May,False,2023-11-08,328.89,2,11.01,0.0323918799646955,15.0,14.0,4.0,8.0,1,Toys,Credit Card,Mobile,164.445,0.03347623825595184,0.933,1
4421,CUST_04422,2023-03-16,21,Female,Ankara,False,2023,3,1,3,Thursday,March,False,2023-09-16,562.52,4,0.0,0.0,3.0,12.0,1.0,5.0,1,Beauty,Bank Transfer,Mobile,140.63,0.0,4.0,0
4422,CUST_04423,2023-04-11,50,Male,Istanbul,True,2023,4,2,1,Tuesday,April,False,2023-10-11,99.08,1,0.0,0.0,16.0,8.0,4.0,4.0,1,Toys,Credit Card,Mobile,99.08,0.0,0.5,1
4423,CUST_04424,2023-04-16,46,Female,Istanbul,True,2023,4,2,6,Sunday,April,True,2023-10-16,7186.88,4,0.0,0.0,13.0,13.0,5.0,3.0,1,Electronics,Bank Transfer,Mobile,1796.72,0.0,1.0,1
4424,CUST_04425,2023-01-03,24,Male,Istanbul,True,2023,1,1,1,Tuesday,January,False,2023-07-03,4144.5,5,0.0,0.0,14.0,11.0,1.0,11.0,1,Electronics,Debit Card,Tablet,828.9,0.0,0.786,1
4425,CUST_04426,2023-05-07,21,Male,Ankara,True,2023,5,2,6,Sunday,May,True,2023-11-07,37.64,1,0.0,0.0,21.0,6.0,1.0,6.0,1,Books,Cash on Delivery,Mobile,37.64,0.0,0.286,0
4426,CUST_04427,2023-01-31,39,Female,Bursa,False,2023,1,1,1,Tuesday,January,False,2023-07-31,99.92,4,0.0,0.0,18.0,8.0,5.0,7.0,1,Books,Credit Card,Tablet,24.98,0.0,0.444,0
4427,CUST_04428,2023-01-11,24,Male,Istanbul,True,2023,1,1,2,Wednesday,January,False,2023-07-11,29.62,1,0.0,0.0,12.0,10.0,4.0,9.0,1,Food,Digital Wallet,Mobile,29.62,0.0,0.833,0
4428,CUST_04429,2023-06-20,36,Female,Istanbul,True,2023,6,2,1,Tuesday,June,False,2023-12-20,124.05,4,20.79,0.14353769676884837,23.0,9.0,5.0,3.0,1,Food,Credit Card,Desktop,31.0125,0.1675937122128174,0.391,1
4429,CUST_04430,2023-03-23,29,Female,Istanbul,True,2023,3,1,3,Thursday,March,False,2023-09-23,221.28,3,57.24,0.20551486428263682,13.0,10.0,5.0,2.0,1,Food,Credit Card,Desktop,73.76,0.2586767895878525,0.769,1
4430,CUST_04431,2023-07-21,18,Female,Antalya,True,2023,7,3,4,Friday,July,False,2024-01-21,583.62,3,57.36,0.0894879715435739,14.0,7.0,4.0,9.0,1,Fashion,Digital Wallet,Desktop,194.54,0.09828312943353552,0.5,1
4431,CUST_04432,2023-01-12,18,Male,Bursa,True,2023,1,1,3,Thursday,January,False,2023-07-12,3724.46,1,0.0,0.0,12.0,10.0,2.0,6.0,1,Electronics,Digital Wallet,Mobile,3724.46,0.0,0.833,1
4432,CUST_04433,2023-04-09,37,Female,Bursa,True,2023,4,2,6,Sunday,April,True,2023-10-09,1313.55,3,0.0,0.0,16.0,9.0,2.0,6.0,1,Sports,Credit Card,Mobile,437.84999999999997,0.0,0.562,1
4433,CUST_04434,2023-02-19,28,Female,Ankara,False,2023,2,1,6,Sunday,February,True,2023-08-19,36.72,1,0.0,0.0,21.0,11.0,4.0,7.0,1,Beauty,Debit Card,Mobile,36.72,0.0,0.524,1
4434,CUST_04435,2023-01-15,28,Male,Ankara,True,2023,1,1,6,Sunday,January,True,2023-07-15,556.05,5,0.0,0.0,12.0,12.0,4.0,1.0,1,Toys,Credit Card,Desktop,111.21,0.0,1.0,1
4435,CUST_04436,2023-06-21,43,Female,Istanbul,True,2023,6,2,2,Wednesday,June,False,2023-12-21,255.1,5,0.0,0.0,16.0,9.0,3.0,9.0,1,Food,Digital Wallet,Desktop,51.019999999999996,0.0,0.562,1
4436,CUST_04437,2023-08-01,49,Male,Istanbul,True,2023,8,3,1,Tuesday,August,False,2024-02-01,1046.54,2,0.0,0.0,22.0,14.0,5.0,6.0,1,Home & Garden,Credit Card,Tablet,523.27,0.0,0.636,1
4437,CUST_04438,2023-04-25,31,Male,Konya,True,2023,4,2,1,Tuesday,April,False,2023-10-25,165.51,1,0.0,0.0,19.0,12.0,2.0,4.0,1,Fashion,Debit Card,Desktop,165.51,0.0,0.632,1
4438,CUST_04439,2023-01-24,30,Male,Eskisehir,False,2023,1,1,1,Tuesday,January,False,2023-07-24,142.59,3,0.0,0.0,13.0,10.0,3.0,3.0,1,Toys,Bank Transfer,Mobile,47.53,0.0,0.769,0
4439,CUST_04440,2023-02-08,41,Male,Antalya,False,2023,2,1,2,Wednesday,February,False,2023-08-08,1260.2,5,0.0,0.0,17.0,8.0,4.0,3.0,1,Home & Garden,Debit Card,Mobile,252.04000000000002,0.0,0.471,1
4440,CUST_04441,2023-11-21,18,Male,Kayseri,True,2023,11,4,1,Tuesday,November,False,2024-05-21,2868.72,4,0.0,0.0,23.0,10.0,4.0,3.0,1,Sports,Digital Wallet,Desktop,717.18,0.0,0.435,0
4441,CUST_04442,2024-02-11,37,Female,Antalya,False,2024,2,1,6,Sunday,February,True,2024-08-11,108.1,5,0.0,0.0,16.0,9.0,5.0,8.0,1,Beauty,Bank Transfer,Desktop,21.619999999999997,0.0,0.562,0
4442,CUST_04443,2023-05-07,41,Female,Istanbul,True,2023,5,2,6,Sunday,May,True,2023-11-07,52.72,2,0.0,0.0,16.0,11.0,2.0,3.0,1,Food,Debit Card,Desktop,26.36,0.0,0.687,0
4443,CUST_04444,2023-10-08,43,Male,Eskisehir,True,2023,10,4,6,Sunday,October,True,2024-04-08,249.0,4,0.0,0.0,11.0,8.0,5.0,16.0,1,Books,Digital Wallet,Tablet,62.25,0.0,0.727,1
4444,CUST_04445,2023-02-17,18,Female,Istanbul,False,2023,2,1,4,Friday,February,False,2023-08-17,106.78,1,0.0,0.0,7.0,7.0,2.0,9.0,1,Toys,Debit Card,Mobile,106.78,0.0,1.0,0
4445,CUST_04446,2023-07-26,25,Female,Antalya,True,2023,7,3,2,Wednesday,July,False,2024-01-26,4699.85,5,0.0,0.0,9.0,11.0,1.0,6.0,1,Home & Garden,Credit Card,Mobile,939.97,0.0,1.222,0
4446,CUST_04447,2023-02-17,24,Female,Ankara,True,2023,2,1,4,Friday,February,False,2023-08-17,293.38,2,20.68,0.06584729032668916,16.0,8.0,5.0,3.0,1,Fashion,Debit Card,Desktop,146.69,0.07048878587497444,0.5,0
4447,CUST_04448,2023-04-29,36,Female,Ankara,False,2023,4,2,5,Saturday,April,True,2023-10-29,107.68,2,17.48,0.13966123362096516,12.0,9.0,2.0,6.0,1,Fashion,Bank Transfer,Mobile,53.84,0.162332838038633,0.75,0
4448,CUST_04449,2023-04-20,40,Female,Antalya,False,2023,4,2,3,Thursday,April,False,2023-10-20,687.1,5,0.0,0.0,17.0,7.0,5.0,3.0,1,Fashion,Bank Transfer,Mobile,137.42000000000002,0.0,0.412,1
4449,CUST_04450,2023-01-28,52,Male,Izmir,False,2023,1,1,5,Saturday,January,True,2023-07-28,122.82,1,0.0,0.0,14.0,10.0,4.0,3.0,1,Beauty,Bank Transfer,Desktop,122.82,0.0,0.714,1
4450,CUST_04451,2023-02-22,29,Male,Ankara,True,2023,2,1,2,Wednesday,February,False,2023-08-22,630.87,5,103.13,0.1405040871934605,14.0,7.0,5.0,5.0,1,Beauty,Bank Transfer,Desktop,126.174,0.16347266473282926,0.5,0
4451,CUST_04452,2023-01-09,29,Male,Ankara,True,2023,1,1,0,Monday,January,False,2023-07-09,2146.2,5,0.0,0.0,13.0,9.0,3.0,5.0,1,Home & Garden,Debit Card,Desktop,429.23999999999995,0.0,0.692,0
4452,CUST_04453,2023-05-29,48,Female,Ankara,False,2023,5,2,0,Monday,May,False,2023-11-29,191.45,4,53.99,0.21997229465449805,12.0,8.0,4.0,4.0,1,Beauty,Cash on Delivery,Mobile,47.8625,0.2820057456254897,0.667,1
4453,CUST_04454,2023-01-13,38,Male,Kayseri,True,2023,1,1,4,Friday,January,False,2023-07-13,849.85,5,0.0,0.0,19.0,11.0,4.0,6.0,1,Fashion,Credit Card,Tablet,169.97,0.0,0.579,1
4454,CUST_04455,2023-03-06,50,Female,Gaziantep,True,2023,3,1,0,Monday,March,False,2023-09-06,7546.88,3,837.37,0.09987416882845812,14.0,9.0,4.0,5.0,1,Electronics,Credit Card,Desktop,2515.6266666666666,0.11095578570217096,0.643,1
4455,CUST_04456,2023-02-18,38,Male,Izmir,False,2023,2,1,5,Saturday,February,True,2023-08-18,136.26,3,0.0,0.0,13.0,10.0,5.0,7.0,1,Food,Debit Card,Mobile,45.419999999999995,0.0,0.769,1
4456,CUST_04457,2023-01-02,21,Female,Istanbul,True,2023,1,1,0,Monday,January,False,2023-07-02,1091.11,1,0.0,0.0,9.0,6.0,4.0,3.0,1,Electronics,Cash on Delivery,Mobile,1091.11,0.0,0.667,0
4457,CUST_04458,2023-10-24,19,Male,Gaziantep,True,2023,10,4,1,Tuesday,October,False,2024-04-24,229.36,5,33.29,0.1267466209784885,11.0,6.0,3.0,1.0,1,Beauty,Digital Wallet,Mobile,45.872,0.14514300662713636,0.545,0
4458,CUST_04459,2023-04-07,18,Male,Istanbul,True,2023,4,2,4,Friday,April,False,2023-10-07,35.94,3,0.0,0.0,16.0,7.0,5.0,5.0,1,Books,Credit Card,Desktop,11.979999999999999,0.0,0.437,0
4459,CUST_04460,2023-04-08,42,Male,Istanbul,True,2023,4,2,5,Saturday,April,True,2023-10-08,314.16,1,0.0,0.0,14.0,11.0,5.0,6.0,1,Sports,Debit Card,Tablet,314.16,0.0,0.786,0
4460,CUST_04461,2023-05-30,49,Male,Ankara,False,2023,5,2,1,Tuesday,May,False,2023-11-30,309.72,4,0.0,0.0,16.0,12.0,2.0,3.0,1,Beauty,Debit Card,Desktop,77.43,0.0,0.75,0
4461,CUST_04462,2023-02-17,57,Male,Konya,True,2023,2,1,4,Friday,February,False,2023-08-17,589.28,1,0.0,0.0,10.0,12.0,3.0,4.0,1,Sports,Credit Card,Desktop,589.28,0.0,1.2,0
4462,CUST_04463,2023-01-22,45,Female,Istanbul,True,2023,1,1,6,Sunday,January,True,2023-07-22,58.65,3,0.0,0.0,15.0,9.0,5.0,6.0,1,Books,Credit Card,Mobile,19.55,0.0,0.6,0
4463,CUST_04464,2023-01-11,48,Male,Istanbul,True,2023,1,1,2,Wednesday,January,False,2023-07-11,4683.36,2,413.48,0.0811247753510018,19.0,10.0,2.0,2.0,1,Electronics,Digital Wallet,Mobile,2341.68,0.08828704178196851,0.526,0
4464,CUST_04465,2023-02-25,28,Male,Izmir,True,2023,2,1,5,Saturday,February,True,2023-08-25,3184.31,5,356.79,0.10075682697466888,15.0,4.0,5.0,5.0,1,Home & Garden,Digital Wallet,Desktop,636.862,0.11204625177825024,0.267,0
4465,CUST_04466,2023-05-31,21,Female,Ankara,False,2023,5,2,2,Wednesday,May,False,2023-11-30,68.06,1,0.0,0.0,19.0,9.0,4.0,3.0,1,Fashion,Debit Card,Tablet,68.06,0.0,0.474,0
4466,CUST_04467,2023-04-06,45,Male,Bursa,False,2023,4,2,3,Thursday,April,False,2023-10-06,4105.02,4,1090.26,0.20985586917355756,17.0,7.0,5.0,5.0,1,Home & Garden,Debit Card,Desktop,1026.255,0.26559188505780723,0.412,1
4467,CUST_04468,2023-01-04,40,Female,Izmir,True,2023,1,1,2,Wednesday,January,False,2023-07-04,2213.12,4,0.0,0.0,14.0,10.0,4.0,4.0,1,Sports,Credit Card,Mobile,553.28,0.0,0.714,0
4468,CUST_04469,2023-09-21,36,Other,Izmir,True,2023,9,3,3,Thursday,September,False,2024-03-21,1266.93,3,0.0,0.0,14.0,8.0,5.0,7.0,1,Sports,Credit Card,Tablet,422.31,0.0,0.571,1
4469,CUST_04470,2023-02-02,39,Male,Istanbul,False,2023,2,1,3,Thursday,February,False,2023-08-02,308.22,3,0.0,0.0,16.0,15.0,1.0,6.0,1,Food,Digital Wallet,Mobile,102.74000000000001,0.0,0.937,0
4470,CUST_04471,2023-06-13,38,Male,Istanbul,True,2023,6,2,1,Tuesday,June,False,2023-12-13,532.5,3,0.0,0.0,14.0,8.0,4.0,4.0,1,Home & Garden,Credit Card,Desktop,177.5,0.0,0.571,0
4471,CUST_04472,2023-06-20,50,Male,Gaziantep,True,2023,6,2,1,Tuesday,June,False,2023-12-20,145.67,1,0.0,0.0,14.0,7.0,4.0,6.0,1,Toys,Debit Card,Mobile,145.67,0.0,0.5,1
4472,CUST_04473,2023-05-09,50,Female,Konya,True,2023,5,2,1,Tuesday,May,False,2023-11-09,3809.87,1,0.0,0.0,13.0,14.0,4.0,12.0,1,Electronics,Cash on Delivery,Desktop,3809.87,0.0,1.077,1
4473,CUST_04474,2023-04-22,41,Female,Istanbul,False,2023,4,2,5,Saturday,April,True,2023-10-22,444.87,3,0.0,0.0,6.0,8.0,2.0,2.0,1,Beauty,Digital Wallet,Mobile,148.29,0.0,1.333,0
4474,CUST_04475,2023-06-21,45,Female,Istanbul,True,2023,6,2,2,Wednesday,June,False,2023-12-21,84.64,1,0.0,0.0,14.0,8.0,4.0,8.0,1,Beauty,Cash on Delivery,Mobile,84.64,0.0,0.571,1
4475,CUST_04476,2023-05-05,41,Female,Istanbul,False,2023,5,2,4,Friday,May,False,2023-11-05,278.46,2,0.0,0.0,13.0,10.0,5.0,4.0,1,Food,Debit Card,Mobile,139.23,0.0,0.769,0
4476,CUST_04477,2023-04-19,29,Male,Bursa,True,2023,4,2,2,Wednesday,April,False,2023-10-19,72.84,1,19.58,0.21185890499891796,3.0,6.0,3.0,3.0,1,Beauty,Digital Wallet,Mobile,72.84,0.26880834706205375,2.0,0
4477,CUST_04478,2023-01-27,44,Female,Adana,True,2023,1,1,4,Friday,January,False,2023-07-27,283.61,1,0.0,0.0,18.0,9.0,5.0,3.0,1,Home & Garden,Digital Wallet,Mobile,283.61,0.0,0.5,1
4478,CUST_04479,2023-04-16,18,Female,Ankara,False,2023,4,2,6,Sunday,April,True,2023-10-16,964.08,4,0.0,0.0,19.0,11.0,5.0,11.0,1,Home & Garden,Debit Card,Mobile,241.02,0.0,0.579,1
4479,CUST_04480,2023-06-15,47,Female,Antalya,True,2023,6,2,3,Thursday,June,False,2023-12-15,2964.36,3,0.0,0.0,7.0,9.0,3.0,10.0,1,Electronics,Debit Card,Mobile,988.12,0.0,1.286,0
4480,CUST_04481,2023-04-14,20,Female,Adana,True,2023,4,2,4,Friday,April,False,2023-10-14,710.13,1,0.0,0.0,14.0,9.0,5.0,8.0,1,Fashion,Credit Card,Mobile,710.13,0.0,0.643,0
4481,CUST_04482,2023-02-01,38,Female,Kayseri,True,2023,2,1,2,Wednesday,February,False,2023-08-01,511.32,4,39.8,0.07221657715198142,12.0,9.0,5.0,6.0,1,Food,Digital Wallet,Mobile,127.83,0.07783775326605648,0.75,1
4482,CUST_04483,2023-06-22,24,Male,Istanbul,True,2023,6,2,3,Thursday,June,False,2023-12-22,7166.35,4,494.05,0.06449402119993734,2.0,15.0,5.0,16.0,1,Electronics,Digital Wallet,Mobile,1791.5875,0.06894025549966161,7.5,0
4483,CUST_04484,2023-03-08,41,Male,Istanbul,False,2023,3,1,2,Wednesday,March,False,2023-09-08,458.16,1,129.12,0.2198610543522681,10.0,7.0,4.0,3.0,1,Home & Garden,Debit Card,Mobile,458.16,0.2818229439497119,0.7,0
4484,CUST_04485,2023-04-15,34,Female,Istanbul,True,2023,4,2,5,Saturday,April,True,2023-10-15,3007.3,5,0.0,0.0,14.0,9.0,5.0,5.0,1,Fashion,Debit Card,Mobile,601.46,0.0,0.643,0
4485,CUST_04486,2023-03-08,18,Male,Konya,True,2023,3,1,2,Wednesday,March,False,2023-09-08,118.9,1,29.7,0.19986541049798115,13.0,8.0,5.0,2.0,1,Books,Digital Wallet,Desktop,118.9,0.2497897392767031,0.615,0
4486,CUST_04487,2023-03-13,40,Female,Gaziantep,False,2023,3,1,0,Monday,March,False,2023-09-13,373.17,5,88.58,0.19183540877097996,15.0,9.0,4.0,7.0,1,Toys,Credit Card,Tablet,74.634,0.23737170726478546,0.6,0
4487,CUST_04488,2023-01-21,28,Male,Bursa,True,2023,1,1,5,Saturday,January,True,2023-07-21,512.52,2,0.0,0.0,11.0,8.0,5.0,5.0,1,Fashion,Debit Card,Mobile,256.26,0.0,0.727,1
4488,CUST_04489,2023-09-06,45,Female,Istanbul,False,2023,9,3,2,Wednesday,September,False,2024-03-06,240.61,2,13.63,0.05361076148521082,5.0,8.0,4.0,6.0,1,Books,Digital Wallet,Desktop,120.305,0.05664768712854827,1.6,0
4489,CUST_04490,2023-02-11,35,Female,Ankara,True,2023,2,1,5,Saturday,February,True,2023-08-11,4777.0,2,0.0,0.0,11.0,9.0,5.0,6.0,1,Electronics,Credit Card,Desktop,2388.5,0.0,0.818,1
4490,CUST_04491,2023-01-05,39,Male,Ankara,True,2023,1,1,3,Thursday,January,False,2023-07-05,235.53,1,31.52,0.11803033139861449,15.0,11.0,5.0,7.0,1,Toys,Debit Card,Mobile,235.53,0.1338258395958052,0.733,1
4491,CUST_04492,2023-02-24,23,Female,Bursa,True,2023,2,1,4,Friday,February,False,2023-08-24,546.2,1,67.12,0.10943716167742777,13.0,8.0,5.0,7.0,1,Sports,Digital Wallet,Mobile,546.2,0.12288538996704504,0.615,1
4492,CUST_04493,2023-08-30,27,Female,Ankara,True,2023,8,3,2,Wednesday,August,False,2024-02-29,828.88,4,0.0,0.0,19.0,8.0,4.0,6.0,1,Home & Garden,Credit Card,Mobile,207.22,0.0,0.421,0
4493,CUST_04494,2023-01-06,29,Female,Istanbul,True,2023,1,1,4,Friday,January,False,2023-07-06,203.05,2,56.63,0.21807609365372768,10.0,10.0,4.0,9.0,1,Beauty,Debit Card,Desktop,101.525,0.27889682344250183,1.0,0
4494,CUST_04495,2023-01-24,45,Male,Adana,True,2023,1,1,1,Tuesday,January,False,2023-07-24,42.27,2,6.69,0.1366421568627451,13.0,6.0,3.0,8.0,1,Books,Debit Card,Mobile,21.135,0.15826827537260468,0.462,0
4495,CUST_04496,2023-02-20,55,Male,Ankara,True,2023,2,1,0,Monday,February,False,2023-08-20,853.04,1,0.0,0.0,29.0,9.0,5.0,6.0,1,Sports,Debit Card,Mobile,853.04,0.0,0.31,1
4496,CUST_04497,2023-01-09,25,Male,Izmir,False,2023,1,1,0,Monday,January,False,2023-07-09,595.68,4,0.0,0.0,14.0,11.0,4.0,5.0,1,Toys,Debit Card,Desktop,148.92,0.0,0.786,1
4497,CUST_04498,2023-04-23,47,Male,Istanbul,False,2023,4,2,6,Sunday,April,True,2023-10-23,179.16,3,0.0,0.0,16.0,9.0,4.0,5.0,1,Books,Digital Wallet,Tablet,59.72,0.0,0.562,0
4498,CUST_04499,2023-01-15,18,Female,Gaziantep,False,2023,1,1,6,Sunday,January,True,2023-07-15,660.4,5,0.0,0.0,12.0,11.0,4.0,14.0,1,Books,Bank Transfer,Mobile,132.07999999999998,0.0,0.917,1
4499,CUST_04500,2023-01-25,20,Female,Bursa,True,2023,1,1,2,Wednesday,January,False,2023-07-25,108.35,1,0.0,0.0,20.0,10.0,5.0,3.0,1,Toys,Cash on Delivery,Desktop,108.35,0.0,0.5,1
4500,CUST_04501,2023-01-09,23,Female,Konya,True,2023,1,1,0,Monday,January,False,2023-07-09,1208.85,3,0.0,0.0,14.0,9.0,4.0,4.0,1,Sports,Credit Card,Mobile,402.95,0.0,0.643,1
4501,CUST_04502,2023-03-05,18,Female,Izmir,False,2023,3,1,6,Sunday,March,True,2023-09-05,43.65,1,0.0,0.0,24.0,8.0,4.0,5.0,1,Food,Debit Card,Desktop,43.65,0.0,0.333,0
4502,CUST_04503,2023-01-11,18,Female,Kayseri,False,2023,1,1,2,Wednesday,January,False,2023-07-11,71.2,2,0.0,0.0,12.0,7.0,5.0,3.0,1,Food,Debit Card,Mobile,35.6,0.0,0.583,1
4503,CUST_04504,2023-01-22,39,Male,Konya,True,2023,1,1,6,Sunday,January,True,2023-07-22,111.97,1,0.0,0.0,16.0,7.0,4.0,11.0,1,Sports,Digital Wallet,Mobile,111.97,0.0,0.437,1
4504,CUST_04505,2023-02-18,32,Female,Bursa,False,2023,2,1,5,Saturday,February,True,2023-08-18,586.05,5,0.0,0.0,15.0,5.0,1.0,10.0,1,Fashion,Debit Card,Mobile,117.21,0.0,0.333,0
4505,CUST_04506,2023-07-18,39,Male,Kayseri,True,2023,7,3,1,Tuesday,July,False,2024-01-18,753.25,5,0.0,0.0,14.0,8.0,4.0,6.0,1,Beauty,Credit Card,Desktop,150.65,0.0,0.571,1
4506,CUST_04507,2023-01-01,43,Female,Ankara,True,2023,1,1,6,Sunday,January,True,2023-07-01,240.75,5,0.0,0.0,7.0,8.0,2.0,5.0,1,Food,Credit Card,Mobile,48.15,0.0,1.143,1
4507,CUST_04508,2023-02-23,38,Male,Ankara,False,2023,2,1,3,Thursday,February,False,2023-08-23,683.1,1,0.0,0.0,14.0,3.0,5.0,3.0,1,Home & Garden,Credit Card,Desktop,683.1,0.0,0.214,0
4508,CUST_04509,2023-04-14,42,Male,Istanbul,True,2023,4,2,4,Friday,April,False,2023-10-14,1870.24,4,0.0,0.0,21.0,9.0,5.0,4.0,1,Sports,Debit Card,Desktop,467.56,0.0,0.429,1
4509,CUST_04510,2023-01-23,34,Female,Bursa,True,2023,1,1,0,Monday,January,False,2023-07-23,85.0,5,0.0,0.0,19.0,11.0,4.0,8.0,1,Books,Debit Card,Mobile,17.0,0.0,0.579,1
4510,CUST_04511,2023-02-05,20,Female,Adana,True,2023,2,1,6,Sunday,February,True,2023-08-05,716.2,5,0.0,0.0,12.0,12.0,3.0,11.0,1,Toys,Debit Card,Tablet,143.24,0.0,1.0,0
4511,CUST_04512,2023-08-18,47,Female,Adana,True,2023,8,3,4,Friday,August,False,2024-02-18,397.02,2,0.0,0.0,11.0,7.0,4.0,6.0,1,Fashion,Credit Card,Desktop,198.51,0.0,0.636,1
4512,CUST_04513,2023-01-05,27,Female,Istanbul,True,2023,1,1,3,Thursday,January,False,2023-07-05,556.5,1,0.0,0.0,17.0,8.0,5.0,15.0,1,Home & Garden,Credit Card,Desktop,556.5,0.0,0.471,1
4513,CUST_04514,2023-03-23,23,Male,Izmir,False,2023,3,1,3,Thursday,March,False,2023-09-23,16.07,1,2.42,0.13088155759870201,11.0,8.0,4.0,6.0,1,Books,Bank Transfer,Mobile,16.07,0.15059116365899192,0.727,0
4514,CUST_04515,2023-05-24,32,Female,Istanbul,True,2023,5,2,2,Wednesday,May,False,2023-11-24,683.54,2,0.0,0.0,11.0,7.0,2.0,4.0,1,Fashion,Credit Card,Mobile,341.77,0.0,0.636,0
4515,CUST_04516,2023-06-24,24,Male,Antalya,False,2023,6,2,5,Saturday,June,True,2023-12-24,1956.35,5,0.0,0.0,14.0,10.0,2.0,3.0,1,Fashion,Cash on Delivery,Desktop,391.27,0.0,0.714,0
4516,CUST_04517,2023-01-10,29,Female,Istanbul,True,2023,1,1,1,Tuesday,January,False,2023-07-10,2997.33,3,0.0,0.0,11.0,12.0,5.0,3.0,1,Home & Garden,Digital Wallet,Mobile,999.11,0.0,1.091,1
4517,CUST_04518,2023-01-09,39,Female,Konya,True,2023,1,1,0,Monday,January,False,2023-07-09,2916.24,3,0.0,0.0,15.0,4.0,2.0,4.0,1,Sports,Digital Wallet,Mobile,972.0799999999999,0.0,0.267,1
4518,CUST_04519,2023-04-23,39,Male,Istanbul,True,2023,4,2,6,Sunday,April,True,2023-10-23,1182.5,3,170.47,0.12599688093601483,19.0,10.0,2.0,2.0,1,Sports,Debit Card,Desktop,394.1666666666667,0.14416067653276957,0.526,1
4519,CUST_04520,2023-07-04,24,Female,Ankara,True,2023,7,3,1,Tuesday,July,False,2024-01-04,33.93,1,2.78,0.07572868428221192,8.0,8.0,1.0,5.0,1,Food,Debit Card,Desktop,33.93,0.08193339227821986,1.0,0
4520,CUST_04521,2023-03-14,29,Female,Konya,True,2023,3,1,1,Tuesday,March,False,2023-09-14,1792.71,3,0.0,0.0,16.0,11.0,3.0,14.0,1,Electronics,Debit Card,Desktop,597.57,0.0,0.687,0
4521,CUST_04522,2023-02-12,47,Male,Izmir,True,2023,2,1,6,Sunday,February,True,2023-08-12,10.86,1,0.0,0.0,10.0,9.0,5.0,5.0,1,Books,Credit Card,Desktop,10.86,0.0,0.9,0
4522,CUST_04523,2023-07-10,40,Female,Istanbul,False,2023,7,3,0,Monday,July,False,2024-01-10,749.48,2,0.0,0.0,30.0,9.0,3.0,6.0,1,Sports,Credit Card,Mobile,374.74,0.0,0.3,1
4523,CUST_04524,2023-04-05,59,Female,Izmir,True,2023,4,2,2,Wednesday,April,False,2023-10-05,303.04,4,0.0,0.0,18.0,6.0,2.0,13.0,1,Beauty,Digital Wallet,Desktop,75.76,0.0,0.333,0
4524,CUST_04525,2023-09-16,49,Female,Istanbul,True,2023,9,3,5,Saturday,September,True,2024-03-16,3333.58,4,228.1,0.06404281125760877,15.0,10.0,5.0,8.0,1,Home & Garden,Debit Card,Tablet,833.395,0.06842493655469495,0.667,1
4525,CUST_04526,2023-03-26,48,Male,Eskisehir,True,2023,3,1,6,Sunday,March,True,2023-09-26,2897.88,3,0.0,0.0,7.0,10.0,5.0,14.0,1,Sports,Debit Card,Mobile,965.96,0.0,1.429,0
4526,CUST_04527,2023-01-27,18,Male,Bursa,True,2023,1,1,4,Friday,January,False,2023-07-27,350.28,3,0.0,0.0,8.0,15.0,4.0,8.0,1,Books,Cash on Delivery,Mobile,116.75999999999999,0.0,1.875,0
4527,CUST_04528,2023-07-22,44,Female,Ankara,False,2023,7,3,5,Saturday,July,True,2024-01-22,194.17,1,0.0,0.0,25.0,13.0,4.0,11.0,1,Toys,Digital Wallet,Desktop,194.17,0.0,0.52,0
4528,CUST_04529,2023-06-03,34,Male,Bursa,True,2023,6,2,5,Saturday,June,True,2023-12-03,1326.18,4,302.06,0.18551319215840417,11.0,8.0,5.0,5.0,1,Sports,Credit Card,Desktop,331.545,0.22776696979293912,0.727,1
4529,CUST_04530,2023-06-06,28,Female,Istanbul,False,2023,6,2,1,Tuesday,June,False,2023-12-06,385.53,1,0.0,0.0,14.0,9.0,4.0,2.0,1,Fashion,Credit Card,Mobile,385.53,0.0,0.643,1
4530,CUST_04531,2023-07-20,37,Male,Gaziantep,True,2023,7,3,3,Thursday,July,False,2024-01-20,527.19,1,0.0,0.0,17.0,10.0,4.0,10.0,1,Sports,Credit Card,Desktop,527.19,0.0,0.588,1
4531,CUST_04532,2023-07-29,46,Female,Kayseri,True,2023,7,3,5,Saturday,July,True,2024-01-29,2854.32,3,0.0,0.0,19.0,8.0,4.0,5.0,1,Home & Garden,Digital Wallet,Mobile,951.44,0.0,0.421,0
4532,CUST_04533,2023-02-09,41,Female,Konya,True,2023,2,1,3,Thursday,February,False,2023-08-09,195.65,1,24.64,0.11185255799173817,14.0,11.0,5.0,2.0,1,Home & Garden,Bank Transfer,Mobile,195.65,0.1259391771019678,0.786,1
4533,CUST_04534,2023-01-30,24,Male,Ankara,False,2023,1,1,0,Monday,January,False,2023-07-30,151.03,1,0.0,0.0,17.0,9.0,5.0,7.0,1,Food,Cash on Delivery,Desktop,151.03,0.0,0.529,0
4534,CUST_04535,2023-02-10,43,Male,Ankara,True,2023,2,1,4,Friday,February,False,2023-08-10,1884.07,5,332.03,0.14982627137764537,14.0,10.0,5.0,3.0,1,Electronics,Credit Card,Mobile,376.81399999999996,0.17623018253037306,0.714,1
4535,CUST_04536,2023-03-04,27,Female,Istanbul,True,2023,3,1,5,Saturday,March,True,2023-09-04,170.35,1,0.0,0.0,17.0,4.0,4.0,5.0,1,Fashion,Digital Wallet,Desktop,170.35,0.0,0.235,0
4536,CUST_04537,2023-02-13,37,Female,Antalya,False,2023,2,1,0,Monday,February,False,2023-08-13,367.51,5,84.24,0.1864748201438849,13.0,5.0,4.0,4.0,1,Beauty,Digital Wallet,Mobile,73.502,0.22921825256455605,0.385,1
4537,CUST_04538,2023-12-17,31,Male,Bursa,True,2023,12,4,6,Sunday,December,True,2024-06-17,327.35,2,50.35,0.1333068572941488,11.0,10.0,5.0,20.0,1,Fashion,Credit Card,Desktop,163.675,0.1538109057583626,0.909,0
4538,CUST_04539,2023-02-18,32,Female,Izmir,True,2023,2,1,5,Saturday,February,True,2023-08-18,86.0,4,0.0,0.0,12.0,9.0,5.0,4.0,1,Books,Credit Card,Desktop,21.5,0.0,0.75,0
4539,CUST_04540,2023-01-01,44,Male,Konya,False,2023,1,1,6,Sunday,January,True,2023-07-01,427.28,2,0.0,0.0,10.0,16.0,5.0,3.0,1,Food,Credit Card,Mobile,213.64,0.0,1.6,1
4540,CUST_04541,2023-04-20,22,Male,Istanbul,True,2023,4,2,3,Thursday,April,False,2023-10-20,6211.2,4,0.0,0.0,13.0,10.0,3.0,3.0,1,Electronics,Digital Wallet,Desktop,1552.8,0.0,0.769,0
4541,CUST_04542,2023-02-01,58,Female,Istanbul,True,2023,2,1,2,Wednesday,February,False,2023-08-01,6735.87,3,423.09,0.05909936638841395,15.0,11.0,1.0,3.0,1,Electronics,Cash on Delivery,Desktop,2245.29,0.06281148537605387,0.733,0
4542,CUST_04543,2023-02-09,18,Male,Istanbul,False,2023,2,1,3,Thursday,February,False,2023-08-09,131.55,1,22.07,0.14366618929826847,8.0,12.0,5.0,5.0,1,Toys,Debit Card,Mobile,131.55,0.1677689091600152,1.5,1
4543,CUST_04544,2023-03-09,27,Female,Istanbul,True,2023,3,1,3,Thursday,March,False,2023-09-09,146.8,1,0.0,0.0,18.0,13.0,3.0,9.0,1,Toys,Debit Card,Desktop,146.8,0.0,0.722,1
4544,CUST_04545,2023-03-13,39,Male,Istanbul,True,2023,3,1,0,Monday,March,False,2023-09-13,2281.17,3,619.65,0.213612013154901,14.0,8.0,5.0,13.0,1,Home & Garden,Credit Card,Mobile,760.39,0.2716369231578532,0.571,1
4545,CUST_04546,2023-04-26,42,Male,Izmir,False,2023,4,2,2,Wednesday,April,False,2023-10-26,636.3,2,0.0,0.0,12.0,10.0,2.0,6.0,1,Electronics,Credit Card,Mobile,318.15,0.0,0.833,1
4546,CUST_04547,2023-02-07,33,Male,Ankara,False,2023,2,1,1,Tuesday,February,False,2023-08-07,171.88,4,0.0,0.0,12.0,7.0,5.0,10.0,1,Beauty,Credit Card,Mobile,42.97,0.0,0.583,0
4547,CUST_04548,2023-02-19,34,Female,Istanbul,False,2023,2,1,6,Sunday,February,True,2023-08-19,5156.84,4,0.0,0.0,17.0,7.0,4.0,2.0,1,Home & Garden,Credit Card,Desktop,1289.21,0.0,0.412,0
4548,CUST_04549,2023-01-04,39,Female,Adana,True,2023,1,1,2,Wednesday,January,False,2023-07-04,5152.32,4,0.0,0.0,18.0,9.0,4.0,10.0,1,Sports,Debit Card,Mobile,1288.08,0.0,0.5,0
4549,CUST_04550,2023-01-05,32,Female,Istanbul,True,2023,1,1,3,Thursday,January,False,2023-07-05,615.48,4,0.0,0.0,7.0,11.0,4.0,8.0,1,Home & Garden,Credit Card,Desktop,153.87,0.0,1.571,0
4550,CUST_04551,2023-01-02,51,Male,Antalya,True,2023,1,1,0,Monday,January,False,2023-07-02,267.24,2,71.9,0.2120068408326945,9.0,6.0,4.0,10.0,1,Beauty,Credit Card,Mobile,133.62,0.269046549917677,0.667,1
4551,CUST_04552,2023-02-25,45,Male,Ankara,True,2023,2,1,5,Saturday,February,True,2023-08-25,1241.48,3,113.68,0.08388677351751822,15.0,12.0,5.0,5.0,1,Sports,Debit Card,Mobile,413.82666666666665,0.09156812836292168,0.8,0
4552,CUST_04553,2023-06-25,45,Female,Izmir,False,2023,6,2,6,Sunday,June,True,2023-12-25,56.64,1,0.0,0.0,12.0,15.0,5.0,14.0,1,Toys,Debit Card,Desktop,56.64,0.0,1.25,0
4553,CUST_04554,2023-03-12,23,Male,Kayseri,False,2023,3,1,6,Sunday,March,True,2023-09-12,462.15,5,103.05,0.1823248407643312,23.0,7.0,3.0,8.0,1,Beauty,Credit Card,Desktop,92.42999999999999,0.22297955209347614,0.304,0
4554,CUST_04555,2023-03-03,34,Female,Istanbul,True,2023,3,1,4,Friday,March,False,2023-09-03,776.96,4,0.0,0.0,12.0,10.0,2.0,12.0,1,Fashion,Bank Transfer,Desktop,194.24,0.0,0.833,0
4555,CUST_04556,2023-02-09,31,Male,Izmir,True,2023,2,1,3,Thursday,February,False,2023-08-09,251.52,3,0.0,0.0,18.0,9.0,4.0,10.0,1,Food,Credit Card,Desktop,83.84,0.0,0.5,0
4556,CUST_04557,2023-08-05,22,Female,Konya,False,2023,8,3,5,Saturday,August,True,2024-02-05,72.42,2,0.0,0.0,16.0,10.0,5.0,4.0,1,Food,Credit Card,Desktop,36.21,0.0,0.625,0
4557,CUST_04558,2023-01-24,39,Male,Bursa,False,2023,1,1,1,Tuesday,January,False,2023-07-24,52.24,1,6.58,0.11186671200272016,18.0,9.0,2.0,4.0,1,Fashion,Bank Transfer,Mobile,52.24,0.12595712098009187,0.5,1
4558,CUST_04559,2023-03-09,28,Female,Ankara,False,2023,3,1,3,Thursday,March,False,2023-09-09,156.1,2,0.0,0.0,8.0,8.0,2.0,6.0,1,Books,Debit Card,Tablet,78.05,0.0,1.0,0
4559,CUST_04560,2023-09-02,42,Male,Ankara,True,2023,9,3,5,Saturday,September,True,2024-03-02,196.54,3,17.24,0.08064365235288612,17.0,11.0,5.0,5.0,1,Books,Credit Card,Desktop,65.51333333333334,0.08771751297445812,0.647,0
4560,CUST_04561,2023-02-06,22,Male,Antalya,False,2023,2,1,0,Monday,February,False,2023-08-06,64.1,1,0.0,0.0,27.0,10.0,4.0,5.0,1,Food,Credit Card,Mobile,64.1,0.0,0.37,0
4561,CUST_04562,2023-04-28,55,Male,Konya,False,2023,4,2,4,Friday,April,False,2023-10-28,980.69,1,0.0,0.0,7.0,7.0,5.0,3.0,1,Sports,Credit Card,Mobile,980.69,0.0,1.0,0
4562,CUST_04563,2023-02-09,24,Male,Istanbul,True,2023,2,1,3,Thursday,February,False,2023-08-09,728.68,4,0.0,0.0,16.0,7.0,4.0,8.0,1,Food,Debit Card,Desktop,182.17,0.0,0.437,1
4563,CUST_04564,2023-01-30,37,Male,Istanbul,False,2023,1,1,0,Monday,January,False,2023-07-30,45.97,1,0.0,0.0,8.0,8.0,2.0,7.0,1,Books,Digital Wallet,Desktop,45.97,0.0,1.0,0
4564,CUST_04565,2023-07-31,44,Female,Ankara,True,2023,7,3,0,Monday,July,False,2024-01-31,1527.52,4,0.0,0.0,12.0,2.0,5.0,9.0,1,Home & Garden,Credit Card,Mobile,381.88,0.0,0.167,1
4565,CUST_04566,2024-02-17,28,Female,Istanbul,True,2024,2,1,5,Saturday,February,True,2024-08-17,143.29,2,13.55,0.08639377709767916,22.0,7.0,5.0,4.0,1,Beauty,Bank Transfer,Mobile,71.645,0.09456347267778632,0.318,0
4566,CUST_04567,2023-02-22,45,Female,Ankara,True,2023,2,1,2,Wednesday,February,False,2023-08-22,66.16,1,14.64,0.1811881188118812,22.0,6.0,4.0,9.0,1,Food,Credit Card,Mobile,66.16,0.22128174123337366,0.273,1
4567,CUST_04568,2023-02-22,20,Female,Istanbul,True,2023,2,1,2,Wednesday,February,False,2023-08-22,68.62,1,0.0,0.0,5.0,12.0,2.0,6.0,1,Fashion,Debit Card,Mobile,68.62,0.0,2.4,0
4568,CUST_04569,2023-01-24,52,Female,Istanbul,False,2023,1,1,1,Tuesday,January,False,2023-07-24,1353.98,2,0.0,0.0,17.0,5.0,2.0,8.0,1,Home & Garden,Digital Wallet,Desktop,676.99,0.0,0.294,1
4569,CUST_04570,2023-01-05,35,Male,Istanbul,True,2023,1,1,3,Thursday,January,False,2023-07-05,9202.41,3,0.0,0.0,14.0,13.0,4.0,2.0,1,Electronics,Debit Card,Tablet,3067.47,0.0,0.929,0
4570,CUST_04571,2023-06-03,27,Male,Kayseri,False,2023,6,2,5,Saturday,June,True,2023-12-03,71.41,1,14.83,0.17196196660482377,9.0,6.0,4.0,2.0,1,Books,Digital Wallet,Mobile,71.41,0.2076739952387621,0.667,1
4571,CUST_04572,2023-03-12,31,Male,Istanbul,False,2023,3,1,6,Sunday,March,True,2023-09-12,45.06,1,3.61,0.0741730018491884,11.0,11.0,3.0,5.0,1,Food,Credit Card,Mobile,45.06,0.08011540168664003,1.0,0
4572,CUST_04573,2023-07-15,44,Female,Istanbul,False,2023,7,3,5,Saturday,July,True,2024-01-15,457.18,1,0.0,0.0,7.0,5.0,4.0,5.0,1,Beauty,Credit Card,Tablet,457.18,0.0,0.714,0
4573,CUST_04574,2023-03-27,27,Male,Istanbul,True,2023,3,1,0,Monday,March,False,2023-09-27,6533.2,2,0.0,0.0,17.0,9.0,3.0,7.0,1,Electronics,Digital Wallet,Mobile,3266.6,0.0,0.529,0
4574,CUST_04575,2023-01-14,26,Male,Kayseri,True,2023,1,1,5,Saturday,January,True,2023-07-14,352.29,5,74.86,0.17525459440477584,16.0,7.0,4.0,7.0,1,Books,Credit Card,Tablet,70.458,0.21249538732294415,0.437,1
4575,CUST_04576,2023-04-02,32,Female,Adana,True,2023,4,2,6,Sunday,April,True,2023-10-02,210.57,3,0.0,0.0,11.0,8.0,3.0,5.0,1,Beauty,Credit Card,Mobile,70.19,0.0,0.727,0
4576,CUST_04577,2023-04-19,20,Male,Gaziantep,False,2023,4,2,2,Wednesday,April,False,2023-10-19,1622.98,3,320.36,0.16485020634577585,16.0,10.0,4.0,17.0,1,Sports,Debit Card,Mobile,540.9933333333333,0.19738998632145807,0.625,0
4577,CUST_04578,2023-03-10,56,Female,Istanbul,False,2023,3,1,4,Friday,March,False,2023-09-10,480.38,2,0.0,0.0,2.0,9.0,1.0,3.0,1,Sports,Credit Card,Mobile,240.19,0.0,4.5,0
4578,CUST_04579,2023-06-07,28,Female,Gaziantep,False,2023,6,2,2,Wednesday,June,False,2023-12-07,102.36,4,0.0,0.0,15.0,10.0,2.0,7.0,1,Food,Credit Card,Desktop,25.59,0.0,0.667,0
4579,CUST_04580,2023-06-04,44,Male,Izmir,True,2023,6,2,6,Sunday,June,True,2023-12-04,1149.72,4,0.0,0.0,14.0,12.0,5.0,4.0,1,Sports,Credit Card,Desktop,287.43,0.0,0.857,1
4580,CUST_04581,2023-02-24,37,Male,Ankara,True,2023,2,1,4,Friday,February,False,2023-08-24,800.05,3,209.03,0.20714908629642842,15.0,10.0,5.0,6.0,1,Beauty,Debit Card,Mobile,266.68333333333334,0.2612711705518405,0.667,1
4581,CUST_04582,2023-02-05,23,Female,Bursa,False,2023,2,1,6,Sunday,February,True,2023-08-05,141.88,1,0.0,0.0,8.0,10.0,3.0,8.0,1,Food,Debit Card,Tablet,141.88,0.0,1.25,1
4582,CUST_04583,2023-01-26,34,Female,Gaziantep,True,2023,1,1,3,Thursday,January,False,2023-07-26,806.96,5,75.39,0.08544228480761602,10.0,10.0,4.0,7.0,1,Toys,Digital Wallet,Desktop,161.392,0.09342470506592644,1.0,0
4583,CUST_04584,2023-05-21,44,Male,Adana,True,2023,5,2,6,Sunday,May,True,2023-11-21,145.8,2,0.0,0.0,8.0,9.0,1.0,7.0,1,Beauty,Digital Wallet,Mobile,72.9,0.0,1.125,1
4584,CUST_04585,2023-01-05,32,Female,Konya,True,2023,1,1,3,Thursday,January,False,2023-07-05,203.1,2,0.0,0.0,3.0,6.0,3.0,6.0,1,Beauty,Debit Card,Mobile,101.55,0.0,2.0,0
4585,CUST_04586,2023-02-25,49,Female,Kayseri,False,2023,2,1,5,Saturday,February,True,2023-08-25,1104.32,4,0.0,0.0,15.0,9.0,5.0,6.0,1,Fashion,Digital Wallet,Desktop,276.08,0.0,0.6,1
4586,CUST_04587,2023-01-24,47,Male,Istanbul,False,2023,1,1,1,Tuesday,January,False,2023-07-24,12.83,1,2.94,0.186429930247305,18.0,11.0,4.0,7.0,1,Books,Debit Card,Desktop,12.83,0.22915042868277474,0.611,1
4587,CUST_04588,2023-01-11,46,Male,Izmir,True,2023,1,1,2,Wednesday,January,False,2023-07-11,1269.96,4,265.28,0.17279383028060757,13.0,8.0,3.0,12.0,1,Sports,Debit Card,Desktop,317.49,0.20888846892815519,0.615,1
4588,CUST_04589,2023-01-24,29,Female,Istanbul,True,2023,1,1,1,Tuesday,January,False,2023-07-24,126.51,3,0.0,0.0,15.0,11.0,4.0,6.0,1,Books,Credit Card,Mobile,42.17,0.0,0.733,0
4589,CUST_04590,2023-03-18,22,Male,Konya,False,2023,3,1,5,Saturday,March,True,2023-09-18,833.04,4,0.0,0.0,17.0,7.0,5.0,8.0,1,Sports,Digital Wallet,Desktop,208.26,0.0,0.412,0
4590,CUST_04591,2023-03-26,27,Female,Istanbul,True,2023,3,1,6,Sunday,March,True,2023-09-26,1081.98,2,0.0,0.0,16.0,10.0,5.0,7.0,1,Fashion,Credit Card,Mobile,540.99,0.0,0.625,1
4591,CUST_04592,2023-01-07,37,Male,Konya,True,2023,1,1,5,Saturday,January,True,2023-07-07,252.57,5,27.38,0.09780317913913199,13.0,10.0,4.0,7.0,1,Sports,Credit Card,Mobile,50.513999999999996,0.10840559052935819,0.769,1
4592,CUST_04593,2023-07-01,41,Female,Ankara,False,2023,7,3,5,Saturday,July,True,2024-01-01,488.62,1,0.0,0.0,16.0,8.0,1.0,7.0,1,Sports,Credit Card,Mobile,488.62,0.0,0.5,1
4593,CUST_04594,2023-01-11,18,Female,Ankara,True,2023,1,1,2,Wednesday,January,False,2023-07-11,106.44,2,0.0,0.0,15.0,7.0,2.0,6.0,1,Books,Credit Card,Mobile,53.22,0.0,0.467,1
4594,CUST_04595,2023-02-10,34,Female,Istanbul,False,2023,2,1,4,Friday,February,False,2023-08-10,3248.77,3,535.34,0.14147051750609788,11.0,11.0,4.0,7.0,1,Home & Garden,Credit Card,Mobile,1082.9233333333334,0.16478236378691014,1.0,1
4595,CUST_04596,2023-01-21,36,Male,Ankara,True,2023,1,1,5,Saturday,January,True,2023-07-21,288.38,4,63.82,0.1812038614423623,21.0,10.0,5.0,3.0,1,Books,Credit Card,Mobile,72.095,0.2213052222761634,0.476,0
4596,CUST_04597,2023-09-02,31,Male,Konya,False,2023,9,3,5,Saturday,September,True,2024-03-02,182.56,4,0.0,0.0,16.0,3.0,4.0,6.0,1,Food,Credit Card,Mobile,45.64,0.0,0.187,1
4597,CUST_04598,2023-03-15,50,Female,Istanbul,True,2023,3,1,2,Wednesday,March,False,2023-09-15,3647.37,2,750.35,0.17062250438863774,15.0,10.0,4.0,8.0,1,Electronics,Digital Wallet,Tablet,1823.685,0.20572357616584006,0.667,0
4598,CUST_04599,2023-07-06,40,Male,Izmir,False,2023,7,3,3,Thursday,July,False,2024-01-06,1256.09,1,0.0,0.0,9.0,7.0,5.0,3.0,1,Home & Garden,Credit Card,Mobile,1256.09,0.0,0.778,1
4599,CUST_04600,2024-01-27,50,Male,Istanbul,True,2024,1,1,5,Saturday,January,True,2024-07-27,176.0,4,0.0,0.0,14.0,9.0,5.0,9.0,1,Beauty,Debit Card,Mobile,44.0,0.0,0.643,0
4600,CUST_04601,2023-04-22,32,Female,Ankara,False,2023,4,2,5,Saturday,April,True,2023-10-22,3230.4,3,0.0,0.0,12.0,5.0,3.0,7.0,1,Home & Garden,Credit Card,Mobile,1076.8,0.0,0.417,1
4601,CUST_04602,2023-02-14,46,Male,Istanbul,True,2023,2,1,1,Tuesday,February,False,2023-08-14,1206.16,1,0.0,0.0,3.0,5.0,4.0,7.0,1,Sports,Debit Card,Mobile,1206.16,0.0,1.667,0
4602,CUST_04603,2023-01-30,54,Male,Ankara,False,2023,1,1,0,Monday,January,False,2023-07-30,225.22,1,0.0,0.0,10.0,10.0,3.0,7.0,1,Beauty,Credit Card,Mobile,225.22,0.0,1.0,1
4603,CUST_04604,2023-03-13,50,Male,Konya,True,2023,3,1,0,Monday,March,False,2023-09-13,108.97,1,0.0,0.0,25.0,10.0,4.0,1.0,1,Books,Debit Card,Mobile,108.97,0.0,0.4,0
4604,CUST_04605,2023-07-15,21,Female,Izmir,True,2023,7,3,5,Saturday,July,True,2024-01-15,107.1,5,0.0,0.0,15.0,8.0,5.0,9.0,1,Books,Debit Card,Desktop,21.419999999999998,0.0,0.533,0
4605,CUST_04606,2023-03-05,31,Female,Ankara,False,2023,3,1,6,Sunday,March,True,2023-09-05,133.66,1,0.0,0.0,1.0,10.0,4.0,14.0,1,Toys,Credit Card,Tablet,133.66,0.0,10.0,1
4606,CUST_04607,2023-02-22,30,Male,Bursa,True,2023,2,1,2,Wednesday,February,False,2023-08-22,696.84,1,0.0,0.0,17.0,8.0,5.0,6.0,1,Home & Garden,Credit Card,Desktop,696.84,0.0,0.471,0
4607,CUST_04608,2023-08-23,40,Male,Istanbul,False,2023,8,3,2,Wednesday,August,False,2024-02-23,42.66,1,0.0,0.0,13.0,10.0,5.0,4.0,1,Books,Credit Card,Tablet,42.66,0.0,0.769,1
4608,CUST_04609,2023-06-05,43,Male,Ankara,True,2023,6,2,0,Monday,June,False,2023-12-05,4840.86,3,0.0,0.0,12.0,8.0,5.0,2.0,1,Electronics,Digital Wallet,Desktop,1613.62,0.0,0.667,1
4609,CUST_04610,2023-06-29,24,Female,Bursa,True,2023,6,2,3,Thursday,June,False,2023-12-29,232.86,1,0.0,0.0,12.0,8.0,5.0,4.0,1,Fashion,Digital Wallet,Desktop,232.86,0.0,0.667,0
4610,CUST_04611,2023-05-23,35,Male,Istanbul,True,2023,5,2,1,Tuesday,May,False,2023-11-23,529.85,5,0.0,0.0,13.0,5.0,4.0,11.0,1,Toys,Debit Card,Mobile,105.97,0.0,0.385,1
4611,CUST_04612,2023-04-01,18,Female,Antalya,True,2023,4,2,5,Saturday,April,True,2023-10-01,113.34,1,18.22,0.13849194283976893,10.0,7.0,4.0,3.0,1,Books,Debit Card,Mobile,113.34,0.16075524969119462,0.7,1
4612,CUST_04613,2023-01-13,52,Male,Izmir,True,2023,1,1,4,Friday,January,False,2023-07-13,38.32,2,0.0,0.0,15.0,8.0,2.0,6.0,1,Food,Debit Card,Mobile,19.16,0.0,0.533,0
4613,CUST_04614,2023-02-21,28,Other,Adana,True,2023,2,1,1,Tuesday,February,False,2023-08-21,173.95,2,42.87,0.19772161239738031,14.0,10.0,4.0,9.0,1,Sports,Bank Transfer,Mobile,86.975,0.24645012934751365,0.714,1
4614,CUST_04615,2023-02-04,35,Male,Kayseri,True,2023,2,1,5,Saturday,February,True,2023-08-04,734.5,4,137.86,0.15803108808290156,15.0,11.0,5.0,4.0,1,Fashion,Cash on Delivery,Mobile,183.625,0.1876923076923077,0.733,0
4615,CUST_04616,2023-02-05,31,Female,Istanbul,True,2023,2,1,6,Sunday,February,True,2023-08-05,45.08,1,0.0,0.0,11.0,10.0,4.0,4.0,1,Beauty,Bank Transfer,Desktop,45.08,0.0,0.909,1
4616,CUST_04617,2023-09-26,48,Male,Ankara,True,2023,9,3,1,Tuesday,September,False,2024-03-26,358.83,3,0.0,0.0,18.0,7.0,5.0,5.0,1,Fashion,Credit Card,Mobile,119.61,0.0,0.389,1
4617,CUST_04618,2023-02-13,18,Male,Ankara,False,2023,2,1,0,Monday,February,False,2023-08-13,2022.53,3,106.72,0.05012093460138546,15.0,16.0,4.0,6.0,1,Sports,Credit Card,Mobile,674.1766666666666,0.05276559556594958,1.067,0
4618,CUST_04619,2023-01-16,34,Female,Istanbul,False,2023,1,1,0,Monday,January,False,2023-07-16,366.28,2,0.0,0.0,12.0,8.0,3.0,4.0,1,Toys,Credit Card,Mobile,183.14,0.0,0.667,1
4619,CUST_04620,2023-04-02,33,Female,Gaziantep,False,2023,4,2,6,Sunday,April,True,2023-10-02,92.03,4,24.85,0.21261122518822725,18.0,11.0,4.0,3.0,1,Beauty,Bank Transfer,Mobile,23.0075,0.2700206454417038,0.611,0
4620,CUST_04621,2023-02-23,29,Male,Adana,False,2023,2,1,3,Thursday,February,False,2023-08-23,2338.45,1,0.0,0.0,11.0,10.0,4.0,12.0,1,Electronics,Digital Wallet,Mobile,2338.45,0.0,0.909,0
4621,CUST_04622,2023-04-08,55,Female,Izmir,False,2023,4,2,5,Saturday,April,True,2023-10-08,74.68,1,0.0,0.0,10.0,9.0,5.0,3.0,1,Toys,Credit Card,Mobile,74.68,0.0,0.9,0
4622,CUST_04623,2023-03-07,24,Female,Bursa,False,2023,3,1,1,Tuesday,March,False,2023-09-07,5537.07,4,877.49,0.13679660023446658,12.0,11.0,5.0,5.0,1,Electronics,Credit Card,Mobile,1384.2675,0.1584755114166879,0.917,0
4623,CUST_04624,2023-05-21,44,Female,Istanbul,False,2023,5,2,6,Sunday,May,True,2023-11-21,1210.05,5,236.8,0.16366589487507346,18.0,11.0,3.0,5.0,1,Toys,Bank Transfer,Desktop,242.01,0.19569439279368622,0.611,1
4624,CUST_04625,2023-05-24,39,Male,Bursa,True,2023,5,2,2,Wednesday,May,False,2023-11-24,642.67,4,41.21,0.060259109785342456,15.0,7.0,5.0,4.0,1,Fashion,Bank Transfer,Desktop,160.6675,0.06412311139465045,0.467,1
4625,CUST_04626,2023-04-10,50,Female,Gaziantep,True,2023,4,2,0,Monday,April,False,2023-10-10,33.14,1,0.0,0.0,12.0,9.0,4.0,2.0,1,Books,Credit Card,Desktop,33.14,0.0,0.75,0
4626,CUST_04627,2023-05-04,26,Female,Bursa,True,2023,5,2,3,Thursday,May,False,2023-11-04,993.94,3,104.0,0.09472284459988706,15.0,10.0,3.0,9.0,1,Fashion,Digital Wallet,Desktop,331.31333333333333,0.10463408254019357,0.667,1
4627,CUST_04628,2023-01-08,26,Male,Ankara,False,2023,1,1,6,Sunday,January,True,2023-07-08,1802.8,5,0.0,0.0,16.0,8.0,4.0,2.0,1,Sports,Credit Card,Mobile,360.56,0.0,0.5,0
4628,CUST_04629,2023-01-07,48,Female,Antalya,True,2023,1,1,5,Saturday,January,True,2023-07-07,188.78,1,0.0,0.0,19.0,7.0,3.0,7.0,1,Books,Debit Card,Mobile,188.78,0.0,0.368,0
4629,CUST_04630,2024-02-20,40,Male,Ankara,False,2024,2,1,1,Tuesday,February,False,2024-08-20,993.21,3,0.0,0.0,16.0,10.0,5.0,4.0,1,Toys,Credit Card,Mobile,331.07,0.0,0.625,0
4630,CUST_04631,2023-01-30,18,Male,Bursa,True,2023,1,1,0,Monday,January,False,2023-07-30,262.8,3,0.0,0.0,14.0,11.0,4.0,4.0,1,Beauty,Digital Wallet,Mobile,87.60000000000001,0.0,0.786,0
4631,CUST_04632,2023-09-27,28,Female,Izmir,True,2023,9,3,2,Wednesday,September,False,2024-03-27,259.88,2,0.0,0.0,14.0,12.0,4.0,3.0,1,Food,Credit Card,Mobile,129.94,0.0,0.857,1
4632,CUST_04633,2023-06-04,39,Female,Ankara,False,2023,6,2,6,Sunday,June,True,2023-12-04,50.15,1,0.0,0.0,19.0,9.0,2.0,25.0,1,Books,Debit Card,Mobile,50.15,0.0,0.474,1
4633,CUST_04634,2023-02-25,45,Male,Adana,False,2023,2,1,5,Saturday,February,True,2023-08-25,320.65,5,0.0,0.0,20.0,7.0,5.0,2.0,1,Food,Bank Transfer,Mobile,64.13,0.0,0.35,1
4634,CUST_04635,2023-02-05,26,Male,Konya,False,2023,2,1,6,Sunday,February,True,2023-08-05,711.58,2,0.0,0.0,14.0,10.0,3.0,15.0,1,Electronics,Bank Transfer,Mobile,355.79,0.0,0.714,0
4635,CUST_04636,2023-08-10,18,Female,Istanbul,False,2023,8,3,3,Thursday,August,False,2024-02-10,383.67,3,0.0,0.0,10.0,7.0,4.0,7.0,1,Beauty,Credit Card,Mobile,127.89,0.0,0.7,0
4636,CUST_04637,2023-09-18,41,Male,Kayseri,True,2023,9,3,0,Monday,September,False,2024-03-18,693.74,2,0.0,0.0,11.0,12.0,3.0,7.0,1,Toys,Bank Transfer,Mobile,346.87,0.0,1.091,0
4637,CUST_04638,2023-04-07,20,Female,Izmir,False,2023,4,2,4,Friday,April,False,2023-10-07,40.32,1,0.0,0.0,15.0,4.0,2.0,6.0,1,Books,Debit Card,Mobile,40.32,0.0,0.267,0
4638,CUST_04639,2023-02-18,18,Female,Adana,False,2023,2,1,5,Saturday,February,True,2023-08-18,43.73,1,4.08,0.08533779544028446,13.0,6.0,5.0,6.0,1,Toys,Credit Card,Mobile,43.73,0.09329979419163047,0.462,1
4639,CUST_04640,2023-02-03,18,Male,Konya,False,2023,2,1,4,Friday,February,False,2023-08-03,16.95,1,0.0,0.0,15.0,10.0,4.0,4.0,1,Food,Digital Wallet,Desktop,16.95,0.0,0.667,1
4640,CUST_04641,2023-01-06,44,Female,Izmir,False,2023,1,1,4,Friday,January,False,2023-07-06,861.7,5,0.0,0.0,9.0,13.0,4.0,4.0,1,Beauty,Digital Wallet,Desktop,172.34,0.0,1.444,1
4641,CUST_04642,2023-01-04,36,Female,Gaziantep,False,2023,1,1,2,Wednesday,January,False,2023-07-04,829.52,4,0.0,0.0,5.0,10.0,4.0,5.0,1,Toys,Bank Transfer,Desktop,207.38,0.0,2.0,0
4642,CUST_04643,2023-01-28,32,Male,Istanbul,True,2023,1,1,5,Saturday,January,True,2023-07-28,49.97,1,6.23,0.11085409252669039,4.0,9.0,3.0,8.0,1,Books,Bank Transfer,Tablet,49.97,0.12467480488292977,2.25,1
4643,CUST_04644,2023-08-26,51,Female,Istanbul,True,2023,8,3,5,Saturday,August,True,2024-02-26,592.85,5,0.0,0.0,12.0,8.0,5.0,13.0,1,Beauty,Bank Transfer,Mobile,118.57000000000001,0.0,0.667,0
4644,CUST_04645,2023-05-04,42,Female,Antalya,True,2023,5,2,3,Thursday,May,False,2023-11-04,585.98,1,0.0,0.0,18.0,10.0,1.0,11.0,1,Toys,Digital Wallet,Desktop,585.98,0.0,0.556,0
4645,CUST_04646,2023-03-27,54,Female,Konya,True,2023,3,1,0,Monday,March,False,2023-09-27,294.4,4,0.0,0.0,13.0,10.0,5.0,7.0,1,Toys,Credit Card,Tablet,73.6,0.0,0.769,0
4646,CUST_04647,2023-01-30,18,Female,Konya,False,2023,1,1,0,Monday,January,False,2023-07-30,372.33,3,0.0,0.0,12.0,9.0,5.0,6.0,1,Beauty,Credit Card,Mobile,124.11,0.0,0.75,1
4647,CUST_04648,2023-02-20,34,Male,Antalya,False,2023,2,1,0,Monday,February,False,2023-08-20,499.49,2,57.45,0.10315294286637698,14.0,6.0,5.0,5.0,1,Fashion,Debit Card,Desktop,249.745,0.11501731766401731,0.429,1
4648,CUST_04649,2023-02-27,18,Male,Bursa,False,2023,2,1,0,Monday,February,False,2023-08-27,87.97,1,17.29,0.1642599277978339,12.0,6.0,5.0,2.0,1,Food,Bank Transfer,Desktop,87.97,0.19654427645788336,0.5,0
4649,CUST_04650,2023-04-04,32,Male,Ankara,False,2023,4,2,1,Tuesday,April,False,2023-10-04,2322.71,2,301.27,0.11481413730287578,14.0,10.0,5.0,8.0,1,Electronics,Credit Card,Mobile,1161.355,0.12970624830478192,0.714,0
4650,CUST_04651,2023-03-15,32,Male,Eskisehir,True,2023,3,1,2,Wednesday,March,False,2023-09-15,1940.73,3,0.0,0.0,17.0,12.0,1.0,5.0,1,Fashion,Credit Card,Desktop,646.91,0.0,0.706,0
4651,CUST_04652,2023-05-02,42,Male,Ankara,False,2023,5,2,1,Tuesday,May,False,2023-11-02,2623.0,4,0.0,0.0,13.0,11.0,4.0,6.0,1,Electronics,Credit Card,Desktop,655.75,0.0,0.846,0
4652,CUST_04653,2023-04-09,35,Female,Adana,True,2023,4,2,6,Sunday,April,True,2023-10-09,138.78,2,0.0,0.0,8.0,9.0,5.0,8.0,1,Beauty,Credit Card,Mobile,69.39,0.0,1.125,1
4653,CUST_04654,2023-02-06,42,Female,Bursa,True,2023,2,1,0,Monday,February,False,2023-08-06,508.64,2,0.0,0.0,6.0,7.0,5.0,4.0,1,Fashion,Credit Card,Desktop,254.32,0.0,1.167,0
4654,CUST_04655,2023-01-01,43,Female,Bursa,True,2023,1,1,6,Sunday,January,True,2023-07-01,632.78,1,61.5,0.08858097597511091,6.0,10.0,5.0,9.0,1,Fashion,Cash on Delivery,Desktop,632.78,0.09719017668067892,1.667,1
4655,CUST_04656,2023-01-07,60,Female,Ankara,False,2023,1,1,5,Saturday,January,True,2023-07-07,1248.37,2,100.41,0.07444505404884413,12.0,10.0,3.0,11.0,1,Electronics,Digital Wallet,Mobile,624.185,0.08043288448136371,0.833,0
4656,CUST_04657,2023-02-25,31,Female,Eskisehir,False,2023,2,1,5,Saturday,February,True,2023-08-25,328.68,3,0.0,0.0,12.0,9.0,2.0,7.0,1,Toys,Digital Wallet,Desktop,109.56,0.0,0.75,1
4657,CUST_04658,2023-01-17,23,Female,Bursa,False,2023,1,1,1,Tuesday,January,False,2023-07-17,501.12,4,0.0,0.0,15.0,12.0,5.0,12.0,1,Toys,Debit Card,Mobile,125.28,0.0,0.8,1
4658,CUST_04659,2023-03-09,37,Female,Kayseri,False,2023,3,1,3,Thursday,March,False,2023-09-09,44.33,2,5.65,0.1130452180872349,28.0,9.0,4.0,4.0,1,Food,Credit Card,Mobile,22.165,0.127453191969321,0.321,0
4659,CUST_04660,2023-07-18,25,Male,Istanbul,False,2023,7,3,1,Tuesday,July,False,2024-01-18,2684.22,1,0.0,0.0,13.0,11.0,2.0,8.0,1,Electronics,Credit Card,Mobile,2684.22,0.0,0.846,0
4660,CUST_04661,2023-08-16,52,Female,Bursa,False,2023,8,3,2,Wednesday,August,False,2024-02-16,3909.29,5,703.06,0.1524298893188938,15.0,9.0,2.0,7.0,1,Home & Garden,Credit Card,Mobile,781.858,0.1798433986734164,0.6,1
4661,CUST_04662,2023-08-10,31,Female,Adana,True,2023,8,3,3,Thursday,August,False,2024-02-10,3520.5,5,0.0,0.0,14.0,10.0,3.0,11.0,1,Fashion,Digital Wallet,Desktop,704.1,0.0,0.714,1
4662,CUST_04663,2023-09-10,28,Male,Adana,False,2023,9,3,6,Sunday,September,True,2024-03-10,655.55,5,0.0,0.0,15.0,14.0,1.0,5.0,1,Toys,Digital Wallet,Mobile,131.10999999999999,0.0,0.933,1
4663,CUST_04664,2023-07-02,29,Female,Konya,True,2023,7,3,6,Sunday,July,True,2024-01-02,547.07,1,0.0,0.0,15.0,10.0,4.0,8.0,1,Electronics,Debit Card,Mobile,547.07,0.0,0.667,0
4664,CUST_04665,2023-01-11,43,Female,Istanbul,True,2023,1,1,2,Wednesday,January,False,2023-07-11,1232.43,4,80.25,0.06113447298656184,11.0,11.0,3.0,13.0,1,Toys,Bank Transfer,Mobile,308.1075,0.06511526009590808,1.0,1
4665,CUST_04666,2023-04-26,33,Male,Istanbul,True,2023,4,2,2,Wednesday,April,False,2023-10-26,229.45,1,0.0,0.0,17.0,8.0,4.0,7.0,1,Home & Garden,Digital Wallet,Desktop,229.45,0.0,0.471,1
4666,CUST_04667,2023-01-05,27,Female,Izmir,True,2023,1,1,3,Thursday,January,False,2023-07-05,612.8,5,36.32,0.08078291814946618,14.5,9.0,4.0,6.0,2,Fashion,Bank Transfer,Desktop,122.55999999999999,0.059268929503916455,0.621,1
4667,CUST_04668,2023-03-30,54,Male,Istanbul,True,2023,3,1,3,Thursday,March,False,2023-09-30,173.8,1,60.58,0.25846915265807663,12.0,9.0,2.0,3.0,1,Beauty,Cash on Delivery,Mobile,173.8,0.3485615650172612,0.75,1
4668,CUST_04669,2023-03-22,24,Male,Eskisehir,True,2023,3,1,2,Wednesday,March,False,2023-09-22,3363.7,3,480.71,0.1250412937225738,16.0,7.0,4.0,9.0,1,Home & Garden,Digital Wallet,Mobile,1121.2333333333333,0.1429110800606475,0.437,1
4669,CUST_04670,2023-03-17,35,Female,Istanbul,False,2023,3,1,4,Friday,March,False,2023-09-17,254.64,2,0.0,0.0,20.0,8.0,5.0,5.0,1,Toys,Digital Wallet,Mobile,127.32,0.0,0.4,0
4670,CUST_04671,2023-03-05,42,Female,Izmir,True,2023,3,1,6,Sunday,March,True,2023-09-05,269.59,4,61.53,0.1858238705001208,15.0,7.0,5.0,5.0,1,Toys,Cash on Delivery,Mobile,67.3975,0.22823546867465414,0.467,1
4671,CUST_04672,2023-02-07,18,Female,Istanbul,False,2023,2,1,1,Tuesday,February,False,2023-08-07,438.52,5,8.03,0.017982308812003134,9.0,7.0,4.0,13.0,1,Food,Credit Card,Desktop,87.704,0.01831159354191371,0.778,1
4672,CUST_04673,2023-01-09,40,Female,Bursa,False,2023,1,1,0,Monday,January,False,2023-07-09,1428.69,3,0.0,0.0,33.0,10.0,5.0,6.0,1,Sports,Credit Card,Desktop,476.23,0.0,0.303,1
4673,CUST_04674,2023-08-01,22,Male,Ankara,False,2023,8,3,1,Tuesday,August,False,2024-02-01,185.53,1,19.61,0.09559325338793019,13.0,9.0,5.0,8.0,1,Beauty,Bank Transfer,Mobile,185.53,0.10569719182881475,0.692,1
4674,CUST_04675,2023-02-02,44,Female,Istanbul,False,2023,2,1,3,Thursday,February,False,2023-08-02,130.74,3,0.0,0.0,15.0,11.0,4.0,3.0,1,Beauty,Digital Wallet,Mobile,43.580000000000005,0.0,0.733,1
4675,CUST_04676,2023-01-08,23,Female,Ankara,True,2023,1,1,6,Sunday,January,True,2023-07-08,223.53,3,0.0,0.0,25.0,14.0,4.0,5.0,1,Beauty,Cash on Delivery,Desktop,74.51,0.0,0.56,0
4676,CUST_04677,2023-05-15,43,Female,Ankara,False,2023,5,2,0,Monday,May,False,2023-11-15,4844.1,3,423.06,0.080320324425307,4.0,14.0,4.0,5.0,1,Electronics,Credit Card,Mobile,1614.7,0.08733510868892054,3.5,1
4677,CUST_04678,2023-01-11,48,Male,Eskisehir,True,2023,1,1,2,Wednesday,January,False,2023-07-11,1079.64,3,0.0,0.0,17.0,12.0,3.0,11.0,1,Electronics,Credit Card,Mobile,359.88000000000005,0.0,0.706,0
4678,CUST_04679,2023-01-21,45,Female,Istanbul,True,2023,1,1,5,Saturday,January,True,2023-07-21,105.42,1,25.02,0.19181232750689972,13.0,12.0,4.0,6.0,1,Beauty,Credit Card,Mobile,105.42,0.23733636881047238,0.923,0
4679,CUST_04680,2023-01-31,38,Female,Bursa,True,2023,1,1,1,Tuesday,January,False,2023-07-31,1178.42,2,0.0,0.0,12.0,6.0,5.0,7.0,1,Home & Garden,Debit Card,Mobile,589.21,0.0,0.5,1
4680,CUST_04681,2023-02-28,32,Female,Eskisehir,False,2023,2,1,1,Tuesday,February,False,2023-08-28,163.34,5,27.66,0.14481675392670157,13.0,11.0,4.0,2.0,1,Beauty,Digital Wallet,Desktop,32.668,0.169340026937676,0.846,1
4681,CUST_04682,2023-02-14,28,Female,Gaziantep,True,2023,2,1,1,Tuesday,February,False,2023-08-14,78.6,1,0.0,0.0,13.0,8.0,4.0,8.0,1,Food,Credit Card,Mobile,78.6,0.0,0.615,1
4682,CUST_04683,2023-05-07,52,Male,Eskisehir,True,2023,5,2,6,Sunday,May,True,2023-11-07,1787.0,3,122.65,0.0642264289267667,15.0,6.0,5.0,5.0,1,Sports,Credit Card,Mobile,595.6666666666666,0.06863458310016789,0.4,1
4683,CUST_04684,2023-05-27,26,Female,Eskisehir,True,2023,5,2,5,Saturday,May,True,2023-11-27,466.49,1,0.0,0.0,4.0,8.0,4.0,3.0,1,Home & Garden,Credit Card,Mobile,466.49,0.0,2.0,0
4684,CUST_04685,2023-05-19,22,Female,Izmir,True,2023,5,2,4,Friday,May,False,2023-11-19,4251.21,3,0.0,0.0,18.0,12.0,5.0,4.0,1,Electronics,Digital Wallet,Tablet,1417.07,0.0,0.667,1
4685,CUST_04686,2023-01-29,42,Male,Antalya,False,2023,1,1,6,Sunday,January,True,2023-07-29,79.66,2,7.16,0.08246947707901406,17.0,5.0,3.0,9.0,1,Books,Debit Card,Tablet,39.83,0.08988199849359779,0.294,0
4686,CUST_04687,2023-07-01,25,Female,Istanbul,True,2023,7,3,5,Saturday,July,True,2024-01-01,1375.83,5,339.42,0.19788369042413642,10.0,6.0,4.0,12.0,1,Fashion,Debit Card,Desktop,275.166,0.24670199079828178,0.6,1
4687,CUST_04688,2023-05-02,23,Female,Izmir,True,2023,5,2,1,Tuesday,May,False,2023-11-02,691.44,2,0.0,0.0,18.0,8.0,4.0,4.0,1,Toys,Digital Wallet,Desktop,345.72,0.0,0.444,1
4688,CUST_04689,2023-02-28,18,Male,Gaziantep,True,2023,2,1,1,Tuesday,February,False,2023-08-28,811.73,3,216.1,0.21024877654865104,15.0,8.0,4.0,9.0,1,Fashion,Credit Card,Mobile,270.57666666666665,0.2662215268623803,0.533,1
4689,CUST_04690,2023-01-01,29,Female,Izmir,True,2023,1,1,6,Sunday,January,True,2023-07-01,1669.6,2,0.0,0.0,14.0,11.0,5.0,6.0,1,Electronics,Cash on Delivery,Mobile,834.8,0.0,0.786,1
4690,CUST_04691,2023-01-17,34,Male,Adana,True,2023,1,1,1,Tuesday,January,False,2023-07-17,491.34,3,0.0,0.0,15.0,9.0,5.0,6.0,1,Fashion,Credit Card,Mobile,163.78,0.0,0.6,0
4691,CUST_04692,2023-02-24,37,Male,Adana,True,2023,2,1,4,Friday,February,False,2023-08-24,1358.92,4,0.0,0.0,16.0,8.0,4.0,3.0,1,Electronics,Debit Card,Mobile,339.73,0.0,0.5,1
4692,CUST_04693,2023-01-14,46,Female,Ankara,True,2023,1,1,5,Saturday,January,True,2023-07-14,1838.82,3,0.0,0.0,14.0,7.0,2.0,6.0,1,Sports,Credit Card,Desktop,612.9399999999999,0.0,0.5,0
4693,CUST_04694,2023-04-23,41,Male,Konya,False,2023,4,2,6,Sunday,April,True,2023-10-23,502.89,3,0.0,0.0,11.0,8.0,3.0,5.0,1,Fashion,Debit Card,Desktop,167.63,0.0,0.727,0
4694,CUST_04695,2023-01-26,32,Male,Izmir,True,2023,1,1,3,Thursday,January,False,2023-07-26,449.8,5,0.0,0.0,13.0,10.0,4.0,6.0,1,Sports,Credit Card,Mobile,89.96000000000001,0.0,0.769,1
4695,CUST_04696,2023-01-10,32,Male,Istanbul,True,2023,1,1,1,Tuesday,January,False,2023-07-10,84.45,3,0.0,0.0,14.0,9.0,5.0,2.0,1,Food,Bank Transfer,Desktop,28.150000000000002,0.0,0.643,0
4696,CUST_04697,2023-06-16,41,Male,Konya,True,2023,6,2,4,Friday,June,False,2023-12-16,90.58,1,0.0,0.0,14.0,9.0,3.0,3.0,1,Fashion,Debit Card,Desktop,90.58,0.0,0.643,1
4697,CUST_04698,2023-03-20,50,Female,Izmir,False,2023,3,1,0,Monday,March,False,2023-09-20,764.06,2,0.0,0.0,13.0,7.0,2.0,6.0,1,Home & Garden,Cash on Delivery,Mobile,382.03,0.0,0.538,0
4698,CUST_04699,2023-05-23,36,Female,Adana,True,2023,5,2,1,Tuesday,May,False,2023-11-23,480.22,1,111.31,0.1881730427873481,31.0,7.0,5.0,5.0,1,Home & Garden,Debit Card,Mobile,480.22,0.2317895964349673,0.226,1
4699,CUST_04700,2023-02-12,29,Female,Bursa,True,2023,2,1,6,Sunday,February,True,2023-08-12,19.84,1,0.0,0.0,8.0,11.0,5.0,5.0,1,Books,Credit Card,Desktop,19.84,0.0,1.375,0
4700,CUST_04701,2023-01-17,23,Female,Ankara,True,2023,1,1,1,Tuesday,January,False,2023-07-17,578.92,5,38.18,0.061870037271106786,11.0,11.0,4.0,4.0,1,Food,Credit Card,Mobile,115.78399999999999,0.06595039038209079,1.0,1
4701,CUST_04702,2023-01-26,18,Male,Gaziantep,True,2023,1,1,3,Thursday,January,False,2023-07-26,24.5,1,6.7,0.21474358974358976,15.0,9.0,1.0,6.0,1,Books,Credit Card,Mobile,24.5,0.27346938775510204,0.6,1
4702,CUST_04703,2023-05-21,42,Female,Bursa,False,2023,5,2,6,Sunday,May,True,2023-11-21,23325.5,5,0.0,0.0,22.0,12.0,3.0,7.0,1,Electronics,Credit Card,Desktop,4665.1,0.0,0.545,0
4703,CUST_04704,2023-04-15,41,Female,Ankara,True,2023,4,2,5,Saturday,April,True,2023-10-15,322.6,2,0.0,0.0,8.0,10.0,5.0,3.0,1,Toys,Digital Wallet,Mobile,161.3,0.0,1.25,1
4704,CUST_04705,2023-01-20,41,Female,Istanbul,False,2023,1,1,4,Friday,January,False,2023-07-20,3228.15,5,0.0,0.0,13.0,11.0,5.0,4.0,1,Home & Garden,Credit Card,Mobile,645.63,0.0,0.846,0
4705,CUST_04706,2023-03-02,33,Female,Konya,True,2023,3,1,3,Thursday,March,False,2023-09-02,1982.84,4,0.0,0.0,13.0,6.0,5.0,15.0,1,Home & Garden,Debit Card,Mobile,495.71,0.0,0.462,1
4706,CUST_04707,2023-01-29,51,Female,Istanbul,True,2023,1,1,6,Sunday,January,True,2023-07-29,151.26,2,0.0,0.0,11.0,13.0,5.0,7.0,1,Fashion,Cash on Delivery,Desktop,75.63,0.0,1.182,0
4707,CUST_04708,2023-02-09,29,Female,Konya,True,2023,2,1,3,Thursday,February,False,2023-08-09,270.7,4,30.62,0.10161954068764105,17.0,8.0,5.0,7.0,1,Fashion,Bank Transfer,Mobile,67.675,0.11311414850387884,0.471,1
4708,CUST_04709,2023-02-24,46,Male,Ankara,False,2023,2,1,4,Friday,February,False,2023-08-24,545.89,1,0.0,0.0,17.0,11.0,1.0,7.0,1,Sports,Credit Card,Mobile,545.89,0.0,0.647,1
4709,CUST_04710,2023-01-25,34,Female,Antalya,False,2023,1,1,2,Wednesday,January,False,2023-07-25,4678.09,5,249.26,0.05058702953920464,12.0,7.0,4.0,2.0,1,Home & Garden,Debit Card,Desktop,935.618,0.053282429367541025,0.583,1
4710,CUST_04711,2023-01-04,27,Male,Kayseri,False,2023,1,1,2,Wednesday,January,False,2023-07-04,216.23,5,40.42,0.15749074615234757,17.0,11.0,4.0,12.0,1,Books,Credit Card,Mobile,43.245999999999995,0.1869305831753226,0.647,0
4711,CUST_04712,2023-02-17,42,Male,Istanbul,False,2023,2,1,4,Friday,February,False,2023-08-17,427.02,3,0.0,0.0,11.0,10.0,3.0,6.0,1,Toys,Credit Card,Mobile,142.34,0.0,0.909,1
4712,CUST_04713,2023-05-13,39,Male,Bursa,True,2023,5,2,5,Saturday,May,True,2023-11-13,786.76,3,154.76,0.16437250403602685,14.0,8.0,4.0,7.0,1,Sports,Digital Wallet,Tablet,262.25333333333333,0.19670547562153642,0.571,0
4713,CUST_04714,2023-11-24,39,Male,Adana,False,2023,11,4,4,Friday,November,False,2024-05-24,1035.7,5,0.0,0.0,12.0,8.0,4.0,7.0,1,Fashion,Credit Card,Mobile,207.14000000000001,0.0,0.667,1
4714,CUST_04715,2023-08-11,35,Male,Adana,True,2023,8,3,4,Friday,August,False,2024-02-11,1980.71,4,387.25,0.16353739083430463,10.0,6.0,5.0,7.0,1,Home & Garden,Debit Card,Mobile,495.1775,0.19551070070833185,0.6,1
4715,CUST_04716,2023-06-11,34,Male,Bursa,True,2023,6,2,6,Sunday,June,True,2023-12-11,48.14,3,10.0,0.1719986240110079,15.0,10.0,5.0,8.0,1,Books,Cash on Delivery,Desktop,16.046666666666667,0.2077274615704196,0.667,1
4716,CUST_04717,2023-01-20,63,Female,Antalya,True,2023,1,1,4,Friday,January,False,2023-07-20,603.7,5,0.0,0.0,13.0,12.0,5.0,12.0,1,Food,Debit Card,Mobile,120.74000000000001,0.0,0.923,1
4717,CUST_04718,2023-01-06,49,Female,Adana,True,2023,1,1,4,Friday,January,False,2023-07-06,931.8,5,0.0,0.0,18.0,10.0,4.0,3.0,1,Toys,Credit Card,Desktop,186.35999999999999,0.0,0.556,0
4718,CUST_04719,2023-03-23,43,Other,Gaziantep,False,2023,3,1,3,Thursday,March,False,2023-09-23,4645.2,4,0.0,0.0,12.0,11.0,2.0,7.0,1,Home & Garden,Digital Wallet,Mobile,1161.3,0.0,0.917,1
4719,CUST_04720,2023-05-26,36,Male,Adana,False,2023,5,2,4,Friday,May,False,2023-11-26,259.68,4,0.0,0.0,17.0,12.0,4.0,5.0,1,Food,Credit Card,Tablet,64.92,0.0,0.706,1
4720,CUST_04721,2023-01-19,47,Female,Ankara,True,2023,1,1,3,Thursday,January,False,2023-07-19,893.92,2,0.0,0.0,16.0,9.0,2.0,5.0,1,Fashion,Credit Card,Mobile,446.96,0.0,0.562,1
4721,CUST_04722,2023-02-05,41,Female,Eskisehir,False,2023,2,1,6,Sunday,February,True,2023-08-05,410.1,5,0.0,0.0,15.0,8.0,2.0,4.0,1,Books,Debit Card,Desktop,82.02000000000001,0.0,0.533,0
4722,CUST_04723,2023-04-11,35,Male,Izmir,False,2023,4,2,1,Tuesday,April,False,2023-10-11,634.39,2,142.67,0.1836022958330116,14.0,9.0,3.0,6.0,1,Sports,Digital Wallet,Mobile,317.195,0.22489320449565722,0.643,1
4723,CUST_04724,2023-01-14,31,Female,Istanbul,True,2023,1,1,5,Saturday,January,True,2023-07-14,1702.75,3,188.48,0.0996600096233668,7.0,8.0,4.0,8.0,1,Home & Garden,Bank Transfer,Mobile,567.5833333333334,0.11069152840992512,1.143,1
4724,CUST_04725,2023-01-23,34,Female,Ankara,True,2023,1,1,0,Monday,January,False,2023-07-23,101.13,3,9.39,0.08496199782844734,12.0,8.0,1.0,6.0,1,Food,Credit Card,Mobile,33.71,0.09285078611687927,0.667,1
4725,CUST_04726,2023-02-14,18,Male,Istanbul,True,2023,2,1,1,Tuesday,February,False,2023-08-14,1069.12,4,0.0,0.0,17.0,8.0,3.0,9.0,1,Home & Garden,Credit Card,Mobile,267.28,0.0,0.471,0
4726,CUST_04727,2023-08-11,37,Female,Istanbul,True,2023,8,3,4,Friday,August,False,2024-02-11,902.56,2,0.0,0.0,15.0,8.0,5.0,3.0,1,Fashion,Credit Card,Desktop,451.28,0.0,0.533,0
4727,CUST_04728,2023-03-01,29,Female,Ankara,False,2023,3,1,2,Wednesday,March,False,2023-09-01,4197.9,2,0.0,0.0,29.0,5.0,3.0,11.0,1,Electronics,Cash on Delivery,Mobile,2098.95,0.0,0.172,0
4728,CUST_04729,2023-08-21,54,Male,Istanbul,False,2023,8,3,0,Monday,August,False,2024-02-21,1579.05,3,0.0,0.0,20.0,12.0,2.0,6.0,1,Electronics,Bank Transfer,Desktop,526.35,0.0,0.6,0
4729,CUST_04730,2023-03-10,35,Male,Antalya,True,2023,3,1,4,Friday,March,False,2023-09-10,1091.48,4,0.0,0.0,12.0,13.0,4.0,5.0,1,Sports,Credit Card,Desktop,272.87,0.0,1.083,0
4730,CUST_04731,2023-06-29,20,Male,Istanbul,True,2023,6,2,3,Thursday,June,False,2023-12-29,2847.03,1,0.0,0.0,9.0,8.0,4.0,5.0,1,Electronics,Digital Wallet,Mobile,2847.03,0.0,0.889,1
4731,CUST_04732,2023-01-29,34,Male,Istanbul,True,2023,1,1,6,Sunday,January,True,2023-07-29,150.19,1,0.0,0.0,31.0,4.0,4.0,1.0,1,Beauty,Debit Card,Mobile,150.19,0.0,0.129,1
4732,CUST_04733,2023-06-08,22,Female,Istanbul,True,2023,6,2,3,Thursday,June,False,2023-12-08,359.96,4,0.0,0.0,5.0,8.0,4.0,4.0,1,Beauty,Digital Wallet,Desktop,89.99,0.0,1.6,0
4733,CUST_04734,2023-08-10,40,Female,Istanbul,True,2023,8,3,3,Thursday,August,False,2024-02-10,1333.62,3,0.0,0.0,16.0,6.0,3.0,4.0,1,Fashion,Credit Card,Tablet,444.53999999999996,0.0,0.375,1
4734,CUST_04735,2023-02-28,38,Male,Ankara,False,2023,2,1,1,Tuesday,February,False,2023-08-28,828.99,1,85.32,0.09331627128654395,12.0,11.0,5.0,5.0,1,Home & Garden,Digital Wallet,Desktop,828.99,0.10292042123547931,0.917,0
4735,CUST_04736,2023-05-27,46,Female,Bursa,False,2023,5,2,5,Saturday,May,True,2023-11-27,211.62,2,0.0,0.0,16.0,8.0,2.0,9.0,1,Food,Debit Card,Mobile,105.81,0.0,0.5,1
4736,CUST_04737,2023-01-05,25,Male,Eskisehir,True,2023,1,1,3,Thursday,January,False,2023-07-05,4276.61,5,1045.04,0.19637518438830062,15.0,8.0,5.0,7.0,1,Sports,Debit Card,Mobile,855.3219999999999,0.24436177252543487,0.533,1
4737,CUST_04738,2023-02-11,35,Male,Konya,False,2023,2,1,5,Saturday,February,True,2023-08-11,280.18,1,0.0,0.0,14.0,10.0,1.0,6.0,1,Toys,Credit Card,Desktop,280.18,0.0,0.714,0
4738,CUST_04739,2023-02-10,18,Male,Konya,True,2023,2,1,4,Friday,February,False,2023-08-10,688.1,5,0.0,0.0,18.0,10.0,3.0,12.0,1,Fashion,Digital Wallet,Desktop,137.62,0.0,0.556,1
4739,CUST_04740,2023-01-07,43,Female,Istanbul,True,2023,1,1,5,Saturday,January,True,2023-07-07,2456.66,2,0.0,0.0,6.0,8.0,1.0,11.0,1,Home & Garden,Bank Transfer,Desktop,1228.33,0.0,1.333,0
4740,CUST_04741,2023-01-04,41,Male,Ankara,True,2023,1,1,2,Wednesday,January,False,2023-07-04,225.82,1,35.36,0.1353855578528218,12.0,15.0,4.0,4.0,1,Toys,Digital Wallet,Desktop,225.82,0.15658489062084846,1.25,0
4741,CUST_04742,2023-02-16,40,Male,Istanbul,True,2023,2,1,3,Thursday,February,False,2023-08-16,104.73,3,0.0,0.0,11.0,11.0,5.0,7.0,1,Books,Debit Card,Desktop,34.910000000000004,0.0,1.0,0
4742,CUST_04743,2023-03-15,35,Male,Adana,False,2023,3,1,2,Wednesday,March,False,2023-09-15,726.88,4,0.0,0.0,15.0,13.0,5.0,5.0,1,Beauty,Debit Card,Mobile,181.72,0.0,0.867,1
4743,CUST_04744,2023-01-06,39,Female,Istanbul,True,2023,1,1,4,Friday,January,False,2023-07-06,44.85,1,0.0,0.0,20.0,12.0,5.0,3.0,1,Books,Credit Card,Mobile,44.85,0.0,0.6,0
4744,CUST_04745,2023-03-25,54,Other,Bursa,True,2023,3,1,5,Saturday,March,True,2023-09-25,1086.3,1,0.0,0.0,25.0,9.0,5.0,4.0,1,Electronics,Credit Card,Mobile,1086.3,0.0,0.36,0
4745,CUST_04746,2023-01-28,31,Male,Istanbul,False,2023,1,1,5,Saturday,January,True,2023-07-28,863.2,2,0.0,0.0,15.0,11.0,5.0,7.0,1,Home & Garden,Debit Card,Mobile,431.6,0.0,0.733,1
4746,CUST_04747,2023-01-26,36,Male,Istanbul,False,2023,1,1,3,Thursday,January,False,2023-07-26,950.02,3,222.89,0.19003163073040555,20.0,7.0,4.0,8.0,1,Sports,Cash on Delivery,Mobile,316.67333333333335,0.2346161133449822,0.35,0
4747,CUST_04748,2023-03-23,21,Female,Eskisehir,False,2023,3,1,3,Thursday,March,False,2023-09-23,962.28,2,0.0,0.0,15.0,10.0,5.0,6.0,1,Home & Garden,Digital Wallet,Mobile,481.14,0.0,0.667,0
4748,CUST_04749,2023-04-09,24,Female,Adana,True,2023,4,2,6,Sunday,April,True,2023-10-09,902.55,3,232.44,0.20479475590093305,15.0,7.0,2.0,14.0,1,Fashion,Debit Card,Desktop,300.84999999999997,0.2575369785607446,0.467,1
4749,CUST_04750,2023-07-03,36,Male,Gaziantep,False,2023,7,3,0,Monday,July,False,2024-01-03,825.64,4,0.0,0.0,18.0,15.0,4.0,12.0,1,Fashion,Debit Card,Mobile,206.41,0.0,0.833,1
4750,CUST_04751,2023-02-15,48,Female,Bursa,False,2023,2,1,2,Wednesday,February,False,2023-08-15,586.44,5,90.71,0.13395850254744146,13.0,15.0,4.0,13.0,1,Beauty,Debit Card,Desktop,117.28800000000001,0.15467908055385032,1.154,0
4751,CUST_04752,2023-04-07,31,Female,Konya,False,2023,4,2,4,Friday,April,False,2023-10-07,297.71,5,73.54,0.19808754208754212,15.0,7.0,2.0,11.0,1,Food,Bank Transfer,Desktop,59.541999999999994,0.24701891102079207,0.467,1
4752,CUST_04753,2023-01-19,32,Male,Antalya,True,2023,1,1,3,Thursday,January,False,2023-07-19,966.6,3,0.0,0.0,11.0,14.0,1.0,11.0,1,Home & Garden,Bank Transfer,Mobile,322.2,0.0,1.273,1
4753,CUST_04754,2023-03-27,30,Female,Kayseri,True,2023,3,1,0,Monday,March,False,2023-09-27,81.56,1,0.0,0.0,36.0,5.0,5.0,3.0,1,Books,Debit Card,Tablet,81.56,0.0,0.139,0
4754,CUST_04755,2023-01-21,28,Female,Ankara,True,2023,1,1,5,Saturday,January,True,2023-07-21,10013.25,5,0.0,0.0,9.0,10.0,5.0,10.0,1,Electronics,Credit Card,Desktop,2002.65,0.0,1.111,1
4755,CUST_04756,2023-03-06,38,Female,Bursa,False,2023,3,1,0,Monday,March,False,2023-09-06,36.18,2,4.56,0.11192930780559646,8.0,8.0,2.0,2.0,1,Books,Debit Card,Desktop,18.09,0.12603648424543945,1.0,0
4756,CUST_04757,2023-01-07,18,Male,Antalya,True,2023,1,1,5,Saturday,January,True,2023-07-07,896.18,2,0.0,0.0,13.0,10.0,3.0,6.0,1,Home & Garden,Credit Card,Desktop,448.09,0.0,0.769,0
4757,CUST_04758,2023-01-24,50,Male,Ankara,False,2023,1,1,1,Tuesday,January,False,2023-07-24,2787.76,2,0.0,0.0,19.0,7.0,2.0,5.0,1,Home & Garden,Credit Card,Mobile,1393.88,0.0,0.368,0
4758,CUST_04759,2023-03-23,27,Male,Konya,True,2023,3,1,3,Thursday,March,False,2023-09-23,333.36,2,0.0,0.0,10.0,11.0,4.0,8.0,1,Fashion,Digital Wallet,Desktop,166.68,0.0,1.1,1
4759,CUST_04760,2023-05-18,43,Male,Eskisehir,False,2023,5,2,3,Thursday,May,False,2023-11-18,279.56,2,0.0,0.0,23.0,9.0,5.0,14.0,1,Sports,Credit Card,Desktop,139.78,0.0,0.391,0
4760,CUST_04761,2023-06-03,19,Female,Izmir,True,2023,6,2,5,Saturday,June,True,2023-12-03,6069.12,4,0.0,0.0,13.0,9.0,2.0,3.0,1,Electronics,Digital Wallet,Desktop,1517.28,0.0,0.692,1
4761,CUST_04762,2023-03-02,43,Female,Ankara,False,2023,3,1,3,Thursday,March,False,2023-09-02,68.61,1,0.0,0.0,5.0,6.0,5.0,2.0,1,Toys,Debit Card,Mobile,68.61,0.0,1.2,1
4762,CUST_04763,2023-06-24,43,Female,Izmir,False,2023,6,2,5,Saturday,June,True,2023-12-24,2483.0,4,0.0,0.0,17.0,11.0,4.0,3.0,1,Home & Garden,Credit Card,Mobile,620.75,0.0,0.647,1
4763,CUST_04764,2023-01-06,39,Other,Konya,True,2023,1,1,4,Friday,January,False,2023-07-06,578.18,4,94.54,0.14053395171839697,14.0,7.0,5.0,5.0,1,Beauty,Digital Wallet,Mobile,144.545,0.16351309280846799,0.5,1
4764,CUST_04765,2023-02-07,23,Male,Antalya,False,2023,2,1,1,Tuesday,February,False,2023-08-07,186.26,2,20.2,0.0978397752591301,13.0,10.0,4.0,9.0,1,Beauty,Credit Card,Desktop,93.13,0.10845055299044347,0.769,1
4765,CUST_04766,2023-08-23,37,Female,Istanbul,True,2023,8,3,2,Wednesday,August,False,2024-02-23,372.45,5,0.0,0.0,12.0,10.0,4.0,4.0,1,Beauty,Credit Card,Tablet,74.49,0.0,0.833,1
4766,CUST_04767,2023-01-20,20,Female,Bursa,False,2023,1,1,4,Friday,January,False,2023-07-20,93.58,2,23.6,0.20139955623826591,17.0,8.0,5.0,3.0,1,Food,Debit Card,Tablet,46.79,0.2521906390254328,0.471,1
4767,CUST_04768,2023-02-24,31,Male,Istanbul,False,2023,2,1,4,Friday,February,False,2023-08-24,70.72,1,4.96,0.06553911205073995,13.0,9.0,2.0,6.0,1,Toys,Bank Transfer,Mobile,70.72,0.07013574660633484,0.692,0
4768,CUST_04769,2023-02-14,47,Female,Adana,False,2023,2,1,1,Tuesday,February,False,2023-08-14,121.25,5,0.0,0.0,16.0,4.0,4.0,8.0,1,Books,Digital Wallet,Desktop,24.25,0.0,0.25,0
4769,CUST_04770,2023-02-02,44,Male,Ankara,True,2023,2,1,3,Thursday,February,False,2023-08-02,153.16,2,0.0,0.0,19.0,12.0,2.0,7.0,1,Food,Bank Transfer,Desktop,76.58,0.0,0.632,0
4770,CUST_04771,2023-05-15,35,Female,Izmir,True,2023,5,2,0,Monday,May,False,2023-11-15,260.16,2,0.0,0.0,18.0,13.0,4.0,10.0,1,Beauty,Credit Card,Mobile,130.08,0.0,0.722,1
4771,CUST_04772,2023-04-21,23,Female,Gaziantep,True,2023,4,2,4,Friday,April,False,2023-10-21,47.8,1,11.37,0.1921581882710833,11.0,7.0,4.0,15.0,1,Beauty,Debit Card,Desktop,47.8,0.23786610878661088,0.636,1
4772,CUST_04773,2023-01-11,42,Male,Istanbul,True,2023,1,1,2,Wednesday,January,False,2023-07-11,230.95,5,0.0,0.0,11.0,11.0,5.0,8.0,1,Books,Credit Card,Mobile,46.19,0.0,1.0,0
4773,CUST_04774,2023-02-02,35,Female,Istanbul,True,2023,2,1,3,Thursday,February,False,2023-08-02,1402.67,1,0.0,0.0,13.0,6.0,2.0,4.0,1,Sports,Bank Transfer,Mobile,1402.67,0.0,0.462,1
4774,CUST_04775,2023-02-09,18,Female,Ankara,True,2023,2,1,3,Thursday,February,False,2023-08-09,259.2,3,22.02,0.0783016855131214,10.0,7.0,5.0,2.0,1,Beauty,Credit Card,Tablet,86.39999999999999,0.08495370370370371,0.7,0
4775,CUST_04776,2023-06-06,44,Male,Istanbul,False,2023,6,2,1,Tuesday,June,False,2023-12-06,325.8,4,25.4,0.07232346241457858,14.0,8.0,5.0,9.0,1,Books,Debit Card,Mobile,81.45,0.07796193984039287,0.571,1
4776,CUST_04777,2023-02-01,34,Male,Ankara,True,2023,2,1,2,Wednesday,February,False,2023-08-01,82.8,4,0.0,0.0,15.0,9.0,5.0,8.0,1,Books,Credit Card,Desktop,20.7,0.0,0.6,0
4777,CUST_04778,2023-09-19,49,Male,Eskisehir,False,2023,9,3,1,Tuesday,September,False,2024-03-19,205.25,1,0.0,0.0,15.0,6.0,3.0,4.0,1,Fashion,Credit Card,Mobile,205.25,0.0,0.4,1
4778,CUST_04779,2023-01-25,21,Female,Gaziantep,False,2023,1,1,2,Wednesday,January,False,2023-07-25,54.92,1,10.26,0.1574102485424977,15.0,9.0,5.0,11.0,1,Fashion,Credit Card,Mobile,54.92,0.18681718863801894,0.6,0
4779,CUST_04780,2023-01-29,18,Female,Konya,False,2023,1,1,6,Sunday,January,True,2023-07-29,157.53,3,0.0,0.0,37.0,12.0,5.0,1.0,1,Beauty,Credit Card,Mobile,52.51,0.0,0.324,0
4780,CUST_04781,2023-01-26,38,Female,Kayseri,False,2023,1,1,3,Thursday,January,False,2023-07-26,1803.9,5,0.0,0.0,14.0,13.0,3.0,9.0,1,Fashion,Credit Card,Mobile,360.78000000000003,0.0,0.929,0
4781,CUST_04782,2023-04-29,38,Female,Ankara,True,2023,4,2,5,Saturday,April,True,2023-10-29,258.1,5,0.0,0.0,19.0,12.0,4.0,8.0,1,Books,Cash on Delivery,Mobile,51.620000000000005,0.0,0.632,0
4782,CUST_04783,2023-02-11,18,Female,Ankara,True,2023,2,1,5,Saturday,February,True,2023-08-11,439.08,4,0.0,0.0,14.0,8.0,5.0,2.0,1,Food,Credit Card,Mobile,109.77,0.0,0.571,1
4783,CUST_04784,2023-03-27,23,Male,Istanbul,True,2023,3,1,0,Monday,March,False,2023-09-27,248.2,5,0.0,0.0,8.0,7.0,4.0,7.0,1,Books,Digital Wallet,Tablet,49.64,0.0,0.875,0
4784,CUST_04785,2023-02-24,68,Female,Gaziantep,True,2023,2,1,4,Friday,February,False,2023-08-24,1039.3,3,106.43,0.09289274087263143,17.0,11.0,1.0,9.0,1,Toys,Credit Card,Desktop,346.43333333333334,0.10240546521697297,0.647,0
4785,CUST_04786,2023-03-22,31,Male,Antalya,True,2023,3,1,2,Wednesday,March,False,2023-09-22,173.16,3,0.0,0.0,12.0,11.0,4.0,10.0,1,Beauty,Credit Card,Mobile,57.72,0.0,0.917,0
4786,CUST_04787,2023-04-11,43,Male,Istanbul,True,2023,4,2,1,Tuesday,April,False,2023-10-11,3119.06,1,0.0,0.0,17.0,8.0,4.0,4.0,1,Electronics,Credit Card,Tablet,3119.06,0.0,0.471,1
4787,CUST_04788,2023-10-12,27,Female,Ankara,True,2023,10,4,3,Thursday,October,False,2024-04-12,232.76,5,57.39,0.19779424435636742,11.0,11.0,4.0,10.0,1,Beauty,Debit Card,Mobile,46.552,0.24656298333046917,1.0,1
4788,CUST_04789,2023-02-22,18,Male,Izmir,True,2023,2,1,2,Wednesday,February,False,2023-08-22,301.82,2,0.0,0.0,8.0,11.0,4.0,3.0,1,Toys,Digital Wallet,Mobile,150.91,0.0,1.375,1
4789,CUST_04790,2023-10-21,32,Female,Bursa,True,2023,10,4,5,Saturday,October,True,2024-04-21,322.32,3,0.0,0.0,10.0,10.0,5.0,3.0,1,Beauty,Debit Card,Mobile,107.44,0.0,1.0,0
4790,CUST_04791,2023-11-01,31,Female,Konya,True,2023,11,4,2,Wednesday,November,False,2024-05-01,596.96,2,0.0,0.0,15.0,6.0,5.0,5.0,1,Sports,Digital Wallet,Mobile,298.48,0.0,0.4,1
4791,CUST_04792,2023-03-20,30,Male,Ankara,True,2023,3,1,0,Monday,March,False,2023-09-20,965.72,4,0.0,0.0,16.0,7.0,4.0,19.0,1,Beauty,Digital Wallet,Mobile,241.43,0.0,0.437,1
4792,CUST_04793,2023-03-01,33,Male,Konya,True,2023,3,1,2,Wednesday,March,False,2023-09-01,323.88,4,14.84,0.04381199811053377,16.0,11.0,4.0,9.0,1,Fashion,Credit Card,Mobile,80.97,0.04581943929850562,0.687,1
4793,CUST_04794,2023-04-27,38,Female,Izmir,True,2023,4,2,3,Thursday,April,False,2023-10-27,507.24,2,0.0,0.0,18.0,9.0,5.0,4.0,1,Fashion,Bank Transfer,Desktop,253.62,0.0,0.5,1
4794,CUST_04795,2023-03-26,33,Female,Adana,False,2023,3,1,6,Sunday,March,True,2023-09-26,4403.48,4,0.0,0.0,19.0,9.0,5.0,4.0,1,Home & Garden,Bank Transfer,Desktop,1100.87,0.0,0.474,1
4795,CUST_04796,2023-09-18,19,Male,Kayseri,False,2023,9,3,0,Monday,September,False,2024-03-18,1657.85,1,0.0,0.0,4.0,10.0,5.0,4.0,1,Electronics,Debit Card,Desktop,1657.85,0.0,2.5,0
4796,CUST_04797,2023-01-02,40,Male,Konya,False,2023,1,1,0,Monday,January,False,2023-07-02,138.9,2,15.22,0.0987542174928627,5.0,6.0,3.0,4.0,1,Beauty,Credit Card,Mobile,69.45,0.1095752339812815,1.2,1
4797,CUST_04798,2023-01-23,18,Female,Istanbul,True,2023,1,1,0,Monday,January,False,2023-07-23,764.79,1,0.0,0.0,20.0,5.0,1.0,10.0,1,Sports,Debit Card,Mobile,764.79,0.0,0.25,0
4798,CUST_04799,2023-01-13,18,Female,Istanbul,True,2023,1,1,4,Friday,January,False,2023-07-13,408.84,2,0.0,0.0,17.0,10.0,4.0,4.0,1,Beauty,Debit Card,Desktop,204.42,0.0,0.588,1
4799,CUST_04800,2023-04-19,43,Male,Izmir,True,2023,4,2,2,Wednesday,April,False,2023-10-19,3573.9,5,0.0,0.0,17.0,12.0,1.0,2.0,1,Electronics,Debit Card,Mobile,714.78,0.0,0.706,1
4800,CUST_04801,2023-01-07,41,Male,Izmir,True,2023,1,1,5,Saturday,January,True,2023-07-07,2032.6,2,0.0,0.0,22.0,10.0,3.0,6.0,1,Home & Garden,Credit Card,Mobile,1016.3,0.0,0.455,0
4801,CUST_04802,2023-05-06,34,Female,Antalya,False,2023,5,2,5,Saturday,May,True,2023-11-06,53.78,1,14.15,0.2083026645075813,16.0,12.0,2.0,4.0,1,Beauty,Digital Wallet,Desktop,53.78,0.2631089624395686,0.75,1
4802,CUST_04803,2023-01-24,18,Female,Kayseri,False,2023,1,1,1,Tuesday,January,False,2023-07-24,51.84,2,0.0,0.0,20.0,6.0,4.0,3.0,1,Food,Credit Card,Desktop,25.92,0.0,0.3,0
4803,CUST_04804,2023-05-31,26,Other,Istanbul,True,2023,5,2,2,Wednesday,May,False,2023-11-30,99.12,1,8.13,0.07580419580419581,15.0,12.0,3.0,6.0,1,Fashion,Credit Card,Desktop,99.12,0.08202179176755449,0.8,0
4804,CUST_04805,2023-07-06,31,Female,Izmir,False,2023,7,3,3,Thursday,July,False,2024-01-06,94.23,1,0.0,0.0,23.0,7.0,4.0,4.0,1,Toys,Credit Card,Mobile,94.23,0.0,0.304,0
4805,CUST_04806,2023-06-24,18,Female,Istanbul,False,2023,6,2,5,Saturday,June,True,2023-12-24,1748.24,4,0.0,0.0,14.0,11.0,1.0,8.0,1,Sports,Debit Card,Mobile,437.06,0.0,0.786,1
4806,CUST_04807,2023-03-18,26,Male,Konya,False,2023,3,1,5,Saturday,March,True,2023-09-18,6515.0,2,0.0,0.0,27.0,12.0,4.0,9.0,1,Electronics,Bank Transfer,Mobile,3257.5,0.0,0.444,0
4807,CUST_04808,2023-04-02,42,Female,Eskisehir,False,2023,4,2,6,Sunday,April,True,2023-10-02,60.74,1,0.0,0.0,6.0,5.0,5.0,9.0,1,Fashion,Credit Card,Mobile,60.74,0.0,0.833,0
4808,CUST_04809,2023-06-15,52,Male,Izmir,False,2023,6,2,3,Thursday,June,False,2023-12-15,217.75,1,0.0,0.0,14.0,13.0,4.0,5.0,1,Sports,Bank Transfer,Mobile,217.75,0.0,0.929,0
4809,CUST_04810,2023-01-19,29,Female,Istanbul,True,2023,1,1,3,Thursday,January,False,2023-07-19,521.91,1,0.0,0.0,27.0,10.0,4.0,6.0,1,Sports,Credit Card,Mobile,521.91,0.0,0.37,1
4810,CUST_04811,2023-04-12,44,Male,Gaziantep,False,2023,4,2,2,Wednesday,April,False,2023-10-12,209.24,2,0.0,0.0,14.0,8.0,2.0,3.0,1,Food,Credit Card,Mobile,104.62,0.0,0.571,1
4811,CUST_04812,2023-01-20,18,Male,Antalya,False,2023,1,1,4,Friday,January,False,2023-07-20,192.85,2,54.27,0.21960990611848497,12.0,8.0,5.0,6.0,1,Food,Credit Card,Desktop,96.425,0.2814104226082448,0.667,0
4812,CUST_04813,2023-06-18,42,Female,Ankara,True,2023,6,2,6,Sunday,June,True,2023-12-18,696.38,3,174.31,0.20019754447622,10.0,8.0,5.0,4.0,1,Fashion,Bank Transfer,Desktop,232.12666666666667,0.25030873948131765,0.8,0
4813,CUST_04814,2023-06-26,25,Female,Konya,True,2023,6,2,0,Monday,June,False,2023-12-26,996.3,5,0.0,0.0,13.0,7.0,5.0,7.0,1,Fashion,Credit Card,Mobile,199.26,0.0,0.538,0
4814,CUST_04815,2023-05-04,38,Male,Eskisehir,False,2023,5,2,3,Thursday,May,False,2023-11-04,49.12,5,12.63,0.2045344129554656,16.0,8.0,2.0,5.0,1,Food,Bank Transfer,Mobile,9.824,0.2571254071661238,0.5,1
4815,CUST_04816,2023-08-03,32,Female,Bursa,True,2023,8,3,3,Thursday,August,False,2024-02-03,962.91,3,0.0,0.0,16.0,14.0,3.0,8.0,1,Sports,Credit Card,Mobile,320.96999999999997,0.0,0.875,0
4816,CUST_04817,2023-03-03,50,Male,Bursa,True,2023,3,1,4,Friday,March,False,2023-09-03,144.96,2,0.0,0.0,12.0,7.0,5.0,8.0,1,Toys,Debit Card,Desktop,72.48,0.0,0.583,1
4817,CUST_04818,2023-01-01,24,Male,Ankara,False,2023,1,1,6,Sunday,January,True,2023-07-01,72.88,1,0.0,0.0,7.0,8.0,3.0,7.0,1,Fashion,Bank Transfer,Mobile,72.88,0.0,1.143,1
4818,CUST_04819,2023-03-05,42,Female,Bursa,False,2023,3,1,6,Sunday,March,True,2023-09-05,1657.83,2,434.45,0.20764429235092816,16.0,8.0,5.0,11.0,1,Sports,Debit Card,Mobile,828.915,0.262059439146354,0.5,0
4819,CUST_04820,2023-04-24,31,Male,Izmir,True,2023,4,2,0,Monday,April,False,2023-10-24,132.0,4,0.0,0.0,15.0,9.0,2.0,4.0,1,Food,Credit Card,Mobile,33.0,0.0,0.6,1
4820,CUST_04821,2023-03-25,33,Female,Ankara,True,2023,3,1,5,Saturday,March,True,2023-09-25,183.02,1,0.0,0.0,17.0,6.0,4.0,21.0,1,Sports,Debit Card,Desktop,183.02,0.0,0.353,0
4821,CUST_04822,2023-01-31,32,Male,Istanbul,False,2023,1,1,1,Tuesday,January,False,2023-07-31,2805.3,2,740.02,0.20873151083682148,13.0,8.0,5.0,6.0,1,Home & Garden,Bank Transfer,Mobile,1402.65,0.26379353366841335,0.615,1
4822,CUST_04823,2023-05-19,24,Female,Ankara,False,2023,5,2,4,Friday,May,False,2023-11-19,285.38,2,21.93,0.040266607910102455,12.5,9.5,4.5,3.5,2,Toys,Digital Wallet,Desktop,142.69,0.0768449085429953,0.76,0
4823,CUST_04824,2023-02-22,34,Female,Istanbul,False,2023,2,1,2,Wednesday,February,False,2023-08-22,482.74,5,76.46,0.13673104434907007,12.0,10.0,4.0,6.0,1,Toys,Debit Card,Desktop,96.548,0.1583875378050296,0.833,1
4824,CUST_04825,2023-02-09,34,Male,Bursa,False,2023,2,1,3,Thursday,February,False,2023-08-09,168.64000000000001,2,8.9,0.11234536733148195,11.0,9.0,4.0,5.0,2,Beauty,Debit Card,Mobile,84.32000000000001,0.05277514231499051,0.818,0
4825,CUST_04826,2023-01-26,37,Male,Bursa,True,2023,1,1,3,Thursday,January,False,2023-07-26,1317.68,1,168.46,0.11335405816410297,19.0,10.0,5.0,5.0,1,Sports,Credit Card,Mobile,1317.68,0.12784591099508227,0.526,0
4826,CUST_04827,2023-05-04,36,Female,Bursa,True,2023,5,2,3,Thursday,May,False,2023-11-04,3455.25,5,0.0,0.0,15.0,10.0,2.0,6.0,1,Sports,Cash on Delivery,Mobile,691.05,0.0,0.667,0
4827,CUST_04828,2023-03-03,44,Female,Ankara,True,2023,3,1,4,Friday,March,False,2023-09-03,393.1,1,0.0,0.0,1.0,8.0,4.0,9.0,1,Fashion,Digital Wallet,Mobile,393.1,0.0,8.0,1
4828,CUST_04829,2023-05-20,46,Male,Izmir,True,2023,5,2,5,Saturday,May,True,2023-11-20,494.05,5,0.0,0.0,10.0,7.0,4.0,4.0,1,Toys,Credit Card,Desktop,98.81,0.0,0.7,1
4829,CUST_04830,2023-01-13,22,Female,Gaziantep,True,2023,1,1,4,Friday,January,False,2023-07-13,992.85,1,0.0,0.0,10.0,10.0,4.0,3.0,1,Home & Garden,Debit Card,Tablet,992.85,0.0,1.0,1
4830,CUST_04831,2023-01-27,45,Male,Izmir,True,2023,1,1,4,Friday,January,False,2023-07-27,1168.95,1,0.0,0.0,14.0,13.0,4.0,3.0,1,Electronics,Credit Card,Mobile,1168.95,0.0,0.929,0
4831,CUST_04832,2023-04-02,20,Male,Eskisehir,True,2023,4,2,6,Sunday,April,True,2023-10-02,354.04,4,0.0,0.0,25.0,10.0,5.0,6.0,1,Fashion,Debit Card,Mobile,88.51,0.0,0.4,1
4832,CUST_04833,2023-01-13,42,Female,Izmir,True,2023,1,1,4,Friday,January,False,2023-07-13,287.58,4,27.78,0.08808980213089802,12.0,10.0,5.0,12.0,1,Food,Credit Card,Tablet,71.895,0.09659920717713333,0.833,1
4833,CUST_04834,2023-02-07,42,Male,Antalya,True,2023,2,1,1,Tuesday,February,False,2023-08-07,452.52,4,117.96,0.20677324358435,11.0,11.0,2.0,12.0,1,Beauty,Digital Wallet,Desktop,113.13,0.26067356138955183,1.0,0
4834,CUST_04835,2023-02-13,18,Female,Istanbul,False,2023,2,1,0,Monday,February,False,2023-08-13,303.44,3,79.57,0.20774914493094174,13.0,6.0,5.0,12.0,1,Toys,Cash on Delivery,Mobile,101.14666666666666,0.26222646981281306,0.462,0
4835,CUST_04836,2023-01-18,36,Female,Antalya,True,2023,1,1,2,Wednesday,January,False,2023-07-18,86.46,1,11.5,0.11739485504287465,16.0,3.0,4.0,6.0,1,Books,Credit Card,Desktop,86.46,0.13300948415452232,0.187,1
4836,CUST_04837,2023-01-08,29,Female,Konya,True,2023,1,1,6,Sunday,January,True,2023-07-08,143.37,3,0.0,0.0,9.0,9.0,4.0,3.0,1,Books,Credit Card,Mobile,47.79,0.0,1.0,0
4837,CUST_04838,2023-02-05,25,Female,Kayseri,False,2023,2,1,6,Sunday,February,True,2023-08-05,773.84,1,0.0,0.0,2.0,6.0,5.0,7.0,1,Electronics,Credit Card,Mobile,773.84,0.0,3.0,1
4838,CUST_04839,2023-03-05,51,Female,Eskisehir,False,2023,3,1,6,Sunday,March,True,2023-09-05,2950.25,5,0.0,0.0,13.0,13.0,5.0,4.0,1,Home & Garden,Digital Wallet,Mobile,590.05,0.0,1.0,1
4839,CUST_04840,2023-04-11,27,Female,Ankara,False,2023,4,2,1,Tuesday,April,False,2023-10-11,3743.91,5,757.19,0.16822332318766522,15.0,9.0,3.0,4.0,1,Home & Garden,Cash on Delivery,Desktop,748.7819999999999,0.20224578048083422,0.6,0
4840,CUST_04841,2023-06-20,25,Female,Bursa,False,2023,6,2,1,Tuesday,June,False,2023-12-20,122.22,3,0.0,0.0,12.0,3.0,5.0,6.0,1,Books,Digital Wallet,Mobile,40.74,0.0,0.25,0
4841,CUST_04842,2023-05-25,35,Female,Izmir,False,2023,5,2,3,Thursday,May,False,2023-11-25,34.27,1,7.49,0.17935823754789273,20.0,16.0,5.0,5.0,1,Toys,Digital Wallet,Tablet,34.27,0.21855850598190837,0.8,0
4842,CUST_04843,2023-05-05,43,Female,Bursa,True,2023,5,2,4,Friday,May,False,2023-11-05,309.45,4,56.51,0.15441578314569898,14.0,11.0,4.0,9.0,1,Beauty,Digital Wallet,Mobile,77.3625,0.18261431572144127,0.786,0
4843,CUST_04844,2023-05-29,33,Male,Istanbul,True,2023,5,2,0,Monday,May,False,2023-11-29,389.01,3,0.0,0.0,14.0,8.0,4.0,5.0,1,Sports,Cash on Delivery,Desktop,129.67,0.0,0.571,0
4844,CUST_04845,2023-04-23,48,Female,Konya,True,2023,4,2,6,Sunday,April,True,2023-10-23,3755.41,2,756.85,0.16773191261141868,20.0,10.0,5.0,4.0,1,Electronics,Credit Card,Mobile,1877.705,0.2015359175163298,0.5,1
4845,CUST_04846,2023-05-24,41,Female,Konya,True,2023,5,2,2,Wednesday,May,False,2023-11-24,605.97,3,0.0,0.0,14.0,8.0,5.0,5.0,1,Beauty,Cash on Delivery,Desktop,201.99,0.0,0.571,1
4846,CUST_04847,2023-02-14,18,Female,Izmir,False,2023,2,1,1,Tuesday,February,False,2023-08-14,360.48,2,0.0,0.0,10.0,8.0,5.0,9.0,1,Beauty,Credit Card,Tablet,180.24,0.0,0.8,1
4847,CUST_04848,2023-04-16,28,Female,Ankara,True,2023,4,2,6,Sunday,April,True,2023-10-16,25.71,1,2.91,0.10167714884696016,15.0,10.0,2.0,4.0,1,Books,Digital Wallet,Desktop,25.71,0.11318553092182031,0.667,1
4848,CUST_04849,2023-08-22,28,Female,Istanbul,True,2023,8,3,1,Tuesday,August,False,2024-02-22,36.88,1,5.61,0.1320310661332078,24.0,8.0,5.0,4.0,1,Food,Credit Card,Tablet,36.88,0.15211496746203904,0.333,0
4849,CUST_04850,2023-01-05,40,Other,Antalya,False,2023,1,1,3,Thursday,January,False,2023-07-05,43.74,2,0.0,0.0,16.0,4.0,4.0,8.0,1,Books,Credit Card,Mobile,21.87,0.0,0.25,0
4850,CUST_04851,2023-01-02,18,Male,Ankara,False,2023,1,1,0,Monday,January,False,2023-07-02,551.05,5,0.0,0.0,15.0,12.0,5.0,6.0,1,Beauty,Debit Card,Tablet,110.21,0.0,0.8,0
4851,CUST_04852,2023-02-05,65,Female,Konya,True,2023,2,1,6,Sunday,February,True,2023-08-05,797.63,3,103.84,0.11518963470775512,16.0,4.0,5.0,4.0,1,Electronics,Credit Card,Mobile,265.87666666666667,0.13018567506237227,0.25,1
4852,CUST_04853,2023-05-09,41,Male,Antalya,True,2023,5,2,1,Tuesday,May,False,2023-11-09,4124.71,5,252.44,0.057672229647144836,17.0,11.0,5.0,6.0,1,Sports,Credit Card,Mobile,824.942,0.06120187843508998,0.647,1
4853,CUST_04854,2023-05-07,36,Female,Antalya,True,2023,5,2,6,Sunday,May,True,2023-11-07,975.09,4,237.75,0.19602750568912636,14.0,7.0,5.0,5.0,1,Electronics,Debit Card,Desktop,243.7725,0.2438236470479648,0.5,0
4854,CUST_04855,2023-02-01,49,Female,Bursa,True,2023,2,1,2,Wednesday,February,False,2023-08-01,1926.61,2,178.19,0.08465887495248954,14.0,7.0,4.0,6.0,1,Electronics,Digital Wallet,Mobile,963.305,0.09248887943070991,0.5,1
4855,CUST_04856,2023-03-27,63,Male,Istanbul,True,2023,3,1,0,Monday,March,False,2023-09-27,348.17,3,20.89,0.05660326234216659,14.0,11.0,5.0,11.0,1,Toys,Credit Card,Mobile,116.05666666666667,0.059999425567969666,0.786,1
4856,CUST_04857,2023-06-16,45,Male,Kayseri,False,2023,6,2,4,Friday,June,False,2023-12-16,1041.42,1,163.29,0.13554299374953307,12.0,9.0,1.0,9.0,1,Electronics,Digital Wallet,Mobile,1041.42,0.15679552918131012,0.75,0
4857,CUST_04858,2023-02-18,46,Female,Antalya,False,2023,2,1,5,Saturday,February,True,2023-08-18,505.2,5,0.0,0.0,10.0,7.0,3.0,3.0,1,Beauty,Credit Card,Mobile,101.03999999999999,0.0,0.7,0
4858,CUST_04859,2023-01-03,36,Male,Eskisehir,True,2023,1,1,1,Tuesday,January,False,2023-07-03,1326.12,3,0.0,0.0,17.0,13.0,5.0,3.0,1,Home & Garden,Digital Wallet,Desktop,442.03999999999996,0.0,0.765,0
4859,CUST_04860,2023-01-07,33,Male,Bursa,True,2023,1,1,5,Saturday,January,True,2023-07-07,390.25,5,0.0,0.0,19.0,9.0,4.0,10.0,1,Toys,Digital Wallet,Mobile,78.05,0.0,0.474,1
4860,CUST_04861,2023-04-11,29,Female,Adana,False,2023,4,2,1,Tuesday,April,False,2023-10-11,329.19,1,68.88,0.17303489336046424,10.0,10.0,5.0,14.0,1,Home & Garden,Digital Wallet,Mobile,329.19,0.20924086393875876,1.0,1
4861,CUST_04862,2023-01-10,25,Male,Istanbul,True,2023,1,1,1,Tuesday,January,False,2023-07-10,2765.1,5,0.0,0.0,10.0,7.0,3.0,10.0,1,Fashion,Credit Card,Mobile,553.02,0.0,0.7,0
4862,CUST_04863,2023-01-30,26,Female,Antalya,False,2023,1,1,0,Monday,January,False,2023-07-30,606.41,1,0.0,0.0,16.0,5.0,5.0,12.0,1,Home & Garden,Bank Transfer,Mobile,606.41,0.0,0.312,1
4863,CUST_04864,2023-03-20,18,Female,Adana,True,2023,3,1,0,Monday,March,False,2023-09-20,57.01,1,0.0,0.0,17.0,14.0,5.0,13.0,1,Toys,Debit Card,Desktop,57.01,0.0,0.824,0
4864,CUST_04865,2023-10-03,34,Male,Adana,True,2023,10,4,1,Tuesday,October,False,2024-04-03,5599.85,3,857.53,0.13279844147316713,13.0,5.0,5.0,5.0,1,Electronics,Debit Card,Desktop,1866.6166666666668,0.1531344589587221,0.385,0
4865,CUST_04866,2023-04-11,18,Male,Adana,True,2023,4,2,1,Tuesday,April,False,2023-10-11,10141.41,3,0.0,0.0,7.0,11.0,5.0,7.0,1,Electronics,Credit Card,Desktop,3380.47,0.0,1.571,1
4866,CUST_04867,2023-03-17,37,Female,Istanbul,False,2023,3,1,4,Friday,March,False,2023-09-17,462.81,3,0.0,0.0,9.0,9.0,4.0,12.0,1,Home & Garden,Digital Wallet,Mobile,154.27,0.0,1.0,0
4867,CUST_04868,2023-10-07,34,Female,Eskisehir,False,2023,10,4,5,Saturday,October,True,2024-04-07,5238.95,5,102.8,0.01924462956896148,22.0,13.0,5.0,3.0,1,Electronics,Credit Card,Desktop,1047.79,0.019622252550606515,0.591,0
4868,CUST_04869,2023-07-31,36,Female,Eskisehir,True,2023,7,3,0,Monday,July,False,2024-01-31,87.86,2,0.0,0.0,16.0,5.0,2.0,10.0,1,Beauty,Credit Card,Desktop,43.93,0.0,0.312,1
4869,CUST_04870,2023-05-13,28,Female,Istanbul,True,2023,5,2,5,Saturday,May,True,2023-11-13,343.2,2,38.48,0.10081743869209808,13.0,10.0,5.0,3.0,1,Food,Bank Transfer,Mobile,171.6,0.11212121212121212,0.769,1
4870,CUST_04871,2023-03-31,71,Female,Kayseri,True,2023,3,1,4,Friday,March,False,2023-09-30,451.7,4,34.26,0.07049962959914396,13.0,5.0,4.0,4.0,1,Home & Garden,Bank Transfer,Mobile,112.925,0.07584680097409785,0.385,1
4871,CUST_04872,2023-01-19,51,Male,Ankara,True,2023,1,1,3,Thursday,January,False,2023-07-19,233.64,4,0.0,0.0,15.0,11.0,5.0,3.0,1,Beauty,Digital Wallet,Mobile,58.41,0.0,0.733,1
4872,CUST_04873,2023-01-04,20,Male,Antalya,True,2023,1,1,2,Wednesday,January,False,2023-07-04,37.68,1,0.0,0.0,13.0,8.0,4.0,3.0,1,Books,Credit Card,Desktop,37.68,0.0,0.615,1
4873,CUST_04874,2023-07-29,37,Male,Ankara,False,2023,7,3,5,Saturday,July,True,2024-01-29,15.57,1,0.0,0.0,33.0,8.0,4.0,8.0,1,Food,Debit Card,Mobile,15.57,0.0,0.242,1
4874,CUST_04875,2023-01-13,27,Male,Eskisehir,True,2023,1,1,4,Friday,January,False,2023-07-13,1585.74,3,158.19,0.09070891606887892,21.0,7.0,3.0,9.0,1,Sports,Bank Transfer,Mobile,528.58,0.09975784176472814,0.333,0
4875,CUST_04876,2023-01-30,22,Female,Istanbul,True,2023,1,1,0,Monday,January,False,2023-07-30,405.68,4,0.0,0.0,13.0,12.0,5.0,17.0,1,Toys,Debit Card,Mobile,101.42,0.0,0.923,1
4876,CUST_04877,2023-01-26,18,Female,Izmir,True,2023,1,1,3,Thursday,January,False,2023-07-26,62.55,3,4.68,0.06961178045515394,19.0,6.0,5.0,8.0,1,Beauty,Credit Card,Desktop,20.849999999999998,0.07482014388489208,0.316,1
4877,CUST_04878,2023-06-27,40,Male,Izmir,True,2023,6,2,1,Tuesday,June,False,2023-12-27,138.22,2,0.0,0.0,5.0,6.0,3.0,19.0,1,Books,Debit Card,Desktop,69.11,0.0,1.2,0
4878,CUST_04879,2023-06-07,26,Female,Ankara,True,2023,6,2,2,Wednesday,June,False,2023-12-07,565.76,4,0.0,0.0,18.0,6.0,3.0,3.0,1,Books,Debit Card,Desktop,141.44,0.0,0.333,1
4879,CUST_04880,2023-01-01,46,Male,Antalya,True,2023,1,1,6,Sunday,January,True,2023-07-01,365.66,3,94.06,0.2046028017053859,20.0,13.0,4.0,7.0,1,Beauty,Bank Transfer,Tablet,121.88666666666667,0.25723349559700265,0.65,0
4880,CUST_04881,2023-04-16,46,Male,Istanbul,True,2023,4,2,6,Sunday,April,True,2023-10-16,470.56,4,0.0,0.0,17.0,13.0,4.0,6.0,1,Sports,Credit Card,Mobile,117.64,0.0,0.765,1
4881,CUST_04882,2023-03-27,51,Female,Adana,False,2023,3,1,0,Monday,March,False,2023-09-27,871.4,4,0.0,0.0,22.0,12.0,1.0,7.0,1,Fashion,Credit Card,Mobile,217.85,0.0,0.545,0
4882,CUST_04883,2023-01-05,24,Male,Eskisehir,True,2023,1,1,3,Thursday,January,False,2023-07-05,412.6,4,0.0,0.0,13.0,13.0,5.0,8.0,1,Food,Digital Wallet,Mobile,103.15,0.0,1.0,0
4883,CUST_04884,2023-06-21,40,Male,Gaziantep,False,2023,6,2,2,Wednesday,June,False,2023-12-21,58.72,2,0.0,0.0,30.0,5.0,4.0,13.0,1,Books,Credit Card,Mobile,29.36,0.0,0.167,1
4884,CUST_04885,2023-01-01,42,Male,Konya,True,2023,1,1,6,Sunday,January,True,2023-07-01,244.9,1,0.0,0.0,11.0,3.0,3.0,3.0,1,Toys,Credit Card,Mobile,244.9,0.0,0.273,0
4885,CUST_04886,2023-01-12,29,Male,Ankara,True,2023,1,1,3,Thursday,January,False,2023-07-12,92.24,1,15.7,0.14545117657958123,17.0,11.0,3.0,13.0,1,Books,Cash on Delivery,Mobile,92.24,0.1702081526452732,0.647,0
4886,CUST_04887,2023-06-02,25,Female,Ankara,False,2023,6,2,4,Friday,June,False,2023-12-02,186.7,5,0.0,0.0,19.0,10.0,4.0,4.0,1,Beauty,Credit Card,Mobile,37.339999999999996,0.0,0.526,1
4887,CUST_04888,2023-07-12,54,Female,Izmir,True,2023,7,3,2,Wednesday,July,False,2024-01-12,126.89,1,27.8,0.17971426724416575,5.0,9.0,4.0,1.0,1,Fashion,Digital Wallet,Desktop,126.89,0.21908739853416345,1.8,0
4888,CUST_04889,2023-06-22,37,Male,Istanbul,False,2023,6,2,3,Thursday,June,False,2023-12-22,626.64,2,0.0,0.0,16.0,9.0,5.0,10.0,1,Toys,Cash on Delivery,Mobile,313.32,0.0,0.562,0
4889,CUST_04890,2023-07-23,42,Male,Kayseri,False,2023,7,3,6,Sunday,July,True,2024-01-23,82.41,3,0.0,0.0,13.0,7.0,3.0,10.0,1,Books,Debit Card,Mobile,27.47,0.0,0.538,0
4890,CUST_04891,2023-06-06,25,Female,Istanbul,False,2023,6,2,1,Tuesday,June,False,2023-12-06,1030.1,5,0.0,0.0,7.0,11.0,5.0,5.0,1,Toys,Digital Wallet,Mobile,206.01999999999998,0.0,1.571,0
4891,CUST_04892,2023-05-24,20,Female,Konya,False,2023,5,2,2,Wednesday,May,False,2023-11-24,334.35,3,65.46,0.16372777069107822,19.0,6.0,4.0,15.0,1,Fashion,Digital Wallet,Mobile,111.45,0.19578286227007624,0.316,1
4892,CUST_04893,2023-02-23,28,Male,Istanbul,True,2023,2,1,3,Thursday,February,False,2023-08-23,513.78,1,0.0,0.0,7.0,8.0,5.0,12.0,1,Electronics,Credit Card,Mobile,513.78,0.0,1.143,0
4893,CUST_04894,2023-02-19,33,Male,Gaziantep,False,2023,2,1,6,Sunday,February,True,2023-08-19,1654.69,2,162.21,0.08927844130111728,15.0,10.0,3.0,2.0,1,Electronics,Credit Card,Mobile,827.345,0.09803044679063752,0.667,1
4894,CUST_04895,2023-07-26,22,Female,Istanbul,True,2023,7,3,2,Wednesday,July,False,2024-01-26,1982.1,3,554.61,0.218633584445995,21.0,12.0,3.0,3.0,1,Sports,Debit Card,Mobile,660.6999999999999,0.27980929317390646,0.571,1
4895,CUST_04896,2023-05-02,34,Female,Istanbul,False,2023,5,2,1,Tuesday,May,False,2023-11-02,769.06,2,51.66,0.06294473145530753,10.0,10.0,4.0,6.0,1,Home & Garden,Digital Wallet,Mobile,384.53,0.06717291238654982,1.0,0
4896,CUST_04897,2023-04-01,18,Male,Adana,True,2023,4,2,5,Saturday,April,True,2023-10-01,306.64,5,81.51,0.20999613551462065,17.0,8.0,2.0,5.0,1,Beauty,Digital Wallet,Mobile,61.327999999999996,0.26581659274719543,0.471,1
4897,CUST_04898,2023-05-05,21,Female,Ankara,True,2023,5,2,4,Friday,May,False,2023-11-05,1064.3,2,0.0,0.0,12.0,8.0,4.0,8.0,1,Home & Garden,Credit Card,Desktop,532.15,0.0,0.667,0
4898,CUST_04899,2023-01-31,43,Male,Adana,False,2023,1,1,1,Tuesday,January,False,2023-07-31,69.58,1,6.92,0.09045751633986927,16.0,12.0,4.0,5.0,1,Food,Credit Card,Desktop,69.58,0.09945386605346364,0.75,0
4899,CUST_04900,2023-03-04,42,Female,Bursa,False,2023,3,1,5,Saturday,March,True,2023-09-04,133.23,3,0.0,0.0,11.0,10.0,5.0,16.0,1,Food,Digital Wallet,Desktop,44.41,0.0,0.909,1
4900,CUST_04901,2023-04-17,30,Female,Istanbul,False,2023,4,2,0,Monday,April,False,2023-10-17,33.73,1,0.0,0.0,16.0,4.0,4.0,4.0,1,Toys,Bank Transfer,Mobile,33.73,0.0,0.25,0
4901,CUST_04902,2023-03-07,22,Female,Kayseri,True,2023,3,1,1,Tuesday,March,False,2023-09-07,1559.28,3,0.0,0.0,16.0,6.0,2.0,4.0,1,Electronics,Bank Transfer,Mobile,519.76,0.0,0.375,1
4902,CUST_04903,2023-02-17,22,Male,Izmir,False,2023,2,1,4,Friday,February,False,2023-08-17,210.38,1,59.78,0.22127628072253477,6.0,8.0,5.0,8.0,1,Electronics,Credit Card,Desktop,210.38,0.28415248597775455,1.333,0
4903,CUST_04904,2023-01-23,30,Male,Adana,True,2023,1,1,0,Monday,January,False,2023-07-23,387.6,1,0.0,0.0,8.0,7.0,4.0,10.0,1,Sports,Credit Card,Mobile,387.6,0.0,0.875,0
4904,CUST_04905,2023-04-02,42,Male,Izmir,False,2023,4,2,6,Sunday,April,True,2023-10-02,1359.41,3,254.08,0.15747231157304972,16.0,10.0,3.0,3.0,1,Home & Garden,Digital Wallet,Mobile,453.1366666666667,0.186904613030653,0.625,1
4905,CUST_04906,2023-01-04,46,Female,Bursa,False,2023,1,1,2,Wednesday,January,False,2023-07-04,84.42,3,0.0,0.0,17.0,8.0,4.0,6.0,1,Books,Credit Card,Mobile,28.14,0.0,0.471,0
4906,CUST_04907,2023-08-05,29,Male,Ankara,True,2023,8,3,5,Saturday,August,True,2024-02-05,2112.6,5,0.0,0.0,12.0,11.0,4.0,12.0,1,Toys,Credit Card,Mobile,422.52,0.0,0.917,1
4907,CUST_04908,2023-07-31,21,Male,Istanbul,True,2023,7,3,0,Monday,July,False,2024-01-31,636.0,1,0.0,0.0,18.0,9.0,5.0,3.0,1,Sports,Digital Wallet,Tablet,636.0,0.0,0.5,0
4908,CUST_04909,2023-12-25,38,Male,Bursa,True,2023,12,4,0,Monday,December,False,2024-06-25,349.1,1,0.0,0.0,10.0,9.0,3.0,5.0,1,Fashion,Credit Card,Mobile,349.1,0.0,0.9,0
4909,CUST_04910,2023-07-10,25,Female,Izmir,True,2023,7,3,0,Monday,July,False,2024-01-10,375.39,1,0.0,0.0,8.0,9.0,2.0,3.0,1,Sports,Digital Wallet,Mobile,375.39,0.0,1.125,0
4910,CUST_04911,2023-08-07,28,Male,Ankara,False,2023,8,3,0,Monday,August,False,2024-02-07,280.8,2,32.26,0.10304733916821056,13.0,6.0,3.0,7.0,1,Fashion,Credit Card,Mobile,140.4,0.11488603988603988,0.462,0
4911,CUST_04912,2023-09-26,50,Male,Antalya,True,2023,9,3,1,Tuesday,September,False,2024-03-26,52.76,1,7.7,0.12735693020178632,20.0,7.0,4.0,6.0,1,Books,Bank Transfer,Mobile,52.76,0.14594389689158455,0.35,0
4912,CUST_04913,2023-02-13,44,Male,Antalya,False,2023,2,1,0,Monday,February,False,2023-08-13,4540.08,3,0.0,0.0,19.0,7.0,3.0,8.0,1,Electronics,Debit Card,Mobile,1513.36,0.0,0.368,0
4913,CUST_04914,2023-04-17,36,Female,Istanbul,False,2023,4,2,0,Monday,April,False,2023-10-17,909.03,3,0.0,0.0,12.0,7.0,2.0,5.0,1,Home & Garden,Credit Card,Mobile,303.01,0.0,0.583,1
4914,CUST_04915,2023-02-18,19,Female,Ankara,True,2023,2,1,5,Saturday,February,True,2023-08-18,158.32,2,9.62,0.057282362748600685,7.0,10.0,4.0,8.0,1,Books,Digital Wallet,Mobile,79.16,0.06076301162203133,1.429,0
4915,CUST_04916,2023-09-06,37,Female,Izmir,False,2023,9,3,2,Wednesday,September,False,2024-03-06,43.48,2,0.0,0.0,18.0,12.0,5.0,3.0,1,Books,Credit Card,Mobile,21.74,0.0,0.667,1
4916,CUST_04917,2023-01-10,47,Female,Istanbul,True,2023,1,1,1,Tuesday,January,False,2023-07-10,2374.61,3,127.84,0.05108593578293273,10.0,9.0,4.0,9.0,1,Sports,Credit Card,Desktop,791.5366666666667,0.05383620889324984,0.9,1
4917,CUST_04918,2023-01-27,30,Female,Istanbul,True,2023,1,1,4,Friday,January,False,2023-07-27,150.49,1,0.0,0.0,16.0,12.0,4.0,3.0,1,Fashion,Digital Wallet,Desktop,150.49,0.0,0.75,1
4918,CUST_04919,2023-05-23,51,Male,Istanbul,True,2023,5,2,1,Tuesday,May,False,2023-11-23,23.37,1,0.0,0.0,14.0,10.0,4.0,9.0,1,Food,Digital Wallet,Mobile,23.37,0.0,0.714,0
4919,CUST_04920,2023-07-21,50,Female,Eskisehir,True,2023,7,3,4,Friday,July,False,2024-01-21,69.33,1,9.91,0.1250630994447249,22.0,8.0,4.0,15.0,1,Fashion,Credit Card,Mobile,69.33,0.14293956440213473,0.364,0
4920,CUST_04921,2023-01-24,54,Male,Adana,False,2023,1,1,1,Tuesday,January,False,2023-07-24,134.46,2,10.22,0.07063865081559303,14.0,6.0,4.0,2.0,1,Beauty,Credit Card,Desktop,67.23,0.0760077346422728,0.429,0
4921,CUST_04922,2023-04-16,38,Male,Istanbul,True,2023,4,2,6,Sunday,April,True,2023-10-16,82.68,2,0.0,0.0,19.0,8.0,3.0,6.0,1,Books,Digital Wallet,Tablet,41.34,0.0,0.421,0
4922,CUST_04923,2023-08-08,42,Female,Istanbul,False,2023,8,3,1,Tuesday,August,False,2024-02-08,124.86,2,0.0,0.0,15.0,11.0,4.0,5.0,1,Beauty,Cash on Delivery,Desktop,62.43,0.0,0.733,1
4923,CUST_04924,2023-02-01,51,Male,Adana,True,2023,2,1,2,Wednesday,February,False,2023-08-01,156.53,2,4.23,0.026312515551132128,2.0,10.0,5.0,4.0,1,Books,Credit Card,Mobile,78.265,0.027023573755829557,5.0,0
4924,CUST_04925,2023-01-15,40,Male,Izmir,False,2023,1,1,6,Sunday,January,True,2023-07-15,1786.16,4,0.0,0.0,14.0,7.0,2.0,6.0,1,Home & Garden,Credit Card,Mobile,446.54,0.0,0.5,1
4925,CUST_04926,2023-04-21,28,Male,Gaziantep,True,2023,4,2,4,Friday,April,False,2023-10-21,4667.95,5,1180.0,0.20178011097906104,10.0,4.0,5.0,8.0,1,Home & Garden,Credit Card,Mobile,933.5899999999999,0.2527876262599214,0.4,0
4926,CUST_04927,2023-03-08,29,Female,Kayseri,True,2023,3,1,2,Wednesday,March,False,2023-09-08,181.19,3,19.84,0.09869173755160919,24.0,8.0,5.0,6.0,1,Food,Credit Card,Desktop,60.39666666666667,0.10949831668414371,0.333,0
4927,CUST_04928,2023-05-02,37,Male,Bursa,True,2023,5,2,1,Tuesday,May,False,2023-11-02,213.62,1,0.0,0.0,10.0,11.0,5.0,2.0,1,Fashion,Debit Card,Mobile,213.62,0.0,1.1,1
4928,CUST_04929,2023-03-19,19,Female,Istanbul,False,2023,3,1,6,Sunday,March,True,2023-09-19,55.36,4,0.0,0.0,15.0,12.0,5.0,9.0,1,Books,Credit Card,Mobile,13.84,0.0,0.8,1
4929,CUST_04930,2023-05-14,33,Female,Gaziantep,False,2023,5,2,6,Sunday,May,True,2023-11-14,2098.14,2,68.14,0.031454844249127534,9.0,14.0,4.0,13.0,1,Home & Garden,Digital Wallet,Mobile,1049.07,0.03247638384473867,1.556,1
4930,CUST_04931,2023-04-14,48,Female,Kayseri,True,2023,4,2,4,Friday,April,False,2023-10-14,268.55,5,0.0,0.0,17.0,6.0,3.0,6.0,1,Beauty,Digital Wallet,Mobile,53.71,0.0,0.353,1
4931,CUST_04932,2023-03-22,18,Male,Bursa,False,2023,3,1,2,Wednesday,March,False,2023-09-22,6009.0,5,0.0,0.0,13.0,11.0,5.0,7.0,1,Electronics,Credit Card,Mobile,1201.8,0.0,0.846,0
4932,CUST_04933,2024-01-18,53,Female,Antalya,False,2024,1,1,3,Thursday,January,False,2024-07-18,598.76,4,0.0,0.0,17.0,8.0,5.0,8.0,1,Food,Cash on Delivery,Mobile,149.69,0.0,0.471,1
4933,CUST_04934,2023-04-17,48,Male,Ankara,True,2023,4,2,0,Monday,April,False,2023-10-17,276.98,1,0.0,0.0,12.0,6.0,5.0,8.0,1,Toys,Digital Wallet,Desktop,276.98,0.0,0.5,0
4934,CUST_04935,2023-04-19,29,Male,Ankara,True,2023,4,2,2,Wednesday,April,False,2023-10-19,167.15,1,0.0,0.0,15.0,9.0,5.0,7.0,1,Fashion,Credit Card,Mobile,167.15,0.0,0.6,0
4935,CUST_04936,2023-02-19,41,Male,Adana,True,2023,2,1,6,Sunday,February,True,2023-08-19,1554.06,3,0.0,0.0,11.0,10.0,5.0,7.0,1,Electronics,Credit Card,Desktop,518.02,0.0,0.909,1
4936,CUST_04937,2023-02-05,35,Female,Kayseri,False,2023,2,1,6,Sunday,February,True,2023-08-05,324.79,1,0.0,0.0,15.0,12.0,4.0,10.0,1,Sports,Debit Card,Mobile,324.79,0.0,0.8,0
4937,CUST_04938,2023-05-22,49,Male,Antalya,True,2023,5,2,0,Monday,May,False,2023-11-22,66.56,2,0.0,0.0,14.0,8.0,4.0,12.0,1,Food,Credit Card,Mobile,33.28,0.0,0.571,1
4938,CUST_04939,2023-06-12,46,Male,Gaziantep,True,2023,6,2,0,Monday,June,False,2023-12-12,246.43,1,48.33,0.16396390283620574,6.0,8.0,4.0,8.0,1,Fashion,Credit Card,Mobile,246.43,0.19612060219940752,1.333,0
4939,CUST_04940,2023-05-25,18,Male,Istanbul,False,2023,5,2,3,Thursday,May,False,2023-11-25,19323.9,5,0.0,0.0,11.0,5.0,5.0,3.0,1,Electronics,Credit Card,Desktop,3864.78,0.0,0.455,1
4940,CUST_04941,2023-03-15,42,Male,Istanbul,True,2023,3,1,2,Wednesday,March,False,2023-09-15,1935.62,2,299.52,0.13400502876777293,18.0,8.0,4.0,8.0,1,Electronics,Credit Card,Desktop,967.81,0.1547411165414699,0.444,1
4941,CUST_04942,2023-04-11,32,Female,Bursa,False,2023,4,2,1,Tuesday,April,False,2023-10-11,442.85,2,34.05,0.07139861606206752,19.0,6.0,4.0,3.0,1,Fashion,Credit Card,Mobile,221.425,0.0768883369086598,0.316,0
4942,CUST_04943,2023-02-08,35,Female,Istanbul,True,2023,2,1,2,Wednesday,February,False,2023-08-08,108.54,2,0.0,0.0,6.0,4.0,4.0,7.0,1,Food,Debit Card,Mobile,54.27,0.0,0.667,1
4943,CUST_04944,2023-04-14,26,Female,Antalya,False,2023,4,2,4,Friday,April,False,2023-10-14,118.2,1,0.0,0.0,6.0,9.0,5.0,7.0,1,Beauty,Digital Wallet,Desktop,118.2,0.0,1.5,1
4944,CUST_04945,2023-02-03,55,Male,Ankara,False,2023,2,1,4,Friday,February,False,2023-08-03,195.28,4,0.0,0.0,15.0,11.0,4.0,2.0,1,Books,Credit Card,Mobile,48.82,0.0,0.733,0
4945,CUST_04946,2023-02-22,47,Male,Gaziantep,True,2023,2,1,2,Wednesday,February,False,2023-08-22,88.63,4,4.93,0.05269345874305258,16.0,6.0,3.0,5.0,1,Books,Cash on Delivery,Desktop,22.1575,0.055624506374816654,0.375,0
4946,CUST_04947,2023-05-07,26,Female,Gaziantep,True,2023,5,2,6,Sunday,May,True,2023-11-07,575.93,1,147.48,0.20386779281458647,17.0,9.0,2.0,7.0,1,Home & Garden,Digital Wallet,Desktop,575.93,0.25607278662337435,0.529,0
4947,CUST_04948,2023-04-05,18,Male,Izmir,True,2023,4,2,2,Wednesday,April,False,2023-10-05,4595.47,3,936.59,0.16930221291887654,13.0,8.0,4.0,12.0,1,Home & Garden,Credit Card,Tablet,1531.8233333333335,0.20380722755235045,0.615,1
4948,CUST_04949,2023-02-25,30,Female,Istanbul,False,2023,2,1,5,Saturday,February,True,2023-08-25,291.6,1,0.0,0.0,4.0,9.0,5.0,3.0,1,Fashion,Credit Card,Mobile,291.6,0.0,2.25,1
4949,CUST_04950,2023-03-21,40,Male,Antalya,True,2023,3,1,1,Tuesday,March,False,2023-09-21,844.88,1,0.0,0.0,5.0,8.0,4.0,3.0,1,Sports,Debit Card,Mobile,844.88,0.0,1.6,1
4950,CUST_04951,2023-02-24,37,Female,Eskisehir,False,2023,2,1,4,Friday,February,False,2023-08-24,280.56,4,0.0,0.0,20.0,11.0,3.0,7.0,1,Books,Credit Card,Tablet,70.14,0.0,0.55,0
4951,CUST_04952,2023-03-26,50,Male,Antalya,True,2023,3,1,6,Sunday,March,True,2023-09-26,47.41,1,0.0,0.0,12.0,10.0,5.0,4.0,1,Books,Credit Card,Desktop,47.41,0.0,0.833,0
4952,CUST_04953,2023-04-09,44,Male,Istanbul,True,2023,4,2,6,Sunday,April,True,2023-10-09,69.16,1,5.49,0.07354320160750168,10.0,8.0,3.0,6.0,1,Fashion,Bank Transfer,Mobile,69.16,0.07938114517061887,0.8,1
4953,CUST_04954,2023-08-27,46,Female,Istanbul,True,2023,8,3,6,Sunday,August,True,2024-02-27,359.94,2,10.78,0.029078549848942595,5.0,9.0,5.0,7.0,1,Food,Cash on Delivery,Tablet,179.97,0.029949436017113962,1.8,0
4954,CUST_04955,2023-01-05,38,Female,Ankara,True,2023,1,1,3,Thursday,January,False,2023-07-05,729.54,1,42.68,0.05526922379632747,13.0,12.0,5.0,8.0,1,Electronics,Digital Wallet,Mobile,729.54,0.05850261808811032,0.923,1
4955,CUST_04956,2023-02-21,18,Male,Istanbul,True,2023,2,1,1,Tuesday,February,False,2023-08-21,361.92,3,0.0,0.0,16.0,9.0,1.0,9.0,1,Toys,Debit Card,Desktop,120.64,0.0,0.562,1
4956,CUST_04957,2023-03-03,32,Female,Gaziantep,False,2023,3,1,4,Friday,March,False,2023-09-03,315.24,1,41.86,0.11722206664799775,29.0,8.0,4.0,6.0,1,Home & Garden,Credit Card,Desktop,315.24,0.13278771729475955,0.276,0
4957,CUST_04958,2023-07-10,47,Female,Gaziantep,True,2023,7,3,0,Monday,July,False,2024-01-10,370.0,2,0.0,0.0,11.0,9.0,3.0,5.0,1,Fashion,Debit Card,Desktop,185.0,0.0,0.818,0
4958,CUST_04959,2023-01-26,34,Male,Ankara,True,2023,1,1,3,Thursday,January,False,2023-07-26,1038.0,4,259.96,0.20028352183426298,15.0,12.0,2.0,3.0,1,Fashion,Bank Transfer,Mobile,259.5,0.2504431599229287,0.8,1
4959,CUST_04960,2023-07-23,41,Male,Ankara,True,2023,7,3,6,Sunday,July,True,2024-01-23,38.3,2,9.34,0.19605373635600334,15.0,8.0,5.0,12.0,1,Food,Debit Card,Desktop,19.15,0.24386422976501307,0.533,0
4960,CUST_04961,2023-03-02,31,Male,Istanbul,False,2023,3,1,3,Thursday,March,False,2023-09-02,57.9,1,0.0,0.0,12.0,10.0,5.0,2.0,1,Books,Credit Card,Mobile,57.9,0.0,0.833,1
4961,CUST_04962,2023-02-08,22,Male,Konya,True,2023,2,1,2,Wednesday,February,False,2023-08-08,229.6,2,0.0,0.0,16.0,11.0,5.0,6.0,1,Books,Credit Card,Mobile,114.8,0.0,0.687,0
4962,CUST_04963,2023-01-09,33,Female,Izmir,False,2023,1,1,0,Monday,January,False,2023-07-09,105.24,4,0.0,0.0,15.0,11.0,5.0,5.0,1,Books,Bank Transfer,Desktop,26.31,0.0,0.733,1
4963,CUST_04964,2023-08-18,38,Male,Antalya,False,2023,8,3,4,Friday,August,False,2024-02-18,36.56,2,0.0,0.0,13.0,5.0,4.0,3.0,1,Food,Credit Card,Mobile,18.28,0.0,0.385,1
4964,CUST_04965,2023-01-16,27,Male,Izmir,True,2023,1,1,0,Monday,January,False,2023-07-16,224.4,2,0.0,0.0,16.0,15.0,2.0,4.0,1,Fashion,Debit Card,Desktop,112.2,0.0,0.937,1
4965,CUST_04966,2024-02-14,32,Male,Antalya,False,2024,2,1,2,Wednesday,February,False,2024-08-14,1510.24,2,321.68,0.17559718765011573,12.0,9.0,4.0,8.0,1,Electronics,Debit Card,Mobile,755.12,0.21299925839601652,0.75,0
4966,CUST_04967,2023-02-25,23,Female,Ankara,True,2023,2,1,5,Saturday,February,True,2023-08-25,100.71,3,26.88,0.21067481777568772,15.0,11.0,5.0,4.0,1,Books,Debit Card,Mobile,33.57,0.2669049746797736,0.733,1
4967,CUST_04968,2023-02-16,48,Male,Ankara,True,2023,2,1,3,Thursday,February,False,2023-08-16,204.46,2,0.0,0.0,18.0,9.0,3.0,4.0,1,Sports,Credit Card,Desktop,102.23,0.0,0.5,0
4968,CUST_04969,2023-03-22,31,Male,Antalya,False,2023,3,1,2,Wednesday,March,False,2023-09-22,128.05,1,0.0,0.0,28.0,10.0,5.0,4.0,1,Food,Bank Transfer,Mobile,128.05,0.0,0.357,1
4969,CUST_04970,2024-01-17,52,Male,Bursa,True,2024,1,1,2,Wednesday,January,False,2024-07-17,428.24,2,27.2,0.05972246618654488,15.0,6.0,5.0,7.0,1,Sports,Debit Card,Mobile,214.12,0.06351578554081823,0.4,0
4970,CUST_04971,2023-01-26,53,Female,Ankara,False,2023,1,1,3,Thursday,January,False,2023-07-26,1010.65,5,0.0,0.0,14.0,7.0,3.0,3.0,1,Toys,Bank Transfer,Mobile,202.13,0.0,0.5,0
4971,CUST_04972,2023-05-07,34,Male,Istanbul,True,2023,5,2,6,Sunday,May,True,2023-11-07,118.71,3,0.0,0.0,13.0,8.0,4.0,11.0,1,Books,Credit Card,Mobile,39.57,0.0,0.615,0
4972,CUST_04973,2023-11-17,22,Female,Ankara,True,2023,11,4,4,Friday,November,False,2024-05-17,1996.3,5,0.0,0.0,13.0,13.0,3.0,3.0,1,Fashion,Debit Card,Desktop,399.26,0.0,1.0,1
4973,CUST_04974,2023-02-26,18,Male,Izmir,False,2023,2,1,6,Sunday,February,True,2023-08-26,216.77,1,0.0,0.0,14.0,12.0,1.0,2.0,1,Fashion,Debit Card,Mobile,216.77,0.0,0.857,0
4974,CUST_04975,2023-01-11,18,Male,Antalya,True,2023,1,1,2,Wednesday,January,False,2023-07-11,169.24,1,0.0,0.0,17.0,10.0,5.0,7.0,1,Beauty,Credit Card,Desktop,169.24,0.0,0.588,0
4975,CUST_04976,2023-04-23,18,Female,Kayseri,True,2023,4,2,6,Sunday,April,True,2023-10-23,116.69,1,0.0,0.0,20.0,8.0,5.0,4.0,1,Books,Credit Card,Desktop,116.69,0.0,0.4,1
4976,CUST_04977,2023-01-21,51,Male,Istanbul,True,2023,1,1,5,Saturday,January,True,2023-07-21,60.69,1,0.0,0.0,4.0,5.0,4.0,6.0,1,Beauty,Credit Card,Tablet,60.69,0.0,1.25,0
4977,CUST_04978,2023-04-21,36,Female,Istanbul,True,2023,4,2,4,Friday,April,False,2023-10-21,58.38,1,15.74,0.21235833783054506,29.0,8.0,4.0,9.0,1,Toys,Debit Card,Mobile,58.38,0.2696128811236725,0.276,0
4978,CUST_04979,2023-01-06,39,Female,Istanbul,True,2023,1,1,4,Friday,January,False,2023-07-06,115.95,1,0.0,0.0,19.0,8.0,5.0,3.0,1,Toys,Credit Card,Desktop,115.95,0.0,0.421,0
4979,CUST_04980,2023-08-20,18,Female,Izmir,True,2023,8,3,6,Sunday,August,True,2024-02-20,57.58,2,0.0,0.0,13.0,8.0,4.0,6.0,1,Food,Credit Card,Desktop,28.79,0.0,0.615,1
4980,CUST_04981,2023-06-17,20,Female,Izmir,False,2023,6,2,5,Saturday,June,True,2023-12-17,6371.8,4,0.0,0.0,10.0,12.0,4.0,6.0,1,Electronics,Credit Card,Mobile,1592.95,0.0,1.2,1
4981,CUST_04982,2023-03-17,45,Male,Adana,True,2023,3,1,4,Friday,March,False,2023-09-17,1682.53,1,267.57,0.1372083482898313,23.0,4.0,3.0,2.0,1,Electronics,Credit Card,Mobile,1682.53,0.15902836799343845,0.174,0
4982,CUST_04983,2023-02-16,38,Male,Istanbul,True,2023,2,1,3,Thursday,February,False,2023-08-16,196.67,1,0.0,0.0,11.0,7.0,5.0,7.0,1,Fashion,Bank Transfer,Tablet,196.67,0.0,0.636,0
4983,CUST_04984,2023-04-07,33,Female,Bursa,False,2023,4,2,4,Friday,April,False,2023-10-07,61.54,1,11.79,0.1607800354561571,18.0,9.0,5.0,5.0,1,Toys,Credit Card,Desktop,61.54,0.19158271043223918,0.5,0
4984,CUST_04985,2023-02-09,41,Female,Konya,True,2023,2,1,3,Thursday,February,False,2023-08-09,737.87,5,183.03,0.1987512216310131,12.0,7.0,3.0,11.0,1,Beauty,Debit Card,Desktop,147.574,0.24805182484719532,0.583,1
4985,CUST_04986,2023-07-02,54,Female,Kayseri,True,2023,7,3,6,Sunday,July,True,2024-01-02,352.81,2,9.07,0.025063556980214438,28.0,13.0,1.0,4.0,1,Fashion,Digital Wallet,Mobile,176.405,0.02570788809840991,0.464,0
4986,CUST_04987,2023-07-22,32,Male,Kayseri,False,2023,7,3,5,Saturday,July,True,2024-01-22,239.49,1,87.34,0.2672337300737387,11.0,12.0,3.0,5.0,1,Electronics,Credit Card,Mobile,239.49,0.3646916363940039,1.091,0
4987,CUST_04988,2023-09-20,35,Male,Adana,False,2023,9,3,2,Wednesday,September,False,2024-03-20,3355.7,2,0.0,0.0,17.0,5.0,5.0,3.0,1,Electronics,Credit Card,Desktop,1677.85,0.0,0.294,0
4988,CUST_04989,2023-01-13,37,Female,Konya,False,2023,1,1,4,Friday,January,False,2023-07-13,701.94,3,0.0,0.0,17.0,8.0,4.0,12.0,1,Toys,Credit Card,Desktop,233.98000000000002,0.0,0.471,1
4989,CUST_04990,2023-02-18,63,Male,Istanbul,False,2023,2,1,5,Saturday,February,True,2023-08-18,945.75,3,224.49,0.19183244462674323,14.0,11.0,2.0,7.0,1,Home & Garden,Bank Transfer,Tablet,315.25,0.2373671689135607,0.786,0
4990,CUST_04991,2023-04-12,18,Male,Istanbul,True,2023,4,2,2,Wednesday,April,False,2023-10-12,73.64,2,0.0,0.0,18.0,5.0,3.0,6.0,1,Books,Debit Card,Tablet,36.82,0.0,0.278,1
4991,CUST_04992,2023-04-10,43,Male,Istanbul,True,2023,4,2,0,Monday,April,False,2023-10-10,293.95,5,0.0,0.0,12.0,8.0,5.0,6.0,1,Beauty,Credit Card,Mobile,58.79,0.0,0.667,0
4992,CUST_04993,2023-01-25,33,Female,Adana,True,2023,1,1,2,Wednesday,January,False,2023-07-25,1491.58,2,0.0,0.0,15.0,8.0,5.0,5.0,1,Home & Garden,Credit Card,Mobile,745.79,0.0,0.533,1
4993,CUST_04994,2023-01-12,41,Male,Kayseri,False,2023,1,1,3,Thursday,January,False,2023-07-12,1065.52,5,275.58,0.20548803221236295,14.0,7.0,4.0,6.0,1,Home & Garden,Bank Transfer,Mobile,213.10399999999998,0.258634281852992,0.5,1
4994,CUST_04995,2023-01-16,27,Female,Istanbul,True,2023,1,1,0,Monday,January,False,2023-07-16,3066.18,2,501.44,0.14055308581070855,7.0,5.0,4.0,5.0,1,Electronics,Debit Card,Desktop,1533.09,0.16353899640595138,0.714,1
4995,CUST_04996,2023-07-07,34,Male,Antalya,False,2023,7,3,4,Friday,July,False,2024-01-07,341.38,2,0.0,0.0,18.0,7.0,3.0,8.0,1,Sports,Bank Transfer,Mobile,170.69,0.0,0.389,1
4996,CUST_04997,2023-01-31,43,Female,Adana,True,2023,1,1,1,Tuesday,January,False,2023-07-31,148.68,2,0.0,0.0,20.0,12.0,4.0,4.0,1,Fashion,Debit Card,Tablet,74.34,0.0,0.6,0
4997,CUST_04998,2023-04-27,72,Female,Kayseri,False,2023,4,2,3,Thursday,April,False,2023-10-27,482.9,5,0.0,0.0,9.0,8.0,3.0,12.0,1,Toys,Credit Card,Desktop,96.58,0.0,0.889,0
4998,CUST_04999,2023-10-12,44,Male,Antalya,False,2023,10,4,3,Thursday,October,False,2024-04-12,6036.7,5,0.0,0.0,7.0,18.0,5.0,7.0,1,Electronics,Digital Wallet,Desktop,1207.34,0.0,2.571,0
4999,CUST_05000,2023-02-22,24,Female,Eskisehir,True,2023,2,1,2,Wednesday,February,False,2023-08-22,156.12,1,0.0,0.0,15.0,8.0,5.0,7.0,1,Beauty,Credit Card,Mobile,156.12,0.0,0.533,0
