Customer_ID,Avg_Days_Between_Purchases,Std_Days_Between_Purchases,Total_Num_Purchases,Customer_Lifetime_Days,Purchase_Rate,Recency_Days,Low_History_Flag,CV_Days_Between,Age,Gender,City,Total_Spend,Avg_Order_Value,Max_Order_Value,Total_Quantity,Avg_Quantity,Avg_Discount_Amount,Category_Dominance,Payment_Dominance,Device_Dominance,Discount_Ratio
CUST_00001,63.333333333333336,64.93329911018947,4,190,0.020942408376963352,112,0,1.0252626013409505,40,Male,Ankara,2418.95,604.7375,1664.1,11,2.75,34.5125,0.25,0.5,0.75,0.057070216321841775
CUST_00002,54.5,26.16295090390226,3,109,0.02727272727272727,284,0,0.4800541362173968,33,Male,Istanbul,1142.24,380.74666666666667,534.45,10,3.3333333333333335,23.683333333333334,0.3333333333333333,0.3333333333333333,0.6666666666666666,0.06220233909983277
CUST_00003,177.5,187.3832970144351,3,355,0.008426966292134831,83,0,1.0556805406127017,42,Male,Konya,3097.25,1032.4166666666667,2634.25,8,2.6666666666666665,0.0,0.3333333333333333,0.3333333333333333,0.6666666666666666,0.0
CUST_00004,29.0,0.0,2,29,0.06666666666666667,42,1,0.0,53,Male,Izmir,495.87,247.935,383.22,6,3.0,48.89,0.5,0.5,0.5,0.19718877852183525
CUST_00005,32.333333333333336,29.871948937646057,4,97,0.04081632653061224,279,0,0.9238746808382899,32,Male,Ankara,2772.1800000000003,693.0450000000001,1601.01,13,3.25,0.0,0.25,0.5,0.75,0.0
CUST_00006,37.666666666666664,35.92121007612819,4,113,0.03508771929824561,212,0,0.9536604191805604,32,Female,Istanbul,1377.79,344.4475,695.35,10,2.5,3.1925,0.5,0.5,0.5,0.00926846613992418
CUST_00007,255.0,0.0,2,255,0.0078125,81,1,0.0,53,Female,Ankara,1481.96,740.98,1331.55,8,4.0,75.93499999999999,0.5,0.5,0.5,0.10247914909649496
CUST_00008,70.0,100.14489502715553,4,210,0.018957345971563982,169,0,1.43064133709306,44,Female,Konya,5651.39,1412.8475,4791.44,8,2.0,47.5375,0.5,0.75,0.75,0.03364658957626595
CUST_00009,34.0,0.0,2,34,0.05714285714285714,39,1,0.0,29,Male,Ankara,526.75,263.375,470.86,3,1.5,1.52,0.5,0.5,1.0,0.00577123870613673
CUST_00010,125.33333333333333,48.01388688008223,4,376,0.010610079575596816,22,0,0.3830895199228142,41,Male,Kayseri,1636.29,409.0725,546.25,12,3.0,3.4025,0.25,0.75,0.5,0.008317596493732538
CUST_00011,48.714285714285715,56.11213263253704,8,341,0.023391812865497075,12,0,1.151861936553448,29,Male,Kayseri,7099.17,887.39625,2531.1,27,3.375,34.790000000000006,0.25,0.625,0.75,0.03920458302679938
CUST_00012,18.0,0.0,2,18,0.10526315789473684,53,1,0.0,29,Other,Istanbul,1884.5500000000002,942.2750000000001,1090.15,8,4.0,0.0,1.0,0.5,0.5,0.0
CUST_00013,190.5,70.0035713374682,3,381,0.007853403141361256,30,0,0.3674728134907894,37,Female,Istanbul,721.7,240.5666666666667,627.38,3,1.0,57.346666666666664,0.6666666666666666,0.6666666666666666,0.6666666666666666,0.23838159801143852
CUST_00014,86.33333333333333,121.12940738455437,4,259,0.015384615384615385,170,0,1.4030433125271553,18,Female,Konya,580.74,145.185,455.85,8,2.0,0.0,0.5,0.75,0.75,0.0
CUST_00015,64.75,37.77455051574627,5,259,0.019230769230769232,148,0,0.5833907325460315,18,Male,Ankara,17691.67,3538.334,10861.25,11,2.2,558.2,0.4,0.4,0.8,0.15775786001045752
CUST_00016,37.5,32.15673421782062,11,375,0.02925531914893617,53,0,0.8575128896082063,28,Female,Istanbul,8643.88,785.8072727272727,4553.15,34,3.090909090909091,121.28181818181817,0.36363636363636365,0.36363636363636365,0.45454545454545453,0.15434041174822596
CUST_00017,253.0,0.0,2,253,0.007874015748031496,181,1,0.0,22,Male,Ankara,970.73,485.365,903.51,4,2.0,0.0,0.5,0.5,1.0,0.0
CUST_00018,110.5,98.1648273738274,5,442,0.011286681715575621,8,0,0.888369470456633,38,Female,Bursa,3343.27,668.654,2005.98,18,3.6,0.0,0.2,0.4,0.4,0.0
CUST_00019,376.0,0.0,2,376,0.005305039787798408,27,1,0.0,24,Female,Gaziantep,994.6700000000001,497.33500000000004,673.1,3,1.5,124.35000000000001,0.5,0.5,0.5,0.25003267365049175
CUST_00020,144.5,136.47160876900367,3,289,0.010344827586206896,50,0,0.9444401925575328,18,Female,Istanbul,2881.0699999999997,960.3566666666666,1851.52,6,2.0,0.0,0.3333333333333333,0.6666666666666666,0.6666666666666666,0.0
CUST_00021,107.66666666666667,64.08067831517808,4,323,0.012345679012345678,8,0,0.595176573250788,52,Female,Istanbul,5649.570000000001,1412.3925000000002,4250.96,14,3.5,43.489999999999995,0.5,0.5,1.0,0.030791723950111788
CUST_00022,59.5,53.94132614857246,5,238,0.02092050209205021,65,0,0.9065768948234548,32,Male,Kayseri,959.79,191.958,351.2,14,2.8,0.544,0.4,0.6,0.6,0.002833953245845689
CUST_00023,39.0,0.0,2,39,0.05,103,1,0.0,35,Female,Adana,351.5,175.75,245.95,2,1.0,42.615,0.5,0.5,1.0,0.2424751053059738
CUST_00024,46.5,64.34671708797582,3,93,0.031914893617021274,344,0,1.3838003377242039,18,Female,Bursa,413.58000000000004,137.86,275.17,8,2.6666666666666665,29.92,0.6666666666666666,0.6666666666666666,0.6666666666666666,0.21703176978796046
CUST_00025,130.0,35.35533905932738,3,260,0.011494252873563218,163,0,0.27196414451817874,28,Male,Adana,1150.98,383.66,817.59,4,1.3333333333333333,31.02333333333333,0.6666666666666666,0.3333333333333333,0.6666666666666666,0.08086152648822344
CUST_00026,36.5,43.1335136523794,3,73,0.04054054054054054,276,0,1.1817400676887488,36,Male,Izmir,967.05,322.34999999999997,433.64,7,2.3333333333333335,0.0,0.6666666666666666,0.6666666666666666,0.6666666666666666,0.0
CUST_00027,102.75,72.59648751833659,5,411,0.012135922330097087,30,0,0.7065351514530553,21,Male,Adana,2823.5,564.7,1259.36,14,2.8,72.50399999999999,0.4,0.4,0.6,0.12839383720844014
CUST_00028,147.5,194.45436482630058,3,295,0.010135135135135136,118,0,1.3183346678506163,39,Male,Ankara,1470.33,490.10999999999996,673.5,8,2.6666666666666665,6.426666666666667,0.3333333333333333,0.6666666666666666,0.6666666666666666,0.013112702563820295
CUST_00029,45.625,37.03256289113291,9,365,0.02459016393442623,1,0,0.8116725935224179,27,Male,Istanbul,15526.890000000001,1725.21,9357.51,22,2.4444444444444446,365.1344444444444,0.3333333333333333,0.3333333333333333,0.5555555555555556,0.2116463759384643
CUST_00030,57.0,54.033939951355265,8,399,0.02,47,0,0.9479638421647618,31,Female,Adana,21830.75,2728.84375,13054.2,23,2.875,8.0825,0.25,0.375,0.5,0.0029618771675872326
CUST_00031,119.33333333333333,109.82865442740038,4,358,0.011142061281337047,17,0,0.920351845031133,27,Male,Izmir,645.71,161.4275,180.02,9,2.25,0.0,0.5,0.25,0.5,0.0
CUST_00032,117.0,0.0,2,117,0.01694915254237288,221,1,0.0,57,Male,Eskisehir,134.03,67.015,88.67,3,1.5,0.0,0.5,0.5,0.5,0.0
CUST_00033,96.0,19.79898987322333,3,192,0.015544041450777202,139,0,0.2062394756977485,34,Female,Ankara,457.26,152.42,332.23,4,1.3333333333333333,6.93,0.3333333333333333,1.0,0.6666666666666666,0.04546647391768486
CUST_00034,138.0,115.96551211459379,3,276,0.010830324909747292,149,0,0.8403297918424928,22,Female,Kayseri,8330.43,2776.81,4937.34,9,3.0,356.41,0.3333333333333333,0.3333333333333333,0.6666666666666666,0.12835231790135002
CUST_00035,145.5,127.9863273947651,3,291,0.010273972602739725,17,0,0.8796311100696494,44,Female,Kayseri,9628.189999999999,3209.396666666666,9406.46,6,2.0,7.083333333333333,0.3333333333333333,0.6666666666666666,1.0,0.0022070607241214415
CUST_00036,98.0,48.28043081829324,4,294,0.013559322033898305,36,0,0.492657452302406,20,Male,Istanbul,2798.11,699.5275,2424.48,13,3.25,24.955,0.25,0.25,0.75,0.035674079953005304
CUST_00037,83.0,0.0,2,83,0.023809523809523808,5,1,0.0,37,Female,Gaziantep,3658.48,1829.24,3599.4,4,2.0,0.0,0.5,0.5,0.5,0.0
CUST_00038,134.66666666666666,141.25980791907276,4,404,0.009876543209876543,43,0,1.0489589619067856,18,Female,Izmir,1521.6399999999999,380.40999999999997,563.88,16,4.0,0.0,0.5,0.75,0.75,0.0
CUST_00039,102.33333333333333,127.5003267969668,4,307,0.012987012987012988,62,0,1.2459315200426901,19,Male,Kayseri,3753.8599999999997,938.4649999999999,2781.66,7,1.75,0.0,0.25,1.0,0.75,0.0
CUST_00040,19.0,2.6457513110645907,4,57,0.06896551724137931,38,0,0.1392500616744489,37,Male,Izmir,3237.23,809.3075,1401.02,10,2.5,1.1925,0.5,0.75,0.75,0.001473481956520257
CUST_00041,88.25,90.14201757966887,5,353,0.014124293785310734,16,0,1.0214392811130832,43,Female,Adana,9452.599999999999,1890.5199999999998,4271.7,13,2.6,19.272,0.4,0.6,0.8,0.010194020687327285
CUST_00042,148.5,48.79036790187178,3,297,0.010067114093959731,93,0,0.3285546637933813,37,Female,Izmir,4664.67,1554.89,3465.84,10,3.3333333333333335,42.196666666666665,0.3333333333333333,0.6666666666666666,0.6666666666666666,0.027138039758136345
CUST_00043,150.5,43.1335136523794,3,301,0.009933774834437087,114,0,0.2866014177128105,33,Female,Istanbul,1930.25,643.4166666666666,687.22,9,3.0,26.243333333333336,0.3333333333333333,0.6666666666666666,0.6666666666666666,0.040787462700498704
CUST_00044,148.0,96.16652224137046,3,296,0.010101010101010102,60,0,0.6497737945378153,31,Female,Istanbul,663.34,221.11333333333334,271.36,8,2.6666666666666665,35.14,0.3333333333333333,0.3333333333333333,0.6666666666666666,0.15892302518049706
CUST_00045,77.66666666666667,120.73248665265423,4,233,0.017094017094017096,75,0,1.5544955162853054,18,Female,Izmir,7793.36,1948.34,5570.24,12,3.0,295.445,0.25,0.5,0.75,0.15163934418446506
CUST_00046,174.5,150.61374439273462,3,349,0.008571428571428572,90,0,0.8631160087657227,26,Female,Adana,2027.53,675.8433333333334,1748.35,8,2.6666666666666665,0.0,0.6666666666666666,1.0,1.0,0.0
CUST_00047,193.5,181.7264427649427,3,387,0.007731958762886598,18,0,0.9391547381177673,29,Male,Bursa,3157.29,1052.43,2067.96,7,2.3333333333333335,175.86666666666667,0.3333333333333333,0.3333333333333333,0.3333333333333333,0.16710533384601475
CUST_00048,76.75,98.89851700944088,5,307,0.016233766233766232,53,0,1.288580009392324,47,Male,Antalya,4575.63,915.126,2582.12,14,2.8,87.304,0.4,0.4,0.6,0.09540107034943705
CUST_00049,81.66666666666667,66.15386106141752,4,245,0.016260162601626018,134,0,0.8100472683841254,39,Male,Ankara,968.6300000000001,242.15750000000003,370.41,11,2.75,13.747499999999999,0.25,0.75,0.75,0.05677090300002723
CUST_00050,386.0,0.0,2,386,0.00516795865633075,12,1,0.0,18,Female,Izmir,1180.98,590.49,933.58,4,2.0,0.0,0.5,0.5,1.0,0.0
CUST_00051,210.5,234.05234457274722,3,421,0.0071090047393364926,27,0,1.111887617391257,38,Female,Istanbul,1560.59,520.1966666666666,1222.37,6,2.0,14.969999999999999,0.3333333333333333,1.0,0.6666666666666666,0.028777577655673348
CUST_00052,84.25,97.96045120353418,5,337,0.014792899408284023,11,0,1.16273531205696,30,Female,Gaziantep,6904.21,1380.842,5480.96,20,4.0,247.16400000000004,0.2,0.4,1.0,0.1789951347228755
CUST_00053,378.0,0.0,2,378,0.005277044854881266,23,1,0.0,26,Male,Eskisehir,1559.9199999999998,779.9599999999999,1351.08,6,3.0,12.4,0.5,1.0,1.0,0.015898251171985425
CUST_00054,52.0,0.0,2,52,0.03773584905660377,215,1,0.0,42,Female,Izmir,3844.39,1922.195,3314.93,2,1.0,0.0,0.5,1.0,1.0,0.0
CUST_00055,96.66666666666667,100.04665578285629,4,290,0.013745704467353952,11,0,1.034965393943699,47,Male,Istanbul,1341.52,335.38,567.2,15,3.75,15.0825,0.5,0.5,0.5,0.04497137561878652
CUST_00056,58.0,66.29856710367125,6,290,0.020618556701030927,32,0,1.1430787234584918,46,Male,Istanbul,6040.67,1006.7783333333333,2648.97,24,4.0,32.695,0.3333333333333333,0.6666666666666666,0.5,0.03247487444358834
CUST_00057,69.25,94.66211843534174,5,277,0.017985611510791366,88,0,1.3669619793267835,24,Female,Antalya,1613.27,322.654,1046.32,16,3.2,13.108,0.6,0.4,0.4,0.04062556162134807
CUST_00058,42.5,37.29209031416716,7,255,0.02734375,60,0,0.8774609279224996,31,Female,Bursa,5808.58,829.7971428571428,3761.82,16,2.2857142857142856,3.7257142857142855,0.2857142857142857,0.42857142857142855,0.7142857142857143,0.004489909748780362
CUST_00059,94.5,83.48452950497276,5,378,0.013192612137203167,31,0,0.8834341653072867,38,Other,Gaziantep,4078.13,815.626,2540.15,15,3.0,3.718,0.6,0.6,0.6,0.0045584618384425435
CUST_00060,209.0,0.0,2,209,0.009523809523809525,219,1,0.0,46,Male,Ankara,1192.54,596.27,1172.8,5,2.5,0.0,0.5,1.0,0.5,0.0
CUST_00061,133.0,201.9232527471762,4,399,0.01,44,0,1.5182199340523028,29,Female,Adana,22721.149999999998,5680.287499999999,21478.35,9,2.25,21.1575,0.5,0.5,1.0,0.0037247234398391413
CUST_00062,78.5,90.09809468943651,5,314,0.015873015873015872,94,0,1.147746414543823,32,Male,Antalya,6857.83,1371.566,2729.55,17,3.4,111.0,0.4,0.6,0.6,0.0809293901416852
CUST_00063,139.0,129.84991336154215,4,417,0.009569377990430622,26,0,0.9341720318515836,21,Male,Ankara,3882.74,970.685,1826.1,12,3.0,20.8375,0.75,0.5,0.75,0.021466799196993052
CUST_00064,338.0,0.0,2,338,0.0058997050147492625,49,1,0.0,20,Female,Bursa,1109.69,554.845,732.09,6,3.0,37.879999999999995,0.5,1.0,1.0,0.06827131889397701
CUST_00065,120.5,67.17514421272202,3,241,0.012396694214876033,16,0,0.5574700718278169,44,Female,Istanbul,3135.65,1045.2166666666667,2008.4,4,1.3333333333333333,0.0,0.6666666666666666,0.6666666666666666,0.6666666666666666,0.0
CUST_00066,219.0,0.0,2,219,0.00909090909090909,191,1,0.0,51,Female,Izmir,4897.24,2448.62,3552.78,5,2.5,0.0,1.0,0.5,0.5,0.0
CUST_00067,74.8,65.69398754832895,6,374,0.016,64,0,0.8782618538779023,34,Male,Konya,3036.13,506.0216666666667,1547.76,15,2.5,36.54666666666667,0.3333333333333333,0.3333333333333333,0.6666666666666666,0.07222352124798967
CUST_00068,252.0,0.0,2,252,0.007905138339920948,48,1,0.0,47,Female,Izmir,2735.9300000000003,1367.9650000000001,2613.26,4,2.0,297.555,0.5,1.0,0.5,0.21751652986917314
CUST_00069,101.0,63.63961030678928,3,202,0.014778325123152709,26,0,0.6300951453138033,39,Male,Gaziantep,2664.0800000000004,888.0266666666668,2186.38,5,1.6666666666666667,0.0,0.3333333333333333,0.6666666666666666,0.6666666666666666,0.0
CUST_00070,100.66666666666667,139.77601129426083,4,302,0.013201320132013201,129,0,1.3885034096598419,27,Female,Bursa,1469.99,367.4975,1146.93,6,1.5,7.41,0.25,0.75,0.5,0.020163402417258888
CUST_00071,90.5,132.5682214308291,5,362,0.013774104683195593,60,0,1.4648422095689162,39,Male,Istanbul,2105.26,421.052,1301.99,17,3.4,52.760000000000005,0.4,0.6,1.0,0.12530518766018167
CUST_00072,62.0,78.30708780180757,8,434,0.01839080459770115,9,0,1.2630175248191944,53,Male,Bursa,5975.03,746.87875,2877.12,14,1.75,35.305,0.25,0.625,0.625,0.04727005548454812
CUST_00073,24.0,0.0,2,24,0.08,241,1,0.0,34,Female,Izmir,1099.9299999999998,549.9649999999999,875.18,7,3.5,0.0,0.5,0.5,1.0,0.0
CUST_00074,55.42857142857143,29.131066709254704,8,388,0.02056555269922879,50,0,0.5255604723862362,53,Female,Ankara,11174.04,1396.755,3480.36,30,3.75,128.63,0.25,0.375,0.5,0.09209202752659411
CUST_00075,73.33333333333333,68.70468203356546,4,220,0.01809954751131222,132,0,0.9368820149547744,18,Male,Istanbul,9802.86,2450.715,9063.15,15,3.75,538.125,0.25,0.25,1.0,0.21957877590026634
CUST_00076,61.6,52.18045611145997,6,308,0.019417475728155338,45,0,0.8470853127333549,44,Male,Izmir,21138.34,3523.056666666667,16053.32,24,4.0,572.8833333333333,0.3333333333333333,0.5,0.6666666666666666,0.16260974130534098
CUST_00077,101.5,95.33275058096946,5,406,0.012285012285012284,9,0,0.9392389127264094,36,Female,Istanbul,1447.81,289.562,728.35,13,2.6,31.054000000000002,0.2,0.4,0.6,0.10724473478134308
CUST_00078,74.33333333333333,57.13434460404122,4,223,0.017857142857142856,204,0,0.7686234596692972,31,Male,Istanbul,339.06,84.765,129.47,6,1.5,6.4725,0.5,0.5,0.5,0.0763581657953381
CUST_00079,95.66666666666667,38.759944960401235,4,287,0.013888888888888888,112,0,0.40515621486318837,36,Male,Izmir,3109.9500000000003,777.4875000000001,1472.16,11,2.75,40.4325,0.25,0.75,0.5,0.05200405144519486
CUST_00080,46.8,50.4053568581753,6,234,0.02553191489361702,139,0,1.0770375166909785,18,Male,Ankara,955.96,159.32666666666668,252.16,14,2.3333333333333335,1.2733333333333332,0.3333333333333333,0.3333333333333333,0.5,0.007991966140893135
CUST_00081,90.0,0.0,2,90,0.02197802197802198,55,1,0.0,32,Male,Kayseri,6902.54,3451.27,4917.33,4,2.0,402.51,1.0,0.5,0.5,0.11662663306069168
CUST_00082,69.2,41.996428419569206,6,346,0.01729106628242075,97,0,0.6068847949809886,39,Female,Ankara,4881.64,813.6066666666667,1693.04,18,3.0,5.94,0.6666666666666666,0.5,0.8333333333333334,0.007300825123564018
CUST_00083,243.0,0.0,2,243,0.00819672131147541,167,1,0.0,52,Female,Adana,553.28,276.64,510.39,5,2.5,71.225,0.5,1.0,1.0,0.25746457396810085
CUST_00084,56.833333333333336,52.46872084077014,7,341,0.02046783625730994,13,0,0.9232032830070415,28,Female,Bursa,4993.58,713.3685714285714,2289.9,18,2.5714285714285716,10.985714285714286,0.42857142857142855,0.2857142857142857,0.7142857142857143,0.015399773287341264
CUST_00085,67.0,18.384776310850235,3,134,0.022222222222222223,197,0,0.27439964233508346,25,Other,Adana,1198.48,399.49333333333334,718.95,10,3.3333333333333335,49.51,0.3333333333333333,0.6666666666666666,1.0,0.12393198019842137
CUST_00086,211.0,214.96046148071045,3,422,0.0070921985815602835,7,0,1.0187699547959266,28,Male,Ankara,2512.33,837.4433333333333,2046.4,8,2.6666666666666665,19.3,0.3333333333333333,0.6666666666666666,0.3333333333333333,0.023046335445925097
CUST_00087,49.8,68.94345509183594,6,249,0.024,154,0,1.3844067009523946,45,Male,Kayseri,1323.05,220.50833333333333,438.36,17,2.8333333333333335,12.143333333333333,0.5,0.5,0.6666666666666666,0.0550697250062973
CUST_00088,48.0,36.89850945499018,6,240,0.024896265560165973,86,0,0.7687189309639845,38,Male,Bursa,2344.52,390.75333333333333,1045.78,14,2.3333333333333335,13.81,0.3333333333333333,0.6666666666666666,0.5,0.03534198888810847
CUST_00089,38.888888888888886,53.82946322518098,10,350,0.02849002849002849,87,0,1.3841861616255813,28,Male,Gaziantep,15675.23,1567.523,3812.1,28,2.8,93.542,0.4,0.4,0.6,0.05967504141267781
CUST_00090,41.25,18.17278184538625,5,165,0.030120481927710843,163,0,0.4405522764808236,41,Male,Ankara,3889.0699999999997,777.814,2290.48,19,3.8,0.0,0.4,0.4,0.6,0.0
CUST_00091,70.25,91.40523325645346,5,281,0.01773049645390071,125,0,1.3011420918905532,36,Female,Istanbul,2108.32,421.66400000000004,1526.15,19,3.8,17.414,0.2,0.6,0.6,0.04129828479239801
CUST_00092,42.7,54.88988977944846,11,427,0.02570093457943925,16,0,1.2854774822944022,46,Female,Antalya,9164.58,833.1436363636363,3168.36,33,3.0,30.828181818181818,0.18181818181818182,0.2727272727272727,0.6363636363636364,0.03700224119304708
CUST_00093,64.0,76.36753236814714,3,128,0.023255813953488372,136,0,1.1932426746078824,26,Male,Istanbul,7123.200000000001,2374.4,6494.35,11,3.6666666666666665,15.453333333333333,0.3333333333333333,0.6666666666666666,1.0,0.006508310868777385
CUST_00094,142.0,0.0,2,142,0.013986013986013986,225,1,0.0,31,Female,Izmir,515.62,257.81,426.73,9,4.5,43.37,0.5,1.0,1.0,0.16822466091996174
CUST_00095,44.0,27.784887978899608,4,132,0.03007518796992481,191,0,0.6314747124414749,30,Female,Istanbul,1761.0700000000002,440.26750000000004,1167.88,6,1.5,19.9175,0.5,0.5,0.5,0.04523954176667698
CUST_00096,87.0,47.75981574503821,4,261,0.015267175572519083,8,0,0.5489633930583312,18,Female,Antalya,482.34000000000003,120.58500000000001,187.8,15,3.75,7.485,0.5,0.5,0.5,0.06207239654955097
CUST_00097,304.0,0.0,2,304,0.006557377049180328,39,1,0.0,38,Female,Eskisehir,1098.69,549.345,616.85,8,4.0,37.735,1.0,0.5,1.0,0.06869089539598813
CUST_00098,100.5,133.64318164425748,3,201,0.01485148514851485,101,0,1.3297828887012397,38,Female,Izmir,2908.47,969.4899999999999,2229.72,8,2.6666666666666665,18.150000000000002,0.3333333333333333,0.6666666666666666,1.0,0.018721183283250804
CUST_00099,70.5,40.04580710469782,5,282,0.0176678445229682,32,0,0.5680256246336483,35,Female,Gaziantep,18643.24,3728.648,11573.36,17,3.4,398.91600000000005,0.4,0.4,0.6,0.10698676836564172
CUST_00100,5.0,0.0,2,5,0.3333333333333333,86,1,0.0,32,Female,Izmir,2128.18,1064.09,1722.72,3,1.5,17.46,1.0,0.5,0.5,0.01640838649323987
CUST_00101,65.2,69.22210629560473,6,326,0.01834862385321101,101,0,1.0616887305815337,18,Female,Izmir,16422.78,2737.1299999999997,8778.99,27,4.5,419.32666666666665,0.3333333333333333,0.5,0.6666666666666666,0.1531993973663901
CUST_00102,84.0,68.4178339323893,4,252,0.015810276679841896,94,0,0.8144980133082296,29,Male,Kayseri,3520.39,880.0975,1958.74,7,1.75,10.675,0.5,0.5,1.0,0.012129337928889315
CUST_00103,59.6,43.10800389718828,6,298,0.020066889632107024,116,0,0.7232886438573765,30,Male,Konya,4691.42,781.9033333333333,2374.82,18,3.0,142.89,0.3333333333333333,0.3333333333333333,0.8333333333333334,0.1827463750641643
CUST_00104,69.0,60.91305278838026,7,414,0.016867469879518072,36,0,0.8827978537040929,25,Female,Gaziantep,4943.09,706.1557142857143,2036.49,16,2.2857142857142856,36.94714285714286,0.42857142857142855,0.42857142857142855,0.5714285714285714,0.052321523507310064
CUST_00105,55.5,33.23401871576773,3,111,0.026785714285714284,46,0,0.5988111372424612,33,Male,Ankara,1549.96,516.6533333333333,1340.43,11,3.6666666666666665,77.80666666666667,0.3333333333333333,0.6666666666666666,0.6666666666666666,0.15059743448102386
CUST_00106,115.33333333333333,47.056703383612984,4,346,0.011527377521613832,17,0,0.4080060951642216,39,Male,Bursa,12470.009999999998,3117.5024999999996,9523.91,11,2.75,261.0025,0.25,0.5,0.75,0.08372166499185754
CUST_00107,76.0,22.06807649071391,4,228,0.017467248908296942,177,0,0.29036942368874324,57,Female,Istanbul,4863.67,1215.9175,2428.92,13,3.25,143.15,0.5,0.5,0.75,0.11773002681700853
CUST_00108,169.0,192.33304448274092,3,338,0.008849557522123894,44,0,1.1380653452347667,37,Male,Izmir,9218.76,3072.92,8674.5,7,2.3333333333333335,10.12,0.3333333333333333,0.3333333333333333,0.3333333333333333,0.003293284562145033
CUST_00109,59.166666666666664,51.402010336821135,7,355,0.019662921348314606,48,0,0.8687663572065597,38,Female,Izmir,3148.68,449.81142857142856,1022.91,20,2.857142857142857,17.784285714285712,0.5714285714285714,0.42857142857142855,0.42857142857142855,0.039537202803473066
CUST_00110,62.0,73.53910524340094,3,124,0.024,243,0,1.186114581569135,34,Female,Gaziantep,1272.75,424.25,709.95,7,2.3333333333333335,8.97,0.6666666666666666,0.6666666666666666,0.6666666666666666,0.02114319382170137
CUST_00111,69.4,74.68467044849297,6,347,0.017241379310344827,99,0,1.0761479736649133,18,Female,Konya,5600.46,933.41,3409.5,14,2.3333333333333335,0.0,0.3333333333333333,0.5,0.6666666666666666,0.0
CUST_00112,49.4,64.80972149299825,6,247,0.024193548387096774,9,0,1.3119376554870568,34,Female,Izmir,5392.86,898.81,2315.7,21,3.5,60.83833333333333,0.3333333333333333,0.3333333333333333,0.6666666666666666,0.0676876461828926
CUST_00113,82.0,59.55669567731239,4,246,0.016194331983805668,66,0,0.7263011579391614,35,Male,Istanbul,6776.860000000001,1694.2150000000001,5762.68,14,3.5,0.9625,0.5,0.25,0.5,0.0005681097141932341
CUST_00114,89.5,88.38834764831844,3,179,0.016666666666666666,96,0,0.9875792922987615,64,Female,Konya,949.5799999999999,316.52666666666664,723.28,8,2.6666666666666665,17.066666666666666,1.0,0.6666666666666666,0.6666666666666666,0.05391857435734144
CUST_00115,70.2,53.6208914510007,6,351,0.017045454545454544,57,0,0.7638303516690933,32,Female,Istanbul,8502.74,1417.1233333333332,3144.07,19,3.1666666666666665,136.68,0.16666666666666666,0.5,0.5,0.09644890934231866
CUST_00116,87.5,79.90306627407988,3,175,0.017045454545454544,165,0,0.9131778898388798,38,Other,Antalya,430.39,143.46333333333334,360.9,8,2.6666666666666665,0.0,0.6666666666666666,0.6666666666666666,0.6666666666666666,0.0
CUST_00117,55.5,20.506096654409877,3,111,0.026785714285714284,338,0,0.36947921234109304,34,Male,Istanbul,2087.12,695.7066666666666,1598.4,7,2.3333333333333335,0.0,0.3333333333333333,0.6666666666666666,0.6666666666666666,0.0
CUST_00118,79.0,24.041630560342615,3,158,0.018867924528301886,100,0,0.30432443362048334,20,Male,Ankara,2302.4700000000003,767.4900000000001,1044.2,12,4.0,19.513333333333332,0.3333333333333333,0.3333333333333333,0.6666666666666666,0.02542486978059448
CUST_00119,98.5,31.81980515339464,3,197,0.015151515151515152,163,0,0.32304370386143083,48,Female,Eskisehir,912.8599999999999,304.28666666666663,702.06,5,1.6666666666666667,0.0,0.3333333333333333,0.3333333333333333,0.6666666666666666,0.0
CUST_00120,42.0,2.8284271247461903,3,84,0.03529411764705882,19,0,0.06734350136673069,44,Male,Istanbul,1056.22,352.0733333333333,848.78,10,3.3333333333333335,55.72666666666667,0.3333333333333333,0.6666666666666666,0.3333333333333333,0.1582814181942737
CUST_00121,98.0,1.4142135623730951,3,196,0.015228426395939087,57,0,0.014430750489207599,44,Female,Izmir,3472.3499999999995,1157.4499999999998,2196.95,15,5.0,0.0,0.3333333333333333,0.3333333333333333,0.6666666666666666,0.0
CUST_00122,194.5,236.88077169749343,3,389,0.007692307692307693,53,0,1.2178959921830204,24,Male,Ankara,6240.65,2080.2166666666667,3620.16,13,4.333333333333333,125.68,0.3333333333333333,0.3333333333333333,0.6666666666666666,0.06041678347908466
CUST_00123,343.0,0.0,2,343,0.005813953488372093,79,1,0.0,51,Male,Konya,130.12,65.06,119.1,3,1.5,1.18,0.5,0.5,0.5,0.01813710393272204
CUST_00124,79.0,68.4178339323893,4,237,0.01680672268907563,96,0,0.8660485198270985,18,Male,Konya,1586.55,396.6375,650.35,14,3.5,0.0,0.5,0.5,0.75,0.0
CUST_00125,67.0,49.339639236621906,7,402,0.017369727047146403,1,0,0.7364125149284984,42,Male,Istanbul,6983.36,997.6228571428571,4285.19,19,2.7142857142857144,145.3114285714286,0.2857142857142857,0.5714285714285714,0.5714285714285714,0.14565767753350772
CUST_00126,83.33333333333333,66.01010023726168,4,250,0.01593625498007968,184,0,0.792121193341686,61,Female,Istanbul,5981.93,1495.4825,2784.87,12,3.0,186.5375,0.5,0.5,0.5,0.12473399045142018
CUST_00127,95.5,85.55992052357225,3,191,0.015625,38,0,0.895915388771276,23,Female,Antalya,7815.7699999999995,2605.2566666666667,6599.33,8,2.6666666666666665,405.54999999999995,0.3333333333333333,0.6666666666666666,0.6666666666666666,0.15566604436069661
CUST_00128,87.33333333333333,85.45369116271884,4,262,0.015209125475285171,27,0,0.978477368521849,28,Male,Ankara,2360.46,590.115,1066.0,18,4.5,21.48,0.25,0.75,0.75,0.03639968474551624
CUST_00129,46.75,54.06400527769531,5,187,0.026595744680851064,133,0,1.1564492860159579,36,Female,Antalya,4502.2699999999995,900.454,3776.99,11,2.2,157.014,0.6,0.6,0.6,0.1743720388000142
CUST_00130,50.2,45.37840896285368,6,251,0.023809523809523808,183,0,0.9039523517709429,28,Male,Istanbul,1879.45,313.2416666666667,666.18,13,2.1666666666666665,10.084999999999999,0.16666666666666666,0.3333333333333333,0.6666666666666666,0.032195589032337366
CUST_00131,96.25,14.997221964972935,5,385,0.012953367875647668,32,0,0.1558152915237158,18,Female,Istanbul,1684.49,336.898,1136.22,12,2.4,62.14,0.4,0.4,0.6,0.18444751769245432
CUST_00132,249.0,0.0,2,249,0.008,93,1,0.0,35,Male,Antalya,784.88,392.44,401.74,5,2.5,14.02,0.5,1.0,1.0,0.03572520630994494
CUST_00133,81.0,72.58558167202814,5,324,0.015384615384615385,66,0,0.8961182811840723,22,Female,Istanbul,3319.88,663.976,2803.07,8,1.6,0.0,0.4,0.4,0.8,0.0
CUST_00134,185.0,80.61017305526642,3,370,0.008086253369272238,2,0,0.43573066280830136,40,Female,Konya,1651.67,550.5566666666667,1321.2,7,2.3333333333333335,3.8699999999999997,0.3333333333333333,0.6666666666666666,1.0,0.007029249171391531
CUST_00135,61.75,47.77987721485549,5,247,0.020161290322580645,83,0,0.7737631812322642,23,Female,Istanbul,2814.9700000000003,562.994,1609.69,16,3.2,16.881999999999998,0.2,0.6,0.6,0.029986109923043385
CUST_00136,38.285714285714285,36.47242924783178,8,268,0.02973977695167286,21,0,0.9526380524864035,53,Female,Istanbul,27921.69,3490.21125,16354.2,27,3.375,192.10625000000002,0.25,0.625,0.625,0.055041439094828025
CUST_00137,69.2,43.9852247919685,6,346,0.01729106628242075,103,0,0.6356246265367611,25,Female,Eskisehir,9173.15,1528.8583333333333,5727.08,20,3.3333333333333335,245.13333333333335,0.3333333333333333,0.6666666666666666,0.6666666666666666,0.16033750664035526
CUST_00138,121.5,94.04520189781083,3,243,0.012295081967213115,115,0,0.7740345771504218,31,Female,Izmir,5101.29,1700.43,3559.78,6,2.0,2.183333333333333,0.6666666666666666,0.6666666666666666,0.6666666666666666,0.001283988951059052
CUST_00139,91.33333333333333,88.12112875657763,4,274,0.014545454545454545,13,0,0.9648298663330048,44,Female,Adana,2685.23,671.3075,1357.45,17,4.25,11.7975,0.5,0.5,0.5,0.017573913567815177
CUST_00140,68.8,60.350642084405365,6,344,0.017391304347826087,76,0,0.8771895524304625,20,Female,Istanbul,5156.42,859.4033333333333,3327.44,12,2.0,9.016666666666666,0.5,0.6666666666666666,0.6666666666666666,0.01049177528926064
CUST_00141,125.66666666666667,129.24524491575437,4,377,0.010582010582010581,31,0,1.0284767418085752,37,Female,Bursa,1684.48,421.12,991.71,17,4.25,17.9525,0.5,0.75,0.5,0.04263036654010646
CUST_00142,50.666666666666664,30.30291515129636,7,304,0.022950819672131147,103,0,0.5980838398660366,50,Male,Adana,4533.01,647.5728571428572,2530.92,16,2.2857142857142856,0.78,0.2857142857142857,0.2857142857142857,0.5714285714285714,0.0012044976718711222
CUST_00143,60.0,63.895748424027914,5,240,0.02074688796680498,169,0,1.0649291226516466,18,Female,Ankara,7748.3099999999995,1549.6619999999998,2977.27,12,2.4,167.672,0.4,0.4,0.6,0.10819907818079098
CUST_00144,131.5,99.7020561473032,3,263,0.011363636363636364,113,0,0.7581905352784233,37,Male,Gaziantep,6271.55,2090.516666666667,3723.46,7,2.3333333333333335,9.35,0.6666666666666666,0.3333333333333333,0.6666666666666666,0.004472578547023026
CUST_00145,61.5,48.84567534593006,7,369,0.01891891891891892,10,0,0.7942386105966089,38,Female,Bursa,4514.43,644.9185714285715,1613.32,22,3.142857142857143,42.144285714285715,0.2857142857142857,0.5714285714285714,0.5714285714285714,0.06534822769265719
CUST_00146,57.666666666666664,47.899199714956964,4,173,0.022988505747126436,151,0,0.8306219459711276,44,Female,Ankara,8858.36,2214.59,4138.66,9,2.25,0.0,0.5,0.5,0.75,0.0
CUST_00147,73.33333333333333,110.96996590669627,4,220,0.01809954751131222,50,0,1.5132267871836749,20,Female,Bursa,2698.6099999999997,674.6524999999999,2072.91,12,3.0,78.95750000000001,0.25,0.75,1.0,0.11703432490499285
CUST_00148,101.33333333333333,57.45723047044065,4,304,0.013114754098360656,39,0,0.5670121372048866,19,Male,Bursa,12063.43,3015.8575,7374.24,14,3.5,0.0,0.5,0.25,0.75,0.0
CUST_00149,134.0,28.284271247461902,3,268,0.011152416356877323,21,0,0.2110766495252631,41,Male,Istanbul,5325.240000000001,1775.0800000000002,4479.52,10,3.3333333333333335,189.62,0.3333333333333333,0.6666666666666666,0.6666666666666666,0.10682335438018378
CUST_00150,157.0,214.96046148071045,3,314,0.009523809523809525,2,0,1.3691749051690163,38,Female,Izmir,2363.59,787.8633333333333,1833.74,6,2.0,174.92666666666665,0.3333333333333333,0.3333333333333333,1.0,0.22202666254888537
CUST_00151,75.33333333333333,117.49184368854434,4,226,0.01762114537444934,60,0,1.5596262229502407,38,Female,Ankara,12499.55,3124.8875,11552.5,9,2.25,19.95,0.25,0.25,0.5,0.006384229830230935
CUST_00152,52.57142857142857,54.6652148471559,8,368,0.02168021680216802,63,0,1.0398274365524438,39,Male,Izmir,4056.87,507.10875,2510.34,23,2.875,70.12375,0.25,0.5,0.625,0.1382814827425449
CUST_00153,88.4,49.003061128872346,6,442,0.013544018058690745,6,0,0.5543332644178629,26,Male,Adana,5073.65,845.6083333333332,1820.58,19,3.1666666666666665,5.165,0.5,0.5,0.5,0.006108028729485051
CUST_00154,41.6,28.92595912171472,11,416,0.026378896882494004,31,0,0.6953355390956534,37,Female,Izmir,41773.36,3797.5781818181817,20862.42,30,2.727272727272727,359.95454545454544,0.36363636363636365,0.36363636363636365,0.5454545454545454,0.09478528897262183
CUST_00155,58.0,52.730446612938906,6,290,0.020618556701030927,111,0,0.909145615582643,38,Female,Kayseri,10571.300000000001,1761.8833333333334,8980.92,20,3.3333333333333335,97.31333333333333,0.3333333333333333,0.8333333333333334,0.5,0.055232563607938906
CUST_00156,102.0,42.42640687119285,3,204,0.014634146341463415,193,0,0.41594516132595777,26,Male,Ankara,1802.1100000000001,600.7033333333334,1604.7,5,1.6666666666666667,1.93,0.3333333333333333,0.3333333333333333,1.0,0.0032129004280323057
CUST_00157,46.666666666666664,19.604421270043485,4,140,0.028368794326241134,273,0,0.4200947324989019,57,Male,Izmir,4822.09,1205.5225,2005.25,17,4.25,23.665,0.25,0.25,0.5,0.01963049215619742
CUST_00158,47.625,43.608444464018994,9,381,0.02356020942408377,55,0,0.9156628566583966,40,Male,Gaziantep,9822.41,1091.378888888889,3638.95,26,2.888888888888889,12.305555555555555,0.2222222222222222,0.4444444444444444,0.4444444444444444,0.011275236922356413
CUST_00159,91.0,0.0,2,91,0.021739130434782608,190,1,0.0,20,Female,Bursa,2486.1099999999997,1243.0549999999998,2443.68,3,1.5,1.73,0.5,0.5,0.5,0.001391732464459149
CUST_00160,38.0,0.0,2,38,0.05128205128205128,160,1,0.0,42,Male,Bursa,11213.26,5606.63,11182.48,5,2.5,3.86,0.5,1.0,0.5,0.0006884706141321131
CUST_00161,80.75,17.23127002477376,5,323,0.015432098765432098,81,0,0.21339033822146652,23,Male,Istanbul,5524.8,1104.96,4731.0,13,2.6,28.614000000000004,0.4,0.6,0.8,0.025895960011316284
CUST_00162,186.0,0.0,2,186,0.0106951871657754,64,1,0.0,44,Male,Ankara,577.17,288.585,339.57,5,2.5,0.0,0.5,0.5,1.0,0.0
CUST_00163,49.0,5.656854249492381,3,98,0.030303030303030304,328,0,0.11544600273564037,48,Male,Ankara,7441.549999999999,2480.5166666666664,4891.75,10,3.3333333333333335,0.0,0.3333333333333333,0.6666666666666666,0.6666666666666666,0.0
CUST_00164,117.0,84.8528137423857,3,234,0.01276595744680851,10,0,0.7252377180952819,25,Female,Eskisehir,616.41,205.47,337.95,7,2.3333333333333335,5.196666666666666,0.3333333333333333,0.3333333333333333,0.6666666666666666,0.025291607735314442
CUST_00165,140.0,26.870057685088806,3,280,0.010676156583629894,114,0,0.19192898209399875,46,Male,Ankara,6229.99,2076.6633333333334,4704.24,9,3.0,206.49,0.3333333333333333,0.3333333333333333,1.0,0.09943354639440824
CUST_00166,53.333333333333336,51.48138822267066,4,160,0.024844720496894408,212,0,0.9652760110761497,39,Male,Konya,1635.25,408.8125,839.2,10,2.5,12.605,0.5,0.75,0.75,0.03083320585639332
CUST_00167,34.55555555555556,30.41015912121766,10,311,0.03205128205128205,129,0,0.8800367336676153,44,Male,Antalya,13015.070000000002,1301.507,5326.56,36,3.6,149.902,0.2,0.6,0.6,0.11517571544741922
CUST_00168,33.57142857142857,39.373667777916175,8,235,0.03389830508474576,162,0,1.1728326222790848,57,Male,Ankara,8776.699999999999,1097.0874999999999,3281.36,23,2.875,10.535,0.375,0.25,0.5,0.009602698044045987
CUST_00169,45.0,32.526911934581186,3,90,0.03296703296703297,45,0,0.7228202491502431,32,Male,Bursa,242.83,80.94333333333334,127.69,3,1.0,6.010000000000001,0.3333333333333333,0.3333333333333333,0.6666666666666666,0.07424947402401506
CUST_00170,134.0,158.39191898578665,3,268,0.011152416356877323,102,0,1.1820292373414731,25,Female,Gaziantep,1955.21,651.7366666666667,1676.53,8,2.6666666666666665,76.19333333333333,0.3333333333333333,0.6666666666666666,0.6666666666666666,0.11690815802357574
CUST_00171,159.5,53.033008588991066,3,319,0.009375,112,0,0.3324953495705061,24,Female,Konya,684.6500000000001,228.2166666666667,411.47,6,2.0,21.613333333333333,0.3333333333333333,0.3333333333333333,0.6666666666666666,0.09470532347313813
CUST_00172,31.8,14.889593681494468,6,159,0.0375,36,0,0.46822620167510265,25,Female,Istanbul,5984.429999999999,997.4049999999999,4428.32,19,3.1666666666666665,19.766666666666666,0.5,0.3333333333333333,0.6666666666666666,0.01981809460234165
CUST_00173,125.0,50.714889332423866,4,375,0.010638297872340425,43,0,0.40571911141363803,34,Female,Ankara,5362.610000000001,1340.6525000000001,4690.59,11,2.75,42.17,0.5,0.5,0.75,0.03145483260467956
CUST_00174,38.25,29.61277877313554,5,153,0.032467532467532464,246,0,0.7741902744822292,39,Female,Ankara,21351.71,4270.342,13368.22,15,3.0,429.35600000000005,0.4,0.6,0.8,0.10054370350184046
CUST_00175,99.5,52.08646657242167,5,398,0.012531328320802004,2,0,0.5234820708436141,38,Male,Istanbul,6571.1,1314.22,3186.87,10,2.0,26.318,0.4,0.4,0.6,0.02002556648047848
CUST_00176,232.0,0.0,2,232,0.008583690987124463,145,1,0.0,44,Female,Bursa,1230.05,615.025,1207.95,4,2.0,1.225,0.5,0.5,0.5,0.001991788948430082
CUST_00177,60.5,60.10407640085654,3,121,0.02459016393442623,211,0,0.9934557918578637,35,Female,Konya,1580.24,526.7466666666667,975.04,11,3.6666666666666665,3.5399999999999996,0.6666666666666666,0.6666666666666666,0.6666666666666666,0.006720498139420913
CUST_00178,29.833333333333332,29.895930603790656,7,179,0.03888888888888889,180,0,1.002098198939412,52,Female,Ankara,18447.6,2635.371428571428,11168.37,21,3.0,450.5442857142857,0.42857142857142855,0.5714285714285714,0.5714285714285714,0.17096045007498414
CUST_00179,116.0,0.0,2,116,0.017094017094017096,206,1,0.0,31,Female,Adana,2942.55,1471.275,2848.29,3,1.5,143.495,0.5,1.0,0.5,0.09753105293195966
CUST_00180,93.0,52.26215966962457,5,372,0.013404825737265416,6,0,0.5619587000824288,67,Male,Antalya,1786.91,357.382,705.72,18,3.6,51.70399999999999,0.4,0.6,0.6,0.1446743256664456
CUST_00181,33.42857142857143,32.62339213334067,8,234,0.03404255319148936,6,0,0.9759134106922686,42,Female,Ankara,3743.4300000000003,467.92875000000004,1131.48,24,3.0,14.025,0.375,0.5,0.375,0.029972511776691402
CUST_00182,109.0,116.7247474474315,5,436,0.011441647597254004,9,0,1.0708692328124978,24,Female,Istanbul,5093.32,1018.664,2208.48,14,2.8,9.756,0.4,0.4,0.6,0.009577250192823886
CUST_00183,44.42857142857143,77.42923036092839,8,311,0.02564102564102564,102,0,1.7427800653602517,22,Other,Adana,7864.67,983.08375,3124.04,25,3.125,70.13,0.375,0.375,0.875,0.07133675022973704
CUST_00184,175.0,234.75945135393377,3,350,0.008547008547008548,81,0,1.3414825714997212,40,Male,Konya,294.12,98.04,142.33,8,2.6666666666666665,13.306666666666667,0.6666666666666666,0.6666666666666666,0.6666666666666666,0.1357269128002831
CUST_00185,256.0,0.0,2,256,0.007782101167315175,136,1,0.0,32,Male,Antalya,9643.27,4821.635,6229.91,6,3.0,180.845,1.0,0.5,0.5,0.037506986730122246
CUST_00186,105.33333333333333,150.4072250037655,4,316,0.012618296529968454,101,0,1.4279166795175522,43,Male,Istanbul,16869.85,4217.4625,16000.85,13,3.25,14.895,0.25,0.25,0.75,0.0035317445019293603
CUST_00187,59.0,69.29646455628166,3,118,0.025210084033613446,176,0,1.1745163285044973,40,Female,Istanbul,2852.68,950.8933333333333,1857.24,7,2.3333333333333335,13.026666666666666,0.3333333333333333,0.6666666666666666,0.6666666666666666,0.013699398445988265
CUST_00188,64.0,0.0,2,64,0.03076923076923077,66,1,0.0,34,Male,Istanbul,6857.82,3428.91,6776.73,6,3.0,0.0,0.5,0.5,1.0,0.0
CUST_00189,39.333333333333336,39.2109678533953,10,354,0.028169014084507043,37,0,0.9968889878772792,24,Male,Bursa,20393.079999999998,2039.3079999999998,8575.25,29,2.9,232.49900000000002,0.2,0.5,0.6,0.11400877154701068
CUST_00190,110.0,53.25410782277739,4,330,0.012084592145015106,57,0,0.48412824853317404,18,Other,Adana,13239.220000000001,3309.8050000000003,10813.2,13,3.25,3.7075,0.25,0.5,0.75,0.001120156625202948
CUST_00191,63.5,38.890872965260115,3,127,0.0234375,86,0,0.6124546827213454,29,Male,Istanbul,3886.82,1295.6066666666668,1795.68,8,2.6666666666666665,61.25333333333333,0.3333333333333333,0.6666666666666666,0.6666666666666666,0.04727772314081094
CUST_00192,19.0,0.0,2,19,0.1,257,1,0.0,45,Female,Gaziantep,267.3,133.65,176.38,5,2.5,23.875,0.5,0.5,0.5,0.17863823285717745
CUST_00193,89.5,68.83071020021998,5,358,0.013927576601671309,35,0,0.7690582059347685,37,Male,Bursa,5420.38,1084.076,2450.69,16,3.2,52.672000000000004,0.6,0.6,1.0,0.04858699939064512
CUST_00194,136.5,147.78531726798843,3,273,0.010948905109489052,27,0,1.0826763090499056,20,Female,Antalya,1238.94,412.98,725.35,9,3.0,0.0,0.6666666666666666,0.3333333333333333,0.6666666666666666,0.0
CUST_00195,81.66666666666667,90.97985124923723,4,245,0.016260162601626018,173,0,1.1140389812473255,37,Female,Eskisehir,5702.28,1425.57,3476.36,16,4.0,114.585,0.25,0.25,0.75,0.08037837490941982
CUST_00196,118.66666666666667,183.29302587205365,4,356,0.011204481792717087,17,0,1.5446041375908666,39,Female,Istanbul,10504.55,2626.1375,5508.3,11,2.75,2.245,0.25,0.5,0.75,0.0008548676522631175
CUST_00197,37.4,19.120669444347392,11,374,0.029333333333333333,73,0,0.5112478324358172,24,Female,Konya,47598.55,4327.140909090909,24391.45,33,3.0,44.82909090909091,0.2727272727272727,0.36363636363636365,0.6363636363636364,0.010359979450761423
CUST_00198,106.25,114.34560186848756,5,425,0.011737089201877934,24,0,1.076193889809823,36,Male,Istanbul,4704.95,940.99,2941.56,14,2.8,100.628,0.4,0.6,0.8,0.10693843706422126
CUST_00199,54.0,33.87230924122731,5,216,0.02304147465437788,81,0,0.627264974332636,35,Male,Ankara,7338.16,1467.632,6168.0,15,3.0,16.881999999999998,0.2,0.4,0.8,0.011502883548803182
CUST_00200,60.333333333333336,56.30512114068016,7,362,0.01928374655647383,2,0,0.9332340365875048,21,Male,Konya,6119.6900000000005,874.2414285714286,3337.59,17,2.4285714285714284,13.200000000000001,0.2857142857142857,0.7142857142857143,0.5714285714285714,0.015098804007116108
CUST_00201,281.0,0.0,2,281,0.0070921985815602835,82,1,0.0,39,Female,Konya,1468.12,734.06,1364.56,7,3.5,0.0,0.5,1.0,0.5,0.0
CUST_00202,114.0,0.0,2,114,0.017391304347826087,316,1,0.0,41,Female,Izmir,501.91999999999996,250.95999999999998,370.0,8,4.0,0.0,0.5,0.5,1.0,0.0
CUST_00203,78.0,67.90679887414318,5,312,0.01597444089456869,97,0,0.8705999744044001,47,Male,Bursa,1110.42,222.084,418.6,13,2.6,21.838,0.6,0.4,0.6,0.09833216216237027
CUST_00204,109.66666666666667,121.00550951644033,4,329,0.012121212121212121,60,0,1.1033936937359876,47,Female,Adana,2669.66,667.415,1483.5,10,2.5,0.0,0.5,0.25,0.75,0.0
CUST_00205,62.42857142857143,48.15204094967365,8,437,0.0182648401826484,13,0,0.7713141447334474,18,Male,Gaziantep,4397.49,549.68625,1215.18,27,3.375,0.69,0.25,0.5,0.5,0.0012552615219040652
CUST_00206,95.5,130.8147545195113,3,191,0.015625,191,0,1.3697879910965791,23,Female,Istanbul,3508.22,1169.4066666666665,2697.66,7,2.3333333333333335,0.0,0.6666666666666666,0.3333333333333333,0.6666666666666666,0.0
CUST_00207,190.5,171.82694782833104,3,381,0.007853403141361256,15,0,0.9019787240228468,41,Female,Gaziantep,1083.2,361.06666666666666,472.75,9,3.0,89.33666666666666,0.3333333333333333,0.6666666666666666,0.6666666666666666,0.2474242976899253
CUST_00208,346.0,0.0,2,346,0.005763688760806916,5,1,0.0,41,Male,Izmir,2323.6600000000003,1161.8300000000002,2215.8,6,3.0,0.0,0.5,0.5,1.0,0.0
CUST_00209,55.333333333333336,4.509249752822895,4,166,0.023952095808383235,130,0,0.08149246393970659,41,Female,Izmir,2732.48,683.12,1741.53,9,2.25,10.1875,0.5,0.5,0.5,0.01491319238945838
CUST_00210,65.33333333333333,42.30681584173721,7,392,0.017811704834605598,13,0,0.6475532937885294,75,Male,Izmir,12100.97,1728.7099999999998,11038.56,13,1.8571428571428572,2.138571428571429,0.42857142857142855,0.42857142857142855,0.5714285714285714,0.0012370909101783053
CUST_00211,77.25,36.31689230463789,5,309,0.016129032258064516,20,0,0.47012157714584224,41,Female,Izmir,1423.44,284.688,629.32,13,2.6,2.8579999999999997,0.4,0.6,0.4,0.010039060269350796
CUST_00212,57.0,35.7603131977336,7,342,0.02040816326530612,56,0,0.6273739047431526,48,Female,Kayseri,15280.550000000001,2182.9357142857143,7779.0,28,4.0,234.10285714285715,0.2857142857142857,0.2857142857142857,0.5714285714285714,0.10724221309110632
CUST_00213,108.0,101.82337649086284,3,216,0.013824884792626729,191,0,0.9428090328523501,46,Male,Bursa,985.06,328.3533333333333,521.16,9,3.0,19.86,0.3333333333333333,0.3333333333333333,0.6666666666666666,0.06048362517871919
CUST_00214,96.33333333333333,147.31033002927302,4,289,0.013793103448275862,139,0,1.5291729602086512,42,Male,Kayseri,2429.21,607.3025,1862.0,11,2.75,78.5375,0.25,0.5,0.75,0.12932187809317122
CUST_00215,135.66666666666666,115.64745277494586,4,407,0.00980392156862745,27,0,0.8524382205590244,31,Male,Istanbul,5377.2,1344.3,2003.75,10,2.5,35.4275,0.5,0.75,0.75,0.026353864445173052
CUST_00216,37.6,26.330590574463002,6,188,0.031746031746031744,256,0,0.7002816455899297,44,Female,Adana,7881.1900000000005,1313.5316666666668,4600.64,13,2.1666666666666665,0.0,0.3333333333333333,0.5,0.5,0.0
CUST_00217,13.0,0.0,2,13,0.14285714285714285,246,1,0.0,25,Female,Gaziantep,505.81,252.905,419.19,5,2.5,5.785,0.5,0.5,1.0,0.022874201684924374
CUST_00218,108.0,151.88153278130952,4,324,0.012307692307692308,60,0,1.4063104756944356,32,Male,Antalya,6621.45,1655.3625,4766.7,11,2.75,198.025,0.25,0.75,0.5,0.11962636575395034
CUST_00219,81.5,10.606601717798213,3,163,0.018292682926829267,205,0,0.13014235076878358,29,Female,Bursa,924.96,308.32,589.58,6,2.0,0.0,0.3333333333333333,0.6666666666666666,0.6666666666666666,0.0
CUST_00220,70.66666666666667,25.146238950056393,4,212,0.018779342723004695,24,0,0.35584299897471783,35,Female,Bursa,3476.88,869.22,1330.86,9,2.25,40.4475,0.5,0.75,0.75,0.046533098586625826
CUST_00221,81.33333333333333,115.10574848083536,4,244,0.0163265306122449,52,0,1.415234595068862,62,Male,Konya,3502.87,875.7175,1907.76,13,3.25,15.0775,0.5,0.75,1.0,0.017217310357258694
CUST_00222,36.75,26.924276530051213,5,147,0.033783783783783786,177,0,0.7326333550317785,18,Male,Gaziantep,1397.21,279.442,919.3,11,2.2,11.028,0.4,0.6,0.8,0.0394643609784343
CUST_00223,38.0,1.4142135623730951,3,76,0.03896103896103896,374,0,0.0372161453988671,43,Female,Istanbul,4002.7299999999996,1334.243333333333,3636.99,8,2.6666666666666665,107.25,0.6666666666666666,1.0,0.3333333333333333,0.08038263878873972
CUST_00224,63.333333333333336,15.30795000427338,4,190,0.020942408376963352,90,0,0.24170446993529857,18,Female,Gaziantep,7394.210000000001,1848.5525000000002,4286.8,15,3.75,51.9125,0.75,0.25,0.5,0.028082783676372302
CUST_00225,124.0,27.784887978899608,4,372,0.010723860589812333,19,0,0.22407167544216075,29,Male,Izmir,8190.03,2047.5075,6147.78,13,3.25,46.265,0.5,1.0,0.75,0.022595765816439857
CUST_00226,117.0,0.0,2,117,0.01694915254237288,83,1,0.0,48,Male,Ankara,760.09,380.045,592.09,4,2.0,0.0,0.5,0.5,0.5,0.0
CUST_00227,237.0,0.0,2,237,0.008403361344537815,204,1,0.0,35,Male,Konya,108.69,54.345,78.19,3,1.5,0.0,1.0,0.5,1.0,0.0
CUST_00228,93.0,94.88413987595608,4,279,0.014285714285714285,130,0,1.0202595575881346,22,Female,Izmir,2959.56,739.89,2424.75,8,2.0,48.7825,0.5,0.75,1.0,0.06593209792545905
CUST_00229,85.8,75.81688466298256,6,429,0.013953488372093023,20,0,0.8836466640948241,26,Male,Gaziantep,5470.92,911.82,3428.12,15,2.5,72.99166666666666,0.3333333333333333,0.3333333333333333,0.5,0.0800505215794961
CUST_00230,6.5,7.7781745930520225,3,13,0.21428571428571427,1,0,1.196642060986148,43,Male,Ankara,4181.58,1393.86,3948.76,8,2.6666666666666665,211.91333333333333,0.3333333333333333,0.6666666666666666,0.6666666666666666,0.1520334417956609
CUST_00231,85.75,58.93145736079048,5,343,0.014534883720930232,3,0,0.6872473081462761,26,Female,Istanbul,6224.119999999999,1244.8239999999998,4382.53,12,2.4,149.68800000000002,0.4,0.4,0.6,0.12024832416450172
CUST_00232,32.0,0.0,2,32,0.06060606060606061,37,1,0.0,37,Female,Izmir,572.34,286.17,426.24,3,1.5,0.0,0.5,0.5,1.0,0.0
CUST_00233,22.0,0.0,2,22,0.08695652173913043,271,1,0.0,35,Male,Istanbul,781.39,390.695,434.34,4,2.0,44.42,0.5,0.5,0.5,0.11369482559619441
CUST_00234,72.75,43.57656097796919,5,291,0.017123287671232876,37,0,0.5989905206732463,27,Male,Adana,5536.91,1107.382,3843.16,15,3.0,77.672,0.4,0.4,1.0,0.07014020449118713
CUST_00235,90.0,0.0,2,90,0.02197802197802198,331,1,0.0,60,Female,Ankara,1073.27,536.635,785.55,6,3.0,33.665,1.0,1.0,1.0,0.06273351521474836
CUST_00236,160.0,29.698484809834994,3,320,0.009345794392523364,7,0,0.18561552890137167,42,Male,Izmir,6925.31,2308.436666666667,5885.5,10,3.3333333333333335,0.0,0.3333333333333333,0.6666666666666666,1.0,0.0
CUST_00237,141.0,80.22468448052632,4,423,0.009433962264150943,1,0,0.5689693894436662,18,Male,Istanbul,513.5,128.375,157.19,13,3.25,12.0575,0.25,0.5,0.5,0.09392404990127322
CUST_00238,41.5,40.8166632639171,9,332,0.02702702702702703,93,0,0.9835340308526042,37,Female,Ankara,12966.91,1440.7677777777778,6845.25,32,3.5555555555555554,38.3,0.3333333333333333,0.3333333333333333,0.7777777777777778,0.026583048680121363
CUST_00239,115.0,136.8320137979413,4,345,0.011560693641618497,65,0,1.189843587896502,27,Male,Gaziantep,2182.06,545.515,1288.45,12,3.0,0.0,0.25,0.5,0.5,0.0
CUST_00240,111.5,105.35891039679558,3,223,0.013392857142857142,184,0,0.9449229547253151,45,Female,Istanbul,13087.82,4362.606666666667,10295.6,14,4.666666666666667,0.0,0.6666666666666666,1.0,0.6666666666666666,0.0
CUST_00241,35.7,18.1906569425076,11,357,0.030726256983240222,76,0,0.509542197001832,25,Female,Antalya,15874.67,1443.1518181818183,6304.2,32,2.909090909090909,14.159999999999998,0.2727272727272727,0.6363636363636364,0.6363636363636364,0.009811857499530355
CUST_00242,37.125,26.199441106361682,9,297,0.030201342281879196,57,0,0.7057088323408176,33,Male,Kayseri,23127.04,2569.6711111111113,13596.5,29,3.2222222222222223,21.83,0.3333333333333333,0.3333333333333333,0.6666666666666666,0.008495250577831955
CUST_00243,37.5,10.606601717798213,3,75,0.039473684210526314,33,0,0.2828427049321469,41,Male,Antalya,990.55,330.18333333333334,661.9,7,2.3333333333333335,15.603333333333333,0.6666666666666666,0.6666666666666666,0.6666666666666666,0.04725657448713369
CUST_00244,116.33333333333333,47.47982027486344,4,349,0.011428571428571429,66,0,0.4081359873930727,45,Female,Gaziantep,1396.16,349.04,998.72,6,1.5,4.7375,0.5,0.5,0.75,0.013572942890290674
CUST_00245,60.833333333333336,18.18149242132413,7,365,0.01912568306010929,61,0,0.29887384310877185,20,Female,Istanbul,15706.220000000001,2243.7457142857143,5781.96,23,3.2857142857142856,188.29857142857145,0.42857142857142855,0.5714285714285714,0.42857142857142855,0.08392152914021003
CUST_00246,59.5,31.81980515339464,3,119,0.025,141,0,0.5347866322455127,30,Female,Ankara,2345.84,781.9466666666667,1106.75,8,2.6666666666666665,0.0,0.6666666666666666,1.0,1.0,0.0
CUST_00247,51.142857142857146,38.041330906566046,8,358,0.022284122562674095,58,0,0.743824891450246,29,Female,Konya,5639.64,704.955,3229.18,21,2.625,40.17125,0.375,0.375,0.75,0.056984133658199265
CUST_00248,118.33333333333333,72.72780302836965,4,355,0.011235955056179775,31,0,0.6146011471586071,27,Male,Adana,2528.0,632.0,1760.49,11,2.75,7.3325,0.25,0.5,0.5,0.011602056943667631
CUST_00249,46.75,12.311918344975055,5,187,0.026595744680851064,198,0,0.26335653650520896,56,Female,Antalya,5357.91,1071.5819999999999,1692.04,18,3.6,8.02,0.4,0.4,1.0,0.007484261580089753
CUST_00250,63.0,0.0,2,63,0.03125,113,1,0.0,39,Male,Antalya,12755.320000000002,6377.660000000001,12718.2,6,3.0,0.0,0.5,1.0,0.5,0.0
CUST_00251,51.0,72.12489168102785,3,102,0.02912621359223301,105,0,1.414213534643418,19,Male,Izmir,3030.24,1010.0799999999999,1837.08,6,2.0,33.89333333333334,0.3333333333333333,0.3333333333333333,0.6666666666666666,0.03355509791281705
CUST_00252,42.22222222222222,59.04188720259918,10,380,0.026246719160104987,32,0,1.3983604532582856,46,Male,Istanbul,20083.9,2008.39,7355.9,38,3.8,100.893,0.3,0.4,0.7,0.05023576095766471
CUST_00253,66.0,62.69768735766894,4,198,0.020100502512562814,168,0,0.9499649455712726,60,Male,Gaziantep,6297.13,1574.2825,5492.84,13,3.25,0.0,0.5,0.5,0.75,0.0
CUST_00254,83.25,61.721822180921826,5,333,0.014970059880239521,107,0,0.7414032605347576,47,Female,Antalya,1580.05,316.01,966.87,18,3.6,14.774000000000001,0.8,0.4,0.8,0.046751684925313494
CUST_00255,130.5,171.82694782833104,3,261,0.011450381679389313,171,0,1.3166815824647469,18,Male,Izmir,251.34,83.78,115.2,11,3.6666666666666665,4.826666666666667,0.3333333333333333,1.0,1.0,0.057611203259196275
CUST_00256,60.666666666666664,40.93246470305284,7,364,0.019178082191780823,4,0,0.6747109455221192,29,Male,Konya,14727.87,2103.9814285714288,8034.19,14,2.0,129.91,0.42857142857142855,0.42857142857142855,0.7142857142857143,0.0617448415533126
CUST_00257,37.5,21.920310216782973,3,75,0.039473684210526314,87,0,0.5845415901931036,50,Male,Ankara,1177.26,392.42,662.46,11,3.6666666666666665,14.973333333333334,0.6666666666666666,0.6666666666666666,0.6666666666666666,0.0381563969603408
CUST_00258,50.333333333333336,50.98888767826443,7,302,0.0231023102310231,140,0,1.0130242383822556,26,Female,Ankara,3814.05,544.8642857142858,1488.36,18,2.5714285714285716,33.50857142857143,0.42857142857142855,0.7142857142857143,0.8571428571428571,0.06149893146904405
CUST_00259,54.5,61.518289963229634,3,109,0.02727272727272727,233,0,1.1287759419165815,40,Female,Konya,4575.48,1525.1599999999999,3247.41,8,2.6666666666666665,27.313333333333333,0.6666666666666666,0.3333333333333333,1.0,0.01790850357695247
CUST_00260,82.0,1.4142135623730951,3,164,0.01818181818181818,174,0,0.017246506647885226,44,Male,Gaziantep,473.06,157.68666666666667,281.44,9,3.0,16.586666666666666,0.6666666666666666,0.6666666666666666,1.0,0.10518750197530438
CUST_00261,67.66666666666667,67.22102845588326,7,406,0.0171990171990172,26,0,0.9934141989527446,23,Male,Izmir,4437.82,633.9742857142857,2780.47,23,3.2857142857142856,40.98285714285714,0.42857142857142855,0.7142857142857143,0.5714285714285714,0.0646443523052962
CUST_00262,210.0,0.0,2,210,0.009478672985781991,77,1,0.0,34,Male,Istanbul,445.41999999999996,222.70999999999998,394.52,9,4.5,2.125,1.0,1.0,1.0,0.009541556241113754
CUST_00263,109.33333333333333,60.102689900979755,4,328,0.0121580547112462,97,0,0.5497197196761588,18,Female,Istanbul,7240.24,1810.06,6172.8,9,2.25,40.9825,0.25,0.5,0.5,0.02264151463341463
CUST_00264,103.0,18.520259177452136,4,309,0.012903225806451613,39,0,0.1798083397829495,22,Female,Antalya,1046.51,261.6275,581.8,10,2.5,1.945,0.5,0.5,0.5,0.0074342337581705525
CUST_00265,59.57142857142857,81.81861471746949,8,417,0.019138755980861243,12,0,1.37345394102664,31,Female,Ankara,5935.98,741.9975,2329.96,23,2.875,52.582499999999996,0.5,0.5,0.625,0.07086614163677621
CUST_00266,98.0,88.42510955605314,4,294,0.013559322033898305,12,0,0.902297027079144,20,Female,Gaziantep,12841.74,3210.435,12022.75,17,4.25,0.0,0.25,0.5,0.75,0.0
CUST_00267,41.0,0.0,2,41,0.047619047619047616,246,1,0.0,54,Male,Kayseri,5077.16,2538.58,5004.9,5,2.5,213.61,0.5,0.5,0.5,0.08414546711778025
CUST_00268,80.0,108.58637115218465,4,240,0.016597510373443983,98,0,1.3573296224356879,18,Female,Gaziantep,1524.25,381.0625,576.91,13,3.25,27.705,0.5,0.75,0.75,0.07270460863321736
CUST_00269,91.0,0.0,2,91,0.021739130434782608,118,1,0.0,29,Female,Ankara,3755.94,1877.97,2800.5,5,2.5,287.25,0.5,0.5,0.5,0.15295771489802407
CUST_00270,113.0,0.0,2,113,0.017543859649122806,146,1,0.0,36,Male,Gaziantep,254.55,127.275,186.07,4,2.0,18.985,0.5,0.5,1.0,0.1491651923066966
CUST_00271,117.5,77.07463914933368,3,235,0.012711864406779662,163,0,0.6559543701564197,52,Male,Ankara,354.17999999999995,118.05999999999999,172.92,7,2.3333333333333335,9.13,0.3333333333333333,0.6666666666666666,1.0,0.07733355855214673
CUST_00272,70.66666666666667,63.947895456639806,4,212,0.018779342723004695,186,0,0.9049230361091996,18,Female,Istanbul,6001.24,1500.31,5861.2,12,3.0,6.782500000000001,0.25,0.75,0.5,0.0045207323789611936
CUST_00273,205.0,0.0,2,205,0.009708737864077669,219,1,0.0,48,Female,Istanbul,6328.49,3164.245,6248.78,3,1.5,354.495,0.5,0.5,0.5,0.11203146402632178
CUST_00274,149.0,50.91168824543142,3,298,0.010033444816053512,91,0,0.34168918056202846,35,Male,Ankara,617.76,205.92,431.26,8,2.6666666666666665,16.150000000000002,0.3333333333333333,0.3333333333333333,0.6666666666666666,0.07842851554764708
CUST_00275,253.0,0.0,2,253,0.007874015748031496,71,1,0.0,23,Female,Konya,2211.61,1105.805,1990.27,5,2.5,262.195,0.5,0.5,0.5,0.23710780812430052
CUST_00276,89.66666666666667,102.49552835774512,4,269,0.014814814814814815,66,0,1.1430727942156764,40,Female,Istanbul,2107.04,526.76,1025.35,8,2.0,15.6375,0.25,0.5,0.75,0.02968619479518909
CUST_00277,94.5,119.50104602052653,3,189,0.015789473684210527,239,0,1.264561320168944,37,Male,Istanbul,602.97,200.99,267.0,8,2.6666666666666665,3.24,0.6666666666666666,0.6666666666666666,0.6666666666666666,0.01612020490511864
CUST_00278,21.0,0.0,2,21,0.09090909090909091,256,1,0.0,27,Male,Eskisehir,718.8299999999999,359.41499999999996,363.12,5,2.5,0.0,0.5,0.5,0.5,0.0
CUST_00279,47.22222222222222,44.24019037531873,10,425,0.023474178403755867,15,0,0.9368510704616682,35,Male,Istanbul,10146.15,1014.615,4916.44,33,3.3,15.024000000000001,0.3,0.3,0.4,0.014807587099729862
CUST_00280,182.0,0.0,2,182,0.01092896174863388,149,1,0.0,30,Female,Gaziantep,1023.41,511.705,659.8,5,2.5,0.0,0.5,0.5,0.5,0.0
CUST_00281,97.5,125.78420674578614,5,390,0.01278772378516624,50,0,1.2900944149301716,36,Male,Ankara,11591.52,2318.304,7353.64,13,2.6,422.218,0.4,0.8,0.6,0.1821236558354195
CUST_00282,225.0,0.0,2,225,0.008849557522123894,108,1,0.0,42,Male,Istanbul,2702.27,1351.135,1843.57,6,3.0,0.0,0.5,0.5,0.5,0.0
CUST_00283,100.0,0.0,2,100,0.019801980198019802,49,1,0.0,54,Female,Kayseri,294.07,147.035,188.47,2,1.0,8.39,1.0,1.0,0.5,0.05706124353343597
CUST_00284,16.5,10.606601717798213,3,33,0.08823529411764706,305,0,0.6428243075741761,20,Female,Istanbul,5509.610000000001,1836.5366666666669,2300.52,10,3.3333333333333335,128.09666666666666,0.6666666666666666,0.6666666666666666,0.6666666666666666,0.06974903846020913
CUST_00285,333.0,0.0,2,333,0.005988023952095809,114,1,0.0,60,Male,Bursa,3814.71,1907.355,3585.16,9,4.5,31.84,0.5,0.5,1.0,0.0166932741850923
CUST_00286,54.714285714285715,32.02974807744766,8,383,0.020833333333333332,31,0,0.5854000847110522,18,Male,Ankara,7119.02,889.8775,4926.11,26,3.25,112.0975,0.375,0.75,0.625,0.12596958555984436
CUST_00287,122.33333333333333,74.33258594542056,4,367,0.010869565217391304,51,0,0.6076233133879885,33,Female,Istanbul,4708.72,1177.18,3967.98,16,4.0,124.98,0.5,0.25,1.0,0.10616898001480743
CUST_00288,50.6,54.83429583755043,6,253,0.023622047244094488,125,0,1.0836817145033344,42,Female,Istanbul,6829.17,1138.195,3572.4,19,3.1666666666666665,35.615,0.3333333333333333,0.6666666666666666,0.6666666666666666,0.03129077176468815
CUST_00289,55.875,67.26161609714711,9,447,0.020089285714285716,3,0,1.2037872911563279,38,Female,Istanbul,11491.68,1276.8533333333335,4805.55,24,2.6666666666666665,24.11111111111111,0.3333333333333333,0.5555555555555556,0.5555555555555556,0.018883226806702843
CUST_00290,80.5,81.31727983645297,3,161,0.018518518518518517,172,0,1.0101525320037321,27,Male,Istanbul,5543.91,1847.97,2179.6,9,3.0,67.59333333333333,1.0,0.3333333333333333,0.6666666666666666,0.03657707284033629
CUST_00291,96.0,114.5294721894762,4,288,0.01384083044982699,128,0,1.1930153228798008,32,Female,Adana,1853.42,463.355,1057.25,12,3.0,1.7975,0.25,0.5,0.75,0.0038793149876891046
CUST_00292,64.0,52.53950894327049,7,384,0.01818181818181818,50,0,0.8209298144115731,29,Female,Izmir,3213.4900000000002,459.07000000000005,1520.72,15,2.142857142857143,11.855714285714285,0.2857142857142857,0.42857142857142855,0.5714285714285714,0.025825504301933866
CUST_00293,111.0,116.77328461596,4,333,0.011976047904191617,10,0,1.0520115636391751,27,Female,Ankara,5724.42,1431.105,4505.56,10,2.5,32.2925,0.5,0.25,0.75,0.022564731433008245
CUST_00294,60.0,72.19418259112018,4,180,0.022099447513812154,139,0,1.2032363564647304,45,Female,Izmir,4498.9800000000005,1124.7450000000001,3774.26,10,2.5,153.3225,0.5,0.75,0.75,0.13631756519360602
CUST_00295,76.33333333333333,41.78915329763614,4,229,0.017391304347826087,185,0,0.5474561495656768,39,Male,Kayseri,826.48,206.62,346.41,8,2.0,13.95,0.5,0.75,0.75,0.06751524505122812
CUST_00296,141.0,46.66904755831214,3,282,0.01060070671378092,13,0,0.33098615054841124,26,Male,Kayseri,4074.58,1358.1933333333334,3238.44,8,2.6666666666666665,0.0,0.3333333333333333,0.6666666666666666,1.0,0.0
CUST_00297,186.5,96.87362902255701,3,373,0.008021390374331552,74,0,0.5194296434484041,45,Female,Adana,6226.85,2075.616666666667,5371.04,11,3.6666666666666665,0.0,0.3333333333333333,0.6666666666666666,0.6666666666666666,0.0
CUST_00298,226.0,0.0,2,226,0.00881057268722467,82,1,0.0,38,Female,Konya,4422.58,2211.29,2986.14,5,2.5,140.37,0.5,0.5,1.0,0.06347878384857764
CUST_00299,123.66666666666667,55.075705472861024,4,371,0.010752688172043012,11,0,0.4453561053437055,44,Female,Ankara,2413.86,603.465,1990.13,5,1.25,113.5,0.5,0.25,0.75,0.18808050145728333
CUST_00300,52.5,47.37615433949868,3,105,0.02830188679245283,202,0,0.9024029226113479,42,Male,Ankara,1797.44,599.1466666666666,788.54,3,1.0,44.050000000000004,0.6666666666666666,0.6666666666666666,1.0,0.07352123007134387
CUST_00301,87.33333333333333,85.58231904624537,4,262,0.015209125475285171,83,0,0.9799502068659752,25,Female,Bursa,2063.5,515.875,1176.7,15,3.75,4.87,0.5,0.5,0.5,0.00944027136527207
CUST_00302,57.4,30.875556675143525,6,287,0.020833333333333332,31,0,0.5379016748648406,28,Female,Antalya,7745.69,1290.9483333333333,2662.74,17,2.8333333333333335,51.25833333333333,0.3333333333333333,0.5,0.5,0.03970595256997947
CUST_00303,140.5,133.64318164425748,3,281,0.010638297872340425,148,0,0.9511970156089713,43,Male,Izmir,977.64,325.88,382.36,6,2.0,21.956666666666667,0.6666666666666666,0.6666666666666666,0.6666666666666666,0.06737653921471133
CUST_00304,183.5,232.63813101037414,3,367,0.008152173913043478,80,0,1.2677827233928687,42,Male,Izmir,11647.89,3882.6299999999997,6359.05,14,4.666666666666667,67.35666666666667,0.6666666666666666,0.6666666666666666,0.6666666666666666,0.017348206408882245
CUST_00305,107.5,126.572113832392,3,215,0.013888888888888888,158,0,1.1774150014416467,34,Female,Eskisehir,5606.25,1868.75,3185.14,11,3.6666666666666665,199.98,0.3333333333333333,0.6666666666666666,0.6666666666666666,0.10701270897283599
CUST_00306,47.166666666666664,44.215004994534,7,283,0.02464788732394366,63,0,0.9374205807161856,36,Female,Gaziantep,7260.81,1037.2585714285715,2572.76,17,2.4285714285714284,44.62428571428571,0.2857142857142857,0.2857142857142857,0.42857142857142855,0.04302137085240494
CUST_00307,49.0,9.899494936611665,3,98,0.030303030303030304,208,0,0.20203050478737064,50,Female,Izmir,5476.0199999999995,1825.34,3914.45,7,2.3333333333333335,0.0,0.3333333333333333,0.6666666666666666,0.6666666666666666,0.0
CUST_00308,77.0,87.92610533851708,4,231,0.017241379310344827,95,0,1.1418974570989562,27,Female,Adana,3238.87,809.7175,1879.15,11,2.75,0.0,0.75,0.5,0.5,0.0
CUST_00309,72.4,45.976080737705345,6,362,0.01652892561983471,49,0,0.6350287306999532,41,Male,Ankara,3116.3100000000004,519.3850000000001,1226.24,20,3.3333333333333335,15.085,0.3333333333333333,0.5,0.8333333333333334,0.029043965403228882
CUST_00310,50.0,0.0,2,50,0.0392156862745098,158,1,0.0,32,Male,Istanbul,4288.88,2144.44,4054.88,8,4.0,0.0,0.5,1.0,1.0,0.0
CUST_00311,25.5,30.405591591021544,3,51,0.057692307692307696,33,0,1.1923760940645274,32,Female,Ankara,2321.45,773.8166666666666,1388.77,11,3.6666666666666665,39.663333333333334,0.6666666666666666,0.6666666666666666,0.6666666666666666,0.051256757563690684
CUST_00312,131.0,0.0,2,131,0.015151515151515152,111,1,0.0,48,Female,Izmir,1436.67,718.335,1351.23,6,3.0,25.905,0.5,0.5,0.5,0.03606256128956189
CUST_00313,122.5,91.21677477306463,3,245,0.012195121951219513,166,0,0.7446267267627584,44,Female,Istanbul,918.17,306.0566666666667,424.15,5,1.6666666666666667,47.193333333333335,0.6666666666666666,0.3333333333333333,0.6666666666666666,0.15419802382718442
CUST_00314,100.66666666666667,64.03384521745772,4,302,0.013201320132013201,100,0,0.6360977938545689,44,Female,Gaziantep,2710.52,677.63,2082.65,11,2.75,79.6875,0.25,0.5,0.75,0.1175973612183679
CUST_00315,45.0,32.526911934581186,3,90,0.03296703296703297,311,0,0.7228202491502431,50,Male,Ankara,871.99,290.66333333333336,471.06,9,3.0,0.0,0.6666666666666666,0.6666666666666666,0.6666666666666666,0.0
CUST_00316,51.0,0.0,2,51,0.038461538461538464,113,1,0.0,35,Female,Bursa,16749.370000000003,8374.685000000001,15454.37,8,4.0,367.795,0.5,1.0,0.5,0.0439174727116402
CUST_00317,62.666666666666664,24.54248017893329,4,188,0.021164021164021163,42,0,0.3916353157547549,43,Male,Istanbul,5522.2,1380.55,3802.5,10,2.5,93.5525,0.25,0.5,0.75,0.06776465896362706
CUST_00318,60.0,55.02726596879042,4,180,0.022099447513812154,211,0,0.9171210841944889,31,Male,Istanbul,8034.5599999999995,2008.6399999999999,6253.0,10,2.5,0.0,0.5,0.5,0.5,0.0
CUST_00319,94.33333333333333,12.662279942148384,4,283,0.014084507042253521,154,0,0.13422911457158238,38,Male,Konya,1947.1499999999999,486.78749999999997,1449.78,11,2.75,13.2425,0.5,0.5,0.5,0.02720386199891357
CUST_00320,115.0,0.0,2,115,0.017241379310344827,125,1,0.0,33,Male,Bursa,520.36,260.18,448.2,3,1.5,0.0,0.5,0.5,0.5,0.0
CUST_00321,38.3,31.77018168730617,11,383,0.028645833333333332,54,0,0.8295086385847921,36,Male,Kayseri,11033.68,1003.0618181818182,5466.97,30,2.727272727272727,123.74454545454546,0.36363636363636365,0.45454545454545453,0.5454545454545454,0.12336681856306916
CUST_00322,406.0,0.0,2,406,0.004914004914004914,8,1,0.0,42,Male,Eskisehir,2996.7200000000003,1498.3600000000001,2536.32,8,4.0,0.0,0.5,0.5,0.5,0.0
CUST_00323,113.33333333333333,77.68097150096241,4,340,0.011730205278592375,77,0,0.6854203307253713,25,Male,Ankara,7605.25,1901.3125,5528.61,14,3.5,84.6725,0.25,0.5,1.0,0.0445337102425121
CUST_00324,122.33333333333333,65.75966342168527,4,367,0.010869565217391304,56,0,0.5375449282082317,60,Male,Ankara,2438.04,609.51,1866.32,10,2.5,0.0,0.25,0.5,0.5,0.0
CUST_00325,120.0,0.0,2,120,0.01652892561983471,106,1,0.0,22,Female,Konya,2493.1800000000003,1246.5900000000001,2178.78,6,3.0,241.69,0.5,1.0,1.0,0.1938809069590796
CUST_00326,156.0,11.313708498984761,3,312,0.009584664536741214,116,0,0.07252377196449353,20,Male,Eskisehir,2683.81,894.6033333333334,1828.94,8,2.6666666666666665,0.0,0.3333333333333333,0.6666666666666666,0.3333333333333333,0.0
CUST_00327,139.5,143.54267658086914,3,279,0.010714285714285714,82,0,1.028979753060139,48,Male,Antalya,1632.87,544.29,1398.0,10,3.3333333333333335,0.0,0.3333333333333333,0.3333333333333333,0.6666666666666666,0.0
CUST_00328,154.5,23.33452377915607,3,309,0.00967741935483871,91,0,0.15103251539238546,44,Female,Gaziantep,3421.57,1140.5233333333333,3000.65,12,4.0,0.0,0.3333333333333333,0.3333333333333333,0.6666666666666666,0.0
CUST_00329,54.714285714285715,52.967645110684586,8,383,0.020833333333333332,36,0,0.9680770469928272,42,Female,Gaziantep,9070.06,1133.7575,6636.85,19,2.375,6.6587499999999995,0.375,0.5,0.5,0.005873169521812936
CUST_00330,146.0,0.0,2,146,0.013605442176870748,98,1,0.0,42,Female,Ankara,1517.56,758.78,872.72,6,3.0,0.0,0.5,0.5,1.0,0.0
CUST_00331,137.33333333333334,123.75109427125618,4,412,0.009685230024213076,5,0,0.9011001944428834,34,Male,Bursa,6185.23,1546.3075,4554.45,10,2.5,23.9175,0.5,0.5,0.5,0.015467492710558868
CUST_00332,58.333333333333336,70.43673284113434,4,175,0.022727272727272728,111,0,1.207486828005386,24,Female,Gaziantep,1029.58,257.395,416.04,10,2.5,23.6625,0.25,0.5,0.5,0.09193068982718901
CUST_00333,402.0,0.0,2,402,0.004962779156327543,41,1,0.0,35,Male,Antalya,996.94,498.47,568.64,6,3.0,0.0,0.5,0.5,1.0,0.0
CUST_00334,138.5,53.033008588991066,3,277,0.01079136690647482,9,0,0.382909806542103,26,Male,Istanbul,5443.1,1814.3666666666668,4190.25,15,5.0,0.0,0.3333333333333333,0.6666666666666666,0.6666666666666666,0.0
CUST_00335,191.0,152.73506473629428,3,382,0.007832898172323759,13,0,0.7996600206106506,46,Male,Ankara,3872.71,1290.9033333333334,2384.91,13,4.333333333333333,32.233333333333334,0.3333333333333333,0.3333333333333333,1.0,0.024969594915470357
CUST_00336,68.83333333333333,100.93050414352773,7,413,0.016908212560386472,21,0,1.4663027023325672,33,Female,Istanbul,8182.5599999999995,1168.9371428571428,4522.58,17,2.4285714285714284,26.712857142857143,0.42857142857142855,0.42857142857142855,0.5714285714285714,0.022852261375417248
CUST_00337,142.0,0.0,2,142,0.013986013986013986,210,1,0.0,25,Male,Istanbul,3757.92,1878.96,3681.65,6,3.0,2.895,0.5,1.0,0.5,0.001540745943745079
CUST_00338,64.25,54.69536848155732,5,257,0.01937984496124031,96,0,0.8512897685644755,31,Male,Konya,3678.4,735.6800000000001,1916.89,16,3.2,75.25999999999999,0.4,0.6,0.4,0.1022999128665997
CUST_00339,47.0,39.79321550214308,6,235,0.025423728813559324,43,0,0.8466641416059348,39,Male,Istanbul,10552.8,1758.8,4844.0,19,3.1666666666666665,0.0,0.3333333333333333,0.5,0.6666666666666666,0.0
CUST_00340,82.5,0.7071067811865476,3,165,0.018072289156626505,56,0,0.008570991183218865,28,Female,Istanbul,690.06,230.01999999999998,392.76,9,3.0,9.036666666666667,0.3333333333333333,0.6666666666666666,1.0,0.03928643868959321
CUST_00341,76.2,55.75123317021786,6,381,0.015706806282722512,42,0,0.7316434703224985,25,Female,Ankara,6005.66,1000.9433333333333,3761.65,18,3.0,71.485,0.3333333333333333,0.5,0.3333333333333333,0.07141762929827766
CUST_00342,55.166666666666664,60.08466249107726,7,331,0.02108433734939759,94,0,1.0891479408204712,37,Male,Bursa,11657.0,1665.2857142857142,5208.24,17,2.4285714285714284,103.71285714285715,0.2857142857142857,0.42857142857142855,0.42857142857142855,0.06227931711109589
CUST_00343,145.5,143.54267658086914,3,291,0.010273972602739725,66,0,0.9865475985864024,37,Female,Bursa,389.4,129.79999999999998,255.96,4,1.3333333333333333,4.38,0.3333333333333333,0.6666666666666666,0.6666666666666666,0.033744221619844215
CUST_00344,51.0,67.88225099390856,3,102,0.02912621359223301,308,0,1.331024503193805,28,Female,Istanbul,2877.62,959.2066666666666,1618.91,8,2.6666666666666665,146.24666666666667,0.3333333333333333,0.3333333333333333,0.6666666666666666,0.1524662740537671
CUST_00345,113.33333333333333,63.129496539520524,4,340,0.011730205278592375,40,0,0.5570249645514315,29,Female,Istanbul,9809.8,2452.45,6639.4,12,3.0,4.955,0.25,0.75,0.75,0.0020204285502169552
CUST_00346,54.4,87.01034421262796,6,272,0.02197802197802198,103,0,1.5994548274480356,37,Male,Istanbul,7328.889999999999,1221.4816666666666,4437.33,23,3.8333333333333335,45.64333333333334,0.3333333333333333,0.6666666666666666,0.3333333333333333,0.037367186541999796
CUST_00347,108.5,153.4068664260719,5,434,0.011494252873563218,3,0,1.4138881567943202,18,Female,Izmir,5587.400000000001,1117.48,3160.05,15,3.0,11.764,0.4,0.4,0.8,0.010527257749107581
CUST_00348,96.5,94.07266694777323,5,386,0.012919896640826873,47,0,0.9748462795121964,18,Male,Ankara,4566.67,913.3340000000001,2260.36,11,2.2,19.718,0.2,0.6,0.6,0.021589035312832943
CUST_00349,84.0,74.86432172047421,5,336,0.01483679525222552,33,0,0.8912419146337178,26,Female,Kayseri,3909.59,781.918,1265.69,13,2.6,16.856,0.4,0.4,0.6,0.021557247663364643
CUST_00350,396.0,0.0,2,396,0.005037783375314861,37,1,0.0,32,Male,Izmir,4582.52,2291.26,3351.67,10,5.0,269.99,0.5,0.5,1.0,0.11783472843857322
CUST_00351,64.5,53.67587912647542,7,387,0.01804123711340206,9,0,0.832184159601415,38,Male,Istanbul,13330.07,1904.2957142857142,11017.08,16,2.2857142857142856,11.881428571428572,0.42857142857142855,0.42857142857142855,0.42857142857142855,0.006239277059784762
CUST_00352,138.0,51.29327441292864,4,414,0.00963855421686747,12,0,0.37169039160317574,52,Male,Adana,1226.9599999999998,306.73999999999995,516.06,13,3.25,38.155,0.25,0.25,0.75,0.12438873272351593
CUST_00353,64.33333333333333,34.645827069552446,4,193,0.020618556701030927,169,0,0.5385361636945537,45,Female,Ankara,1778.83,444.7075,769.68,8,2.0,3.52,0.25,0.5,0.5,0.007915315105062732
CUST_00354,51.333333333333336,44.41095960833692,4,154,0.025806451612903226,246,0,0.865148546945228,33,Male,Antalya,4642.06,1160.515,2258.13,15,3.75,42.1675,0.25,0.5,0.75,0.03633516151334953
CUST_00355,45.875,49.10757142670132,9,367,0.024456521739130436,83,0,1.0704647489097892,34,Female,Ankara,5017.76,557.5288888888889,1289.7,20,2.2222222222222223,13.956666666666667,0.3333333333333333,0.5555555555555556,0.5555555555555556,0.025033082446091932
CUST_00356,66.0,12.727922061357855,3,132,0.022556390977443608,117,0,0.1928473010380387,22,Male,Bursa,4035.6100000000006,1345.2033333333336,2780.05,12,4.0,0.0,0.3333333333333333,0.6666666666666666,0.6666666666666666,0.0
CUST_00357,69.33333333333333,43.14317249963583,4,208,0.019138755980861243,154,0,0.6222572866929599,34,Female,Adana,2634.7,658.675,1936.84,14,3.5,3.9125,0.5,0.5,0.75,0.005939955204099207
CUST_00358,186.0,0.0,2,186,0.0106951871657754,22,1,0.0,31,Female,Kayseri,2650.8599999999997,1325.4299999999998,2005.55,8,4.0,25.54,0.5,0.5,1.0,0.01926921827688432
CUST_00359,199.0,271.5290039756342,3,398,0.007518796992481203,52,0,1.3644673498048587,38,Female,Ankara,4019.4399999999996,1339.8133333333333,3627.72,8,2.6666666666666665,0.0,0.3333333333333333,0.6666666666666666,0.6666666666666666,0.0
CUST_00360,267.0,0.0,2,267,0.007462686567164179,136,1,0.0,25,Female,Ankara,1098.2,549.1,957.96,7,3.5,55.57,0.5,1.0,0.5,0.10120196667054823
CUST_00361,66.2,24.570307283385773,6,331,0.018072289156626505,12,0,0.3711526723902281,41,Female,Izmir,17367.43,2894.5716666666667,11708.23,18,3.0,412.49666666666667,0.3333333333333333,0.5,0.5,0.14250697997026376
CUST_00362,85.0,0.0,2,85,0.023255813953488372,16,1,0.0,53,Male,Kayseri,1549.9099999999999,774.9549999999999,1367.58,3,1.5,0.0,0.5,0.5,1.0,0.0
CUST_00363,100.0,7.937253933193772,4,300,0.013289036544850499,120,0,0.07937253853821234,33,Female,Konya,5244.639999999999,1311.1599999999999,3779.25,13,3.25,0.0,0.5,0.5,0.75,0.0
CUST_00364,115.0,44.034077712607996,4,345,0.011560693641618497,20,0,0.38290502025828677,39,Male,Istanbul,2206.9100000000003,551.7275000000001,2036.7,12,3.0,0.0,0.5,0.5,0.75,0.0
CUST_00365,42.8,38.20602046798384,6,214,0.027906976744186046,57,0,0.8926640087691551,43,Female,Istanbul,8227.23,1371.205,5233.04,14,2.3333333333333335,68.69833333333334,0.3333333333333333,0.3333333333333333,0.5,0.050100702143904545
CUST_00366,196.5,20.506096654409877,3,393,0.007614213197969543,20,0,0.10435672544556311,30,Female,Izmir,15447.800000000001,5149.266666666667,14485.45,11,3.6666666666666665,0.0,0.3333333333333333,0.6666666666666666,0.6666666666666666,0.0
CUST_00367,156.0,0.0,2,156,0.012738853503184714,204,1,0.0,37,Male,Istanbul,986.8299999999999,493.41499999999996,548.52,8,4.0,41.77,0.5,1.0,0.5,0.08465490492859987
CUST_00368,47.8,56.58356651891077,6,239,0.025,123,0,1.1837565969697528,35,Male,Ankara,22430.730000000003,3738.4550000000004,16541.08,16,2.6666666666666665,54.64833333333333,0.3333333333333333,0.5,0.6666666666666666,0.014617892503377848
CUST_00369,2.0,0.0,2,2,0.6666666666666666,8,1,0.0,36,Male,Istanbul,576.13,288.065,561.32,5,2.5,0.0,0.5,1.0,1.0,0.0
CUST_00370,109.0,87.68124086713189,3,218,0.0136986301369863,198,0,0.8044150464469435,25,Female,Antalya,2277.8,759.2666666666668,2147.84,8,2.6666666666666665,4.47,0.6666666666666666,0.3333333333333333,1.0,0.005887259628737474
CUST_00371,329.0,0.0,2,329,0.006060606060606061,91,1,0.0,35,Female,Kayseri,602.3199999999999,301.15999999999997,564.76,5,2.5,7.19,0.5,0.5,0.5,0.023874352424377902
CUST_00372,28.5,23.33452377915607,3,57,0.05172413793103448,309,0,0.8187551915930132,40,Female,Eskisehir,1822.13,607.3766666666667,1103.24,10,3.3333333333333335,36.04,0.3333333333333333,0.6666666666666666,0.6666666666666666,0.059337149282426914
CUST_00373,43.2,39.776877705521336,6,216,0.027649769585253458,76,0,0.9207610366842662,52,Female,Ankara,11950.38,1991.7299999999998,5334.5,20,3.3333333333333335,5.896666666666667,0.5,0.3333333333333333,0.6666666666666666,0.0029605753107630516
CUST_00374,197.5,33.23401871576773,3,395,0.007575757575757576,54,0,0.16827351163288212,46,Female,Bursa,2712.12,904.04,2197.35,5,1.6666666666666667,0.0,0.3333333333333333,0.3333333333333333,0.6666666666666666,0.0
CUST_00375,63.0,37.753587026047384,5,252,0.019762845849802372,167,0,0.5992632766156207,60,Male,Konya,5646.049999999999,1129.2099999999998,3962.08,13,2.6,0.0,0.6,0.6,0.8,0.0
CUST_00376,45.0,35.35533905932738,3,90,0.03296703296703297,225,0,0.7856741838589599,25,Male,Istanbul,1742.54,580.8466666666667,1624.74,7,2.3333333333333335,3.9766666666666666,0.3333333333333333,0.6666666666666666,0.6666666666666666,0.0068463277626114845
CUST_00377,216.0,0.0,2,216,0.009216589861751152,49,1,0.0,45,Female,Antalya,975.53,487.765,801.16,2,1.0,8.105,0.5,1.0,0.5,0.016616608373670502
CUST_00378,100.0,115.37764081484765,4,300,0.013289036544850499,49,0,1.1537763966107126,37,Female,Izmir,13423.069999999998,3355.7674999999995,11941.96,12,3.0,9.5025,0.25,0.25,0.75,0.0028316920040403004
CUST_00379,45.25,43.568910934288915,5,181,0.027472527472527472,37,0,0.962848839147847,61,Female,Istanbul,1125.07,225.01399999999998,694.21,8,1.6,10.809999999999999,0.4,0.6,0.6,0.04804145498483892
CUST_00380,74.25,62.904027428032514,5,297,0.016778523489932886,7,0,0.8471922771830335,25,Male,Izmir,6456.96,1291.392,3925.19,19,3.8,166.102,0.4,0.6,0.8,0.12862244761573366
CUST_00381,158.0,0.0,2,158,0.012578616352201259,76,1,0.0,24,Male,Istanbul,1849.23,924.615,1052.55,7,3.5,0.0,0.5,0.5,1.0,0.0
CUST_00382,169.0,0.0,2,169,0.011764705882352941,94,1,0.0,27,Male,Antalya,908.79,454.395,746.84,9,4.5,0.0,1.0,1.0,0.5,0.0
CUST_00383,45.5,6.363961030678928,3,91,0.03260869565217391,26,0,0.1398672723255309,18,Male,Ankara,3331.02,1110.34,2064.38,8,2.6666666666666665,36.71666666666667,0.3333333333333333,0.3333333333333333,0.6666666666666666,0.033067949126932936
CUST_00384,113.0,0.0,2,113,0.017543859649122806,49,1,0.0,28,Male,Ankara,793.4000000000001,396.70000000000005,690.2,8,4.0,2.84,0.5,0.5,0.5,0.007159062245628781
CUST_00385,63.4,25.412595302329905,6,317,0.018867924528301886,82,0,0.40082957257886964,25,Female,Istanbul,14354.84,2392.4733333333334,9299.28,20,3.3333333333333335,0.0,0.5,0.6666666666666666,0.5,0.0
CUST_00386,312.0,0.0,2,312,0.006389776357827476,112,1,0.0,36,Male,Konya,411.49,205.745,297.36,5,2.5,0.0,1.0,0.5,0.5,0.0
CUST_00387,196.0,0.0,2,196,0.01015228426395939,83,1,0.0,39,Female,Izmir,1864.29,932.145,1566.03,3,1.5,138.98499999999999,0.5,0.5,1.0,0.14910233906838277
CUST_00388,50.5,30.618621784789728,7,303,0.023026315789473683,133,0,0.6063093302669386,57,Male,Bursa,2961.82,423.1171428571429,1272.28,17,2.4285714285714284,3.77,0.2857142857142857,0.7142857142857143,0.8571428571428571,0.008910062035380126
CUST_00389,80.25,94.93287101947354,5,321,0.015527950310559006,50,0,1.182964110112267,46,Female,Bursa,7441.88,1488.376,4567.72,16,3.2,21.488,0.4,0.6,0.6,0.014437212092618255
CUST_00390,59.0,46.2125524073276,7,354,0.01971830985915493,58,0,0.7832635868485426,28,Male,Izmir,7388.19,1055.4557142857143,4636.24,19,2.7142857142857144,197.4257142857143,0.2857142857142857,0.8571428571428571,0.7142857142857143,0.18705257968333677
CUST_00391,110.0,9.899494936611665,3,220,0.013574660633484163,79,0,0.08999540769651143,24,Male,Istanbul,810.95,270.31666666666666,463.26,9,3.0,0.0,0.3333333333333333,0.6666666666666666,0.6666666666666666,0.0
CUST_00392,114.0,152.6302722267113,4,342,0.011661807580174927,49,0,1.3388620253320112,40,Male,Adana,5238.21,1309.5525,2868.63,8,2.0,42.945,0.25,0.5,0.5,0.032793645132368765
CUST_00393,78.33333333333333,63.319296690134934,4,235,0.01694915254237288,186,0,0.8083314367889809,19,Female,Istanbul,1416.0,354.0,668.7,11,2.75,11.4825,0.5,0.5,0.5,0.03243644058633774
CUST_00394,44.857142857142854,45.74359179684287,8,314,0.025396825396825397,78,0,1.0197615778330227,56,Female,Istanbul,5109.69,638.71125,1503.62,19,2.375,4.70625,0.375,0.375,0.875,0.007368353058806538
CUST_00395,154.5,31.81980515339464,3,309,0.00967741935483871,74,0,0.20595343008052563,49,Male,Adana,7939.099999999999,2646.3666666666663,5991.04,10,3.3333333333333335,0.0,0.3333333333333333,0.6666666666666666,1.0,0.0
CUST_00396,39.0,34.219877264537345,4,117,0.03389830508474576,109,0,0.8774327278744775,29,Male,Istanbul,1469.11,367.2775,1103.97,9,2.25,0.0,0.25,0.75,1.0,0.0
CUST_00397,67.2,40.189550880794876,6,336,0.017804154302670624,83,0,0.5980587839692871,18,Female,Ankara,11824.42,1970.7366666666667,5379.6,23,3.8333333333333335,55.848333333333336,0.5,0.5,0.5,0.02833881068415763
CUST_00398,56.833333333333336,63.52768425392717,7,341,0.02046783625730994,42,0,1.117789146090405,51,Male,Izmir,5432.7,776.1,3039.04,19,2.7142857142857144,25.69142857142857,0.42857142857142855,0.42857142857142855,0.5714285714285714,0.03310324512089335
CUST_00399,112.33333333333333,59.5175044279692,4,337,0.011834319526627219,5,0,0.5298294115561406,33,Male,Izmir,949.72,237.43,718.68,6,1.5,0.0,0.25,0.5,0.75,0.0
CUST_00400,49.0,39.14807056000881,9,392,0.022900763358778626,29,0,0.7989401992054819,49,Female,Adana,11288.77,1254.3077777777778,5100.54,29,3.2222222222222223,19.082222222222224,0.2222222222222222,0.3333333333333333,0.8888888888888888,0.015213349183576232
CUST_00401,101.25,58.65932719241388,5,405,0.012315270935960592,20,0,0.579351373956173,18,Female,Antalya,10912.349999999999,2182.47,8282.48,14,2.8,117.15799999999999,0.6,0.8,0.6,0.05368137932998787
CUST_00402,35.25,12.526638282742368,5,141,0.035211267605633804,73,0,0.3553656149610427,27,Male,Antalya,2344.5699999999997,468.91399999999993,1040.1,17,3.4,20.192,0.2,0.4,0.6,0.043061200895982636
CUST_00403,200.5,12.020815280171307,3,401,0.007462686567164179,14,0,0.05995419062452427,35,Male,Adana,1181.28,393.76,624.48,10,3.3333333333333335,0.0,0.6666666666666666,0.6666666666666666,0.6666666666666666,0.0
CUST_00404,49.333333333333336,27.537852736430512,4,148,0.026845637583892617,96,0,0.5581997063154893,35,Female,Ankara,4163.67,1040.9175,2491.7,12,3.0,130.41,0.25,0.25,0.75,0.1252837039195866
CUST_00405,167.0,0.0,2,167,0.011904761904761904,14,1,0.0,29,Male,Ankara,2895.07,1447.535,2160.88,5,2.5,148.335,1.0,1.0,1.0,0.10247420607966355
CUST_00406,39.111111111111114,24.876919244776094,10,352,0.028328611898016998,28,0,0.6360575780638257,42,Male,Izmir,6251.97,625.197,3191.69,34,3.4,78.85499999999999,0.2,0.4,0.4,0.12612824417563062
CUST_00407,105.66666666666667,74.76853170507853,4,317,0.012578616352201259,95,0,0.7075886214273492,22,Female,Ankara,4755.03,1188.7575,4379.9,7,1.75,158.83999999999997,0.25,0.5,0.5,0.13361850492331823
CUST_00408,46.22222222222222,41.5083659572916,10,416,0.023980815347721823,22,0,0.898017513301603,33,Female,Eskisehir,29336.010000000002,2933.601,11361.08,26,2.6,187.858,0.3,0.4,0.6,0.06403665663325155
CUST_00409,84.0,77.78174593052023,3,168,0.01775147928994083,22,0,0.9259731548160366,36,Male,Gaziantep,8005.990000000001,2668.6633333333334,6446.6,8,2.6666666666666665,0.0,0.3333333333333333,0.6666666666666666,0.6666666666666666,0.0
CUST_00410,281.0,0.0,2,281,0.0070921985815602835,128,1,0.0,41,Other,Istanbul,431.34999999999997,215.67499999999998,282.21,4,2.0,18.17,0.5,0.5,0.5,0.08424713070941404
CUST_00411,146.0,189.50461735799473,3,292,0.010238907849829351,3,0,1.29797682232889,43,Female,Istanbul,1762.8600000000001,587.62,1319.63,6,2.0,14.176666666666668,0.6666666666666666,0.6666666666666666,0.6666666666666666,0.02412556863711429
CUST_00412,160.0,189.50461735799473,3,320,0.009345794392523364,35,0,1.184403851084943,21,Male,Istanbul,2461.4500000000003,820.4833333333335,2163.26,9,3.0,174.16666666666666,0.3333333333333333,0.3333333333333333,1.0,0.21227325331133282
CUST_00413,39.0,0.0,2,39,0.05,376,1,0.0,18,Other,Istanbul,1830.85,915.425,1456.73,4,2.0,33.59,0.5,1.0,0.5,0.036693339119323445
CUST_00414,147.5,38.890872965260115,3,295,0.010135135135135136,26,0,0.2636669335701233,50,Male,Istanbul,2315.71,771.9033333333333,1271.8,12,4.0,49.79999999999999,0.3333333333333333,0.3333333333333333,0.6666666666666666,0.06451585034674136
CUST_00415,152.5,16.263455967290593,3,305,0.00980392156862745,111,0,0.1066456122009507,38,Male,Bursa,2208.58,736.1933333333333,1521.33,8,2.6666666666666665,32.20333333333333,0.6666666666666666,0.3333333333333333,0.6666666666666666,0.04374303845401611
CUST_00416,21.25,21.313141485947114,5,85,0.05813953488372093,81,0,1.0029713168459198,26,Female,Konya,11241.01,2248.202,6019.08,14,2.8,40.04,0.4,0.6,0.6,0.017809787546755232
CUST_00417,65.16666666666667,51.99006315313212,7,391,0.017857142857142856,9,0,0.7978014683682453,53,Male,Adana,6316.53,902.3614285714285,4937.24,16,2.2857142857142856,191.25142857142856,0.2857142857142857,0.7142857142857143,0.7142857142857143,0.21194548249060507
CUST_00418,29.857142857142858,32.682454882442,8,209,0.0380952380952381,121,0,1.0946276388263183,36,Male,Istanbul,6449.18,806.1475,2938.86,20,2.5,47.73375,0.25,0.75,0.375,0.059212178839217165
CUST_00419,44.2,40.80073528749206,6,221,0.02702702702702703,130,0,0.9230935376560752,49,Male,Ankara,5158.62,859.77,3894.6,19,3.1666666666666665,7.241666666666666,0.3333333333333333,0.5,0.5,0.008422795233892635
CUST_00420,66.0,0.0,2,66,0.029850746268656716,323,1,0.0,35,Male,Izmir,2377.4900000000002,1188.7450000000001,2349.09,4,2.0,159.935,0.5,1.0,0.5,0.13454104948114096
CUST_00421,93.33333333333333,38.552993831002716,4,280,0.014234875444839857,68,0,0.4130677866207314,59,Female,Gaziantep,7409.34,1852.335,6938.54,9,2.25,243.43,0.25,0.5,0.75,0.1314179129955338
CUST_00422,109.0,82.34682750416071,4,327,0.012195121951219513,62,0,0.7554754747585802,56,Female,Gaziantep,12952.590000000002,3238.1475000000005,11548.52,13,3.25,623.3325,0.5,0.5,0.5,0.192496635748527
CUST_00423,85.0,99.24212815130478,4,255,0.015625,154,0,1.1675544351029452,32,Other,Konya,8129.639999999999,2032.4099999999999,4989.15,12,3.0,75.4025,0.5,0.5,0.5,0.03710004377212273
CUST_00424,142.5,0.7071067811865476,3,285,0.01048951048951049,4,0,0.004962152815609788,46,Male,Izmir,1438.84,479.6133333333333,1139.55,11,3.6666666666666665,9.396666666666667,0.3333333333333333,0.6666666666666666,0.6666666666666666,0.019592171430613193
CUST_00425,42.9,25.1813422994089,11,429,0.02558139534883721,1,0,0.5869776622944345,42,Male,Antalya,10093.39,917.580909090909,4564.36,24,2.1818181818181817,53.692727272727275,0.2727272727272727,0.5454545454545454,0.45454545454545453,0.058515523462021116
CUST_00426,36.0,35.812009158939965,6,180,0.03314917127071823,133,0,0.9947780045600545,51,Male,Istanbul,3625.7400000000002,604.2900000000001,1465.68,12,2.0,32.125,0.16666666666666666,0.5,0.6666666666666666,0.053161561413954284
CUST_00427,71.66666666666667,49.6923870762246,4,215,0.018518518518518517,194,0,0.693382135574546,23,Male,Bursa,34935.69,8733.9225,21413.3,18,4.5,1334.3875,0.5,0.5,0.75,0.15278215485049446
CUST_00428,160.0,0.0,2,160,0.012422360248447204,76,1,0.0,43,Male,Istanbul,377.71,188.855,295.88,3,1.5,2.88,0.5,0.5,0.5,0.015249794735380082
CUST_00429,63.8,78.58562209463,6,319,0.01875,72,0,1.2317495433053363,47,Female,Izmir,2768.9,461.48333333333335,1726.0,20,3.3333333333333335,23.136666666666667,0.3333333333333333,0.3333333333333333,0.5,0.050135432734727654
CUST_00430,56.4,56.082974243525996,6,282,0.02120141342756184,152,0,0.99437895831821,18,Female,Antalya,3867.31,644.5516666666666,2749.1,12,2.0,126.565,0.3333333333333333,0.5,0.8333333333333334,0.19636129475574296
CUST_00431,70.0,46.62617290749907,7,420,0.0166270783847981,1,0,0.6660881748772985,20,Female,Ankara,15981.97,2283.138571428571,7556.28,17,2.4285714285714284,123.88428571428572,0.42857142857142855,0.42857142857142855,0.5714285714285714,0.05426051979951011
CUST_00432,56.57142857142857,42.567033969403845,8,396,0.020151133501259445,3,0,0.752447556865389,18,Male,Istanbul,4682.41,585.30125,1736.42,14,1.75,39.83125,0.375,0.5,0.75,0.06805256255978855
CUST_00433,94.0,144.93791774411554,4,282,0.014134275618374558,7,0,1.541892725555562,31,Female,Istanbul,6974.259999999999,1743.5649999999998,4180.2,14,3.5,0.0,0.25,0.5,0.5,0.0
CUST_00434,144.5,84.14570696119915,3,289,0.010344827586206896,28,0,0.5823232275354735,43,Male,Istanbul,3203.17,1067.7233333333334,2090.28,9,3.0,0.0,0.3333333333333333,0.6666666666666666,0.3333333333333333,0.0
CUST_00435,110.33333333333333,45.76388678131845,4,331,0.012048192771084338,87,0,0.4147784262828401,53,Male,Istanbul,14226.880000000001,3556.7200000000003,10662.6,15,3.75,2.8875,0.5,0.5,1.0,0.0008118434960267203
CUST_00436,90.75,144.08417678565542,5,363,0.013736263736263736,58,0,1.587704409894777,35,Female,Istanbul,4848.25,969.65,2680.07,14,2.8,114.03,0.2,0.4,0.4,0.11759913358675901
CUST_00437,73.4,58.68389898430404,6,367,0.016304347826086956,65,0,0.7995081496566196,54,Female,Istanbul,11572.34,1928.7233333333334,9328.86,17,2.8333333333333335,290.09,0.16666666666666666,1.0,0.6666666666666666,0.15040519022925083
CUST_00438,92.5,90.68075870878012,5,370,0.013477088948787063,38,0,0.9803325159832174,18,Male,Istanbul,8887.33,1777.466,3124.37,18,3.6,67.74,0.4,0.4,0.6,0.038110433595854754
CUST_00439,23.0,0.0,2,23,0.08333333333333333,328,1,0.0,18,Male,Eskisehir,2047.47,1023.735,1513.47,5,2.5,0.0,0.5,0.5,0.5,0.0
CUST_00440,94.5,76.34352188190779,5,378,0.013192612137203167,32,0,0.8078679478734375,34,Male,Ankara,1954.3799999999999,390.876,934.27,14,2.8,39.88,0.4,0.6,0.6,0.10202724111475958
CUST_00441,50.75,65.52035307190177,5,203,0.024509803921568627,193,0,1.2910414144011892,39,Female,Istanbul,5859.889999999999,1171.9779999999998,3076.1,16,3.2,0.0,0.2,0.6,0.6,0.0
CUST_00442,130.0,45.254833995939045,3,260,0.011494252873563218,123,0,0.3481141049832688,34,Male,Bursa,2568.21,856.07,2217.1,8,2.6666666666666665,2.1999999999999997,0.3333333333333333,1.0,0.6666666666666666,0.0025698833009334707
CUST_00443,71.4,48.3663105890867,6,357,0.01675977653631285,30,0,0.6773992984830168,18,Other,Konya,10316.15,1719.3583333333333,6175.4,15,2.5,46.843333333333334,0.3333333333333333,1.0,0.5,0.02724466005598329
CUST_00444,33.25,35.58791929854849,9,266,0.033707865168539325,35,0,1.070313330172486,33,Male,Antalya,4248.18,472.02000000000004,1396.55,29,3.2222222222222223,42.69555555555556,0.2222222222222222,0.3333333333333333,0.8888888888888888,0.09045285255943117
CUST_00445,88.0,35.510561809129406,4,264,0.01509433962264151,33,0,0.4035291068818216,19,Male,Ankara,1022.22,255.555,757.15,9,2.25,4.7625,0.5,0.75,0.5,0.018635910005142104
CUST_00446,162.0,70.71067811865476,3,324,0.009230769230769232,104,0,0.4364856647047475,43,Female,Bursa,4508.01,1502.67,3623.48,8,2.6666666666666665,5.48,0.6666666666666666,0.6666666666666666,0.6666666666666666,0.003646841952227141
CUST_00447,83.0,77.7217258343294,5,332,0.015015015015015015,96,0,0.9364063240713625,39,Female,Adana,6504.91,1300.982,3132.6,19,3.8,113.444,0.4,0.6,0.6,0.08719874672578194
CUST_00448,83.5,41.71930009000631,3,167,0.017857142857142856,66,0,0.49963233042364047,23,Male,Adana,3018.36,1006.12,2259.9,8,2.6666666666666665,0.0,0.3333333333333333,0.6666666666666666,0.6666666666666666,0.0
CUST_00449,104.0,79.19595949289332,3,208,0.014354066985645933,205,0,0.7614996031864781,28,Female,Antalya,2927.9700000000003,975.9900000000001,2134.26,6,2.0,0.0,0.3333333333333333,0.6666666666666666,1.0,0.0
CUST_00450,165.0,19.79898987322333,3,330,0.00906344410876133,116,0,0.11999387729229972,22,Female,Konya,1304.38,434.79333333333335,966.6,5,1.6666666666666667,52.156666666666666,0.3333333333333333,0.3333333333333333,0.6666666666666666,0.11995737410887002
CUST_00451,208.0,0.0,2,208,0.009569377990430622,8,1,0.0,34,Female,Konya,167.74,83.87,141.96,3,1.5,17.645,0.5,0.5,0.5,0.21038511731983883
CUST_00452,109.0,100.23971268913334,4,327,0.012195121951219513,119,0,0.9196303832064492,46,Female,Bursa,1439.43,359.8575,952.75,14,3.5,31.267500000000002,0.25,0.5,0.5,0.08688855981356909
CUST_00453,30.333333333333332,27.53785273643051,4,91,0.043478260869565216,83,0,0.9078412690743706,23,Female,Izmir,4248.99,1062.2475,2128.04,11,2.75,2.095,0.25,0.5,0.75,0.0019722333994928363
CUST_00454,160.0,22.627416997969522,3,320,0.009345794392523364,79,0,0.14142135535342604,41,Female,Antalya,490.31,163.43666666666667,214.36,3,1.0,0.0,0.3333333333333333,1.0,0.6666666666666666,0.0
CUST_00455,187.0,56.568542494923804,3,374,0.008,39,0,0.30250557322148786,28,Female,Gaziantep,16749.989999999998,5583.329999999999,15922.8,7,2.3333333333333335,26.703333333333333,0.3333333333333333,0.6666666666666666,0.6666666666666666,0.004782689421644547
CUST_00456,66.0,32.526911934581186,3,132,0.022556390977443608,132,0,0.49283199154165447,25,Male,Istanbul,4471.58,1490.5266666666666,3333.16,11,3.6666666666666665,61.28333333333333,0.3333333333333333,0.3333333333333333,0.6666666666666666,0.04111522099048979
CUST_00457,51.166666666666664,40.83829901779293,7,307,0.022727272727272728,44,0,0.7981426362146637,33,Male,Eskisehir,5197.91,742.5585714285714,2336.28,18,2.5714285714285716,80.42857142857143,0.2857142857142857,0.5714285714285714,0.42857142857142855,0.10831276402281122
CUST_00458,133.5,9.192388155425117,3,267,0.011194029850746268,51,0,0.06885683959976238,22,Male,Istanbul,2273.72,757.9066666666666,1331.82,7,2.3333333333333335,61.59666666666667,0.3333333333333333,0.3333333333333333,0.3333333333333333,0.0812721002393363
CUST_00459,102.0,0.0,2,102,0.019417475728155338,213,1,0.0,28,Male,Izmir,1024.97,512.485,855.08,7,3.5,0.0,1.0,0.5,1.0,0.0
CUST_00460,214.0,0.0,2,214,0.009302325581395349,169,1,0.0,20,Male,Konya,1370.19,685.095,1177.73,4,2.0,55.735,0.5,1.0,0.5,0.08135368075762678
CUST_00461,122.33333333333333,77.05409355338192,4,367,0.010869565217391304,81,0,0.629869969402005,58,Female,Istanbul,2456.62,614.155,1878.96,13,3.25,0.0,0.5,0.5,0.5,0.0
CUST_00462,81.0,69.41901756723442,4,243,0.01639344262295082,191,0,0.8570248976569077,35,Male,Izmir,3950.7299999999996,987.6824999999999,2320.62,11,2.75,62.1625,0.5,0.5,0.5,0.06293773549400974
CUST_00463,137.0,153.7172729396407,4,411,0.009708737864077669,0,0,1.122023881880415,26,Male,Istanbul,1367.98,341.995,750.39,10,2.5,66.4225,0.25,0.75,0.5,0.1942206751729684
CUST_00464,41.0,39.59797974644666,3,82,0.03614457831325301,243,0,0.9658043605034708,37,Female,Ankara,2502.19,834.0633333333334,2147.46,9,3.0,212.73333333333332,0.3333333333333333,0.3333333333333333,0.6666666666666666,0.25505657013849076
CUST_00465,130.0,0.0,2,130,0.015267175572519083,131,1,0.0,33,Male,Istanbul,2253.67,1126.835,1717.15,8,4.0,0.0,0.5,0.5,0.5,0.0
CUST_00466,74.0,22.83637449333847,6,370,0.016172506738544475,35,0,0.3085996511451192,32,Male,Ankara,4225.0599999999995,704.1766666666666,2431.74,15,2.5,151.26833333333335,0.3333333333333333,0.3333333333333333,0.6666666666666666,0.21481588396640636
CUST_00467,87.0,88.92693630166283,5,348,0.014326647564469915,46,0,1.022148681373726,42,Male,Ankara,1347.1,269.41999999999996,595.04,11,2.2,34.564,0.4,0.4,0.8,0.12829040112727194
CUST_00468,45.0,0.0,2,45,0.043478260869565216,181,1,0.0,44,Male,Eskisehir,371.79,185.895,212.36,7,3.5,1.61,0.5,0.5,0.5,0.00866080309496865
CUST_00469,28.7,21.37002053760777,11,287,0.03819444444444445,24,0,0.7445999927877274,28,Male,Eskisehir,15870.28,1442.7527272727273,7353.25,28,2.5454545454545454,40.89272727272727,0.18181818181818182,0.2727272727272727,0.5454545454545454,0.028343545273821314
CUST_00470,52.0,53.028294334251406,4,156,0.025477707006369428,126,0,1.019774871432241,28,Female,Istanbul,662.65,165.6625,242.26,8,2.0,28.6675,0.5,0.5,0.5,0.17304761081688608
CUST_00471,47.0,36.51027252705737,4,141,0.028169014084507043,90,0,0.7768142925583633,31,Female,Adana,2731.2999999999997,682.8249999999999,1376.8,11,2.75,1.97,0.25,0.5,0.5,0.002885073037915904
CUST_00472,60.57142857142857,59.13503513952098,8,424,0.018823529411764704,14,0,0.9762859413741635,18,Male,Istanbul,43334.9,5416.8625,17099.3,32,4.0,188.385,0.375,0.5,0.5,0.03477751188353451
CUST_00473,128.0,101.94606417120771,4,384,0.01038961038961039,20,0,0.7964536201152663,18,Male,Istanbul,9347.789999999999,2336.9474999999998,8629.15,8,2.0,244.3175,0.5,0.25,0.5,0.10454556634047384
CUST_00474,79.8,40.06494727314639,6,399,0.015,15,0,0.502067002143852,51,Male,Istanbul,7879.32,1313.22,5722.75,21,3.5,22.736666666666668,0.3333333333333333,0.6666666666666666,0.8333333333333334,0.01731367680156637
CUST_00475,63.2,91.18223511189008,6,316,0.01892744479495268,116,0,1.4427568618533737,54,Female,Eskisehir,5497.15,916.1916666666666,2649.96,14,2.3333333333333335,62.39166666666667,0.3333333333333333,0.5,0.5,0.06809892391355639
CUST_00476,78.2,38.23218539398448,6,391,0.015306122448979591,17,0,0.48890262026958897,32,Male,Kayseri,15300.1,2550.016666666667,6426.88,14,2.3333333333333335,81.31333333333333,0.5,0.5,0.6666666666666666,0.03188737327263715
CUST_00477,134.33333333333334,137.66020969522506,4,403,0.009900990099009901,43,0,1.024765821368183,41,Male,Istanbul,4525.29,1131.3225,3063.9,11,2.75,40.755,0.25,0.25,0.75,0.0360242105712348
CUST_00478,41.111111111111114,50.2131567530972,10,370,0.026954177897574125,36,0,1.2214010805007165,38,Female,Istanbul,9669.11,966.9110000000001,4039.69,23,2.3,150.065,0.3,0.4,0.7,0.15520042676606177
CUST_00479,145.0,0.0,2,145,0.0136986301369863,32,1,0.0,71,Male,Istanbul,848.52,424.26,508.02,5,2.5,0.0,0.5,1.0,1.0,0.0
CUST_00480,116.0,43.840620433565945,3,232,0.012875536480686695,20,0,0.37793637978991007,48,Male,Izmir,618.1999999999999,206.06666666666663,558.8,6,2.0,3.0566666666666666,0.6666666666666666,0.3333333333333333,0.6666666666666666,0.014833387181332643
CUST_00481,107.0,57.982756057296896,3,214,0.013953488372093023,149,0,0.5418949113588971,33,Male,Bursa,370.13,123.37666666666667,166.69,5,1.6666666666666667,0.0,0.3333333333333333,0.3333333333333333,0.6666666666666666,0.0
CUST_00482,112.33333333333333,183.42391701556625,4,337,0.011834319526627219,111,0,1.6328538461369058,23,Female,Istanbul,3208.54,802.135,2215.68,9,2.25,51.845,0.25,0.5,0.75,0.06463375857600807
CUST_00483,68.4,52.10854056678233,6,342,0.01749271137026239,55,0,0.7618207573824791,18,Female,Adana,5236.23,872.7049999999999,3551.37,11,1.8333333333333333,70.54833333333333,0.3333333333333333,0.3333333333333333,0.6666666666666666,0.08083869492267678
CUST_00484,182.5,109.60155108391487,3,365,0.00819672131147541,1,0,0.6005564410047037,37,Female,Ankara,726.86,242.28666666666666,469.5,7,2.3333333333333335,1.51,0.3333333333333333,0.3333333333333333,0.6666666666666666,0.006232286797049143
CUST_00485,64.83333333333333,57.09786919550209,7,389,0.017948717948717947,14,0,0.8806869148814681,25,Female,Kayseri,7623.04,1089.0057142857142,3073.12,19,2.7142857142857144,47.45285714285715,0.2857142857142857,0.5714285714285714,0.5714285714285714,0.043574479432743195
CUST_00486,50.42857142857143,65.46209372060838,8,353,0.022598870056497175,81,0,1.298115147188251,18,Female,Antalya,8450.03,1056.25375,2902.6,28,3.5,48.4875,0.375,0.75,0.625,0.04590516242341845
CUST_00487,138.66666666666666,99.01683358567539,4,416,0.009592326139088728,21,0,0.7140636985933536,27,Female,Izmir,2949.27,737.3175,2027.28,11,2.75,31.1325,0.25,0.5,0.5,0.04222400791758773
CUST_00488,68.0,41.38840417314975,4,204,0.01951219512195122,192,0,0.6086529935955406,22,Female,Gaziantep,6000.85,1500.2125,4352.85,14,3.5,88.0375,0.5,1.0,0.5,0.05868335315251448
CUST_00489,38.0,24.294489544384795,11,380,0.028871391076115485,13,0,0.6393286553962143,55,Male,Gaziantep,23111.81,2101.0736363636365,7901.67,38,3.4545454545454546,105.8718181818182,0.18181818181818182,0.5454545454545454,0.45454545454545453,0.05038938964303172
CUST_00490,31.666666666666668,26.312227829154516,4,95,0.041666666666666664,167,0,0.8309124315234342,45,Female,Ankara,8618.6,2154.65,4129.52,10,2.5,187.4425,0.5,0.5,0.5,0.08699440740398932
CUST_00491,185.0,0.0,2,185,0.010752688172043012,186,1,0.0,34,Male,Ankara,729.13,364.565,625.91,2,1.0,4.37,0.5,1.0,0.5,0.011986888450655197
CUST_00492,97.0,28.284271247461902,3,194,0.015384615384615385,117,0,0.2915904222254792,52,Male,Kayseri,5109.89,1703.2966666666669,4049.71,8,2.6666666666666665,330.23333333333335,0.3333333333333333,0.6666666666666666,1.0,0.1938789287867964
CUST_00493,82.0,66.20422947214173,4,246,0.016194331983805668,60,0,0.8073686422533304,35,Female,Istanbul,3252.5299999999997,813.1324999999999,1577.82,6,1.5,0.0,0.5,1.0,0.75,0.0
CUST_00494,152.0,161.22034611053283,3,304,0.009836065573770493,141,0,1.060660164801794,24,Male,Istanbul,986.2800000000001,328.76000000000005,680.82,7,2.3333333333333335,0.0,0.6666666666666666,0.6666666666666666,0.6666666666666666,0.0
CUST_00495,43.0,0.0,2,43,0.045454545454545456,300,1,0.0,53,Female,Izmir,1379.1299999999999,689.5649999999999,1296.81,5,2.5,46.435,0.5,0.5,0.5,0.06733955454911496
CUST_00496,51.0,41.012193308819754,3,102,0.02912621359223301,3,0,0.8041606373462572,41,Male,Gaziantep,5270.88,1756.96,3589.44,7,2.3333333333333335,0.0,0.3333333333333333,0.6666666666666666,1.0,0.0
CUST_00497,82.0,41.58124577258358,4,246,0.016194331983805668,108,0,0.5070883568962832,22,Female,Adana,7421.91,1855.4775,4296.64,10,2.5,48.142500000000005,0.5,0.5,0.5,0.02594615131363967
CUST_00498,31.0,18.734993995195193,4,93,0.0425531914893617,253,0,0.6043546255109861,32,Female,Kayseri,5951.28,1487.82,4097.01,12,3.0,18.1125,0.25,0.5,0.75,0.012173851667423578
CUST_00499,40.0,32.526911934581186,3,80,0.037037037037037035,36,0,0.8131727780352103,24,Female,Bursa,2636.48,878.8266666666667,1529.88,9,3.0,0.0,0.3333333333333333,0.6666666666666666,0.6666666666666666,0.0
CUST_00500,123.5,140.71424945612296,3,247,0.012096774193548387,126,0,1.139386626046448,18,Male,Istanbul,1228.6100000000001,409.5366666666667,936.12,8,2.6666666666666665,24.173333333333332,0.3333333333333333,0.3333333333333333,0.6666666666666666,0.05902605368906474
CUST_00501,61.0,48.08326112068523,3,122,0.024390243902439025,14,0,0.7882501693841814,46,Male,Bursa,6728.37,2242.79,3626.65,7,2.3333333333333335,67.42333333333333,0.6666666666666666,0.3333333333333333,0.6666666666666666,0.030062258750605753
CUST_00502,176.0,0.0,2,176,0.011299435028248588,139,1,0.0,57,Female,Adana,1816.04,908.02,969.8,7,3.5,0.0,0.5,0.5,1.0,0.0
CUST_00503,61.0,54.616847217685496,6,305,0.0196078431372549,48,0,0.8953581364315961,18,Male,Istanbul,6524.42,1087.4033333333334,4443.75,15,2.5,61.55166666666667,0.3333333333333333,0.5,0.5,0.05660426515466116
CUST_00504,72.66666666666667,93.07165698177579,4,218,0.0182648401826484,167,0,1.2808026013895393,41,Female,Istanbul,1234.94,308.735,610.04,11,2.75,18.2725,0.5,0.75,0.75,0.05918506143072518
CUST_00505,21.0,0.0,2,21,0.09090909090909091,301,1,0.0,27,Female,Istanbul,569.3,284.65,303.3,7,3.5,0.0,0.5,0.5,1.0,0.0
CUST_00506,102.5,112.6809655620682,5,410,0.012165450121654502,17,0,1.0993264825633338,29,Male,Bursa,5969.16,1193.8319999999999,3195.24,17,3.4,37.446,0.4,0.6,0.4,0.0313662223567753
CUST_00507,54.2,32.874001885988875,6,271,0.022058823529411766,179,0,0.6065313889198798,27,Male,Konya,3377.1900000000005,562.8650000000001,2519.4,17,2.8333333333333335,1.7300000000000002,0.3333333333333333,0.5,0.6666666666666666,0.003073561150411624
CUST_00508,59.2,55.585069937888896,6,296,0.020202020202020204,107,0,0.9389369763336473,24,Male,Antalya,5217.38,869.5633333333334,3736.48,20,3.3333333333333335,0.0,0.3333333333333333,0.3333333333333333,0.5,0.0
CUST_00509,88.5,106.77312395916867,3,177,0.016853932584269662,126,0,1.2064759633072624,35,Female,Eskisehir,2879.33,959.7766666666666,2080.25,7,2.3333333333333335,0.0,0.6666666666666666,0.3333333333333333,0.6666666666666666,0.0
CUST_00510,45.6,30.623520372419627,6,228,0.026200873362445413,157,0,0.6715684144923512,25,Male,Istanbul,8032.31,1338.7183333333335,5456.6,19,3.1666666666666665,0.0,0.3333333333333333,0.8333333333333334,0.5,0.0
CUST_00511,83.6,143.49146316070514,6,418,0.014319809069212411,5,0,1.716405041199762,38,Male,Konya,1396.97,232.82833333333335,620.24,18,3.0,0.5516666666666666,0.6666666666666666,0.5,0.5,0.0023694137925535388
CUST_00512,41.0,29.698484809834994,3,82,0.03614457831325301,309,0,0.7243532703776031,34,Male,Gaziantep,1191.77,397.25666666666666,835.27,9,3.0,73.40666666666667,0.3333333333333333,1.0,1.0,0.18478397630889187
CUST_00513,74.6,74.39287600301523,6,373,0.016042780748663103,58,0,0.9972235255468058,32,Female,Ankara,11722.15,1953.6916666666666,4039.76,20,3.3333333333333335,104.78333333333335,0.3333333333333333,0.5,0.5,0.053633505771398506
CUST_00514,101.0,0.0,2,101,0.0196078431372549,348,1,0.0,24,Male,Eskisehir,4791.08,2395.54,4485.1,6,3.0,0.0,1.0,0.5,1.0,0.0
CUST_00515,50.0,63.63961030678928,3,100,0.0297029702970297,280,0,1.272792180679942,28,Male,Ankara,2176.33,725.4433333333333,1528.48,9,3.0,28.763333333333335,0.3333333333333333,0.6666666666666666,0.6666666666666666,0.03964931783371642
CUST_00516,111.66666666666667,116.7661480624129,4,335,0.011904761904761904,56,0,1.0456669882096647,44,Female,Konya,3974.8,993.7,2642.07,10,2.5,191.395,0.25,0.25,0.75,0.19260843293488134
CUST_00517,130.5,160.51323932934628,3,261,0.011450381679389313,123,0,1.2299864988456688,41,Female,Konya,1838.6499999999999,612.8833333333333,1549.87,13,4.333333333333333,59.25,0.3333333333333333,1.0,0.6666666666666666,0.09667419014493103
CUST_00518,96.33333333333333,70.72717535242965,4,289,0.013793103448275862,124,0,0.7341921240647495,23,Female,Adana,685.0,171.25,350.3,5,1.25,21.8,0.5,0.5,0.75,0.1272992693296393
CUST_00519,54.333333333333336,36.19852667351716,4,163,0.024390243902439025,251,0,0.6662305400114101,36,Male,Bursa,1248.62,312.155,577.76,8,2.0,0.0,0.25,0.5,0.75,0.0
CUST_00520,358.0,0.0,2,358,0.005571030640668524,10,1,0.0,44,Male,Istanbul,486.48999999999995,243.24499999999998,442.53,4,2.0,0.0,0.5,0.5,1.0,0.0
CUST_00521,65.0,52.26853738148792,5,260,0.019157088122605363,71,0,0.8041313319593321,18,Female,Bursa,6863.21,1372.642,3800.9,11,2.2,16.756,0.2,0.4,0.8,0.012207115903340334
CUST_00522,40.4,18.16039647144302,6,202,0.029556650246305417,150,0,0.4495147530180264,41,Male,Ankara,1191.27,198.545,408.4,13,2.1666666666666665,6.261666666666667,0.5,0.3333333333333333,0.5,0.031537770455709775
CUST_00523,85.0,35.679125549822544,4,255,0.015625,168,0,0.4197544132949192,27,Female,Gaziantep,1937.85,484.4625,961.33,11,2.75,22.2975,0.25,0.5,1.0,0.04602523405624742
CUST_00524,126.33333333333333,172.0968719452313,4,379,0.010526315789473684,35,0,1.3622443581766777,41,Female,Adana,5543.320000000001,1385.8300000000002,5098.1,11,2.75,4.4625,0.5,0.5,0.5,0.003220091928144078
CUST_00525,83.5,50.204581464244875,3,167,0.017857142857142856,232,0,0.6012524654250588,25,Male,Kayseri,20693.88,6897.96,20211.81,13,4.333333333333333,366.20666666666665,0.3333333333333333,0.3333333333333333,0.6666666666666666,0.053089125859468234
CUST_00526,84.0,26.962937525425527,4,252,0.015810276679841896,48,0,0.3209873476718831,18,Female,Istanbul,2487.8,621.95,1914.82,9,2.25,10.4475,0.5,0.75,0.5,0.01679797408666617
CUST_00527,119.5,105.35891039679558,3,239,0.0125,207,0,0.8816645147709713,18,Female,Gaziantep,4712.37,1570.79,3141.47,6,2.0,259.36333333333334,0.3333333333333333,0.3333333333333333,1.0,0.1651164911720961
CUST_00528,79.66666666666667,130.21648641141155,4,239,0.016666666666666666,163,0,1.6345165453166737,35,Male,Kayseri,4121.679999999999,1030.4199999999998,2244.24,12,3.0,32.4775,0.25,0.25,0.75,0.03151870108157965
CUST_00529,229.0,0.0,2,229,0.008695652173913044,183,1,0.0,38,Female,Gaziantep,4753.49,2376.745,4636.65,6,3.0,0.0,0.5,0.5,1.0,0.0
CUST_00530,104.5,71.4177848998413,3,209,0.014285714285714285,97,0,0.6834237724059093,24,Male,Istanbul,687.78,229.26,456.88,10,3.3333333333333335,11.696666666666667,0.3333333333333333,0.6666666666666666,0.6666666666666666,0.05101922104007436
CUST_00531,265.0,0.0,2,265,0.007518796992481203,109,1,0.0,42,Male,Istanbul,411.4,205.7,303.12,5,2.5,22.72,0.5,0.5,1.0,0.11045211419323231
CUST_00532,89.66666666666667,33.30665599145813,4,269,0.014814814814814815,171,0,0.3714496909294621,18,Male,Istanbul,3135.82,783.955,1236.96,12,3.0,31.985,0.5,0.5,0.5,0.04079953563559192
CUST_00533,99.75,89.80488108486458,5,399,0.0125,33,0,0.9002995507224564,34,Female,Antalya,3676.8599999999997,735.372,2840.07,12,2.4,30.97,0.4,0.4,0.6,0.042114739149553236
CUST_00534,190.5,232.63813101037414,3,381,0.007853403141361256,23,0,1.2211975317017145,20,Female,Antalya,685.53,228.51,321.44,4,1.3333333333333333,27.38666666666667,0.3333333333333333,0.3333333333333333,0.6666666666666666,0.11984887552762591
CUST_00535,160.0,0.0,2,160,0.012422360248447204,101,1,0.0,27,Female,Eskisehir,741.02,370.51,401.04,5,2.5,0.0,0.5,0.5,1.0,0.0
CUST_00536,56.333333333333336,82.03576455831119,7,338,0.02064896755162242,71,0,1.456256149740622,35,Male,Ankara,17969.64,2567.0914285714284,13790.8,22,3.142857142857143,15.218571428571428,0.2857142857142857,0.2857142857142857,0.5714285714285714,0.005928332451763179
CUST_00537,90.0,0.0,2,90,0.02197802197802198,78,1,0.0,24,Female,Ankara,800.49,400.245,602.61,8,4.0,9.335,0.5,1.0,1.0,0.02332321447282736
CUST_00538,224.0,0.0,2,224,0.008888888888888889,151,1,0.0,30,Male,Antalya,873.22,436.61,712.9,5,2.5,0.0,0.5,1.0,0.5,0.0
CUST_00539,78.75,59.745990102544404,5,315,0.015822784810126583,59,0,0.7586792297633673,47,Female,Gaziantep,2533.52,506.704,1201.6,16,3.2,58.248000000000005,0.4,0.8,0.8,0.11495468732247094
CUST_00540,151.5,125.15790027001891,3,303,0.009868421052631578,82,0,0.826124748804582,28,Male,Kayseri,3764.81,1254.9366666666667,1965.64,8,2.6666666666666665,78.54,0.6666666666666666,0.3333333333333333,0.6666666666666666,0.06258483158837909
CUST_00541,122.33333333333333,110.4415380793537,4,367,0.010869565217391304,62,0,0.902791857029116,45,Male,Gaziantep,2359.52,589.88,668.46,9,2.25,0.0,0.25,0.5,1.0,0.0
CUST_00542,288.0,0.0,2,288,0.006920415224913495,5,1,0.0,21,Male,Izmir,2104.3599999999997,1052.1799999999998,1820.35,8,4.0,0.0,0.5,0.5,0.5,0.0
CUST_00543,92.5,12.020815280171307,3,185,0.016129032258064516,79,0,0.12995475838071946,41,Female,Antalya,12093.46,4031.153333333333,6334.15,12,4.0,0.0,0.3333333333333333,0.6666666666666666,0.6666666666666666,0.0
CUST_00544,327.0,0.0,2,327,0.006097560975609756,43,1,0.0,52,Male,Konya,7011.18,3505.59,6777.93,8,4.0,84.66,0.5,0.5,0.5,0.024150000420999032
CUST_00545,58.6,47.26838266748715,6,293,0.02040816326530612,10,0,0.8066276768064757,18,Female,Izmir,6981.97,1163.6616666666666,2297.96,20,3.3333333333333335,92.50666666666666,0.3333333333333333,0.3333333333333333,0.8333333333333334,0.07949618797030392
CUST_00546,4.0,0.0,2,4,0.4,430,1,0.0,25,Male,Istanbul,227.29000000000002,113.64500000000001,169.49,5,2.5,0.0,0.5,0.5,0.5,0.0
CUST_00547,34.0,0.0,2,34,0.05714285714285714,267,1,0.0,41,Male,Istanbul,277.08000000000004,138.54000000000002,176.4,6,3.0,0.0,0.5,0.5,0.5,0.0
CUST_00548,32.0,0.0,2,32,0.06060606060606061,343,1,0.0,32,Male,Istanbul,359.18,179.59,290.88,3,1.5,0.0,0.5,0.5,0.5,0.0
CUST_00549,133.0,0.0,2,133,0.014925373134328358,101,1,0.0,39,Female,Adana,989.0799999999999,494.53999999999996,789.54,4,2.0,0.0,0.5,1.0,1.0,0.0
CUST_00550,59.2,45.92602747897971,6,296,0.020202020202020204,63,0,0.7757774780946324,27,Female,Istanbul,3141.74,523.6233333333333,1041.0,16,2.6666666666666665,8.458333333333334,0.3333333333333333,0.5,0.8333333333333334,0.016153469065893163
CUST_00551,95.0,53.74011537017761,3,190,0.015706806282722512,109,0,0.5656854189946546,36,Male,Istanbul,6538.610000000001,2179.536666666667,5733.93,8,2.6666666666666665,14.343333333333334,0.6666666666666666,0.3333333333333333,1.0,0.006580909395155434
CUST_00552,84.2,93.23465021117417,6,421,0.014218009478672985,25,0,1.1072998705923314,33,Male,Ankara,16741.0,2790.1666666666665,10870.2,16,2.6666666666666665,25.69333333333333,0.3333333333333333,0.5,0.6666666666666666,0.00920852995309413
CUST_00553,73.8,60.396191932935636,6,369,0.016216216216216217,32,0,0.8183765733680091,49,Male,Bursa,18560.02,3093.3366666666666,16697.15,15,2.5,4.2683333333333335,0.3333333333333333,0.8333333333333334,0.5,0.0013798476505801672
CUST_00554,73.0,74.95331880577403,3,146,0.02040816326530612,31,0,1.0267577777947432,38,Female,Ankara,1115.58,371.85999999999996,738.12,4,1.3333333333333333,64.36,0.6666666666666666,0.6666666666666666,0.6666666666666666,0.17307588830991266
CUST_00555,105.0,96.16652224137046,3,210,0.014218009478672985,127,0,0.9158716316714174,39,Male,Antalya,3638.5599999999995,1212.8533333333332,3167.16,8,2.6666666666666665,0.0,0.3333333333333333,0.3333333333333333,0.6666666666666666,0.0
CUST_00556,234.0,0.0,2,234,0.00851063829787234,3,1,0.0,30,Female,Istanbul,1296.1399999999999,648.0699999999999,975.42,5,2.5,0.0,0.5,1.0,0.5,0.0
CUST_00557,122.0,0.0,2,122,0.016260162601626018,120,1,0.0,29,Female,Istanbul,721.6,360.8,462.56,6,3.0,0.0,1.0,1.0,1.0,0.0
CUST_00558,137.0,156.97770542341354,3,274,0.01090909090909091,107,0,1.1458226589605174,29,Male,Izmir,2515.8900000000003,838.6300000000001,1887.65,11,3.6666666666666665,68.19333333333334,0.3333333333333333,0.6666666666666666,1.0,0.08131516074075358
CUST_00559,84.5,65.58709222603687,5,338,0.014749262536873156,67,0,0.7761785970397429,39,Female,Ankara,3382.59,676.518,883.82,13,2.6,39.45,0.4,0.4,0.6,0.05831330421612832
CUST_00560,114.5,130.8147545195113,3,229,0.013043478260869565,142,0,1.1424869290569815,29,Female,Ankara,795.13,265.04333333333335,605.28,5,1.6666666666666667,0.0,0.3333333333333333,1.0,0.6666666666666666,0.0
CUST_00561,298.0,0.0,2,298,0.006688963210702341,31,1,0.0,38,Female,Istanbul,1023.3900000000001,511.69500000000005,607.09,6,3.0,37.46,0.5,0.5,0.5,0.07320767239623667
CUST_00562,105.5,36.062445840513924,3,211,0.014150943396226415,8,0,0.3418241279496663,59,Male,Konya,3898.99,1299.6633333333332,2564.49,10,3.3333333333333335,0.0,0.6666666666666666,0.3333333333333333,0.6666666666666666,0.0
CUST_00563,66.6,17.882952776317453,6,333,0.017964071856287425,78,0,0.2685128004174873,45,Male,Antalya,8591.19,1431.865,6704.43,17,2.8333333333333335,150.22166666666666,0.3333333333333333,0.5,0.6666666666666666,0.10491328900542535
CUST_00564,72.33333333333333,83.17050759333704,4,217,0.01834862385321101,41,0,1.1498226697260052,31,Male,Istanbul,3622.69,905.6725,2918.76,8,2.0,0.0,0.25,0.5,1.0,0.0
CUST_00565,138.5,177.48380207782344,3,277,0.01079136690647482,22,0,1.281471485894238,49,Male,Istanbul,542.2,180.73333333333335,447.93,3,1.0,23.456666666666667,0.3333333333333333,0.6666666666666666,1.0,0.12978605608749877
CUST_00566,22.0,26.870057685088806,3,44,0.06666666666666667,316,0,1.221366202896482,30,Male,Eskisehir,5505.07,1835.0233333333333,4364.74,6,2.0,93.01666666666667,0.6666666666666666,1.0,0.3333333333333333,0.050689636979717075
CUST_00567,84.75,71.34598797409704,5,339,0.014705882352941176,47,0,0.8418405561328199,18,Male,Antalya,6180.17,1236.034,3422.45,20,4.0,0.0,0.4,0.4,0.8,0.0
CUST_00568,24.0,31.11269837220809,3,48,0.061224489795918366,392,0,1.296362378160238,22,Female,Izmir,16763.93,5587.9766666666665,8886.4,10,3.3333333333333335,0.0,0.3333333333333333,0.3333333333333333,0.6666666666666666,0.0
CUST_00569,41.142857142857146,31.693472363819502,8,288,0.02768166089965398,71,0,0.7703274345640433,18,Male,Adana,8859.97,1107.49625,4403.15,20,2.5,146.5325,0.25,0.375,0.5,0.13230970296079134
CUST_00570,147.5,159.0990257669732,3,295,0.010135135135135136,73,0,1.0786374555141407,30,Male,Adana,398.75,132.91666666666666,271.42,7,2.3333333333333335,23.97666666666667,0.3333333333333333,1.0,0.6666666666666666,0.1803887133763859
CUST_00571,113.0,0.0,2,113,0.017543859649122806,167,1,0.0,35,Male,Adana,324.74,162.37,266.16,4,2.0,0.0,0.5,1.0,1.0,0.0
CUST_00572,62.333333333333336,70.2163323830954,4,187,0.02127659574468085,50,0,1.126465207325618,55,Female,Izmir,1643.17,410.7925,1215.5,7,1.75,48.019999999999996,0.5,1.0,0.75,0.11689599952069231
CUST_00573,118.5,70.0035713374682,3,237,0.012605042016806723,3,0,0.5907474324617786,38,Female,Izmir,3546.99,1182.33,2581.0,10,3.3333333333333335,0.0,0.3333333333333333,0.6666666666666666,0.6666666666666666,0.0
CUST_00574,29.0,0.0,2,29,0.06666666666666667,40,1,0.0,32,Female,Istanbul,6847.24,3423.62,5803.24,6,3.0,0.0,0.5,0.5,0.5,0.0
CUST_00575,51.4,83.47933876115694,6,257,0.023255813953488372,50,0,1.6241116174522436,44,Male,Kayseri,14239.73,2373.2883333333334,4146.04,14,2.3333333333333335,235.60999999999999,0.6666666666666666,0.5,0.8333333333333334,0.0992757586979771
CUST_00576,95.5,60.808442396320814,5,382,0.013054830287206266,8,0,0.6367376100479917,18,Female,Bursa,3318.9900000000002,663.798,1769.39,11,2.2,85.226,0.4,0.4,0.6,0.12839146829548828
CUST_00577,37.44444444444444,29.887752973045295,10,337,0.029585798816568046,15,0,0.7981892272216755,37,Male,Istanbul,5256.61,525.661,1486.32,31,3.1,55.967,0.3,0.4,0.5,0.10646975882466123
CUST_00578,64.66666666666667,74.16378271546473,7,388,0.017994858611825194,35,0,1.1468626015763217,44,Male,Kayseri,8149.66,1164.2371428571428,3822.25,22,3.142857142857143,0.0,0.2857142857142857,0.42857142857142855,0.8571428571428571,0.0
CUST_00579,247.0,0.0,2,247,0.008064516129032258,76,1,0.0,18,Male,Kayseri,405.59999999999997,202.79999999999998,267.15,4,2.0,6.09,0.5,0.5,0.5,0.03002958565074169
CUST_00580,69.0,59.983331017875294,5,276,0.018050541516245487,58,0,0.8693236253413286,48,Male,Eskisehir,8712.9,1742.58,4713.66,13,2.6,28.236,0.4,0.6,0.6,0.016203560228968794
CUST_00581,59.0,70.61869440877535,4,177,0.02247191011235955,192,0,1.19692700359065,39,Male,Konya,4824.42,1206.105,3528.37,8,2.0,78.8375,0.5,0.5,1.0,0.06536537029084087
CUST_00582,179.0,87.68124086713189,3,358,0.008356545961002786,47,0,0.48983933171671823,30,Female,Eskisehir,4582.280000000001,1527.426666666667,4114.72,8,2.6666666666666665,5.82,0.3333333333333333,0.6666666666666666,0.6666666666666666,0.003810330226125205
CUST_00583,60.75,31.330230342806825,5,243,0.020491803278688523,91,0,0.5157239477709116,42,Female,Istanbul,11002.06,2200.412,5772.9,17,3.4,222.904,0.6,0.4,0.6,0.10130102903397137
CUST_00584,167.5,185.969083452062,3,335,0.008928571428571428,96,0,1.110263178159993,62,Male,Gaziantep,904.81,301.6033333333333,622.15,7,2.3333333333333335,0.0,0.3333333333333333,0.3333333333333333,0.6666666666666666,0.0
CUST_00585,39.1,61.531292851686445,11,391,0.02806122448979592,48,0,1.5736903140152463,37,Female,Gaziantep,17684.62,1607.692727272727,5166.0,36,3.272727272727273,109.18909090909091,0.36363636363636365,0.45454545454545453,0.6363636363636364,0.06791664164980175
CUST_00586,104.0,83.10836299675262,4,312,0.012779552715654952,4,0,0.79911886728494,37,Male,Istanbul,3637.16,909.29,1597.0,17,4.25,5.06,0.5,0.5,0.75,0.005564781306772557
CUST_00587,378.0,0.0,2,378,0.005277044854881266,53,1,0.0,29,Male,Istanbul,2420.98,1210.49,1497.05,6,3.0,0.0,1.0,1.0,0.5,0.0
CUST_00588,146.33333333333334,179.1712402517026,4,439,0.00909090909090909,11,0,1.2244048225100077,24,Female,Eskisehir,5706.35,1426.5875,4564.4,12,3.0,22.6625,0.75,0.25,0.75,0.01588581140947484
CUST_00589,107.33333333333333,28.728615235220325,4,322,0.01238390092879257,124,0,0.26765790342449464,44,Female,Ankara,10061.4,2515.35,9046.59,12,3.0,110.7525,0.5,0.5,0.75,0.044030651780455746
CUST_00590,321.0,0.0,2,321,0.006211180124223602,16,1,0.0,24,Male,Konya,699.58,349.79,680.35,6,3.0,1.205,0.5,0.5,0.5,0.0034449240874669827
CUST_00591,51.0,44.94811824018146,8,357,0.0223463687150838,67,0,0.881335634487173,35,Male,Istanbul,14646.73,1830.84125,5521.36,21,2.625,24.86,0.375,0.625,0.625,0.013578457436668275
CUST_00592,125.66666666666667,86.63909817936319,4,377,0.010582010582010581,32,0,0.6894357890445151,29,Female,Istanbul,909.5999999999999,227.39999999999998,382.46,9,2.25,9.7475,0.25,0.75,0.75,0.04286499541396221
CUST_00593,42.4,42.62028729242552,11,424,0.02588235294117647,16,0,1.0051954313025966,40,Female,Izmir,2187.0,198.8181818181818,830.6,24,2.1818181818181817,3.6154545454545457,0.2727272727272727,0.2727272727272727,0.5454545454545454,0.01818472784635025
CUST_00594,47.0,0.0,2,47,0.041666666666666664,224,1,0.0,39,Female,Istanbul,752.54,376.27,398.48,4,2.0,0.0,0.5,1.0,1.0,0.0
CUST_00595,82.8,64.51123933083288,6,414,0.014457831325301205,15,0,0.7791212385472421,47,Male,Antalya,5491.91,915.3183333333333,3360.91,19,3.1666666666666665,43.81833333333333,0.3333333333333333,0.5,0.5,0.047872233833541805
CUST_00596,92.33333333333333,86.35006272918007,4,277,0.014388489208633094,30,0,0.9351992252055688,28,Male,Bursa,3247.85,811.9625,1979.79,11,2.75,98.5025,0.25,0.5,0.75,0.12131409994757873
CUST_00597,51.285714285714285,37.209829730481545,8,359,0.022222222222222223,43,0,0.7255398413219831,31,Male,Istanbul,4951.64,618.955,3064.3,22,2.75,29.61875,0.25,0.5,0.625,0.047852832519564695
CUST_00598,44.22222222222222,40.29819405934271,10,398,0.02506265664160401,4,0,0.9112656742027472,23,Male,Istanbul,8280.71,828.0709999999999,2727.16,25,2.5,13.225999999999999,0.2,0.3,0.8,0.015972060347516023
CUST_00599,1.0,0.0,2,1,1.0,334,1,0.0,29,Female,Ankara,1962.27,981.135,1777.59,6,3.0,43.89,0.5,1.0,0.5,0.04473390507449647
CUST_00600,43.75,36.34441726959818,5,175,0.028409090909090908,241,0,0.8307295186027124,39,Male,Istanbul,23328.32,4665.664,16125.29,18,3.6,409.924,0.4,0.4,0.8,0.08785973441553876
CUST_00601,126.33333333333333,119.0979988636809,4,379,0.010526315789473684,59,0,0.9427282157331348,44,Male,Gaziantep,2956.6400000000003,739.1600000000001,1376.77,12,3.0,33.7975,0.25,0.5,0.5,0.04572420038188727
CUST_00602,68.0,91.42647319020897,7,408,0.017114914425427872,40,0,1.3445069389073827,23,Female,Izmir,29078.44,4154.062857142857,13483.75,23,3.2857142857142856,1.6842857142857142,0.2857142857142857,0.42857142857142855,0.5714285714285714,0.0004054550380681293
CUST_00603,67.16666666666667,55.60725372347268,7,403,0.017326732673267328,17,0,0.8278995468323543,45,Female,Istanbul,9905.86,1415.1228571428571,4681.8,17,2.4285714285714284,16.12142857142857,0.2857142857142857,0.2857142857142857,0.5714285714285714,0.011392246601532251
CUST_00604,83.0,29.698484809834994,3,166,0.017964071856287425,80,0,0.3578130656870112,51,Male,Izmir,1218.37,406.1233333333333,648.31,6,2.0,10.303333333333333,0.3333333333333333,0.6666666666666666,0.6666666666666666,0.02536996144347786
CUST_00605,40.6,28.875595231960155,6,203,0.029411764705882353,183,0,0.7112215399196703,39,Female,Istanbul,10337.2,1722.8666666666668,5022.27,18,3.0,6.103333333333333,0.3333333333333333,0.5,0.5,0.0035425453680633747
CUST_00606,74.66666666666667,38.083242158898884,4,224,0.017777777777777778,84,0,0.5100434149400286,57,Female,Istanbul,7529.94,1882.485,5138.4,16,4.0,2.775,0.5,0.25,0.5,0.001474115330813199
CUST_00607,197.0,0.0,2,197,0.010101010101010102,8,1,0.0,25,Female,Istanbul,284.76,142.38,197.56,7,3.5,6.85,0.5,0.5,0.5,0.04811068936570664
CUST_00608,34.888888888888886,32.88025412175385,10,314,0.031746031746031744,101,0,0.9424276388978852,20,Male,Konya,13514.31,1351.431,4206.99,33,3.3,38.696000000000005,0.4,0.4,0.5,0.028633352329025048
CUST_00609,58.25,79.55867855446904,5,233,0.021367521367521368,55,0,1.3658142006636025,18,Female,Kayseri,3968.9399999999996,793.7879999999999,1760.08,17,3.4,7.578,0.4,0.6,0.8,0.009546629566651766
CUST_00610,66.5,70.0035713374682,3,133,0.022388059701492536,291,0,1.0526852674403449,52,Female,Gaziantep,847.51,282.50333333333333,515.0,9,3.0,14.683333333333332,0.3333333333333333,0.3333333333333333,0.6666666666666666,0.05197578771232508
CUST_00611,72.5,70.0035713374682,3,145,0.02054794520547945,126,0,0.9655664878882996,42,Male,Ankara,1093.7,364.56666666666666,548.28,5,1.6666666666666667,0.0,0.3333333333333333,1.0,0.6666666666666666,0.0
CUST_00612,69.0,57.63679380395825,7,414,0.016867469879518072,10,0,0.8353158401252523,34,Male,Ankara,8273.970000000001,1181.9957142857145,2680.51,19,2.7142857142857144,47.65571428571428,0.2857142857142857,0.2857142857142857,0.5714285714285714,0.04031800933744911
CUST_00613,38.77777777777778,34.927703108627746,10,349,0.02857142857142857,48,0,0.9007143835851584,38,Female,Bursa,16188.67,1618.867,7293.0,40,4.0,45.246,0.3,0.4,0.5,0.02794917678354727
CUST_00614,196.0,0.0,2,196,0.01015228426395939,50,1,0.0,21,Male,Adana,870.1500000000001,435.07500000000005,676.46,3,1.5,0.0,0.5,0.5,1.0,0.0
CUST_00615,127.66666666666667,77.68097150096241,4,383,0.010416666666666666,33,0,0.6084671349281614,64,Female,Eskisehir,4823.2699999999995,1205.8174999999999,3682.24,12,3.0,9.0125,0.25,0.75,1.0,0.007474182446784706
CUST_00616,340.0,0.0,2,340,0.005865102639296188,19,1,0.0,36,Male,Istanbul,1717.8,858.9,1621.2,5,2.5,0.0,0.5,0.5,0.5,0.0
CUST_00617,86.2,72.18517853410076,6,431,0.013888888888888888,5,0,0.837415054485913,36,Male,Istanbul,3940.98,656.83,2109.7,13,2.1666666666666665,115.26666666666667,0.3333333333333333,0.6666666666666666,0.6666666666666666,0.17548934502257404
CUST_00618,115.33333333333333,110.96996590669627,4,346,0.011527377521613832,38,0,0.9621673261086325,43,Male,Antalya,2312.84,578.21,1299.75,10,2.5,26.0725,0.5,0.25,0.5,0.04509174859464252
CUST_00619,135.66666666666666,21.82506204649447,4,407,0.00980392156862745,29,0,0.16087269203161017,40,Female,Gaziantep,10670.43,2667.6075,9236.7,6,1.5,1.255,0.5,0.75,0.5,0.00047045901600199465
CUST_00620,107.0,49.49747468305833,3,214,0.013953488372093023,177,0,0.46259321701369266,37,Male,Gaziantep,1252.21,417.40333333333336,631.0,11,3.6666666666666665,0.0,0.3333333333333333,0.6666666666666666,0.6666666666666666,0.0
CUST_00621,116.66666666666667,45.96012764705221,4,350,0.011396011396011397,1,0,0.3939439478837851,25,Female,Antalya,2211.28,552.82,992.46,10,2.5,0.0,0.5,0.5,0.5,0.0
CUST_00622,46.0,37.749172176353746,4,138,0.02877697841726619,179,0,0.8206341599069475,40,Female,Kayseri,6287.33,1571.8325,4004.75,15,3.75,19.365,0.25,0.5,0.5,0.012320015006484459
CUST_00623,51.833333333333336,42.31508793169012,7,311,0.022435897435897436,48,0,0.8163682401669816,57,Female,Izmir,6093.620000000001,870.517142857143,3787.11,19,2.7142857142857144,6.807142857142857,0.5714285714285714,0.7142857142857143,0.5714285714285714,0.007819653989789717
CUST_00624,7.0,0.0,2,7,0.25,146,1,0.0,51,Female,Kayseri,161.60000000000002,80.80000000000001,84.04,2,1.0,10.515,0.5,1.0,0.5,0.13013613700326562
CUST_00625,62.6,70.33704571561134,6,313,0.01910828025477707,2,0,1.123594961533808,54,Female,Eskisehir,14481.23,2413.5383333333334,8748.0,17,2.8333333333333335,2.32,0.3333333333333333,0.5,0.8333333333333334,0.0009612443137932712
CUST_00626,45.44444444444444,28.8535574544592,10,409,0.024390243902439025,22,0,0.6349193432172585,28,Male,Gaziantep,30834.090000000004,3083.4090000000006,21599.9,28,2.8,3.814,0.3,0.4,0.6,0.0012369426173313553
CUST_00627,29.5,0.7071067811865476,3,59,0.05,365,0,0.023969720583621252,23,Female,Ankara,1203.06,401.02,967.94,8,2.6666666666666665,10.493333333333334,0.6666666666666666,0.3333333333333333,1.0,0.026166608416454854
CUST_00628,64.0,73.25981162956946,4,192,0.02072538860103627,104,0,1.144684538826327,33,Female,Istanbul,3126.96,781.74,1833.55,7,1.75,96.495,0.25,0.5,0.75,0.12343618066948579
CUST_00629,81.4,73.80582632827844,6,407,0.014705882352941176,17,0,0.9067054720094959,35,Male,Bursa,3575.08,595.8466666666667,999.24,21,3.5,38.12,0.3333333333333333,0.5,0.6666666666666666,0.06397619063521455
CUST_00630,239.0,0.0,2,239,0.008333333333333333,35,1,0.0,48,Male,Izmir,198.46,99.23,104.78,5,2.5,24.955,1.0,0.5,1.0,0.2514864430969823
CUST_00631,24.333333333333332,40.414518843273804,4,73,0.05405405405405406,76,0,1.6608705691398589,18,Female,Konya,14332.98,3583.245,6823.28,10,2.5,7.275,0.5,1.0,1.0,0.0020302826063999862
CUST_00632,72.66666666666667,56.43875736879164,4,218,0.0182648401826484,48,0,0.7766801365886904,53,Male,Istanbul,781.5,195.375,303.04,10,2.5,17.0975,0.5,0.5,0.5,0.08751119596923253
CUST_00633,62.0,70.14271166700073,8,434,0.01839080459770115,4,0,1.1313340408978498,33,Female,Ankara,7858.98,982.3725,4204.96,22,2.75,20.43125,0.375,0.375,0.625,0.020797864332727286
CUST_00634,86.0,113.13708498984761,3,172,0.017341040462427744,61,0,1.3155474845848851,29,Male,Adana,216.3,72.10000000000001,107.49,4,1.3333333333333333,5.573333333333333,0.3333333333333333,0.6666666666666666,1.0,0.07730004515996237
CUST_00635,32.333333333333336,22.096756926451143,7,194,0.035897435897435895,29,0,0.6834048322591643,22,Male,Istanbul,15861.369999999999,2265.91,9583.72,16,2.2857142857142856,42.07,0.2857142857142857,0.42857142857142855,0.7142857142857143,0.018566492041358004
CUST_00636,61.6,49.94296747290854,6,308,0.019417475728155338,12,0,0.81076244581406,18,Female,Ankara,7360.71,1226.785,3691.67,16,2.6666666666666665,43.11166666666666,0.5,0.6666666666666666,0.5,0.03514199034999993
CUST_00637,195.0,213.54624791833734,3,390,0.0076726342710997444,1,0,1.095108958067838,44,Male,Ankara,2184.34,728.1133333333333,940.79,6,2.0,0.0,0.3333333333333333,1.0,0.3333333333333333,0.0
CUST_00638,57.666666666666664,46.60829682935575,4,173,0.022988505747126436,253,0,0.8082363471870417,35,Male,Antalya,15628.189999999999,3907.0474999999997,14282.51,11,2.75,298.41749999999996,0.25,0.5,1.0,0.07637928638533847
CUST_00639,60.5,57.27564927611035,3,121,0.02459016393442623,34,0,0.9467049310645524,19,Female,Istanbul,5624.73,1874.9099999999999,4129.98,8,2.6666666666666665,0.0,0.3333333333333333,0.6666666666666666,0.6666666666666666,0.0
CUST_00640,66.0,52.15361924162119,6,330,0.01812688821752266,23,0,0.7902063401729523,19,Male,Konya,6689.19,1114.865,3100.23,18,3.0,19.08666666666667,0.5,0.3333333333333333,0.6666666666666666,0.0171201595256345
CUST_00641,37.44444444444444,55.03887515000445,10,337,0.029585798816568046,111,0,1.4698808994691752,30,Female,Izmir,11990.67,1199.067,6771.92,30,3.0,157.149,0.4,0.4,0.6,0.13105939857317447
CUST_00642,150.0,100.40916292848975,3,300,0.009966777408637873,128,0,0.6693944150606356,55,Female,Kayseri,17668.600000000002,5889.533333333334,16214.2,14,4.666666666666667,0.0,0.3333333333333333,1.0,0.6666666666666666,0.0
CUST_00643,76.75,50.87484643711468,5,307,0.016233766233766232,88,0,0.6628644400553777,31,Female,Izmir,2581.81,516.362,1209.12,9,1.8,2.382,0.4,0.4,0.6,0.004613042778877914
CUST_00644,53.333333333333336,38.85013942488924,4,160,0.024844720496894408,87,0,0.7284401005584215,18,Male,Ankara,10989.99,2747.4975,10128.15,9,2.25,4.5975,0.25,0.25,0.75,0.0016733409214482122
CUST_00645,80.75,40.16113378213652,5,323,0.015432098765432098,127,0,0.4973514957868114,32,Male,Istanbul,2990.98,598.196,1809.5,14,2.8,49.456,0.2,0.8,0.6,0.08267524342744645
CUST_00646,54.625,52.77428351005819,9,437,0.02054794520547945,11,0,0.9661195889050546,31,Female,Istanbul,8875.8,986.1999999999999,3464.27,27,3.0,29.727777777777778,0.2222222222222222,0.3333333333333333,0.6666666666666666,0.030143761658521617
CUST_00647,121.0,70.53367989832942,4,363,0.01098901098901099,38,0,0.5829229695488137,18,Female,Bursa,4993.04,1248.26,2626.0,13,3.25,0.0,0.5,0.5,0.5,0.0
CUST_00648,18.0,6.683312551921142,5,72,0.0684931506849315,103,0,0.37129512114589003,34,Female,Istanbul,5289.23,1057.846,3598.08,12,2.4,0.0,0.2,0.6,0.6,0.0
CUST_00649,69.4,72.25510362597234,6,347,0.017241379310344827,42,0,1.041139806697875,32,Female,Ankara,11215.45,1869.2416666666668,5352.0,19,3.1666666666666665,0.0,0.5,0.3333333333333333,0.6666666666666666,0.0
CUST_00650,96.5,151.7728565982732,5,386,0.012919896640826873,40,0,1.572775699746088,43,Male,Bursa,3344.12,668.824,2253.5,18,3.6,0.942,0.6,0.6,0.4,0.001408442278673549
CUST_00651,40.333333333333336,32.53203549323856,4,121,0.03278688524590164,71,0,0.8065793723965088,57,Male,Ankara,1479.56,369.89,840.5,9,2.25,1.6275,0.5,0.25,0.5,0.004399956732001523
CUST_00652,17.666666666666668,7.505553499465135,4,53,0.07407407407407407,51,0,0.42484262686542495,48,Male,Istanbul,11715.5,2928.875,9922.62,11,2.75,315.2275,0.25,0.5,0.5,0.10762750199048185
CUST_00653,91.0,84.71717653463199,4,273,0.014598540145985401,107,0,0.9309579736667475,31,Male,Adana,1910.99,477.7475,920.19,16,4.0,17.925,0.5,0.25,1.0,0.03751981949142629
CUST_00654,29.0,24.926558794453225,5,116,0.042735042735042736,234,0,0.8595364805143705,21,Male,Kayseri,4462.21,892.442,3353.64,8,1.6,159.488,0.4,0.6,0.6,0.17870965263993666
CUST_00655,99.0,57.982756057296896,3,198,0.01507537688442211,206,0,0.5856843987031566,65,Female,Istanbul,5984.740000000001,1994.9133333333336,4967.1,13,4.333333333333333,342.05,0.6666666666666666,0.6666666666666666,0.6666666666666666,0.17146108260101803
CUST_00656,61.5,38.890872965260115,3,123,0.024193548387096774,107,0,0.6323719078518408,35,Male,Istanbul,1631.2800000000002,543.7600000000001,868.61,6,2.0,83.84666666666666,0.3333333333333333,0.3333333333333333,0.6666666666666666,0.15419793017593925
CUST_00657,99.25,76.55662392416914,5,397,0.01256281407035176,18,0,0.7713513667790205,35,Male,Eskisehir,5509.889999999999,1101.9779999999998,4740.2,14,2.8,57.21999999999999,0.4,0.4,0.6,0.05192481151899147
CUST_00658,43.0,49.49747468305833,3,86,0.034482758620689655,110,0,1.151104035626844,34,Male,Istanbul,2624.0800000000004,874.6933333333335,2121.8,9,3.0,15.293333333333335,0.6666666666666666,0.6666666666666666,1.0,0.01748422302199145
CUST_00659,79.0,0.0,2,79,0.025,202,1,0.0,37,Female,Eskisehir,259.26,129.63,148.56,7,3.5,4.12,0.5,0.5,0.5,0.03178276608977269
CUST_00660,79.0,0.0,2,79,0.025,52,1,0.0,33,Female,Istanbul,235.66,117.83,121.66,4,2.0,3.715,0.5,1.0,1.0,0.03152847295656053
CUST_00661,95.33333333333333,120.98071471657512,4,286,0.013937282229965157,4,0,1.2690284627365036,28,Female,Konya,985.99,246.4975,697.96,14,3.5,12.959999999999999,0.25,0.5,0.5,0.052576597926645915
CUST_00662,61.5,17.67766952966369,3,123,0.024193548387096774,37,0,0.28744177629629125,28,Female,Ankara,2288.7200000000003,762.9066666666668,1071.42,9,3.0,0.0,0.6666666666666666,0.6666666666666666,0.6666666666666666,0.0
CUST_00663,194.0,236.17366491630688,3,388,0.007712082262210797,16,0,1.2173900190665818,34,Male,Kayseri,1179.9099999999999,393.3033333333333,848.0,7,2.3333333333333335,31.83,0.3333333333333333,0.3333333333333333,0.6666666666666666,0.08092990122739048
CUST_00664,92.0,72.69112738154499,4,276,0.01444043321299639,111,0,0.790120941211131,28,Female,Ankara,723.02,180.755,369.47,8,2.0,0.0,0.5,0.5,0.75,0.0
CUST_00665,75.8,61.8239435817548,6,379,0.015789473684210527,4,0,0.8156192977062732,26,Male,Antalya,25217.41,4202.901666666667,23400.25,15,2.5,3.975,0.16666666666666666,0.3333333333333333,0.8333333333333334,0.0009457751606657998
CUST_00666,42.333333333333336,30.237945256470937,4,127,0.03125,170,0,0.7142821545398925,36,Male,Istanbul,2751.58,687.895,1268.35,18,4.5,45.8575,0.25,0.5,1.0,0.0666635168642547
CUST_00667,75.5,6.363961030678928,3,151,0.019736842105263157,120,0,0.08429087346209344,31,Female,Istanbul,5613.24,1871.08,3476.97,9,3.0,292.58,0.3333333333333333,0.6666666666666666,0.3333333333333333,0.156369583258669
CUST_00668,86.33333333333333,73.75861531599772,4,259,0.015384615384615385,135,0,0.8543468856561873,53,Female,Adana,2137.86,534.465,919.92,10,2.5,26.189999999999998,0.5,0.75,1.0,0.049002273209653995
CUST_00669,72.33333333333333,43.55838993045236,4,217,0.01834862385321101,109,0,0.6021897142156126,18,Male,Bursa,18889.890000000003,4722.472500000001,11113.45,11,2.75,135.5475,0.5,0.5,0.5,0.028702655223783163
CUST_00670,103.0,58.12056434688156,5,412,0.012106537530266344,28,0,0.5642773182777111,48,Male,Kayseri,489.61,97.922,126.72,14,2.8,4.974,0.2,0.4,0.6,0.050795530618292825
CUST_00671,121.5,91.21677477306463,3,243,0.012295081967213115,40,0,0.7507553417474016,49,Female,Izmir,3135.45,1045.1499999999999,1716.5,15,5.0,0.0,0.3333333333333333,0.6666666666666666,0.6666666666666666,0.0
CUST_00672,77.5,38.890872965260115,3,155,0.019230769230769232,244,0,0.5018177092057085,18,Male,Konya,1628.9699999999998,542.9899999999999,896.54,6,2.0,0.0,0.3333333333333333,0.6666666666666666,1.0,0.0
CUST_00673,35.0,0.0,2,35,0.05555555555555555,94,1,0.0,30,Male,Izmir,2404.29,1202.145,1235.45,7,3.5,0.0,0.5,0.5,0.5,0.0
CUST_00674,67.4,47.93537316012049,6,337,0.01775147928994083,54,0,0.7112073063636971,30,Male,Eskisehir,11019.81,1836.635,4845.32,21,3.5,24.123333333333335,0.3333333333333333,0.5,0.8333333333333334,0.01313452772064063
CUST_00675,55.0,66.26210581219605,5,220,0.02262443438914027,147,0,1.2047655383169185,18,Male,Kayseri,20822.04,4164.408,17220.0,11,2.2,31.176,0.4,0.6,0.6,0.007486298170715669
CUST_00676,39.0,51.28596299183628,10,351,0.028409090909090908,72,0,1.315024658379785,25,Female,Ankara,22027.41,2202.741,8373.45,36,3.6,79.60999999999999,0.4,0.4,0.5,0.03614133480234792
CUST_00677,173.5,222.73863607376248,3,347,0.008620689655172414,5,0,1.2837961659364052,21,Male,Konya,6774.4,2258.133333333333,4674.4,9,3.0,0.0,0.6666666666666666,0.6666666666666666,0.6666666666666666,0.0
CUST_00678,57.0,0.0,2,57,0.034482758620689655,178,1,0.0,56,Male,Gaziantep,505.15,252.575,362.94,4,2.0,0.0,0.5,0.5,0.5,0.0
CUST_00679,39.375,51.33346861454036,9,315,0.028481012658227847,110,0,1.3037071063068764,46,Female,Istanbul,9257.18,1028.5755555555556,4763.12,29,3.2222222222222223,106.61777777777779,0.3333333333333333,0.5555555555555556,0.5555555555555556,0.10365575683600169
CUST_00680,90.0,13.892443989449804,4,270,0.014760147601476014,60,0,0.15436048705654798,50,Female,Antalya,1718.79,429.6975,625.0,12,3.0,17.4075,0.5,0.25,0.5,0.04051105710293623
CUST_00681,60.2,57.12004901958681,6,301,0.019867549668874173,104,0,0.9488380078197475,43,Male,Istanbul,4095.82,682.6366666666667,1663.84,13,2.1666666666666665,63.10999999999999,0.5,0.3333333333333333,0.5,0.09245035168667028
CUST_00682,73.5,43.1335136523794,3,147,0.02027027027027027,67,0,0.5868505178983522,21,Male,Gaziantep,344.39,114.79666666666667,208.35,4,1.3333333333333333,5.66,0.3333333333333333,1.0,0.6666666666666666,0.04930456706665786
CUST_00683,41.142857142857146,29.68405055148062,8,288,0.02768166089965398,144,0,0.7214873222567816,28,Male,Istanbul,15075.08,1884.385,6278.28,25,3.125,10.54625,0.25,0.5,0.5,0.005596653547127231
CUST_00684,68.66666666666667,54.891407949392836,7,412,0.01694915254237288,23,0,0.7993894245146127,40,Female,Istanbul,2111.39,301.6271428571428,590.1,17,2.4285714285714284,2.9899999999999998,0.5714285714285714,0.42857142857142855,0.5714285714285714,0.009912900947058429
CUST_00685,54.0,0.0,2,54,0.03636363636363636,159,1,0.0,20,Female,Izmir,1196.7199999999998,598.3599999999999,671.92,5,2.5,65.67,0.5,1.0,0.5,0.10974998310423496
CUST_00686,89.75,103.5611735481337,5,359,0.013888888888888888,15,0,1.1538849291838302,43,Female,Bursa,2638.84,527.768,986.81,10,2.0,43.45,0.4,0.4,0.6,0.08232784086506223
CUST_00687,42.1,32.77346487632945,11,421,0.026066350710900472,11,0,0.7784670807093199,32,Female,Konya,8677.88,788.8981818181818,2510.0,31,2.8181818181818183,46.77454545454545,0.2727272727272727,0.45454545454545453,0.45454545454545453,0.059290978827524606
CUST_00688,99.0,86.2670273047588,3,198,0.01507537688442211,170,0,0.8713841053876232,30,Female,Eskisehir,3828.5,1276.1666666666667,3465.98,11,3.6666666666666665,110.58999999999999,0.3333333333333333,0.6666666666666666,0.6666666666666666,0.08665795996866293
CUST_00689,98.0,50.91168824543142,3,196,0.015228426395939087,24,0,0.5195070176114736,43,Female,Izmir,884.49,294.83,409.84,6,2.0,57.803333333333335,0.3333333333333333,0.6666666666666666,0.6666666666666666,0.19605648386282554
CUST_00690,209.0,265.87214972614186,3,418,0.007159904534606206,32,0,1.2721155428422313,40,Female,Istanbul,5288.7300000000005,1762.91,3778.05,12,4.0,0.0,0.3333333333333333,0.3333333333333333,0.6666666666666666,0.0
CUST_00691,55.666666666666664,49.21720566360237,4,167,0.023809523809523808,149,0,0.8841414032238498,30,Male,Adana,1614.1,403.525,669.06,9,2.25,16.4025,0.25,1.0,0.5,0.04064803905421464
CUST_00692,45.44444444444444,21.237414573760567,10,409,0.024390243902439025,24,0,0.46732696077726765,48,Other,Bursa,18499.68,1849.968,5340.58,33,3.3,131.893,0.4,0.5,0.5,0.07129474668140488
CUST_00693,168.0,213.54624791833734,3,336,0.008902077151335312,7,0,1.271108610995409,22,Male,Izmir,1571.38,523.7933333333334,914.24,9,3.0,7.153333333333333,0.3333333333333333,0.3333333333333333,0.6666666666666666,0.013656785729123216
CUST_00694,52.6,74.52046698726465,6,263,0.022727272727272728,44,0,1.4167388891734938,42,Male,Ankara,1777.26,296.21,505.88,11,1.8333333333333333,42.68166666666667,0.5,0.5,0.5,0.14409259148095635
CUST_00695,152.0,0.0,2,152,0.013071895424836602,48,1,0.0,42,Female,Izmir,315.52,157.76,220.95,4,2.0,0.0,0.5,1.0,0.5,0.0
CUST_00696,68.5,55.169435982858,5,274,0.01818181818181818,50,0,0.8053932142695589,31,Male,Ankara,1213.18,242.63600000000002,398.52,11,2.2,5.488,0.2,0.6,0.6,0.02261824287155145
CUST_00697,74.75,81.92832233116945,5,299,0.016666666666666666,134,0,1.0960310533128883,38,Female,Adana,7070.57,1414.114,3881.82,14,2.8,13.416000000000002,0.4,0.4,0.6,0.009487212481110284
CUST_00698,118.66666666666667,168.50618188462207,4,356,0.011204481792717087,71,0,1.4199959027917934,19,Female,Bursa,1408.54,352.135,747.3,13,3.25,0.0,0.5,0.75,0.5,0.0
CUST_00699,102.0,58.642987645583,4,306,0.013029315960912053,40,0,0.5749312457907034,46,Male,Konya,1130.82,282.705,657.0,11,2.75,2.5,0.25,0.5,1.0,0.008843140344729878
CUST_00700,17.5,4.949747468305833,3,35,0.08333333333333333,212,0,0.28284269631217923,32,Female,Bursa,2525.25,841.75,1307.68,7,2.3333333333333335,58.29666666666666,0.3333333333333333,0.6666666666666666,0.3333333333333333,0.06925650917423243
CUST_00701,77.66666666666667,104.04005638855323,4,233,0.017094017094017096,27,0,1.339571524235816,28,Male,Istanbul,3519.17,879.7925,1881.12,8,2.0,77.6425,0.25,0.25,0.75,0.08825092270251118
CUST_00702,82.0,62.22539674441618,3,164,0.01818181818181818,224,0,0.7588462925069499,47,Male,Konya,8210.88,2736.9599999999996,6832.65,9,3.0,44.71,0.3333333333333333,0.6666666666666666,0.6666666666666666,0.01633564245866376
CUST_00703,55.714285714285715,50.802605857423906,8,390,0.020460358056265986,3,0,0.9118416272283999,26,Female,Bursa,10494.710000000001,1311.8387500000001,3300.05,25,3.125,85.885,0.25,0.625,0.5,0.06546917441989789
CUST_00704,37.2,63.29261849185539,11,372,0.029490616621983913,41,0,1.7014144298505636,18,Female,Istanbul,15655.89,1423.2627272727273,11743.96,35,3.1818181818181817,20.85090909090909,0.18181818181818182,0.36363636363636365,0.45454545454545453,0.014650077372723565
CUST_00705,93.5,34.64823227814083,3,187,0.015957446808510637,2,0,0.3705693252146685,18,Female,Antalya,614.56,204.85333333333332,433.15,5,1.6666666666666667,4.673333333333333,0.3333333333333333,0.6666666666666666,0.6666666666666666,0.022813069401784677
CUST_00706,90.5,105.35891039679558,3,181,0.016483516483516484,192,0,1.1641868423492678,42,Male,Ankara,5418.73,1806.243333333333,4008.64,6,2.0,0.0,0.6666666666666666,0.3333333333333333,0.6666666666666666,0.0
CUST_00707,107.0,73.97972695272672,4,321,0.012422360248447204,44,0,0.6913993108535272,19,Female,Gaziantep,8690.839999999998,2172.7099999999996,6085.65,13,3.25,0.0,0.5,0.25,0.75,0.0
CUST_00708,71.0,56.468280181591034,5,284,0.017543859649122806,32,0,0.7953278786797627,56,Male,Izmir,13459.34,2691.868,12621.72,12,2.4,31.544,0.2,0.4,0.6,0.011718256611498687
CUST_00709,106.66666666666667,109.80133575386655,4,320,0.012461059190031152,74,0,1.029387513041991,18,Female,Adana,3174.38,793.595,1534.48,13,3.25,22.235,0.5,0.5,0.75,0.028018069634992572
CUST_00710,56.666666666666664,19.139836293274122,4,170,0.023391812865497075,272,0,0.33776181097962904,55,Male,Istanbul,3546.3500000000004,886.5875000000001,2087.31,11,2.75,11.0325,0.5,0.75,0.75,0.01244378021070252
CUST_00711,92.5,48.03817926052846,5,370,0.013477088948787063,38,0,0.5193316620669924,37,Female,Ankara,2659.32,531.864,1891.75,14,2.8,56.532,0.2,0.4,0.6,0.10629032965891594
CUST_00712,126.0,153.48289807011074,4,378,0.010554089709762533,29,0,1.2181182289840675,33,Male,Eskisehir,2056.08,514.02,761.65,9,2.25,28.4775,0.5,0.5,0.75,0.05540154068829707
CUST_00713,179.0,0.0,2,179,0.011111111111111112,126,1,0.0,28,Male,Gaziantep,1414.6,707.3,1189.55,6,3.0,0.0,0.5,0.5,1.0,0.0
CUST_00714,9.0,0.0,2,9,0.2,178,1,0.0,39,Female,Istanbul,7973.0,3986.5,7672.2,5,2.5,0.0,0.5,0.5,0.5,0.0
CUST_00715,151.0,33.94112549695428,3,302,0.009900990099009901,111,0,0.22477566405416302,34,Female,Ankara,4682.4,1560.8,4308.44,5,1.6666666666666667,9.92,0.3333333333333333,0.6666666666666666,1.0,0.00635571501386743
CUST_00716,55.285714285714285,40.10699974532411,8,387,0.020618556701030927,59,0,0.7254495946747329,48,Female,Ankara,22185.22,2773.1525,11612.88,28,3.5,83.52125000000001,0.25,0.75,0.625,0.03011779913649978
CUST_00717,39.714285714285715,41.45163561595725,8,278,0.02867383512544803,39,0,1.0437461942643071,36,Female,Antalya,4144.56,518.07,1960.14,21,2.625,28.398750000000003,0.25,0.375,0.5,0.05481643396680674
CUST_00718,86.66666666666667,47.035447625523176,4,260,0.01532567049808429,146,0,0.5427166971093055,36,Female,Adana,2460.79,615.1975,820.75,15,3.75,0.0,0.25,0.5,0.5,0.0
CUST_00719,83.25,79.07117047318826,5,333,0.014970059880239521,70,0,0.9498038381187318,30,Female,Adana,2517.29,503.45799999999997,1547.21,15,3.0,76.468,0.6,0.4,0.6,0.15188555916901597
CUST_00720,44.0,30.340920035019185,9,352,0.025495750708215296,31,0,0.6895663487602918,34,Male,Izmir,30585.22,3398.3577777777778,16113.27,34,3.7777777777777777,357.6866666666667,0.4444444444444444,0.5555555555555556,0.6666666666666666,0.10525279854298009
CUST_00721,127.5,95.45941546018392,3,255,0.01171875,66,0,0.7487012918547657,38,Female,Gaziantep,2203.58,734.5266666666666,1421.3,5,1.6666666666666667,0.0,0.3333333333333333,0.6666666666666666,0.3333333333333333,0.0
CUST_00722,44.5,45.96194077712559,3,89,0.03333333333333333,241,0,1.0328525785229892,18,Male,Izmir,1039.1,346.3666666666666,530.79,7,2.3333333333333335,14.423333333333332,0.3333333333333333,0.6666666666666666,0.3333333333333333,0.041641805288301977
CUST_00723,50.5,43.74547595656797,5,202,0.024630541871921183,66,0,0.8662470314915038,18,Female,Istanbul,2389.4,477.88,1216.44,16,3.2,30.151999999999997,0.4,0.4,0.6,0.06309533760966071
CUST_00724,105.33333333333333,114.03654385035236,4,316,0.012618296529968454,17,0,1.0826254060227243,43,Female,Bursa,614.76,153.69,323.75,9,2.25,1.9475,0.5,0.75,0.75,0.012671611603411988
CUST_00725,38.5,10.606601717798213,3,77,0.038461538461538464,335,0,0.27549614135849537,37,Female,Kayseri,1449.23,483.07666666666665,1146.0,10,3.3333333333333335,0.0,0.3333333333333333,0.6666666666666666,0.6666666666666666,0.0
CUST_00726,115.33333333333333,82.58530942808977,4,346,0.011527377521613832,38,0,0.7160575899887184,32,Female,Gaziantep,1209.1100000000001,302.27750000000003,463.47,13,3.25,8.245,0.75,0.5,1.0,0.0272762609612814
CUST_00727,47.5,30.405591591021544,3,95,0.03125,349,0,0.6401177042295546,35,Female,Bursa,1232.1,410.7,470.5,7,2.3333333333333335,39.376666666666665,0.3333333333333333,0.6666666666666666,1.0,0.09587695780567253
CUST_00728,82.75,59.63989157155357,5,331,0.015060240963855422,44,0,0.7207237565054962,39,Female,Antalya,5350.9800000000005,1070.1960000000001,3435.8,15,3.0,28.595999999999997,0.4,0.4,0.6,0.0267203390531077
CUST_00729,207.5,135.0573952066306,3,415,0.007211538461538462,23,0,0.6508790099072366,28,Male,Kayseri,1710.72,570.24,1211.94,9,3.0,56.38666666666666,0.6666666666666666,1.0,0.6666666666666666,0.0988823417644927
CUST_00730,159.5,197.28279195104676,3,319,0.009375,108,0,1.2368827004022824,25,Female,Izmir,5422.74,1807.58,4646.05,14,4.666666666666667,24.98,0.3333333333333333,0.3333333333333333,1.0,0.013819581974894841
CUST_00731,30.75,13.793114224133722,5,123,0.04032258064516129,274,0,0.44855654554722524,37,Male,Ankara,2194.58,438.916,1131.36,11,2.2,2.778,0.4,0.6,0.6,0.006329229268631745
CUST_00732,79.66666666666667,64.29878174066235,4,239,0.016666666666666666,117,0,0.8070976686221508,23,Female,Eskisehir,10934.98,2733.745,5815.68,13,3.25,198.32999999999998,0.5,0.5,0.75,0.07254882950950113
CUST_00733,80.5,47.37615433949868,3,161,0.018518518518518517,138,0,0.5885236490804352,39,Male,Konya,4179.96,1393.32,3521.58,7,2.3333333333333335,2.38,0.6666666666666666,0.3333333333333333,0.3333333333333333,0.001708150316001959
CUST_00734,29.0,0.0,2,29,0.06666666666666667,15,1,0.0,18,Male,Ankara,5092.37,2546.185,3970.7,8,4.0,0.0,0.5,0.5,1.0,0.0
CUST_00735,23.5,9.192388155425117,3,47,0.0625,57,0,0.39116543677700766,47,Male,Izmir,1863.98,621.3266666666667,1518.94,11,3.6666666666666665,0.0,0.3333333333333333,0.6666666666666666,0.3333333333333333,0.0
CUST_00736,39.0,0.0,2,39,0.05,374,1,0.0,40,Male,Izmir,7190.72,3595.36,6935.92,2,1.0,16.725,0.5,1.0,1.0,0.004651829022781633
CUST_00737,78.0,32.85320887422313,5,312,0.01597444089456869,47,0,0.42119498016702756,38,Female,Istanbul,4575.33,915.066,1833.72,9,1.8,116.5,0.4,0.6,0.6,0.12731322098371786
CUST_00738,73.5,20.506096654409877,3,147,0.02027027027027027,238,0,0.27899450850905266,46,Male,Kayseri,10526.04,3508.6800000000003,6461.04,12,4.0,117.82,0.6666666666666666,0.6666666666666666,0.6666666666666666,0.033579579775419935
CUST_00739,62.0,0.0,2,62,0.031746031746031744,128,1,0.0,54,Female,Izmir,3698.32,1849.16,3579.67,6,3.0,0.0,0.5,0.5,0.5,0.0
CUST_00740,47.0,28.574464124459098,6,235,0.025423728813559324,104,0,0.6079673088615275,47,Male,Konya,14377.16,2396.193333333333,6800.97,20,3.3333333333333335,139.91333333333333,0.5,0.5,0.5,0.058389834963905325
CUST_00741,58.57142857142857,29.25096660999509,8,410,0.019464720194647202,40,0,0.4994067384734597,18,Female,Istanbul,3684.06,460.5075,1317.4,25,3.125,19.831249999999997,0.25,0.375,0.5,0.043063902231638126
CUST_00742,91.0,16.46207763315433,4,273,0.014598540145985401,83,0,0.18090195002475143,19,Female,Bursa,845.25,211.3125,402.0,10,2.5,7.5424999999999995,0.5,0.5,0.75,0.03569358161162457
CUST_00743,163.5,226.98127676088177,3,327,0.009146341463414634,94,0,1.388264681178086,27,Female,Istanbul,4500.29,1500.0966666666666,3201.44,14,4.666666666666667,10.783333333333333,0.6666666666666666,0.6666666666666666,1.0,0.007188425630000449
CUST_00744,53.25,41.29870861580702,5,213,0.02336448598130841,107,0,0.7755625885491912,35,Female,Adana,1826.6000000000001,365.32000000000005,665.32,13,2.6,22.856,0.4,0.4,0.6,0.06256432699396604
CUST_00745,90.25,79.07960124667633,5,361,0.013812154696132596,4,0,0.8762282589523332,41,Male,Bursa,16827.39,3365.478,9162.45,8,1.6,708.564,0.6,0.6,0.6,0.2105388892126055
CUST_00746,93.0,38.18376618407357,3,186,0.016042780748663103,60,0,0.4105781265967252,26,Female,Antalya,3300.0699999999997,1100.0233333333333,2482.06,9,3.0,45.580000000000005,0.6666666666666666,0.3333333333333333,0.6666666666666666,0.04143548466417184
CUST_00747,54.0,60.315835400000886,8,378,0.021108179419525065,42,0,1.1169598941303889,37,Male,Istanbul,1882.28,235.285,584.16,20,2.5,25.00125,0.5,0.375,0.5,0.10625942960129448
CUST_00748,40.57142857142857,60.18542775693892,8,284,0.028070175438596492,91,0,1.4834436053326312,25,Female,Istanbul,6334.21,791.77625,3278.36,26,3.25,41.51625,0.25,0.375,0.625,0.05243432086724713
CUST_00749,122.0,147.27864746798838,4,366,0.010899182561307902,44,0,1.2072020185310357,27,Female,Istanbul,970.54,242.635,537.6,6,1.5,15.7375,0.5,0.5,0.5,0.06486079887542688
CUST_00750,141.0,123.03657992645927,3,282,0.01060070671378092,98,0,0.8725998514458115,18,Male,Ankara,3879.3999999999996,1293.1333333333332,3279.2,15,5.0,0.0,0.3333333333333333,1.0,0.6666666666666666,0.0
CUST_00751,378.0,0.0,2,378,0.005277044854881266,70,1,0.0,23,Female,Antalya,163.59,81.795,142.6,5,2.5,0.825,1.0,1.0,0.5,0.01008619096416418
CUST_00752,55.4,48.15391988197846,6,277,0.02158273381294964,41,0,0.8692043143100027,18,Female,Bursa,7051.1,1175.1833333333334,4475.58,16,2.6666666666666665,141.595,0.3333333333333333,0.5,0.6666666666666666,0.12048758339508366
CUST_00753,107.0,9.899494936611665,3,214,0.013953488372093023,10,0,0.09251864340273852,23,Male,Bursa,1677.49,559.1633333333333,826.98,7,2.3333333333333335,28.596666666666664,0.3333333333333333,0.3333333333333333,0.6666666666666666,0.05114188450993708
CUST_00754,350.0,0.0,2,350,0.005698005698005698,56,1,0.0,47,Male,Bursa,1133.3400000000001,566.6700000000001,986.1,8,4.0,27.59,0.5,0.5,0.5,0.04868794880849886
CUST_00755,53.42857142857143,37.82793122749882,8,374,0.021333333333333333,22,0,0.7080093947498022,23,Male,Ankara,24345.630000000005,3043.2037500000006,19139.58,15,1.875,3.565,0.375,0.75,0.75,0.0011714628042333796
CUST_00756,72.5,55.536774603260255,5,290,0.01718213058419244,12,0,0.7660244667204936,66,Female,Istanbul,4064.2,812.8399999999999,2152.92,17,3.4,48.222,0.4,0.4,0.8,0.059325328404944
CUST_00757,77.75,58.46010035343194,5,311,0.016025641025641024,94,0,0.7518983871579878,40,Female,Istanbul,2123.48,424.696,1023.65,8,1.6,2.414,0.4,0.4,0.6,0.00568406576543206
CUST_00758,58.42857142857143,50.20244729378952,8,409,0.01951219512195122,3,0,0.8592105746749452,37,Male,Gaziantep,44286.81,5535.85125,19762.25,35,4.375,226.15125,0.375,0.5,0.5,0.04085211826440385
CUST_00759,94.33333333333333,85.594002905188,4,283,0.014084507042253521,77,0,0.9073569116377855,24,Male,Bursa,22191.29,5547.8225,21451.0,13,3.25,7.467499999999999,0.5,0.25,1.0,0.0013460235973039828
CUST_00760,189.0,257.3868683519033,3,378,0.0079155672823219,39,0,1.361835275079725,43,Female,Istanbul,3292.46,1097.4866666666667,2392.44,10,3.3333333333333335,26.88,0.6666666666666666,0.6666666666666666,0.6666666666666666,0.02449232486545714
CUST_00761,114.5,85.55992052357225,3,229,0.013043478260869565,94,0,0.7472482076534851,28,Female,Istanbul,635.78,211.92666666666665,289.01,7,2.3333333333333335,14.75,0.6666666666666666,1.0,0.6666666666666666,0.0695995466847044
CUST_00762,54.42857142857143,44.784138348516294,8,381,0.020942408376963352,61,0,0.8228056763253919,36,Male,Konya,4907.82,613.4775,1692.84,18,2.25,8.899999999999999,0.25,0.375,0.5,0.014507459500132507
CUST_00763,44.5,16.263455967290593,3,89,0.03333333333333333,157,0,0.36547091240044227,65,Male,Adana,1261.29,420.43,753.2,9,3.0,0.0,0.6666666666666666,0.3333333333333333,0.3333333333333333,0.0
CUST_00764,55.666666666666664,64.06142885283364,7,334,0.020895522388059702,91,0,1.1508040904556207,33,Female,Antalya,11560.58,1651.5114285714285,6507.86,21,3.0,201.14000000000001,0.2857142857142857,0.42857142857142855,0.5714285714285714,0.12179146713637723
CUST_00765,42.1,30.599382709823125,11,421,0.026066350710900472,15,0,0.7268261753680986,48,Male,Izmir,12151.869999999999,1104.7154545454543,3925.11,23,2.090909090909091,31.013636363636362,0.2727272727272727,0.36363636363636365,0.5454545454545454,0.02807386844092205
CUST_00766,249.0,0.0,2,249,0.008,74,1,0.0,26,Male,Ankara,825.68,412.84,618.3,7,3.5,0.0,0.5,0.5,1.0,0.0
CUST_00767,174.0,237.58787847867995,3,348,0.008595988538681949,10,0,1.365447569616278,34,Female,Eskisehir,435.45000000000005,145.15,183.08,5,1.6666666666666667,8.21,0.6666666666666666,0.6666666666666666,0.6666666666666666,0.05656217666853478
CUST_00768,72.5,98.2878425849301,3,145,0.02054794520547945,246,0,1.355694361782562,56,Female,Gaziantep,1302.8000000000002,434.2666666666667,1097.89,6,2.0,4.503333333333333,0.3333333333333333,1.0,0.6666666666666666,0.010369972343329812
CUST_00769,48.333333333333336,43.857344500854886,7,290,0.024054982817869417,61,0,0.9073933157267912,27,Male,Ankara,2260.3,322.90000000000003,688.08,21,3.0,2.9628571428571426,0.42857142857142855,0.42857142857142855,1.0,0.009175773099044191
CUST_00770,62.0,0.0,2,62,0.031746031746031744,320,1,0.0,56,Male,Gaziantep,314.62,157.31,192.74,3,1.5,0.0,0.5,0.5,1.0,0.0
CUST_00771,65.66666666666667,36.23626176451796,7,394,0.017721518987341773,40,0,0.5518212367415745,43,Male,Adana,8914.82,1273.5457142857142,4284.7,26,3.7142857142857144,72.88857142857142,0.42857142857142855,0.7142857142857143,0.7142857142857143,0.05723278760528765
CUST_00772,193.0,0.0,2,193,0.010309278350515464,213,1,0.0,28,Male,Ankara,450.17,225.085,353.73,3,1.5,36.42,0.5,0.5,1.0,0.16180553941042033
CUST_00773,110.5,14.849242404917497,3,221,0.013513513513513514,9,0,0.13438228299126892,42,Female,Izmir,6417.8,2139.266666666667,3577.9,14,4.666666666666667,0.0,0.3333333333333333,0.3333333333333333,0.6666666666666666,0.0
CUST_00774,90.33333333333333,114.33430514650156,4,271,0.014705882352941176,175,0,1.2656934008945555,46,Male,Istanbul,2604.67,651.1675,1770.21,7,1.75,11.9075,0.5,0.5,1.0,0.018286385579307344
CUST_00775,103.25,87.69787150590753,5,413,0.012077294685990338,33,0,0.8493740499422129,42,Female,Istanbul,5028.84,1005.768,1963.59,12,2.4,94.77799999999999,0.4,0.6,0.6,0.0942344555660605
CUST_00776,99.0,26.870057685088806,3,198,0.01507537688442211,146,0,0.2714147213502433,18,Female,Adana,4300.53,1433.51,3919.16,10,3.3333333333333335,3.2566666666666664,0.3333333333333333,1.0,0.6666666666666666,0.002271813007509437
CUST_00777,49.75,28.37105332317901,5,199,0.025,235,0,0.5702724171438511,26,Male,Ankara,1040.37,208.07399999999998,401.55,13,2.6,14.394,0.4,0.6,0.8,0.06917731158541043
CUST_00778,155.5,163.3416664540925,3,311,0.009615384615384616,24,0,1.050428716422275,32,Male,Gaziantep,1026.51,342.17,467.64,10,3.3333333333333335,6.646666666666667,0.3333333333333333,0.6666666666666666,1.0,0.019425042076282623
CUST_00779,33.3,20.934023343192617,11,333,0.03293413173652695,2,0,0.6286493307670658,34,Female,Eskisehir,12180.03,1107.2754545454545,6669.7,25,2.272727272727273,20.904545454545456,0.18181818181818182,0.5454545454545454,0.5454545454545454,0.018879263827127526
CUST_00780,42.375,28.967654375181986,9,339,0.026470588235294117,70,0,0.6836024469989272,42,Female,Istanbul,6012.87,668.0966666666667,1343.2,26,2.888888888888889,56.166666666666664,0.3333333333333333,0.8888888888888888,0.4444444444444444,0.08406967043082138
CUST_00781,114.5,99.7020561473032,3,229,0.013043478260869565,33,0,0.8707603080920776,37,Female,Izmir,409.43,136.47666666666666,307.77,5,1.6666666666666667,0.0,0.3333333333333333,1.0,0.6666666666666666,0.0
CUST_00782,31.333333333333332,30.40833219146796,7,188,0.037037037037037035,56,0,0.9704786559890203,18,Male,Gaziantep,12646.380000000001,1806.6257142857144,5476.55,27,3.857142857142857,37.037142857142854,0.2857142857142857,0.7142857142857143,0.5714285714285714,0.02050072826030017
CUST_00783,17.125,8.609587678861281,9,137,0.06521739130434782,181,0,0.5027496161233089,39,Female,Gaziantep,10482.68,1164.7422222222222,4170.03,19,2.111111111111111,0.0,0.3333333333333333,0.4444444444444444,0.6666666666666666,0.0
CUST_00784,39.9,40.59132364872517,11,399,0.0275,37,0,1.017326381739318,42,Female,Adana,5778.8,525.3454545454546,2571.42,36,3.272727272727273,27.89272727272727,0.45454545454545453,0.36363636363636365,0.45454545454545453,0.0530940678715244
CUST_00785,89.0,63.298235889056706,5,356,0.014005602240896359,25,0,0.7112161255937144,41,Female,Ankara,3200.7599999999998,640.1519999999999,1827.7,12,2.4,78.66,0.6,0.6,0.8,0.12287706650470973
CUST_00786,67.0,65.36818798161687,4,201,0.019801980198019802,164,0,0.9756445821786909,47,Male,Izmir,3075.28,768.82,1566.65,16,4.0,32.620000000000005,0.5,0.5,0.75,0.04242865684759937
CUST_00787,129.0,57.982756057296896,3,258,0.011583011583011582,134,0,0.4494787256420013,45,Female,Bursa,217.91,72.63666666666667,92.13,3,1.0,4.663333333333333,0.3333333333333333,0.6666666666666666,0.6666666666666666,0.06420081596713116
CUST_00788,87.0,72.12489168102785,3,174,0.017142857142857144,231,0,0.8290217339311048,40,Female,Eskisehir,4481.9,1493.9666666666665,1858.38,6,2.0,0.0,0.6666666666666666,0.3333333333333333,0.3333333333333333,0.0
CUST_00789,107.0,47.47630988187688,5,428,0.011655011655011656,18,0,0.4437038265249818,34,Male,Ankara,6578.57,1315.714,2660.43,17,3.4,66.982,0.6,0.4,0.8,0.05090924011532199
CUST_00790,52.375,40.63052160278386,9,419,0.02142857142857143,9,0,0.7757617341674868,18,Female,Kayseri,11431.49,1270.1655555555556,3350.6,25,2.7777777777777777,45.92444444444445,0.3333333333333333,0.5555555555555556,0.6666666666666666,0.03615626656495292
CUST_00791,46.77777777777778,39.39789898515458,10,421,0.023696682464454975,8,0,0.8422353522239265,40,Male,Ankara,9888.07,988.807,3654.34,31,3.1,59.525,0.3,0.5,0.7,0.06019880516602451
CUST_00792,79.6,62.111190618116474,6,398,0.015037593984962405,12,0,0.780291329620919,37,Male,Eskisehir,14107.5,2351.25,10768.85,16,2.6666666666666665,0.43,0.6666666666666666,0.6666666666666666,0.6666666666666666,0.00018288144596156027
CUST_00793,110.66666666666667,94.585058721414,4,332,0.012012012012012012,69,0,0.8546842578318953,38,Male,Antalya,2231.55,557.8875,1527.23,13,3.25,0.0,0.5,0.5,0.75,0.0
CUST_00794,81.5,37.278233148402656,5,326,0.01529051987767584,19,0,0.45740162811044205,19,Female,Izmir,5071.41,1014.2819999999999,3575.49,12,2.4,36.118,0.2,0.4,0.6,0.03560942614025545
CUST_00795,63.0,54.30162674051917,5,252,0.019762845849802372,100,0,0.8619305695014063,22,Male,Bursa,4732.57,946.5139999999999,2293.95,13,2.6,65.71799999999999,0.6,0.4,0.8,0.06943161953290536
CUST_00796,354.0,0.0,2,354,0.005633802816901409,20,1,0.0,47,Male,Ankara,671.36,335.68,586.03,2,1.0,58.675,0.5,0.5,0.5,0.17479444657175153
CUST_00797,89.0,64.95382975621992,4,267,0.014925373134328358,72,0,0.7298183036674338,34,Female,Ankara,2487.65,621.9125,1481.21,13,3.25,76.4725,0.5,0.5,0.75,0.12296343919287127
CUST_00798,48.375,45.87229945340496,9,387,0.023195876288659795,9,0,0.9482645685817136,43,Male,Istanbul,10466.42,1162.9355555555555,3719.21,28,3.111111111111111,37.074444444444445,0.3333333333333333,0.4444444444444444,0.8888888888888888,0.03188005064894009
CUST_00799,97.5,78.48885271170677,3,195,0.015306122448979591,16,0,0.8050138657096708,35,Female,Istanbul,7605.5,2535.1666666666665,7002.08,14,4.666666666666667,158.05333333333334,0.3333333333333333,0.3333333333333333,0.6666666666666666,0.06234435603352403
CUST_00800,378.0,0.0,2,378,0.005277044854881266,52,1,0.0,35,Female,Ankara,1355.28,677.64,964.32,3,1.5,14.555,0.5,1.0,0.5,0.02147895634632112
CUST_00801,53.333333333333336,20.816659994661325,4,160,0.024844720496894408,54,0,0.390312367581543,46,Female,Adana,950.1500000000001,237.53750000000002,567.2,8,2.0,12.385,0.25,0.5,0.5,0.05213913570640789
CUST_00802,168.0,0.0,2,168,0.011834319526627219,34,1,0.0,28,Female,Bursa,1521.0800000000002,760.5400000000001,1477.65,6,3.0,0.0,0.5,0.5,0.5,0.0
CUST_00803,154.5,53.033008588991066,3,309,0.00967741935483871,130,0,0.3432557168008761,36,Female,Istanbul,9183.150000000001,3061.0500000000006,6867.0,6,2.0,1.58,0.3333333333333333,1.0,0.3333333333333333,0.0005161627544417233
CUST_00804,94.0,103.05823596394418,4,282,0.014134275618374558,118,0,1.096364200718936,29,Male,Konya,4763.1,1190.775,2392.64,15,3.75,59.9575,0.25,0.75,0.5,0.050351661690620254
CUST_00805,55.666666666666664,31.328368400966344,7,334,0.020895522388059702,42,0,0.5627850509852927,29,Female,Bursa,18643.06,2663.2942857142857,16547.64,16,2.2857142857142856,54.35285714285714,0.2857142857142857,0.5714285714285714,0.42857142857142855,0.02040813041727823
CUST_00806,59.666666666666664,63.99583319769082,7,358,0.019498607242339833,3,0,1.0725558456726534,31,Male,Eskisehir,35242.89,5034.698571428571,12885.24,18,2.5714285714285716,355.02571428571434,0.42857142857142855,0.5714285714285714,0.5714285714285714,0.07051578345324092
CUST_00807,90.75,83.65155906098423,5,363,0.013736263736263736,48,0,0.9217802549774543,37,Female,Antalya,5666.33,1133.266,2043.52,12,2.4,158.302,0.4,0.6,0.6,0.13968653419436694
CUST_00808,120.66666666666667,56.57148869645674,4,362,0.011019283746556474,85,0,0.46882448807430044,29,Male,Istanbul,2995.7699999999995,748.9424999999999,2377.99,7,1.75,0.0,0.5,0.5,1.0,0.0
CUST_00809,98.66666666666667,92.57609482654436,4,296,0.013468013468013467,8,0,0.9382712218406062,50,Female,Izmir,2558.9,639.725,1123.8,9,2.25,8.4775,0.25,0.75,0.5,0.013251787856888837
CUST_00810,31.4,34.49379976491749,11,314,0.03492063492063492,16,0,1.09852861994869,24,Female,Antalya,15313.98,1392.18,6761.31,43,3.909090909090909,108.22818181818182,0.36363636363636365,0.36363636363636365,0.7272727272727273,0.07774007796437367
CUST_00811,87.2,68.9615835085013,6,436,0.013729977116704805,7,0,0.7908438385052462,32,Female,Istanbul,2632.11,438.685,904.98,15,2.5,12.518333333333333,0.3333333333333333,0.5,0.5,0.028536041361791015
CUST_00812,28.0,0.0,2,28,0.06896551724137931,279,1,0.0,29,Male,Istanbul,464.80999999999995,232.40499999999997,362.46,10,5.0,10.07,1.0,0.5,1.0,0.04332953231070962
CUST_00813,117.0,87.22958213817145,4,351,0.011363636363636364,28,0,0.7455519777146964,52,Male,Istanbul,2953.92,738.48,1492.71,10,2.5,65.5425,0.75,0.75,0.75,0.08875324979856834
CUST_00814,42.166666666666664,31.54943211321983,7,253,0.027559055118110236,35,0,0.748207858458782,37,Female,Ankara,7871.84,1124.5485714285714,2026.49,23,3.2857142857142856,92.4857142857143,0.2857142857142857,0.2857142857142857,0.42857142857142855,0.08224252518144454
CUST_00815,57.0,63.408727054457316,8,399,0.02,10,0,1.1124337884565532,47,Female,Izmir,17406.829999999998,2175.8537499999998,14354.26,20,2.5,475.36625,0.25,0.75,0.625,0.2184734381993857
CUST_00816,83.66666666666667,71.57047808512483,4,251,0.015873015873015872,129,0,0.8554240306338741,18,Male,Izmir,5482.22,1370.555,3798.33,12,3.0,206.685,0.5,0.5,0.75,0.15080387131431872
CUST_00817,63.833333333333336,53.97931702667853,7,383,0.018229166666666668,24,0,0.8456289741156588,38,Female,Istanbul,12997.46,1856.78,8339.05,20,2.857142857142857,136.50142857142856,0.2857142857142857,0.7142857142857143,0.7142857142857143,0.07351513291715411
CUST_00818,110.0,55.154328932550705,3,220,0.013574660633484163,183,0,0.5014029857377066,45,Female,Antalya,5638.43,1879.4766666666667,4060.65,12,4.0,0.0,0.3333333333333333,0.6666666666666666,0.6666666666666666,0.0
CUST_00819,69.0,87.68124086713189,3,138,0.02158273381294964,254,0,1.2707426028462216,35,Male,Bursa,2434.6400000000003,811.5466666666667,1270.43,9,3.0,21.30666666666667,0.3333333333333333,0.6666666666666666,0.6666666666666666,0.02625439486792167
CUST_00820,87.0,60.51446108162907,5,348,0.014326647564469915,95,0,0.6955685101846042,47,Female,Ankara,16537.22,3307.4440000000004,15414.4,12,2.4,5.884,0.4,0.4,0.6,0.0017790172708051844
CUST_00821,84.0,54.226377345347345,6,420,0.014251781472684086,15,0,0.645552103568991,28,Female,Istanbul,5140.8099999999995,856.8016666666666,2629.6,17,2.8333333333333335,43.73333333333334,0.16666666666666666,0.5,0.5,0.05104253992926111
CUST_00822,33.333333333333336,24.145392935299274,10,300,0.03322259136212625,4,0,0.7243617663281252,51,Male,Istanbul,8460.58,846.058,3293.9,30,3.0,19.548000000000002,0.3,0.4,0.5,0.023104798934464543
CUST_00823,129.0,125.86500705120545,3,258,0.011583011583011582,123,0,0.9756977215155638,62,Male,Ankara,1675.74,558.58,950.35,7,2.3333333333333335,108.95,0.6666666666666666,0.6666666666666666,0.6666666666666666,0.1950481574795944
CUST_00824,44.0,49.926612809869916,5,176,0.02824858757062147,242,0,1.1346957198903227,30,Female,Istanbul,10259.98,2051.996,9846.24,11,2.2,4.4879999999999995,0.4,0.4,0.6,0.0021871387652865116
CUST_00825,40.5,41.65504599856849,9,324,0.027692307692307693,10,0,1.0285196288900953,29,Female,Ankara,14480.779999999999,1608.9755555555555,5260.61,20,2.2222222222222223,85.26777777777778,0.3333333333333333,0.5555555555555556,0.6666666666666666,0.052995073436862127
CUST_00826,53.75,62.33979467402824,5,215,0.023148148148148147,103,0,1.1598101118924304,52,Male,Antalya,3031.54,606.308,1326.2,13,2.6,0.0,0.2,0.8,0.6,0.0
CUST_00827,104.5,79.90306627407988,3,209,0.014285714285714285,72,0,0.7646226364541363,53,Female,Bursa,1596.88,532.2933333333334,803.45,11,3.6666666666666665,0.0,0.3333333333333333,0.6666666666666666,1.0,0.0
CUST_00828,77.33333333333333,28.936712552280937,4,232,0.017167381974248927,129,0,0.3741816229926636,28,Female,Istanbul,7850.08,1962.52,3581.28,13,3.25,334.1675,0.5,0.5,0.75,0.17027469775071097
CUST_00829,53.333333333333336,39.80368492154129,4,160,0.024844720496894408,126,0,0.7463190782854164,29,Female,Ankara,8938.75,2234.6875,8668.3,9,2.25,3.1325,0.25,0.75,1.0,0.0014017619907026096
CUST_00830,151.0,0.0,2,151,0.013157894736842105,87,1,0.0,31,Male,Bursa,983.72,491.86,519.12,8,4.0,4.0,0.5,0.5,1.0,0.008132395380530242
CUST_00831,115.0,68.5054742338158,4,345,0.011560693641618497,74,0,0.5956997707662264,18,Female,Konya,1414.3799999999999,353.59499999999997,1114.12,14,3.5,10.145,0.5,0.75,0.75,0.028691016477351162
CUST_00832,61.0,76.36753236814714,3,122,0.024390243902439025,223,0,1.2519267396101705,23,Male,Adana,2155.21,718.4033333333333,1400.66,8,2.6666666666666665,24.983333333333334,0.3333333333333333,0.6666666666666666,0.6666666666666666,0.03477619345477769
CUST_00833,70.25,54.389796837274545,5,281,0.01773049645390071,24,0,0.7742319724276523,22,Male,Bursa,6207.77,1241.554,2431.82,15,3.0,107.17999999999999,0.4,0.4,0.4,0.08632729620594246
CUST_00834,104.0,60.81118318204309,3,208,0.014354066985645933,27,0,0.5847229095896171,25,Male,Ankara,6393.91,2131.3033333333333,3467.05,11,3.6666666666666665,0.0,0.6666666666666666,0.6666666666666666,0.6666666666666666,0.0
CUST_00835,92.0,60.81118318204309,3,184,0.016216216216216217,202,0,0.6609911143592606,34,Female,Ankara,2466.42,822.14,1157.05,12,4.0,62.42333333333334,0.3333333333333333,0.6666666666666666,0.6666666666666666,0.075927862964222
CUST_00836,75.25,47.16902232044529,5,301,0.016556291390728478,56,0,0.6268308530712883,37,Female,Konya,7550.13,1510.026,6552.8,10,2.0,17.706,0.4,0.6,0.6,0.011725625908609767
CUST_00837,61.5,37.476659402887016,3,123,0.024193548387096774,63,0,0.6093765657481375,53,Male,Istanbul,8234.74,2744.9133333333334,7431.52,10,3.3333333333333335,0.0,0.3333333333333333,0.6666666666666666,0.6666666666666666,0.0
CUST_00838,70.5,52.929197991278876,7,423,0.01650943396226415,10,0,0.7507687551845408,23,Female,Eskisehir,16867.79,2409.684285714286,6120.56,27,3.857142857142857,361.11285714285714,0.2857142857142857,0.42857142857142855,0.5714285714285714,0.14985899154251903
CUST_00839,427.0,0.0,2,427,0.004672897196261682,13,1,0.0,46,Male,Antalya,774.97,387.485,563.87,2,1.0,32.305,0.5,0.5,1.0,0.08337096898364847
CUST_00840,135.0,56.34713834792323,4,405,0.009852216748768473,12,0,0.4173862068928668,32,Male,Antalya,999.68,249.92,426.52,8,2.0,0.0,0.25,0.5,0.5,0.0
CUST_00841,221.0,0.0,2,221,0.009009009009009009,0,1,0.0,34,Other,Istanbul,4854.55,2427.275,4575.39,7,3.5,0.0,0.5,0.5,1.0,0.0
CUST_00842,182.0,193.74725804511402,3,364,0.00821917808219178,59,0,1.0645453680251025,43,Female,Bursa,16067.960000000001,5355.986666666667,13786.35,13,4.333333333333333,0.0,0.3333333333333333,0.6666666666666666,1.0,0.0
CUST_00843,58.0,1.4142135623730951,3,116,0.02564102564102564,97,0,0.024382992034312125,21,Male,Izmir,936.6800000000001,312.2266666666667,583.86,8,2.6666666666666665,3.3233333333333337,0.3333333333333333,0.6666666666666666,1.0,0.010643976564107349
CUST_00844,40.2,38.734997095649824,11,402,0.02729528535980149,37,0,0.9635571177137489,39,Female,Istanbul,15427.92,1402.5381818181818,6190.56,35,3.1818181818181817,54.53727272727272,0.2727272727272727,0.36363636363636365,0.36363636363636365,0.03888469732616375
CUST_00845,108.66666666666667,82.07516879868925,4,326,0.012232415902140673,23,0,0.755292957454567,36,Male,Ankara,1025.14,256.285,601.09,9,2.25,32.8625,0.5,0.75,0.75,0.12822638809049927
CUST_00846,87.0,0.0,2,87,0.022727272727272728,360,1,0.0,40,Male,Konya,2843.9199999999996,1421.9599999999998,2750.2,6,3.0,0.0,0.5,1.0,1.0,0.0
CUST_00847,22.5,21.886068628239286,5,90,0.054945054945054944,180,0,0.9727141180233407,38,Female,Bursa,5140.62,1028.124,2652.26,15,3.0,34.138,0.4,0.4,1.0,0.03320416600215132
CUST_00848,64.0,63.25609325063739,5,256,0.019455252918287938,156,0,0.9883764415978273,64,Female,Izmir,9201.34,1840.268,3925.45,16,3.2,257.108,0.4,0.6,0.6,0.13971225922544311
CUST_00849,90.0,50.91168824543142,3,180,0.016574585635359115,65,0,0.5656854186638445,27,Male,Istanbul,2021.6299999999999,673.8766666666667,1870.11,9,3.0,3.5433333333333334,0.3333333333333333,0.3333333333333333,0.6666666666666666,0.005258133280682222
CUST_00850,68.66666666666667,46.918368826434424,4,206,0.01932367149758454,45,0,0.683277205968309,28,Female,Adana,2442.3300000000004,610.5825000000001,2073.21,11,2.75,0.0,0.25,0.5,0.5,0.0
CUST_00851,107.0,4.242640687119285,3,214,0.013953488372093023,14,0,0.03965084717260222,27,Female,Adana,3099.0,1033.0,2130.08,8,2.6666666666666665,190.88666666666666,0.3333333333333333,0.6666666666666666,0.6666666666666666,0.18478864131837172
CUST_00852,86.0,76.91987172809552,5,344,0.014492753623188406,23,0,0.8944171027171909,28,Male,Bursa,7690.5,1538.1,6431.83,16,3.2,104.138,0.4,0.4,0.6,0.06770561077452338
CUST_00853,74.75,75.52648542067875,5,299,0.016666666666666666,116,0,1.0103877513082409,27,Female,Izmir,20470.64,4094.1279999999997,19547.3,14,2.8,29.682,0.4,0.6,0.6,0.007249895458263666
CUST_00854,30.333333333333332,37.89898855290644,4,91,0.043478260869565216,175,0,1.2494171638512948,49,Female,Izmir,546.74,136.685,272.0,9,2.25,4.5649999999999995,0.5,0.75,0.75,0.03339795856606095
CUST_00855,50.875,59.71225645902666,9,407,0.022058823529411766,9,0,1.173705263593541,52,Female,Bursa,11827.32,1314.1466666666665,5338.88,28,3.111111111111111,39.587777777777774,0.3333333333333333,0.5555555555555556,0.7777777777777778,0.03012432230876319
CUST_00856,86.0,103.23759005323593,3,172,0.017341040462427744,61,0,1.2004370796837076,28,Female,Istanbul,1329.3,443.09999999999997,854.64,8,2.6666666666666665,0.0,0.6666666666666666,0.6666666666666666,0.6666666666666666,0.0
CUST_00857,73.0,50.91168824543142,3,146,0.02040816326530612,25,0,0.6974203773700143,25,Female,Kayseri,4919.58,1639.86,2912.8,8,2.6666666666666665,252.37,0.3333333333333333,0.3333333333333333,0.6666666666666666,0.1538972838206327
CUST_00858,100.0,62.960304954788775,4,300,0.013289036544850499,41,0,0.6296030432518573,40,Male,Bursa,7250.57,1812.6425,3998.54,14,3.5,155.85,0.25,0.5,0.75,0.08597944708568873
CUST_00859,267.0,0.0,2,267,0.007462686567164179,142,1,0.0,28,Female,Ankara,774.0500000000001,387.02500000000003,738.85,7,3.5,0.0,1.0,0.5,0.5,0.0
CUST_00860,61.666666666666664,16.862186493255653,4,185,0.021505376344086023,234,0,0.2734408576186183,42,Female,Izmir,1793.92,448.48,814.44,11,2.75,10.5175,0.5,0.5,0.75,0.023451435909178923
CUST_00861,32.0,5.656854249492381,3,64,0.046153846153846156,201,0,0.17677668977236535,37,Male,Gaziantep,10736.0,3578.6666666666665,9386.0,9,3.0,0.0,0.3333333333333333,1.0,1.0,0.0
CUST_00862,60.0,0.0,2,60,0.03278688524590164,338,1,0.0,18,Female,Istanbul,416.7,208.35,363.5,6,3.0,0.0,0.5,1.0,0.5,0.0
CUST_00863,46.75,24.958298553119896,5,187,0.026595744680851064,232,0,0.5338673373102152,53,Female,Ankara,1243.45,248.69,405.42,8,1.6,7.531999999999999,0.2,0.6,0.6,0.03028670219837266
CUST_00864,28.75,25.938113159706013,9,230,0.03896103896103896,36,0,0.9021952089568975,56,Female,Antalya,8837.58,981.9533333333334,3043.62,24,2.6666666666666665,34.07111111111111,0.2222222222222222,0.5555555555555556,0.5555555555555556,0.03469728134712494
CUST_00865,83.5,45.96194077712559,3,167,0.017857142857142856,202,0,0.5504423979243497,27,Male,Ankara,5923.41,1974.47,3299.51,12,4.0,224.43999999999997,0.3333333333333333,0.6666666666666666,0.6666666666666666,0.11367101039080307
CUST_00866,194.5,64.34671708797582,3,389,0.007692307692307693,47,0,0.33083144862285024,30,Male,Gaziantep,5798.54,1932.8466666666666,5696.2,7,2.3333333333333335,0.0,0.3333333333333333,0.3333333333333333,0.3333333333333333,0.0
CUST_00867,41.5,33.830459648074545,11,415,0.026442307692307692,5,0,0.8151917791056088,38,Female,Istanbul,11478.54,1043.5036363636364,2783.7,38,3.4545454545454546,27.64818181818182,0.2727272727272727,0.5454545454545454,0.5454545454545454,0.026495529893919362
CUST_00868,40.4,42.20373864429022,11,404,0.027160493827160494,39,0,1.0446469702881993,39,Male,Adana,9980.05,907.2772727272727,3082.35,24,2.1818181818181817,7.499090909090909,0.36363636363636365,0.5454545454545454,0.5454545454545454,0.008265489642745238
CUST_00869,37.75,35.53753883806062,5,151,0.03289473684210526,108,0,0.9413917323620898,42,Female,Istanbul,3667.1,733.42,1819.56,18,3.6,1.452,0.2,0.4,1.0,0.0019797660249519155
CUST_00870,211.0,0.0,2,211,0.009433962264150943,103,1,0.0,59,Male,Istanbul,3841.5099999999998,1920.7549999999999,3539.43,5,2.5,0.0,0.5,1.0,0.5,0.0
CUST_00871,5.0,0.0,2,5,0.3333333333333333,42,1,0.0,32,Male,Konya,2483.8599999999997,1241.9299999999998,2035.35,6,3.0,18.505,1.0,1.0,0.5,0.014900195651204016
CUST_00872,41.0,40.33608806019741,4,123,0.03225806451612903,239,0,0.9838070018631808,25,Male,Bursa,842.9100000000001,210.72750000000002,333.41,6,1.5,3.655,0.25,0.5,0.75,0.01734467491264939
CUST_00873,166.5,57.27564927611035,3,333,0.008982035928143712,80,0,0.34399789148415894,18,Male,Ankara,2413.7200000000003,804.5733333333334,1503.54,11,3.6666666666666665,0.0,0.6666666666666666,0.6666666666666666,0.6666666666666666,0.0
CUST_00874,46.714285714285715,24.239872701221607,8,327,0.024390243902439025,101,0,0.5188963464106325,26,Female,Istanbul,6860.28,857.535,1916.92,24,3.0,27.33125,0.25,0.5,0.375,0.03187187691246203
CUST_00875,63.166666666666664,100.8869003719842,7,379,0.018421052631578946,3,0,1.5971540703139335,34,Male,Bursa,14997.36,2142.48,6906.9,25,3.5714285714285716,165.07571428571427,0.2857142857142857,0.5714285714285714,0.42857142857142855,0.07704889390270406
CUST_00876,17.0,5.385164807134504,6,85,0.06976744186046512,211,0,0.3167743817858895,56,Male,Izmir,10911.69,1818.615,7622.88,15,2.5,307.42833333333334,0.3333333333333333,0.5,0.8333333333333334,0.16904530819568078
CUST_00877,80.0,114.5294721894762,4,240,0.016597510373443983,145,0,1.4316183844732226,28,Male,Eskisehir,15449.95,3862.4875,14273.89,15,3.75,213.5925,0.5,0.5,0.75,0.05529920807373507
CUST_00878,62.4,26.15912842584783,6,312,0.019169329073482427,132,0,0.41921679497806147,37,Female,Eskisehir,8556.17,1426.0283333333334,3236.9,21,3.5,25.138333333333335,0.3333333333333333,0.5,0.5,0.017628214480805163
CUST_00879,66.0,0.0,2,66,0.029850746268656716,111,1,0.0,34,Male,Antalya,232.24,116.12,154.68,3,1.5,6.735,0.5,0.5,0.5,0.0580003439717504
CUST_00880,26.0,36.59234892706397,4,78,0.05063291139240506,368,0,1.407397981525615,49,Female,Izmir,5914.71,1478.6775,5434.03,7,1.75,158.0425,0.25,0.5,1.0,0.10688097972216322
CUST_00881,114.33333333333333,33.24655370611116,4,343,0.011627906976744186,104,0,0.29078618147514557,65,Female,Izmir,1629.25,407.3125,1190.0,9,2.25,3.8275,0.25,0.5,0.5,0.009396961769165048
CUST_00882,86.0,19.05255888325765,4,258,0.015444015444015444,72,0,0.2215413797873985,28,Female,Antalya,4847.88,1211.97,3854.8,11,2.75,34.32,0.25,0.5,0.5,0.02831753258882849
CUST_00883,39.0,0.0,2,39,0.05,123,1,0.0,29,Female,Istanbul,945.4,472.7,695.39,4,2.0,8.435,0.5,1.0,0.5,0.017844298671791204
CUST_00884,10.0,0.0,2,10,0.18181818181818182,101,1,0.0,47,Female,Ankara,1792.46,896.23,1714.58,3,1.5,223.63,0.5,0.5,1.0,0.24952300162957833
CUST_00885,139.5,194.45436482630058,3,279,0.010714285714285714,160,0,1.3939380891208781,43,Female,Istanbul,5331.91,1777.3033333333333,3941.25,7,2.3333333333333335,0.0,0.3333333333333333,0.6666666666666666,0.3333333333333333,0.0
CUST_00886,129.66666666666666,99.02693236354104,4,389,0.010256410256410256,19,0,0.7637038426722663,57,Male,Istanbul,2909.3900000000003,727.3475000000001,1666.72,9,2.25,0.0,0.25,0.5,0.75,0.0
CUST_00887,71.0,69.0869017976635,4,213,0.018691588785046728,46,0,0.9730549411916699,42,Male,Istanbul,6712.3,1678.075,3574.3,8,2.0,0.0,0.25,0.25,0.75,0.0
CUST_00888,157.0,0.0,2,157,0.012658227848101266,74,1,0.0,30,Male,Izmir,6507.280000000001,3253.6400000000003,6347.18,10,5.0,186.785,0.5,0.5,0.5,0.057408010702656706
CUST_00889,327.0,0.0,2,327,0.006097560975609756,54,1,0.0,42,Female,Gaziantep,420.92,210.46,261.54,3,1.5,0.0,0.5,0.5,1.0,0.0
CUST_00890,162.5,119.50104602052653,3,325,0.009202453987730062,7,0,0.735391047908526,48,Female,Izmir,2616.85,872.2833333333333,1367.56,6,2.0,46.696666666666665,0.6666666666666666,0.6666666666666666,1.0,0.053533828778645515
CUST_00891,58.5,38.890872965260115,3,117,0.025423728813559324,183,0,0.6648012359052801,44,Female,Ankara,1234.8,411.59999999999997,1009.74,5,1.6666666666666667,42.486666666666665,0.3333333333333333,0.6666666666666666,0.6666666666666666,0.10322319378873536
CUST_00892,78.5,13.435028842544403,3,157,0.0189873417721519,269,0,0.17114686205601964,41,Male,Istanbul,3844.2700000000004,1281.4233333333334,1713.92,8,2.6666666666666665,67.85333333333334,0.3333333333333333,1.0,0.6666666666666666,0.05295153562084489
CUST_00893,75.6,58.8455605802171,6,378,0.0158311345646438,47,0,0.7783804206592154,47,Female,Bursa,2206.9700000000003,367.8283333333334,655.53,17,2.8333333333333335,33.89333333333334,0.3333333333333333,0.8333333333333334,0.6666666666666666,0.0921444330675693
CUST_00894,57.6,52.614636746821695,6,288,0.020761245674740483,162,0,0.9134485387738396,49,Male,Ankara,1644.56,274.0933333333333,529.91,12,2.0,13.765,0.3333333333333333,0.6666666666666666,0.5,0.05022011948404394
CUST_00895,129.0,0.0,2,129,0.015384615384615385,127,1,0.0,51,Male,Bursa,2048.34,1024.17,1248.86,5,2.5,0.0,0.5,1.0,0.5,0.0
CUST_00896,149.5,122.32947314527271,3,299,0.01,47,0,0.8182573399800359,42,Male,Eskisehir,3993.9399999999996,1331.3133333333333,2711.08,10,3.3333333333333335,39.18666666666667,0.6666666666666666,0.6666666666666666,0.6666666666666666,0.029434593386905215
CUST_00897,55.0,72.04165461731151,6,275,0.021739130434782608,171,0,1.3098482419538777,32,Male,Istanbul,6771.02,1128.5033333333333,5009.16,19,3.1666666666666665,110.31833333333334,0.5,0.5,0.8333333333333334,0.09775632023143663
CUST_00898,175.0,0.0,2,175,0.011363636363636364,43,1,0.0,36,Female,Istanbul,1285.21,642.605,1231.66,3,1.5,9.05,0.5,0.5,1.0,0.014083301539696546
CUST_00899,40.2,32.39907406084316,6,201,0.0297029702970297,186,0,0.805947095892937,49,Male,Izmir,31115.33,5185.888333333333,15310.09,20,3.3333333333333335,901.92,0.5,0.3333333333333333,0.6666666666666666,0.1739181297115117
CUST_00900,36.9,23.520440283105057,11,369,0.02972972972972973,22,0,0.6374102885012133,25,Male,Eskisehir,7929.3,720.8454545454546,2401.13,30,2.727272727272727,70.33636363636364,0.2727272727272727,0.45454545454545453,0.8181818181818182,0.09757481731384575
CUST_00901,82.0,73.48015605136759,5,328,0.015197568389057751,61,0,0.8960994531130261,39,Female,Adana,4344.13,868.826,2411.02,13,2.6,53.144000000000005,0.4,0.6,0.6,0.06116759850514649
CUST_00902,171.0,0.0,2,171,0.011627906976744186,0,1,0.0,30,Female,Konya,496.44000000000005,248.22000000000003,315.48,8,4.0,10.86,0.5,1.0,0.5,0.04375151058032587
CUST_00903,83.2,89.97055073744964,6,416,0.014388489208633094,20,0,1.0813767987508756,35,Female,Ankara,8464.26,1410.71,7011.08,14,2.3333333333333335,139.37333333333333,0.3333333333333333,0.6666666666666666,0.8333333333333334,0.09879658699132829
CUST_00904,32.666666666666664,30.23794525647094,4,98,0.04040404040404041,283,0,0.9256513570659057,50,Male,Eskisehir,4827.0,1206.75,2836.88,12,3.0,56.7825,0.25,0.75,0.5,0.04705407081246814
CUST_00905,145.0,195.16147160748713,3,290,0.010309278350515464,58,0,1.3459411742175584,37,Female,Istanbul,4793.7699999999995,1597.9233333333332,4132.45,9,3.0,14.483333333333334,0.3333333333333333,0.3333333333333333,0.6666666666666666,0.00906384744633315
CUST_00906,61.833333333333336,73.58102110372393,7,371,0.01881720430107527,25,0,1.1899895403838445,35,Female,Istanbul,20442.37,2920.3385714285714,14978.5,25,3.5714285714285716,232.86142857142858,0.42857142857142855,0.42857142857142855,0.5714285714285714,0.0797378190220525
CUST_00907,66.5,38.890872965260115,3,133,0.022388059701492536,235,0,0.5848251485779694,18,Male,Konya,734.37,244.79,541.25,7,2.3333333333333335,0.0,0.6666666666666666,0.3333333333333333,0.6666666666666666,0.0
CUST_00908,137.33333333333334,37.28717384481336,4,412,0.009685230024213076,20,0,0.2715085454366855,43,Female,Kayseri,6895.27,1723.8175,3586.5,17,4.25,0.0,0.25,0.5,0.5,0.0
CUST_00909,44.22222222222222,35.81472384989788,10,398,0.02506265664160401,23,0,0.8098806717591832,42,Male,Istanbul,14641.36,1464.136,5169.36,29,2.9,171.538,0.3,0.3,0.6,0.1171598812424803
CUST_00910,52.0,66.57326790837296,4,156,0.025477707006369428,257,0,1.2802551274638045,60,Male,Istanbul,2867.56,716.89,1842.36,14,3.5,6.385,0.5,0.75,0.75,0.008906526790851419
CUST_00911,90.0,2.0,4,270,0.014760147601476014,30,0,0.022222221975308647,31,Female,Istanbul,3364.14,841.035,1545.7,13,3.25,120.8175,0.5,0.75,0.75,0.14365335551593766
CUST_00912,184.5,168.99852070358486,3,369,0.008108108108108109,72,0,0.9159811370601828,37,Female,Istanbul,3413.75,1137.9166666666667,2759.28,7,2.3333333333333335,2.12,0.6666666666666666,0.6666666666666666,1.0,0.0018630538247999524
CUST_00913,50.142857142857146,21.145752697477032,8,351,0.022727272727272728,14,0,0.4217101593457781,37,Male,Istanbul,4411.77,551.47125,2418.03,24,3.0,10.99375,0.25,0.625,0.625,0.01993530937481272
CUST_00914,70.16666666666667,65.26995224961227,7,421,0.016587677725118485,27,0,0.9302130829368055,53,Female,Eskisehir,14399.21,2057.0299999999997,5127.12,23,3.2857142857142856,128.10714285714286,0.2857142857142857,0.42857142857142855,0.5714285714285714,0.06227772215031631
CUST_00915,17.0,22.627416997969522,3,34,0.08571428571428572,390,0,1.3310244509967688,33,Female,Antalya,1520.62,506.8733333333333,1119.95,10,3.3333333333333335,6.816666666666666,0.3333333333333333,0.6666666666666666,0.6666666666666666,0.013448461785097274
CUST_00916,37.1,31.785566256120436,11,371,0.02956989247311828,17,0,0.8567537843495054,38,Female,Adana,19955.0,1814.090909090909,8402.9,34,3.090909090909091,76.1809090909091,0.2727272727272727,0.36363636363636365,0.7272727272727273,0.04199398644640773
CUST_00917,157.0,0.0,2,157,0.012658227848101266,179,1,0.0,42,Male,Adana,149.34,74.67,122.03,2,1.0,0.0,0.5,0.5,1.0,0.0
CUST_00918,38.4,20.81585933849477,6,192,0.031088082901554404,25,0,0.5420796561566437,37,Female,Bursa,4404.75,734.125,1803.49,19,3.1666666666666665,41.458333333333336,0.3333333333333333,0.6666666666666666,0.6666666666666666,0.05647312552611641
CUST_00919,214.0,0.0,2,214,0.009302325581395349,201,1,0.0,29,Male,Gaziantep,601.41,300.705,487.4,6,3.0,5.035,0.5,0.5,0.5,0.01674398491297456
CUST_00920,50.5,38.78530649614619,7,303,0.023026315789473683,51,0,0.7680258560023829,37,Female,Bursa,15998.63,2285.5185714285712,5138.07,20,2.857142857142857,237.31571428571428,0.2857142857142857,0.5714285714285714,0.7142857142857143,0.1038345157849865
CUST_00921,99.5,86.28827653086292,5,398,0.012531328320802004,51,0,0.8672188508908951,47,Male,Ankara,4448.85,889.7700000000001,2205.64,22,4.4,83.814,0.2,0.6,0.6,0.09419737674433011
CUST_00922,71.0,99.07169121398908,7,426,0.01639344262295082,22,0,1.3953759129382137,22,Male,Bursa,22389.66,3198.522857142857,10458.18,24,3.4285714285714284,193.64428571428576,0.2857142857142857,0.42857142857142855,0.42857142857142855,0.06054178578755586
CUST_00923,206.0,0.0,2,206,0.00966183574879227,64,1,0.0,36,Female,Bursa,291.12,145.56,179.18,4,2.0,22.88,0.5,0.5,1.0,0.15718603904104123
CUST_00924,178.0,83.43860018001261,3,356,0.008403361344537815,79,0,0.46875617815312604,26,Male,Gaziantep,356.18,118.72666666666667,254.52,8,2.6666666666666665,4.14,0.6666666666666666,0.3333333333333333,0.6666666666666666,0.03487000925203541
CUST_00925,69.66666666666667,104.64384039843594,4,209,0.01904761904761905,115,0,1.5020646731536544,49,Male,Eskisehir,3198.27,799.5675,1459.61,8,2.0,91.44749999999999,0.5,0.5,0.75,0.11437120679070721
CUST_00926,69.2,64.08353922810443,6,346,0.01729106628242075,14,0,0.9260626922260367,18,Male,Izmir,5646.7,941.1166666666667,2279.2,14,2.3333333333333335,55.97666666666667,0.3333333333333333,0.5,0.6666666666666666,0.059478987664144736
CUST_00927,33.4,26.000854686806825,11,334,0.03283582089552239,21,0,0.7784686798903637,28,Female,Adana,19063.09,1733.0081818181818,8237.23,31,2.8181818181818183,132.58545454545455,0.36363636363636365,0.5454545454545454,0.6363636363636364,0.07650595990253597
CUST_00928,151.0,130.10764773832474,3,302,0.009900990099009901,138,0,0.8616400455409583,39,Male,Istanbul,942.49,314.16333333333336,722.58,4,1.3333333333333333,15.226666666666667,0.3333333333333333,0.6666666666666666,0.6666666666666666,0.04846735758957434
CUST_00929,127.0,50.269274910227224,4,381,0.010471204188481676,43,0,0.3958210591685525,53,Female,Adana,5050.61,1262.6525,3280.95,11,2.75,10.0075,0.5,0.75,0.5,0.007925775296112133
CUST_00930,42.0,43.829214001622255,6,210,0.02843601895734597,240,0,1.0435526894778469,34,Male,Ankara,8525.099999999999,1420.8499999999997,4984.48,16,2.6666666666666665,28.53,0.5,0.3333333333333333,0.6666666666666666,0.020079529844755233
CUST_00931,62.4,67.60029585734074,6,312,0.019169329073482427,43,0,1.083338057275684,28,Male,Istanbul,4583.0599999999995,763.8433333333332,2503.62,14,2.3333333333333335,25.218333333333334,0.3333333333333333,0.5,0.5,0.03301505976398076
CUST_00932,43.75,21.611835381832535,9,350,0.02564102564102564,73,0,0.49398479743651974,57,Male,Ankara,7590.7699999999995,843.4188888888889,3016.33,23,2.5555555555555554,66.79,0.2222222222222222,0.6666666666666666,0.5555555555555556,0.07918959463760511
CUST_00933,53.142857142857146,36.32918281230014,8,372,0.021447721179624665,2,0,0.6836136422064664,18,Female,Bursa,5735.54,716.9425,1858.33,24,3.0,36.364999999999995,0.25,0.5,0.75,0.050722338192083265
CUST_00934,70.16666666666667,49.22363930741678,7,421,0.016587677725118485,17,0,0.7015245407015521,18,Male,Istanbul,7560.0199999999995,1080.002857142857,4277.45,26,3.7142857142857144,9.22,0.2857142857142857,0.42857142857142855,1.0,0.008537014444438098
CUST_00935,138.5,17.67766952966369,3,277,0.01079136690647482,115,0,0.127636602180701,40,Male,Kayseri,9908.490000000002,3302.8300000000004,6264.85,8,2.6666666666666665,0.0,0.6666666666666666,0.3333333333333333,0.3333333333333333,0.0
CUST_00936,143.5,71.4177848998413,3,287,0.010416666666666666,69,0,0.4976849087258285,28,Female,Istanbul,502.99,167.66333333333333,232.99,5,1.6666666666666667,15.086666666666666,0.6666666666666666,0.6666666666666666,0.6666666666666666,0.08998190765234752
CUST_00937,36.666666666666664,64.73600234799798,10,330,0.030211480362537766,33,0,1.7655272886128373,22,Female,Kayseri,15520.2,1552.02,4574.05,35,3.5,39.378,0.3,0.4,0.5,0.025372095704068183
CUST_00938,35.666666666666664,26.350205565295564,4,107,0.037037037037037035,212,0,0.7387907895281713,43,Male,Adana,2459.54,614.885,965.28,8,2.0,50.644999999999996,0.25,0.5,0.5,0.08236499494642902
CUST_00939,100.33333333333333,83.03212229814034,4,301,0.013245033112582781,92,0,0.8275626724642293,37,Male,Ankara,310.13,77.5325,131.68,5,1.25,6.415,0.5,0.5,0.5,0.08273949527308555
CUST_00940,35.8,40.133527131315034,6,179,0.03333333333333333,150,0,1.1210482125772856,28,Female,Ankara,9685.01,1614.1683333333333,6289.14,17,2.8333333333333335,295.18833333333333,0.3333333333333333,0.5,0.5,0.1828733268115118
CUST_00941,70.4,37.266607036326775,6,352,0.0169971671388102,58,0,0.529355206064937,19,Male,Adana,10488.63,1748.1049999999998,4618.48,22,3.6666666666666665,174.78333333333333,0.3333333333333333,0.6666666666666666,0.6666666666666666,0.09998445930498961
CUST_00942,85.75,56.92904940947694,5,343,0.014534883720930232,48,0,0.6638956121933682,45,Male,Bursa,2660.1400000000003,532.028,2237.53,10,2.0,92.75800000000001,0.2,0.4,0.6,0.1743479663206674
CUST_00943,14.0,0.0,2,14,0.13333333333333333,351,1,0.0,42,Female,Antalya,11823.4,5911.7,10287.25,8,4.0,0.0,0.5,0.5,0.5,0.0
CUST_00944,54.0,39.59797974644666,3,108,0.027522935779816515,32,0,0.7332959076509399,33,Female,Ankara,1328.3000000000002,442.7666666666667,788.7,10,3.3333333333333335,19.243333333333332,0.3333333333333333,0.6666666666666666,0.6666666666666666,0.043461567318840086
CUST_00945,38.0,1.4142135623730951,3,76,0.03896103896103896,64,0,0.0372161453988671,57,Female,Izmir,3871.25,1290.4166666666667,3332.45,11,3.6666666666666665,17.15,0.6666666666666666,1.0,0.6666666666666666,0.013290280906717248
CUST_00946,39.5,9.678154093971983,5,158,0.031446540880503145,22,0,0.24501655313811216,22,Male,Eskisehir,2384.96,476.992,1475.2,12,2.4,7.030000000000001,0.4,0.6,0.6,0.014738192643192776
CUST_00947,332.0,0.0,2,332,0.006006006006006006,83,1,0.0,18,Male,Istanbul,2270.3199999999997,1135.1599999999999,1429.76,5,2.5,0.0,0.5,0.5,1.0,0.0
CUST_00948,139.0,106.38138934982942,4,417,0.009569377990430622,21,0,0.76533373082371,26,Female,Izmir,723.19,180.7975,493.24,9,2.25,0.0,0.5,0.25,0.75,0.0
CUST_00949,171.5,103.94469683442249,3,343,0.00872093023255814,52,0,0.6060915231972651,34,Male,Ankara,1431.2,477.06666666666666,1043.27,10,3.3333333333333335,0.0,0.6666666666666666,0.3333333333333333,0.6666666666666666,0.0
CUST_00950,59.42857142857143,83.68762780494527,8,416,0.019184652278177457,31,0,1.4082052518682213,37,Female,Adana,13221.64,1652.705,7840.1,25,3.125,9.27125,0.375,0.375,0.5,0.005609742812171717
CUST_00951,37.0,17.349351572897472,4,111,0.03571428571428571,256,0,0.4689013811890836,32,Female,Adana,2960.3900000000003,740.0975000000001,1864.42,7,1.75,3.6075,0.5,0.5,0.5,0.004874357763842793
CUST_00952,62.0,52.848841046895245,4,186,0.0213903743315508,216,0,0.8524006482983,39,Male,Ankara,521.15,130.2875,232.98,10,2.5,1.1325,0.5,0.5,0.5,0.008692315005719544
CUST_00953,71.2,58.708602436099596,6,356,0.01680672268907563,57,0,0.8245590113980419,19,Female,Istanbul,3556.24,592.7066666666666,1513.83,19,3.1666666666666665,66.78666666666668,0.3333333333333333,0.3333333333333333,0.5,0.11268080875416599
CUST_00954,144.0,0.0,2,144,0.013793103448275862,10,1,0.0,52,Female,Istanbul,2545.46,1272.73,2430.62,5,2.5,0.0,0.5,1.0,0.5,0.0
CUST_00955,132.0,151.32085117392117,3,264,0.011320754716981131,173,0,1.1463700759662963,34,Female,Izmir,3850.91,1283.6366666666665,3329.97,10,3.3333333333333335,136.44,0.3333333333333333,1.0,0.6666666666666666,0.10629175952726101
CUST_00956,67.4,34.932792616680395,6,337,0.01775147928994083,79,0,0.5182906839523695,48,Male,Izmir,4377.38,729.5633333333334,1524.0,17,2.8333333333333335,31.385,0.3333333333333333,0.3333333333333333,0.5,0.04301888338272818
CUST_00957,74.66666666666667,89.24311364656286,4,224,0.017777777777777778,109,0,1.195220256044767,39,Male,Eskisehir,3346.45,836.6125,1824.66,12,3.0,27.385,0.25,0.5,0.75,0.03273319483902859
CUST_00958,121.5,33.23401871576773,3,243,0.012295081967213115,104,0,0.2735310159854874,40,Female,Izmir,11519.89,3839.963333333333,9387.22,9,3.0,366.52333333333337,0.3333333333333333,0.6666666666666666,0.6666666666666666,0.09544969610939437
CUST_00959,143.0,39.88734135035826,4,429,0.009302325581395349,3,0,0.27893245504493575,41,Male,Ankara,6507.419999999999,1626.8549999999998,6033.9,15,3.75,8.3375,0.5,0.5,0.75,0.005124918935538251
CUST_00960,167.0,0.0,2,167,0.011904761904761904,80,1,0.0,40,Female,Konya,6987.23,3493.615,5920.38,8,4.0,0.0,0.5,0.5,0.5,0.0
CUST_00961,163.5,79.90306627407988,3,327,0.009146341463414634,84,0,0.48870376627141354,42,Male,Izmir,7838.74,2612.9133333333334,4381.05,9,3.0,12.596666666666666,0.6666666666666666,0.6666666666666666,0.6666666666666666,0.004820927851355857
CUST_00962,13.5,14.849242404917497,3,27,0.10714285714285714,322,0,1.099943800368422,50,Female,Bursa,14286.720000000001,4762.240000000001,12772.19,11,3.6666666666666665,573.7733333333333,0.3333333333333333,0.6666666666666666,0.6666666666666666,0.12048391790687771
CUST_00963,84.75,95.48603737370891,5,339,0.014705882352941176,73,0,1.1266788937702656,37,Male,Istanbul,3991.43,798.286,2589.4,16,3.2,100.83200000000001,0.2,0.2,1.0,0.1263106203462035
CUST_00964,132.33333333333334,104.04005638855323,4,397,0.010050251256281407,18,0,0.7861968937205768,43,Female,Ankara,2125.55,531.3875,1629.35,7,1.75,4.1175,0.25,0.5,0.75,0.0077485827051848545
CUST_00965,91.0,118.73078791956196,4,273,0.014598540145985401,97,0,1.3047339188442642,33,Male,Kayseri,2690.73,672.6825,1053.14,13,3.25,44.4475,0.5,0.5,0.5,0.06607500556938078
CUST_00966,43.44444444444444,30.463548345157985,10,391,0.025510204081632654,25,0,0.7012069790167751,52,Male,Bursa,39063.86,3906.386,15405.55,23,2.3,268.818,0.6,0.4,0.8,0.06881501211892142
CUST_00967,33.666666666666664,42.861015698028744,7,202,0.034482758620689655,108,0,1.273099438364237,26,Male,Ankara,4599.21,657.03,2517.28,19,2.7142857142857144,19.137142857142855,0.2857142857142857,0.2857142857142857,0.42857142857142855,0.029126741287332565
CUST_00968,52.166666666666664,51.9515800208874,7,313,0.022292993630573247,56,0,0.9958769142174535,56,Female,Antalya,23809.11,3401.3014285714285,15661.45,22,3.142857142857143,0.0,0.42857142857142855,0.7142857142857143,0.7142857142857143,0.0
CUST_00969,56.0,33.84080377296024,7,336,0.020771513353115726,62,0,0.6043000565832176,34,Male,Kayseri,27201.93,3885.9900000000002,13181.7,26,3.7142857142857144,85.16571428571429,0.2857142857142857,0.2857142857142857,0.5714285714285714,0.021916091977539364
CUST_00970,39.142857142857146,33.32380816287644,8,274,0.02909090909090909,7,0,0.8513381429955039,18,Female,Ankara,4674.33,584.29125,1019.21,25,3.125,61.96375,0.375,0.375,0.5,0.10604942294438018
CUST_00971,34.0,0.0,2,34,0.05714285714285714,55,1,0.0,36,Female,Izmir,1853.56,926.78,1798.1,5,2.5,122.81,0.5,0.5,0.5,0.1325125702620767
CUST_00972,25.5,15.022205785658333,5,102,0.04854368932038835,296,0,0.5891060861393037,26,Male,Kayseri,5184.65,1036.9299999999998,1845.51,17,3.4,117.694,0.6,0.4,0.8,0.11350235781248266
CUST_00973,51.125,50.456310662931806,9,409,0.02195121951219512,15,0,0.9869204826603682,45,Female,Istanbul,19521.59,2169.0655555555554,14994.2,30,3.3333333333333335,387.80888888888893,0.2222222222222222,0.5555555555555556,0.6666666666666666,0.17879076439935906
CUST_00974,140.0,0.0,2,140,0.014184397163120567,100,1,0.0,27,Male,Adana,111.53999999999999,55.769999999999996,56.43,4,2.0,0.0,0.5,0.5,0.5,0.0
CUST_00975,59.6,39.41826987578222,6,298,0.020066889632107024,143,0,0.66138035594634,29,Female,Bursa,5960.41,993.4016666666666,3469.85,19,3.1666666666666665,6.1066666666666665,0.5,0.3333333333333333,0.5,0.006147228120736096
CUST_00976,126.33333333333333,131.48890954500052,4,379,0.010526315789473684,38,0,1.040809302143994,18,Female,Antalya,3141.43,785.3575,2315.64,9,2.25,11.09,0.5,0.5,0.75,0.014120957635063068
CUST_00977,379.0,0.0,2,379,0.005263157894736842,10,1,0.0,29,Male,Ankara,451.12,225.56,286.76,6,3.0,15.04,0.5,0.5,1.0,0.06667848879819786
CUST_00978,102.25,72.56893274673398,5,409,0.012195121951219513,24,0,0.7097206067189572,18,Male,Ankara,3829.67,765.934,1549.04,16,3.2,54.532000000000004,0.4,0.4,0.6,0.07119673487376624
CUST_00979,66.5,64.41790641325335,5,266,0.018726591760299626,126,0,0.9686903074370382,18,Male,Antalya,4524.74,904.948,2344.3,16,3.2,44.71,0.2,0.6,0.6,0.0494061536691543
CUST_00980,308.0,0.0,2,308,0.006472491909385114,50,1,0.0,44,Other,Istanbul,1771.31,885.655,1002.27,6,3.0,95.265,0.5,0.5,0.5,0.10756445782210403
CUST_00981,98.25,77.85188929413766,5,393,0.012690355329949238,36,0,0.7923856336056186,44,Male,Izmir,5496.34,1099.268,4886.24,15,3.0,191.47,0.4,0.6,0.4,0.1741795447750871
CUST_00982,116.0,99.74467404327912,4,348,0.011461318051575931,93,0,0.8598678722707866,40,Female,Istanbul,2970.48,742.62,1746.05,10,2.5,0.0,0.5,0.5,0.75,0.0
CUST_00983,25.0,24.515301344262525,4,75,0.05263157894736842,103,0,0.9806120145460204,23,Male,Istanbul,4913.639999999999,1228.4099999999999,4752.49,10,2.5,80.92999999999999,0.5,0.5,1.0,0.06588191233718228
CUST_00984,37.125,50.359954328811696,9,297,0.030201342281879196,16,0,1.3564970497593172,34,Female,Eskisehir,4261.66,473.5177777777778,1015.65,34,3.7777777777777777,4.85,0.3333333333333333,0.4444444444444444,0.8888888888888888,0.010242487647493607
CUST_00985,111.33333333333333,77.29381174022492,4,334,0.011940298507462687,59,0,0.6942557878380462,34,Male,Izmir,1932.2,483.05,945.36,11,2.75,21.1275,0.5,0.5,0.5,0.04373770822122408
CUST_00986,54.0,0.0,2,54,0.03636363636363636,261,1,0.0,21,Female,Eskisehir,1319.1100000000001,659.5550000000001,691.08,3,1.5,0.0,0.5,1.0,0.5,0.0
CUST_00987,247.0,0.0,2,247,0.008064516129032258,168,1,0.0,53,Female,Istanbul,653.92,326.96,436.25,5,2.5,54.31999999999999,0.5,1.0,1.0,0.16613652995431694
CUST_00988,47.0,0.0,2,47,0.041666666666666664,191,1,0.0,45,Female,Bursa,402.56,201.28,314.36,4,2.0,0.0,0.5,0.5,0.5,0.0
CUST_00989,95.25,35.621856586464816,5,381,0.013089005235602094,50,0,0.37398274238826323,32,Male,Istanbul,8567.89,1713.578,7189.85,17,3.4,7.095999999999999,0.6,0.4,0.8,0.004141042891458081
CUST_00990,55.666666666666664,49.330180079406425,7,334,0.020895522388059702,85,0,0.8861708837108182,35,Male,Gaziantep,13999.099999999999,1999.8714285714284,8537.52,22,3.142857142857143,27.28142857142857,0.2857142857142857,0.42857142857142855,0.42857142857142855,0.013641591238330239
CUST_00991,139.0,44.54211490264017,4,417,0.009569377990430622,27,0,0.32044686749779355,37,Male,Gaziantep,1183.43,295.8575,493.22,10,2.5,10.3875,0.5,0.5,1.0,0.03510980781251174
CUST_00992,147.5,23.33452377915607,3,295,0.010135135135135136,16,0,0.15820016014207397,18,Female,Istanbul,2472.0299999999997,824.0099999999999,2003.07,9,3.0,67.5,0.3333333333333333,1.0,0.6666666666666666,0.08191648149668515
CUST_00993,42.857142857142854,26.69224963310868,8,300,0.026578073089700997,21,0,0.6228191435734226,32,Male,Kayseri,6775.37,846.92125,4306.84,27,3.375,16.20375,0.375,0.625,0.75,0.01913253443678201
CUST_00994,213.0,0.0,2,213,0.009345794392523364,29,1,0.0,26,Female,Istanbul,343.83,171.915,203.19,4,2.0,9.93,0.5,1.0,1.0,0.05776110253461826
CUST_00995,68.25,29.488698400121585,5,273,0.01824817518248175,114,0,0.4320688346967436,22,Male,Bursa,3480.99,696.198,1838.5,18,3.6,0.0,0.4,0.6,0.4,0.0
CUST_00996,95.5,53.033008588991066,3,191,0.015625,205,0,0.5553194558499646,31,Female,Eskisehir,597.98,199.32666666666668,302.64,10,3.3333333333333335,0.0,0.3333333333333333,0.6666666666666666,0.6666666666666666,0.0
CUST_00997,106.0,0.0,2,106,0.018691588785046728,229,1,0.0,56,Female,Konya,3706.69,1853.345,3355.4,8,4.0,27.485,0.5,0.5,1.0,0.014829942609265978
CUST_00998,15.5,21.920310216782973,3,31,0.09375,265,0,1.4142134711335164,42,Female,Kayseri,2765.85,921.9499999999999,1139.43,8,2.6666666666666665,222.07666666666668,0.3333333333333333,0.3333333333333333,0.6666666666666666,0.24087712611940948
CUST_00999,46.25,21.669871557841162,5,185,0.026881720430107527,37,0,0.4685377532822359,28,Male,Ankara,5074.929999999999,1014.9859999999999,3699.93,16,3.2,0.0,0.4,0.4,0.6,0.0
CUST_01000,128.0,0.0,2,128,0.015503875968992248,26,1,0.0,41,Male,Istanbul,1693.77,846.885,1375.34,7,3.5,36.21,0.5,0.5,1.0,0.042756690645416214
CUST_01001,193.0,52.32590180780452,3,386,0.007751937984496124,59,0,0.2711186608118438,51,Male,Istanbul,221.18,73.72666666666667,121.5,3,1.0,0.0,0.3333333333333333,0.6666666666666666,0.6666666666666666,0.0
CUST_01002,88.33333333333333,43.40890845590722,4,265,0.015037593984962405,88,0,0.4914215995979505,46,Male,Izmir,9774.88,2443.72,8052.75,18,4.5,32.425,0.5,0.5,0.5,0.013268705083533014
CUST_01003,154.5,153.4421715174808,3,309,0.00967741935483871,63,0,0.9931532072772012,35,Female,Gaziantep,678.88,226.29333333333332,616.26,5,1.6666666666666667,1.5533333333333335,0.3333333333333333,0.3333333333333333,0.6666666666666666,0.00686424696471727
CUST_01004,103.0,38.18376618407357,3,206,0.014492753623188406,22,0,0.37071617294521747,27,Female,Istanbul,1233.79,411.2633333333333,724.77,13,4.333333333333333,46.473333333333336,0.3333333333333333,1.0,0.6666666666666666,0.11300140190874931
CUST_01005,71.2,104.66709129425544,6,356,0.01680672268907563,22,0,1.4700433964074726,43,Female,Antalya,25601.2,4266.866666666667,21773.95,22,3.6666666666666665,22.256666666666664,0.3333333333333333,0.8333333333333334,0.8333333333333334,0.005216161741195842
CUST_01006,109.33333333333333,134.78254090694884,4,328,0.0121580547112462,75,0,1.2327671311662962,39,Male,Ankara,22059.66,5514.915,15879.15,8,2.0,117.6175,0.5,0.75,0.75,0.021327164603384248
CUST_01007,159.5,122.32947314527271,3,319,0.009375,110,0,0.7669559396759672,45,Female,Ankara,10235.1,3411.7000000000003,6120.91,10,3.3333333333333335,193.49333333333334,0.3333333333333333,0.3333333333333333,0.6666666666666666,0.05671463882422801
CUST_01008,102.66666666666667,56.88878038184096,4,308,0.012944983818770227,117,0,0.5541114918285338,42,Female,Antalya,4542.92,1135.73,2073.58,15,3.75,117.77,0.25,0.5,0.5,0.10369542047520498
CUST_01009,54.0,43.55073669487884,8,378,0.021108179419525065,52,0,0.8064951090441432,47,Female,Izmir,8805.43,1100.67875,5113.45,25,3.125,22.317500000000003,0.375,0.875,0.625,0.02027612505440291
CUST_01010,35.5,48.79036790187178,3,71,0.041666666666666664,135,0,1.3743765219012751,28,Male,Gaziantep,1691.8100000000002,563.9366666666667,910.08,8,2.6666666666666665,0.0,0.6666666666666666,0.6666666666666666,0.6666666666666666,0.0
CUST_01011,7.5,6.363961030678928,3,15,0.1875,37,0,0.8485280242867871,50,Male,Istanbul,7781.22,2593.7400000000002,6618.35,10,3.3333333333333335,0.0,0.3333333333333333,0.6666666666666666,0.6666666666666666,0.0
CUST_01012,6.0,0.0,2,6,0.2857142857142857,169,1,0.0,37,Male,Gaziantep,348.93,174.465,284.56,6,3.0,8.504999999999999,1.0,1.0,0.5,0.04874903247786643
CUST_01013,82.0,79.50471684120383,4,246,0.016194331983805668,54,0,0.9695697057516357,59,Female,Istanbul,1090.32,272.58,812.4,10,2.5,0.0,0.25,0.5,0.5,0.0
CUST_01014,64.5,79.90306627407988,3,129,0.023076923076923078,203,0,1.2388072098491887,26,Female,Istanbul,2780.46,926.82,1960.28,4,1.3333333333333333,0.0,0.3333333333333333,0.6666666666666666,1.0,0.0
CUST_01015,103.0,90.60353193998566,4,309,0.012903225806451613,1,0,0.8796459326246575,55,Male,Antalya,4900.05,1225.0125,3069.44,12,3.0,172.3325,0.25,0.75,0.75,0.14067815623050525
CUST_01016,64.66666666666667,31.89566323708183,4,194,0.020512820512820513,113,0,0.4932318981007721,37,Male,Konya,3563.33,890.8325,2432.25,17,4.25,25.9225,0.25,1.0,0.75,0.029099185279949726
CUST_01017,63.0,62.39871793554736,7,378,0.018469656992084433,28,0,0.9904558245252625,27,Female,Ankara,1324.4099999999999,189.20142857142855,316.53,21,3.0,9.54857142857143,0.42857142857142855,0.5714285714285714,0.8571428571428571,0.050467755186630825
CUST_01018,69.0,0.0,2,69,0.02857142857142857,76,1,0.0,29,Female,Ankara,1129.07,564.535,710.8,5,2.5,0.0,0.5,0.5,0.5,0.0
CUST_01019,46.0,35.653090429061784,9,368,0.024390243902439025,41,0,0.7750671663911873,31,Male,Bursa,7663.6,851.5111111111112,2009.65,34,3.7777777777777777,40.43,0.3333333333333333,0.5555555555555556,0.5555555555555556,0.04748029641065261
CUST_01020,39.375,37.171177390169234,9,315,0.028481012658227847,25,0,0.9440298779971901,40,Female,Istanbul,2740.87,304.5411111111111,514.04,30,3.3333333333333335,3.4033333333333333,0.4444444444444444,0.4444444444444444,0.7777777777777778,0.011175283723570417
CUST_01021,51.42857142857143,51.94823430703923,8,360,0.0221606648199446,18,0,1.0101045363292858,41,Other,Gaziantep,12683.24,1585.405,8790.16,28,3.5,26.195,0.5,0.375,0.5,0.016522592008652304
CUST_01022,396.0,0.0,2,396,0.005037783375314861,14,1,0.0,28,Female,Adana,137.13,68.565,85.56,5,2.5,0.0,0.5,0.5,1.0,0.0
CUST_01023,99.0,29.698484809834994,3,198,0.01507537688442211,205,0,0.29998469201868994,34,Male,Istanbul,449.43,149.81,214.8,11,3.6666666666666665,10.43,0.6666666666666666,0.3333333333333333,0.6666666666666666,0.06962152012801869
CUST_01024,29.166666666666668,24.97532115242298,7,175,0.03977272727272727,25,0,0.8562966958671867,60,Female,Izmir,3247.62,463.94571428571425,1907.3,22,3.142857142857143,0.0,0.2857142857142857,0.42857142857142855,0.8571428571428571,0.0
CUST_01025,101.66666666666667,164.8342601928778,4,305,0.013071895424836602,107,0,1.6213205761136775,55,Female,Adana,2113.29,528.3225,756.11,12,3.0,33.49,0.5,0.5,0.5,0.06338931227916791
CUST_01026,48.625,56.82036229582289,9,389,0.023076923076923078,61,0,1.1685421311523037,40,Male,Ankara,14698.029999999999,1633.1144444444444,5367.15,27,3.0,31.217777777777783,0.3333333333333333,0.3333333333333333,0.4444444444444444,0.019115486893683076
CUST_01027,46.0,37.04051835490427,4,138,0.02877697841726619,156,0,0.8052286423842528,35,Female,Antalya,1749.8200000000002,437.45500000000004,1267.38,11,2.75,8.8675,0.25,0.75,0.5,0.020270656364035942
CUST_01028,39.5,7.7781745930520225,3,79,0.0375,326,0,0.19691580749711937,36,Female,Istanbul,7202.51,2400.8366666666666,6430.64,10,3.3333333333333335,129.78666666666666,0.3333333333333333,0.3333333333333333,0.6666666666666666,0.054058932210829726
CUST_01029,87.0,0.0,2,87,0.022727272727272728,66,1,0.0,42,Female,Bursa,1898.59,949.295,1606.29,5,2.5,61.695,0.5,0.5,1.0,0.06499033486430421
CUST_01030,52.0,46.88283267892417,5,208,0.023923444976076555,68,0,0.9015929187948317,22,Male,Istanbul,5860.91,1172.182,2054.44,13,2.6,1.5699999999999998,0.6,0.4,0.8,0.001339382449705436
CUST_01031,45.111111111111114,32.59004619682383,10,406,0.02457002457002457,29,0,0.7224394316981763,31,Female,Gaziantep,13470.27,1347.027,4964.94,29,2.9,86.01199999999999,0.2,0.3,0.5,0.06385321150663406
CUST_01032,269.0,0.0,2,269,0.007407407407407408,138,1,0.0,18,Female,Ankara,599.98,299.99,510.88,4,2.0,6.03,0.5,1.0,0.5,0.020100669955329612
CUST_01033,76.0,120.0583191619806,6,380,0.015748031496062992,69,0,1.5797147050298146,39,Male,Ankara,10100.31,1683.385,7939.2,17,2.8333333333333335,0.0,0.3333333333333333,0.6666666666666666,0.8333333333333334,0.0
CUST_01034,34.2,28.656587375331352,6,171,0.03488372093023256,85,0,0.8379118870590486,42,Female,Gaziantep,4355.25,725.875,1530.51,12,2.0,67.72833333333332,0.3333333333333333,0.5,0.8333333333333334,0.09330578025145865
CUST_01035,53.8,50.494554161810356,6,269,0.022222222222222223,140,0,0.9385604688336411,29,Female,Istanbul,8248.68,1374.78,4844.09,20,3.3333333333333335,220.93499999999997,0.3333333333333333,0.8333333333333334,0.8333333333333334,0.16070571279717064
CUST_01036,64.16666666666667,38.618216772226376,7,385,0.018134715025906734,51,0,0.6018423299280631,53,Female,Ankara,9188.68,1312.6685714285716,5608.35,20,2.857142857142857,17.19142857142857,0.42857142857142855,0.42857142857142855,0.7142857142857143,0.01309654922233924
CUST_01037,100.5,73.9932429347437,5,402,0.01240694789081886,4,0,0.7362511661541546,20,Male,Ankara,12587.73,2517.546,5298.18,18,3.6,23.686,0.4,0.6,0.6,0.009408368304130941
CUST_01038,49.0,40.831360496559505,7,294,0.023728813559322035,15,0,0.8332930543523765,18,Female,Ankara,15305.81,2186.5442857142857,7762.06,15,2.142857142857143,50.65571428571428,0.2857142857142857,0.42857142857142855,1.0,0.023167019572164483
CUST_01039,106.0,130.10764773832474,3,212,0.014084507042253521,72,0,1.2274306274612652,37,Male,Kayseri,1827.36,609.12,1745.7,9,3.0,0.0,0.3333333333333333,0.6666666666666666,0.3333333333333333,0.0
CUST_01040,113.0,5.656854249492381,3,226,0.013215859030837005,131,0,0.05006065663213915,47,Male,Adana,1377.65,459.2166666666667,720.2,10,3.3333333333333335,31.05333333333333,0.6666666666666666,0.6666666666666666,0.6666666666666666,0.06762240031730322
CUST_01041,71.33333333333333,82.58530942808977,4,214,0.018604651162790697,192,0,1.157737966406801,55,Female,Istanbul,9882.79,2470.6975,9548.67,10,2.5,78.1325,0.75,0.5,0.5,0.0316236609169582
CUST_01042,110.0,108.11567878897121,4,330,0.012084592145015106,42,0,0.9828697982372856,29,Male,Adana,2844.5000000000005,711.1250000000001,2209.32,8,2.0,102.37,0.5,0.5,0.75,0.1439550006764563
CUST_01043,59.666666666666664,22.941955743426348,4,179,0.022222222222222223,269,0,0.3845020451216364,47,Female,Bursa,8887.76,2221.94,5408.76,15,3.75,294.04499999999996,0.5,0.5,0.75,0.13233705674665514
CUST_01044,227.0,0.0,2,227,0.008771929824561403,42,1,0.0,34,Male,Konya,15794.699999999999,7897.349999999999,15762.99,6,3.0,189.87,0.5,0.5,1.0,0.024042242014847736
CUST_01045,79.4,45.997826035585646,6,397,0.01507537688442211,2,0,0.5793177009605535,32,Male,Ankara,9487.15,1581.1916666666666,6065.15,20,3.3333333333333335,114.90333333333332,0.3333333333333333,0.6666666666666666,0.8333333333333334,0.0726688204111864
CUST_01046,56.5,35.08560958569766,5,226,0.022026431718061675,50,0,0.6209842294639546,45,Male,Bursa,2124.85,424.96999999999997,1369.6,17,3.4,9.468,0.4,0.4,0.6,0.022279219657201168
CUST_01047,40.666666666666664,34.07834111768548,4,122,0.032520325203252036,307,0,0.837991974090824,42,Other,Izmir,15053.89,3763.4725,11876.55,11,2.75,0.0,0.25,0.75,0.5,0.0
CUST_01048,103.75,64.75788240309694,5,415,0.01201923076923077,0,0,0.6241723544956587,18,Female,Izmir,3607.9,721.58,1543.68,12,2.4,17.596,0.4,0.4,1.0,0.024385376501031935
CUST_01049,49.375,36.09090704635409,9,395,0.022727272727272728,16,0,0.7309550646156765,52,Female,Izmir,20096.030000000002,2232.8922222222227,9206.4,32,3.5555555555555554,184.96444444444444,0.3333333333333333,0.7777777777777778,0.6666666666666666,0.08283626165239967
CUST_01050,49.875,55.61458570246787,9,399,0.0225,6,0,1.115079390223328,51,Male,Istanbul,10835.99,1203.9988888888888,3535.77,25,2.7777777777777777,74.83333333333333,0.4444444444444444,0.6666666666666666,0.5555555555555556,0.06215398864714844
CUST_01051,85.0,52.37843067523119,6,425,0.014084507042253521,0,0,0.6162168242236985,27,Male,Adana,6023.5,1003.9166666666666,2817.66,20,3.3333333333333335,84.94,0.3333333333333333,0.3333333333333333,0.8333333333333334,0.08460861616873053
CUST_01052,70.0,77.78174593052023,3,140,0.02127659574468085,309,0,1.1111677831336064,39,Female,Izmir,18112.24,6037.413333333334,18002.25,8,2.6666666666666665,7.513333333333333,0.3333333333333333,0.3333333333333333,0.6666666666666666,0.001244462308155513
CUST_01053,35.285714285714285,36.97618281053489,8,247,0.03225806451612903,166,0,1.0479079851756612,40,Male,Kayseri,2354.55,294.31875,791.45,18,2.25,11.8725,0.375,0.375,0.5,0.04033891812757794
CUST_01054,109.33333333333333,21.82506204649447,4,328,0.0121580547112462,117,0,0.19961946811166162,38,Male,Ankara,8363.529999999999,2090.8824999999997,7648.65,9,2.25,9.06,0.5,1.0,0.5,0.004333098581898746
CUST_01055,30.333333333333332,24.986663109213552,4,91,0.043478260869565216,147,0,0.8237361193014539,28,Female,Antalya,13692.94,3423.235,12292.85,15,3.75,51.1925,0.25,0.75,0.75,0.014954421763345369
CUST_01056,79.8,34.11304735727959,6,399,0.015,3,0,0.4274817911002231,26,Male,Kayseri,5980.75,996.7916666666666,2451.0,12,2.0,78.20166666666667,0.3333333333333333,0.5,0.8333333333333334,0.07845337115399904
CUST_01057,83.25,70.39116895368812,5,333,0.014970059880239521,111,0,0.8455395568546374,34,Female,Antalya,9373.2,1874.64,7378.24,12,2.4,0.768,0.4,0.6,0.6,0.0004096786580838568
CUST_01058,74.33333333333333,77.83529619223745,4,223,0.017857142857142856,104,0,1.047111593880617,49,Female,Konya,3671.8700000000003,917.9675000000001,3089.07,11,2.75,127.9075,0.25,0.75,0.75,0.13933772149957627
CUST_01059,15.5,21.920310216782973,3,31,0.09375,82,0,1.4142134711335164,41,Male,Gaziantep,2908.4700000000003,969.4900000000001,2693.76,5,1.6666666666666667,4.346666666666667,0.3333333333333333,0.3333333333333333,0.6666666666666666,0.004483456933215618
CUST_01060,64.8,63.739312829681495,6,324,0.018461538461538463,69,0,0.983631355648922,30,Male,Ankara,3348.6600000000003,558.11,2288.32,20,3.3333333333333335,11.050000000000002,0.3333333333333333,0.6666666666666666,1.0,0.01979896432638913
CUST_01061,32.2,17.51285242329187,6,161,0.037037037037037035,200,0,0.543877387559456,44,Male,Bursa,2119.92,353.32,977.58,14,2.3333333333333335,68.44666666666667,0.3333333333333333,0.5,0.6666666666666666,0.1937242909344005
CUST_01062,53.142857142857146,67.94710828143846,8,372,0.021447721179624665,27,0,1.2785745941399114,18,Female,Istanbul,25060.33,3132.54125,10570.24,27,3.375,134.805,0.25,0.5,0.625,0.043033750938464496
CUST_01063,114.0,101.17311895953391,4,342,0.011661807580174927,62,0,0.8874834918600913,48,Female,Bursa,12416.400000000001,3104.1000000000004,5478.8,16,4.0,59.8775,0.75,0.5,0.75,0.019289810244744108
CUST_01064,64.5,54.44722215136416,3,129,0.023076923076923078,198,0,0.8441429660034294,18,Male,Istanbul,7913.3099999999995,2637.77,7717.16,7,2.3333333333333335,9.976666666666667,0.6666666666666666,0.6666666666666666,0.6666666666666666,0.00378223524525809
CUST_01065,106.66666666666667,64.57811806899713,4,320,0.012461059190031152,97,0,0.6054198512210369,30,Male,Adana,2117.24,529.31,957.18,10,2.5,56.345,0.25,0.5,0.75,0.10644990628091307
CUST_01066,41.0,41.012193308819754,3,82,0.03614457831325301,195,0,1.0002973733785947,21,Female,Bursa,6674.900000000001,2224.9666666666667,6430.22,10,3.3333333333333335,588.4866666666667,0.3333333333333333,0.6666666666666666,0.6666666666666666,0.26449235182647274
CUST_01067,46.57142857142857,60.78063601415927,8,326,0.024464831804281346,24,0,1.3051056532618877,19,Female,Izmir,18103.76,2262.97,11781.9,25,3.125,146.80249999999998,0.25,0.375,0.625,0.06487160675357093
CUST_01068,47.0,0.0,2,47,0.041666666666666664,39,1,0.0,48,Male,Ankara,477.84000000000003,238.92000000000002,282.56,2,1.0,35.79,0.5,1.0,1.0,0.14979909530470828
CUST_01069,66.66666666666667,53.57549190939205,4,200,0.01990049751243781,71,0,0.8036323665863953,29,Male,Eskisehir,3407.92,851.98,2728.04,11,2.75,12.48,0.25,0.5,0.5,0.014648231161942497
CUST_01070,229.0,0.0,2,229,0.008695652173913044,221,1,0.0,39,Male,Istanbul,1122.5,561.25,942.72,6,3.0,0.0,0.5,0.5,0.5,0.0
CUST_01071,40.0,0.0,2,40,0.04878048780487805,5,1,0.0,34,Female,Istanbul,1365.2,682.6,1297.14,6,3.0,1.055,0.5,0.5,1.0,0.0015455610876859637
CUST_01072,51.666666666666664,43.98105652816146,4,155,0.02564102564102564,287,0,0.8512462389080366,40,Female,Istanbul,2504.59,626.1475,900.84,8,2.0,3.0625,0.75,0.5,0.75,0.004891020079308757
CUST_01073,49.666666666666664,56.6634803025723,10,447,0.022321428571428572,3,0,1.1408754193630246,35,Male,Eskisehir,8768.18,876.818,2657.45,28,2.8,35.508,0.4,0.3,0.8,0.0404964313683154
CUST_01074,77.0,96.16652224137046,3,154,0.01935483870967742,155,0,1.248915857044865,19,Female,Eskisehir,4134.1900000000005,1378.0633333333335,2467.38,10,3.3333333333333335,0.0,0.3333333333333333,0.6666666666666666,0.3333333333333333,0.0
CUST_01075,99.33333333333333,86.77173118783175,4,298,0.013377926421404682,59,0,0.8735409092042703,46,Male,Antalya,4733.71,1183.4275,2694.16,10,2.5,0.0,0.75,0.5,0.75,0.0
CUST_01076,73.0,7.0710678118654755,3,146,0.02040816326530612,97,0,0.09686394130139088,29,Male,Konya,1684.83,561.61,1053.48,11,3.6666666666666665,43.89666666666667,0.3333333333333333,0.6666666666666666,0.6666666666666666,0.07816218833087815
CUST_01077,66.0,0.0,2,66,0.029850746268656716,96,1,0.0,18,Male,Istanbul,1324.79,662.395,1266.37,3,1.5,3.01,0.5,0.5,0.5,0.004544116419139461
CUST_01078,147.0,73.53910524340094,3,294,0.010169491525423728,32,0,0.5002660186607818,29,Female,Eskisehir,4108.23,1369.4099999999999,2318.17,9,3.0,27.133333333333336,0.3333333333333333,0.6666666666666666,1.0,0.019813885770893633
CUST_01079,70.66666666666667,50.39312122370142,7,424,0.01647058823529412,21,0,0.7131101959045928,53,Female,Istanbul,4295.18,613.5971428571429,1525.95,23,3.2857142857142856,63.152857142857144,0.2857142857142857,0.2857142857142857,0.42857142857142855,0.10292234534514119
CUST_01080,202.0,178.19090885900997,3,404,0.007407407407407408,35,0,0.8821332078063205,45,Female,Istanbul,424.19,141.39666666666668,211.54,6,2.0,6.9366666666666665,0.3333333333333333,0.6666666666666666,0.6666666666666666,0.04905820470266952
CUST_01081,71.16666666666667,67.01765936428001,7,427,0.016355140186915886,2,0,0.9417001183500686,30,Male,Istanbul,21248.45,3035.4928571428572,8378.28,23,3.2857142857142856,9.075714285714286,0.2857142857142857,0.5714285714285714,0.5714285714285714,0.0029898651421195873
CUST_01082,259.0,0.0,2,259,0.007692307692307693,3,1,0.0,30,Male,Bursa,1951.24,975.62,1748.14,3,1.5,0.0,0.5,0.5,0.5,0.0
CUST_01083,198.0,0.0,2,198,0.010050251256281407,208,1,0.0,31,Male,Gaziantep,4773.070000000001,2386.5350000000003,4616.1,4,2.0,0.0,0.5,0.5,0.5,0.0
CUST_01084,93.0,0.0,2,93,0.02127659574468085,74,1,0.0,59,Female,Ankara,283.03000000000003,141.51500000000001,164.49,8,4.0,14.755,0.5,0.5,1.0,0.10426456485697937
CUST_01085,181.5,34.64823227814083,3,363,0.008241758241758242,22,0,0.19089935034292826,39,Male,Eskisehir,720.01,240.00333333333333,570.15,9,3.0,0.0,0.6666666666666666,0.3333333333333333,0.6666666666666666,0.0
CUST_01086,22.555555555555557,18.80233437043863,10,203,0.049019607843137254,94,0,0.833600994244033,40,Female,Izmir,15997.24,1599.724,4930.1,32,3.2,55.50899999999999,0.2,0.5,0.6,0.03469911057488722
CUST_01087,46.625,36.881809298661814,9,373,0.02406417112299465,69,0,0.79103074547198,47,Male,Istanbul,10429.2,1158.8000000000002,4163.39,26,2.888888888888889,160.08555555555554,0.3333333333333333,0.3333333333333333,0.6666666666666666,0.13814770056731773
CUST_01088,72.25,38.63827980988112,5,289,0.017241379310344827,69,0,0.5347858723196575,37,Male,Izmir,4479.75,895.95,3696.96,15,3.0,35.374,0.4,0.6,0.4,0.03948211391318476
CUST_01089,126.5,13.435028842544403,3,253,0.011811023622047244,169,0,0.1062057607615703,31,Male,Antalya,1788.97,596.3233333333334,914.12,11,3.6666666666666665,61.550000000000004,0.3333333333333333,0.6666666666666666,0.6666666666666666,0.10321581674949974
CUST_01090,163.0,0.0,2,163,0.012195121951219513,118,1,0.0,32,Male,Gaziantep,1861.16,930.58,1380.95,8,4.0,0.0,0.5,0.5,1.0,0.0
CUST_01091,50.0,33.29664647778611,5,200,0.024875621890547265,219,0,0.665932916237064,34,Male,Izmir,4331.14,866.2280000000001,2182.28,14,2.8,1.416,0.4,1.0,0.6,0.0016346735482636514
CUST_01092,26.0,22.627416997969522,3,52,0.05660377358490566,91,0,0.8702852356801648,34,Male,Bursa,11687.92,3895.9733333333334,10353.26,7,2.3333333333333335,69.27666666666666,0.6666666666666666,0.6666666666666666,0.6666666666666666,0.01778160698795467
CUST_01093,49.5,56.979820989539796,7,297,0.02348993288590604,43,0,1.1511074714834815,43,Female,Ankara,5732.82,818.9742857142857,3538.82,18,2.5714285714285716,125.06142857142856,0.2857142857142857,0.7142857142857143,0.7142857142857143,0.1527049513033839
CUST_01094,78.5,53.48208422764892,5,314,0.015873015873015872,65,0,0.681300427342019,35,Female,Antalya,2238.07,447.61400000000003,757.25,17,3.4,44.971999999999994,0.4,0.6,0.6,0.10047049444282238
CUST_01095,114.0,60.530983801686226,4,342,0.011661807580174927,86,0,0.5309735374623921,43,Male,Eskisehir,4725.35,1181.3375,1605.1,11,2.75,116.5025,0.5,0.25,0.75,0.09861914982075895
CUST_01096,94.66666666666667,73.96170180122503,4,284,0.014035087719298246,38,0,0.78128557415429,34,Male,Istanbul,16019.7,4004.925,8979.49,13,3.25,357.705,0.5,0.75,0.75,0.08931627930877199
CUST_01097,51.625,43.36205549951313,9,413,0.021739130434782608,35,0,0.8399429474008753,35,Male,Konya,32147.550000000003,3571.9500000000003,8996.2,36,4.0,243.11333333333334,0.3333333333333333,0.3333333333333333,0.5555555555555556,0.06806179629201739
CUST_01098,95.66666666666667,78.65324744302255,4,287,0.013888888888888888,102,0,0.8221593723435175,18,Male,Bursa,1021.55,255.3875,460.52,14,3.5,8.94,0.5,0.5,0.5,0.03500562856441436
CUST_01099,45.714285714285715,47.108789999723996,8,320,0.024922118380062305,72,0,1.030504758701671,45,Male,Ankara,4082.8399999999997,510.35499999999996,1673.82,21,2.625,65.8675,0.375,0.5,0.5,0.12906212317100427
CUST_01100,125.0,169.7056274847714,3,250,0.01195219123505976,107,0,1.3576450090170114,39,Female,Kayseri,3007.3500000000004,1002.4500000000002,2356.96,10,3.3333333333333335,39.92,0.3333333333333333,0.6666666666666666,0.6666666666666666,0.03982243499444118
CUST_01101,93.66666666666667,50.33222956847166,4,281,0.014184397163120567,8,0,0.5373547583393263,46,Male,Izmir,1994.4199999999998,498.60499999999996,1120.85,15,3.75,35.8725,0.5,0.25,1.0,0.07194572843845183
CUST_01102,78.66666666666667,55.012119876744734,4,236,0.016877637130801686,169,0,0.6993065997131966,18,Male,Ankara,5889.6,1472.4,3218.21,12,3.0,244.3125,0.5,0.5,0.5,0.16592807649692468
CUST_01103,69.0,69.29646455628166,3,138,0.02158273381294964,70,0,1.0042965732171754,60,Male,Istanbul,1320.7,440.23333333333335,738.44,8,2.6666666666666665,0.0,0.3333333333333333,0.3333333333333333,0.6666666666666666,0.0
CUST_01104,72.0,86.23804264940155,4,216,0.018433179723502304,129,0,1.1977505757173748,33,Male,Istanbul,6340.17,1585.0425,4901.8,13,3.25,51.32,0.25,0.75,0.5,0.032377680704222325
CUST_01105,40.0,39.31193929874957,9,320,0.028037383177570093,31,0,0.982798457898778,48,Female,Gaziantep,15084.34,1676.0377777777778,10572.12,27,3.0,17.75111111111111,0.3333333333333333,0.4444444444444444,0.5555555555555556,0.010591116343484697
CUST_01106,38.375,24.094679317819764,9,307,0.02922077922077922,58,0,0.6278743632559063,22,Male,Bursa,8040.54,893.3933333333333,3362.76,22,2.4444444444444446,76.61444444444444,0.2222222222222222,0.6666666666666666,0.7777777777777778,0.08575667793807255
CUST_01107,68.5,51.21230320928751,7,411,0.01699029126213592,27,0,0.7476248534549294,42,Male,Kayseri,2342.31,334.61571428571426,776.61,24,3.4285714285714284,13.760000000000002,0.2857142857142857,0.5714285714285714,0.5714285714285714,0.041121798443479914
CUST_01108,156.5,99.7020561473032,3,313,0.009554140127388535,39,0,0.6370738371260662,22,Female,Istanbul,1673.21,557.7366666666667,913.11,11,3.6666666666666665,27.146666666666665,0.6666666666666666,0.6666666666666666,0.6666666666666666,0.048672910067463895
CUST_01109,175.0,224.8599564173221,3,350,0.008547008547008548,6,0,1.284914029328046,27,Male,Istanbul,1262.9499999999998,420.9833333333333,739.8,8,2.6666666666666665,0.0,0.3333333333333333,1.0,0.6666666666666666,0.0
CUST_01110,236.0,0.0,2,236,0.008438818565400843,72,1,0.0,57,Female,Istanbul,2142.88,1071.44,2040.93,8,4.0,0.0,0.5,0.5,1.0,0.0
CUST_01111,32.9,24.209502266672065,11,329,0.03333333333333333,108,0,0.7358511103592996,32,Female,Izmir,7929.94,720.9036363636363,1782.85,42,3.8181818181818183,51.64090909090908,0.36363636363636365,0.6363636363636364,0.5454545454545454,0.07163358098699744
CUST_01112,117.0,0.0,2,117,0.01694915254237288,309,1,0.0,37,Male,Eskisehir,1100.6399999999999,550.3199999999999,960.76,5,2.5,0.0,0.5,0.5,1.0,0.0
CUST_01113,299.0,0.0,2,299,0.006666666666666667,80,1,0.0,45,Female,Antalya,1071.6100000000001,535.8050000000001,813.59,3,1.5,119.30999999999999,0.5,0.5,0.5,0.22267429340399153
CUST_01114,157.5,195.86857838867365,3,315,0.00949367088607595,130,0,1.2436100136194517,40,Male,Ankara,1638.81,546.27,825.87,8,2.6666666666666665,5.0,0.3333333333333333,0.6666666666666666,0.6666666666666666,0.009152982940390315
CUST_01115,84.75,76.81742423868863,5,339,0.014705882352941176,18,0,0.9064002753072372,36,Female,Konya,667.96,133.592,253.84,9,1.8,8.508,0.4,0.4,0.8,0.06368644781359326
CUST_01116,55.0,39.242833740697165,6,275,0.021739130434782608,144,0,0.7135060550398384,39,Male,Gaziantep,7829.2,1304.8666666666666,2776.5,16,2.6666666666666665,30.55666666666667,0.3333333333333333,0.5,0.5,0.023417462813505242
CUST_01117,153.0,0.0,2,153,0.012987012987012988,145,1,0.0,63,Male,Istanbul,1166.6599999999999,583.3299999999999,685.02,6,3.0,0.0,0.5,0.5,0.5,0.0
CUST_01118,128.0,0.0,2,128,0.015503875968992248,306,1,0.0,34,Female,Gaziantep,4310.05,2155.025,4072.65,7,3.5,0.0,0.5,0.5,1.0,0.0
CUST_01119,141.0,62.22539674441618,3,282,0.01060070671378092,117,0,0.44131486739788167,37,Female,Ankara,3987.68,1329.2266666666667,2608.68,6,2.0,12.733333333333334,0.3333333333333333,0.6666666666666666,0.6666666666666666,0.00957950486780822
CUST_01120,45.75,58.71906480376345,9,366,0.02452316076294278,24,0,1.2834767982576318,47,Other,Istanbul,8156.03,906.2255555555555,5258.16,28,3.111111111111111,139.81111111111113,0.3333333333333333,0.3333333333333333,0.4444444444444444,0.15427849071318936
CUST_01121,96.0,66.81317235396027,4,288,0.01384083044982699,63,0,0.6959705381040597,48,Female,Istanbul,4402.97,1100.7425,1976.8,15,3.75,63.48,0.5,0.5,1.0,0.057670163496303474
CUST_01122,126.0,113.13708498984761,3,252,0.011857707509881422,47,0,0.8979133658090019,49,Male,Izmir,760.72,253.57333333333335,525.58,7,2.3333333333333335,7.863333333333333,0.3333333333333333,0.3333333333333333,0.6666666666666666,0.031010095576519233
CUST_01123,72.25,47.23258056327927,5,289,0.017241379310344827,145,0,0.6537381302358636,42,Male,Izmir,4029.77,805.954,1867.71,15,3.0,5.204,0.6,0.2,0.6,0.006456944184833199
CUST_01124,48.333333333333336,48.1283007526064,4,145,0.0273972602739726,232,0,0.9957579260037616,21,Male,Ankara,4560.91,1140.2275,2724.03,8,2.0,60.17,0.5,0.75,0.5,0.052770170818744355
CUST_01125,88.0,0.0,2,88,0.02247191011235955,271,1,0.0,54,Male,Istanbul,198.64000000000001,99.32000000000001,132.24,2,1.0,0.0,1.0,1.0,1.0,0.0
CUST_01126,64.25,55.09007775150319,5,257,0.01937984496124031,150,0,0.8574331034096512,21,Male,Adana,2312.98,462.596,1416.92,11,2.2,59.33800000000001,0.2,0.4,0.4,0.12827175304526683
CUST_01127,139.0,152.14795430764096,4,417,0.009569377990430622,26,0,1.0945895914608013,38,Female,Eskisehir,1185.1,296.275,536.13,8,2.0,17.2125,0.5,0.25,0.5,0.058096362980013964
CUST_01128,65.25,33.22022476343791,5,261,0.019083969465648856,68,0,0.5091222107941104,25,Male,Adana,1564.43,312.886,930.86,13,2.6,37.824,0.2,0.6,0.8,0.12088747939860689
CUST_01129,47.55555555555556,47.072048795200935,10,428,0.023310023310023312,17,0,0.9898327809540033,34,Male,Ankara,13672.909999999998,1367.2909999999997,8633.24,24,2.4,6.850999999999999,0.2,0.4,0.5,0.005010637819593168
CUST_01130,36.666666666666664,32.36896661927903,10,330,0.030211480362537766,103,0,0.8827899746315198,38,Male,Istanbul,16895.15,1689.515,8804.95,29,2.9,35.662,0.3,0.3,0.5,0.0211078327087313
CUST_01131,23.666666666666668,19.857828011475306,4,71,0.05555555555555555,310,0,0.8390631199610782,38,Female,Istanbul,2928.33,732.0825,2672.04,11,2.75,6.665,0.5,0.5,0.75,0.00910416516020508
CUST_01132,65.0,47.227110858065416,7,390,0.017902813299232736,37,0,0.7265709250999153,40,Female,Istanbul,3383.91,483.4157142857143,1563.1,15,2.142857142857143,0.6485714285714286,0.2857142857142857,0.7142857142857143,0.7142857142857143,0.00134164324423773
CUST_01133,77.0,76.34788798650555,6,385,0.015544041450777202,38,0,0.9915309999347345,54,Female,Bursa,5761.12,960.1866666666666,2900.23,23,3.8333333333333335,105.68166666666667,0.5,0.3333333333333333,0.5,0.11006366806100516
CUST_01134,97.75,90.16420206120239,5,391,0.012755102040816327,5,0,0.9223959195785828,40,Male,Bursa,2164.9100000000003,432.9820000000001,1461.51,14,2.8,7.008,0.4,0.4,1.0,0.016185430303833806
CUST_01135,74.0,56.568542494923804,3,148,0.020134228187919462,187,0,0.7644397531146494,32,Female,Adana,3553.1400000000003,1184.38,2413.15,11,3.6666666666666665,39.843333333333334,1.0,0.6666666666666666,0.6666666666666666,0.033640667099826625
CUST_01136,71.4,52.771204268995035,6,357,0.01675977653631285,66,0,0.7390924864132009,46,Male,Antalya,8200.98,1366.83,2521.59,15,2.5,58.11833333333333,0.3333333333333333,0.5,0.5,0.042520528003345555
CUST_01137,117.0,91.98369420718001,4,351,0.011363636363636364,35,0,0.7861854138546547,49,Female,Ankara,4166.09,1041.5225,2592.98,13,3.25,0.0,0.25,0.75,0.75,0.0
CUST_01138,88.5,75.8617163001207,5,354,0.014084507042253521,90,0,0.857194524778827,20,Female,Ankara,9987.41,1997.482,6522.24,14,2.8,217.65,0.4,0.6,1.0,0.10896218333433684
CUST_01139,74.0,50.07993610219566,6,370,0.016172506738544475,6,0,0.6767558841275646,42,Male,Antalya,1265.47,210.91166666666666,539.08,14,2.3333333333333335,11.228333333333333,0.5,0.5,0.5,0.05323713693772052
CUST_01140,33.2,39.124161332864375,6,166,0.03592814371257485,19,0,1.1784385588682476,43,Female,Ankara,12068.18,2011.3633333333335,6885.88,19,3.1666666666666665,38.9,0.3333333333333333,0.5,0.5,0.019340115898499963
CUST_01141,101.33333333333333,49.6923870762246,4,304,0.013114754098360656,23,0,0.4903853939392027,31,Female,Istanbul,2736.9900000000002,684.2475000000001,2572.15,10,2.5,0.0,0.5,0.5,0.5,0.0
CUST_01142,36.8,26.705804612480787,6,184,0.032432432432432434,214,0,0.7257011925755326,51,Male,Ankara,19113.19,3185.5316666666663,8429.19,21,3.5,25.028333333333332,0.3333333333333333,0.5,0.6666666666666666,0.007856877891804495
CUST_01143,216.0,239.00209204105306,3,432,0.006928406466512702,4,0,1.106491161734083,33,Female,Ankara,831.0799999999999,277.02666666666664,625.05,3,1.0,16.986666666666668,0.6666666666666666,0.3333333333333333,0.6666666666666666,0.061317803118889395
CUST_01144,69.5,55.86143571373726,3,139,0.02142857142857143,305,0,0.803761653380944,36,Male,Istanbul,552.98,184.32666666666668,277.15,4,1.3333333333333333,25.80333333333333,0.6666666666666666,0.3333333333333333,0.6666666666666666,0.1399869788781494
CUST_01145,45.714285714285715,33.92498727936035,8,320,0.024922118380062305,121,0,0.7421090805023716,32,Male,Gaziantep,7386.01,923.25125,5298.18,22,2.75,59.291250000000005,0.375,0.5,0.5,0.06422005920466389
CUST_01146,63.8,33.93670579181191,6,319,0.01875,63,0,0.5319232799355585,35,Male,Konya,11815.470000000001,1969.2450000000001,8228.6,23,3.8333333333333335,91.24833333333333,0.3333333333333333,0.3333333333333333,0.8333333333333334,0.0463367093921765
CUST_01147,66.16666666666667,62.608039952283015,7,397,0.017587939698492462,38,0,0.946217214197468,21,Male,Istanbul,3434.23,490.6042857142857,1156.16,23,3.2857142857142856,48.77571428571429,0.2857142857142857,0.2857142857142857,0.7142857142857143,0.0994196659233838
CUST_01148,73.5,101.1162697096763,3,147,0.02027027027027027,58,0,1.3757315419584322,18,Female,Istanbul,2801.34,933.7800000000001,1646.65,11,3.6666666666666665,2.183333333333333,0.6666666666666666,0.3333333333333333,0.6666666666666666,0.0023381667319873696
CUST_01149,23.0,8.48528137423857,3,46,0.06382978723404255,179,0,0.3689252611005786,54,Male,Adana,5543.29,1847.7633333333333,5065.5,8,2.6666666666666665,0.0,0.6666666666666666,0.6666666666666666,0.6666666666666666,0.0
CUST_01150,56.5,47.36559933116016,7,339,0.020588235294117647,85,0,0.8383291768642652,24,Female,Istanbul,7027.86,1003.9799999999999,2147.92,27,3.857142857142857,47.28142857142857,0.5714285714285714,0.42857142857142855,0.7142857142857143,0.047093994426517044
CUST_01151,73.6,56.522561866921784,6,368,0.016260162601626018,7,0,0.7679695801488072,23,Male,Ankara,6402.41,1067.0683333333334,3743.56,16,2.6666666666666665,0.0,0.3333333333333333,0.3333333333333333,0.6666666666666666,0.0
CUST_01152,48.333333333333336,54.25003840244417,7,290,0.024054982817869417,134,0,1.1224145644144057,18,Female,Istanbul,9393.1,1341.8714285714286,4203.55,26,3.7142857142857144,60.417142857142856,0.2857142857142857,0.42857142857142855,0.5714285714285714,0.0450245392559249
CUST_01153,94.0,59.39696961966999,3,188,0.015873015873015872,185,0,0.6318826488062483,27,Female,Istanbul,367.23,122.41000000000001,160.32,5,1.6666666666666667,22.703333333333333,0.3333333333333333,1.0,0.6666666666666666,0.1854695951953577
CUST_01154,48.55555555555556,33.70501116715106,10,437,0.0228310502283105,9,0,0.6941535337688278,19,Female,Gaziantep,18354.27,1835.4270000000001,6033.85,35,3.5,136.463,0.3,0.6,0.5,0.07434945651646757
CUST_01155,86.75,93.24296220090822,5,347,0.014367816091954023,86,0,1.0748468141332728,54,Male,Gaziantep,2320.6099999999997,464.12199999999996,878.41,8,1.6,55.902,0.4,0.6,0.8,0.12044677882012322
CUST_01156,104.33333333333333,90.53360333783989,4,313,0.012738853503184714,79,0,0.8677342089786488,47,Male,Istanbul,1749.0900000000001,437.27250000000004,1517.75,11,2.75,28.685,0.25,0.5,0.5,0.06559982604531538
CUST_01157,50.25,43.650396823593056,9,402,0.022332506203473945,30,0,0.8686645961179793,26,Male,Ankara,6329.43,703.27,2426.1,26,2.888888888888889,41.26777777777778,0.2222222222222222,0.3333333333333333,0.5555555555555556,0.05867984944487598
CUST_01158,122.0,91.92388155425118,3,244,0.012244897959183673,173,0,0.7534744327932521,62,Female,Istanbul,1366.26,455.42,692.89,7,2.3333333333333335,0.0,0.6666666666666666,0.6666666666666666,0.6666666666666666,0.0
CUST_01159,58.0,52.26853738148792,5,232,0.02145922746781116,13,0,0.9011816634535561,46,Female,Istanbul,1553.29,310.658,974.71,11,2.2,17.684,0.4,0.4,0.6,0.056924334615801514
CUST_01160,40.714285714285715,14.829186151126496,8,285,0.027972027972027972,65,0,0.3642256158186181,31,Male,Eskisehir,13688.41,1711.05125,5279.52,26,3.25,97.51625,0.375,0.375,0.5,0.05699200999561409
CUST_01161,95.0,70.7719341735597,5,380,0.013123359580052493,33,0,0.7449677203009683,18,Male,Antalya,6639.87,1327.974,4454.18,19,3.8,0.0,0.2,0.4,0.8,0.0
CUST_01162,90.5,21.920310216782973,3,181,0.016483516483516484,49,0,0.242213369884747,62,Female,Bursa,6629.87,2209.9566666666665,5733.72,12,4.0,0.0,0.3333333333333333,0.3333333333333333,0.6666666666666666,0.0
CUST_01163,54.4,65.69094305914629,6,272,0.02197802197802198,29,0,1.2075540781542686,18,Male,Adana,3191.89,531.9816666666667,2133.97,16,2.6666666666666665,40.528333333333336,0.3333333333333333,0.5,0.8333333333333334,0.07618370292926692
CUST_01164,35.888888888888886,35.476909548481125,10,323,0.030864197530864196,34,0,0.9885206719493627,18,Female,Gaziantep,36872.69,3687.2690000000002,16292.56,32,3.2,135.686,0.5,0.4,0.5,0.03679850858811806
CUST_01165,186.0,220.61731573020282,3,372,0.00804289544235925,51,0,1.1861145943230549,47,Female,Gaziantep,5670.01,1890.0033333333333,5418.2,10,3.3333333333333335,0.0,0.3333333333333333,0.6666666666666666,0.6666666666666666,0.0
CUST_01166,173.0,104.65180361560904,3,346,0.008645533141210375,27,0,0.6049237168247706,64,Female,Istanbul,2837.88,945.96,1277.97,9,3.0,0.0,0.3333333333333333,0.3333333333333333,0.6666666666666666,0.0
CUST_01167,90.75,93.80254083268036,5,363,0.013736263736263736,11,0,1.0336368021933175,51,Male,Istanbul,2158.86,431.77200000000005,823.01,17,3.4,85.94800000000001,0.6,0.8,0.6,0.19905876203399303
CUST_01168,132.0,56.568542494923804,3,264,0.011320754716981131,35,0,0.4285495611088958,41,Male,Antalya,1960.05,653.35,1001.52,4,1.3333333333333333,6.859999999999999,0.3333333333333333,0.3333333333333333,0.3333333333333333,0.010499732133619448
CUST_01169,75.0,28.478061731796284,4,225,0.017699115044247787,162,0,0.3797074846945173,42,Female,Ankara,2100.46,525.115,1706.01,14,3.5,66.15,0.25,0.5,0.75,0.1259724058044954
CUST_01170,41.9,31.952916750883464,11,419,0.02619047619047619,17,0,0.7625994269280201,45,Female,Eskisehir,19073.36,1733.9418181818182,11304.08,36,3.272727272727273,50.61909090909091,0.18181818181818182,0.36363636363636365,0.5454545454545454,0.029193073463662202
CUST_01171,147.5,127.9863273947651,3,295,0.010135135135135136,112,0,0.8677039086580419,44,Male,Antalya,938.23,312.74333333333334,676.68,6,2.0,15.103333333333333,0.3333333333333333,0.6666666666666666,0.6666666666666666,0.04829306231427349
CUST_01172,42.0,34.698703145794944,4,126,0.031496062992125984,221,0,0.8261595790389373,38,Male,Kayseri,5552.09,1388.0225,4355.32,15,3.75,3.55,0.25,0.75,0.75,0.0025575954261853853
CUST_01173,49.142857142857146,59.54110224998238,8,344,0.02318840579710145,46,0,1.211592172292824,36,Female,Istanbul,2782.4300000000003,347.80375000000004,1255.08,14,1.75,2.595,0.25,0.375,0.875,0.007461104121329617
CUST_01174,31.5,29.737742572921256,5,126,0.03937007874015748,44,0,0.9440552898052688,34,Female,Konya,4598.17,919.634,3602.92,11,2.2,46.044,0.4,0.6,0.8,0.050067744287327624
CUST_01175,103.5,0.7071067811865476,3,207,0.014423076923076924,59,0,0.006831949510672445,25,Female,Ankara,2620.96,873.6533333333333,2439.96,6,2.0,10.343333333333334,0.3333333333333333,0.3333333333333333,0.6666666666666666,0.011839173419084031
CUST_01176,90.0,18.35755975068582,4,270,0.014760147601476014,160,0,0.20397288385236595,31,Other,Eskisehir,5995.04,1498.76,4439.94,10,2.5,42.165,0.25,0.75,0.75,0.028133256806871506
CUST_01177,82.33333333333333,39.17056718166503,4,247,0.016129032258064516,18,0,0.47575587092197363,18,Male,Istanbul,4109.6900000000005,1027.4225000000001,2943.3,8,2.0,26.9525,0.5,0.25,0.5,0.02623312218076485
CUST_01178,5.666666666666667,2.886751345948129,4,17,0.2222222222222222,145,0,0.5094266182096784,33,Male,Izmir,2616.39,654.0975,780.02,10,2.5,31.285,0.25,0.75,0.5,0.04782926085510301
CUST_01179,129.0,14.142135623730951,3,258,0.011583011583011582,46,0,0.10962895747365886,23,Female,Gaziantep,1907.9,635.9666666666667,1093.28,12,4.0,0.0,0.3333333333333333,0.6666666666666666,0.6666666666666666,0.0
CUST_01180,122.0,84.8528137423857,3,244,0.012244897959183673,72,0,0.695514861039925,21,Female,Izmir,1194.01,398.00333333333333,508.99,9,3.0,33.95333333333333,0.3333333333333333,0.6666666666666666,0.3333333333333333,0.08530916805057956
CUST_01181,38.333333333333336,32.129944496269104,4,115,0.034482758620689655,270,0,0.8381724432546955,37,Male,Izmir,6441.7,1610.425,4152.12,8,2.0,54.285,0.5,0.5,0.5,0.03370849307871618
CUST_01182,125.33333333333333,73.52777253074741,4,376,0.010610079575596816,53,0,0.5866577548730558,51,Male,Eskisehir,6714.03,1678.5075,4395.92,13,3.25,218.215,0.25,0.5,1.0,0.13000537672306775
CUST_01183,71.0,39.1279950930277,6,355,0.016853932584269662,23,0,0.551098514675059,46,Female,Izmir,6471.66,1078.61,2235.3,15,2.5,163.79166666666666,0.3333333333333333,0.3333333333333333,0.8333333333333334,0.15185439270432524
CUST_01184,58.0,43.840620433565945,3,116,0.02564102564102564,256,0,0.7558727530636757,18,Male,Bursa,3798.16,1266.0533333333333,1974.33,8,2.6666666666666665,57.080000000000005,1.0,0.3333333333333333,0.6666666666666666,0.04508498848514677
CUST_01185,96.0,79.19595949289332,3,192,0.015544041450777202,28,0,0.824957902790994,23,Male,Istanbul,1968.84,656.28,1035.52,7,2.3333333333333335,19.24,0.6666666666666666,0.6666666666666666,0.6666666666666666,0.02931675499890785
CUST_01186,69.33333333333333,62.59286434304366,7,416,0.016786570743405275,15,0,0.9027816842345477,46,Female,Gaziantep,5043.71,720.53,2732.32,20,2.857142857142857,25.077142857142857,0.42857142857142855,0.2857142857142857,0.7142857142857143,0.03480374560717682
CUST_01187,121.0,0.0,2,121,0.01639344262295082,298,1,0.0,23,Female,Antalya,2499.9,1249.95,1768.04,5,2.5,141.475,0.5,0.5,1.0,0.11318452729054398
CUST_01188,120.0,115.26925001924842,4,360,0.0110803324099723,10,0,0.9605770754889279,32,Female,Izmir,5486.14,1371.535,2897.78,10,2.5,0.0,0.25,0.5,0.5,0.0
CUST_01189,42.2,26.527344382730814,6,211,0.02830188679245283,149,0,0.628610041566843,41,Male,Istanbul,2959.32,493.22,1184.72,15,2.5,0.0,0.3333333333333333,0.5,0.6666666666666666,0.0
CUST_01190,95.25,54.85966946066421,5,381,0.013089005235602094,25,0,0.57595452897333,23,Female,Bursa,5516.570000000001,1103.314,2275.02,12,2.4,34.424,0.4,0.4,0.6,0.031200546688249627
CUST_01191,32.666666666666664,20.35313243704762,10,294,0.03389830508474576,115,0,0.6230550555303848,36,Female,Istanbul,14082.99,1408.299,5306.07,27,2.7,86.85499999999999,0.2,0.4,0.9,0.06167369282966635
CUST_01192,136.0,166.87720036002523,3,272,0.01098901098901099,159,0,1.227038228919022,18,Female,Istanbul,4365.49,1455.1633333333332,3158.48,11,3.6666666666666665,283.45666666666665,0.6666666666666666,0.3333333333333333,0.6666666666666666,0.1947937114540679
CUST_01193,32.55555555555556,30.170810028532177,10,293,0.034013605442176874,93,0,0.9267484024438702,27,Female,Bursa,11890.0,1189.0,2734.1,33,3.3,41.07899999999999,0.2,0.5,0.5,0.0345492009801941
CUST_01194,67.0,0.0,2,67,0.029411764705882353,353,1,0.0,38,Male,Istanbul,1432.51,716.255,1294.59,6,3.0,100.525,0.5,0.5,0.5,0.1403480602015371
CUST_01195,142.33333333333334,87.79711460710615,4,427,0.009345794392523364,4,0,0.6168415502828895,18,Male,Istanbul,2258.89,564.7225,1290.03,10,2.5,42.2625,0.25,0.5,0.5,0.07483764136396613
CUST_01196,55.0,0.0,2,55,0.03571428571428571,17,1,0.0,40,Male,Antalya,9258.279999999999,4629.139999999999,8606.4,7,3.5,0.0,0.5,0.5,1.0,0.0
CUST_01197,36.0,5.656854249492381,3,72,0.0410958904109589,328,0,0.15713483589882069,34,Male,Istanbul,2574.22,858.0733333333333,1227.09,7,2.3333333333333335,27.863333333333333,0.6666666666666666,0.6666666666666666,0.3333333333333333,0.03247197205467446
CUST_01198,53.42857142857143,77.53248167243015,8,374,0.021333333333333333,52,0,1.4511426779385357,41,Female,Ankara,2257.93,282.24125,941.21,14,1.75,32.91625,0.375,0.375,0.75,0.1166245185045612
CUST_01199,125.33333333333333,169.91272269413298,4,376,0.010610079575596816,8,0,1.3556866064237743,37,Female,Istanbul,2392.08,598.02,1754.56,4,1.0,0.0,0.5,0.5,0.75,0.0
CUST_01200,41.0,0.0,2,41,0.047619047619047616,89,1,0.0,51,Female,Bursa,8290.08,4145.04,6321.3,7,3.5,200.375,0.5,1.0,1.0,0.04834090864060638
CUST_01201,163.0,135.7645019878171,3,326,0.009174311926605505,16,0,0.8329110500300986,36,Female,Antalya,1524.0200000000002,508.0066666666667,1307.22,5,1.6666666666666667,12.19,0.3333333333333333,0.6666666666666666,0.6666666666666666,0.023995748040060334
CUST_01202,48.0,0.0,2,48,0.04081632653061224,267,1,0.0,29,Male,Adana,2090.0,1045.0,1209.77,7,3.5,46.575,0.5,0.5,1.0,0.0445693779477805
CUST_01203,118.5,28.991378028648448,3,237,0.012605042016806723,112,0,0.24465297708013056,36,Male,Ankara,3119.9700000000003,1039.99,1384.2,5,1.6666666666666667,48.923333333333325,0.3333333333333333,0.6666666666666666,1.0,0.047042118949500666
CUST_01204,91.5,82.73149339882606,3,183,0.016304347826086956,259,0,0.9041693168814945,41,Male,Istanbul,1363.34,454.44666666666666,725.91,6,2.0,6.38,0.6666666666666666,0.6666666666666666,0.3333333333333333,0.014039051122891463
CUST_01205,72.2,64.3871105113438,6,361,0.016574585635359115,9,0,0.8917882218775012,35,Male,Istanbul,3033.34,505.5566666666667,2046.67,18,3.0,33.038333333333334,0.3333333333333333,0.5,0.6666666666666666,0.06535040569401965
CUST_01206,36.833333333333336,21.37677867843204,7,221,0.03153153153153153,143,0,0.5803650162371138,35,Male,Izmir,5252.96,750.4228571428572,1504.84,16,2.2857142857142856,37.80714285714286,0.2857142857142857,0.42857142857142855,0.5714285714285714,0.05038111838798166
CUST_01207,123.0,0.0,2,123,0.016129032258064516,239,1,0.0,26,Female,Kayseri,9367.17,4683.585,8480.2,4,2.0,1125.325,0.5,1.0,1.0,0.2402700067917482
CUST_01208,34.44444444444444,47.00029550734525,10,310,0.03215434083601286,88,0,1.3645246686625332,27,Other,Istanbul,20987.21,2098.721,7625.04,36,3.6,53.35799999999999,0.3,0.5,0.6,0.025424055877163253
CUST_01209,194.0,148.49242404917499,3,388,0.007712082262210797,24,0,0.7654248622873718,18,Male,Ankara,8905.42,2968.4733333333334,7875.76,10,3.3333333333333335,47.586666666666666,0.6666666666666666,0.6666666666666666,0.3333333333333333,0.016030686924581653
CUST_01210,86.66666666666667,83.51247411814198,4,260,0.01532567049808429,110,0,0.9636054594754214,55,Male,Istanbul,5046.240000000001,1261.5600000000002,2965.8,16,4.0,21.95,0.5,0.5,0.5,0.01739909317242216
CUST_01211,70.25,64.71153941402827,5,281,0.01773049645390071,168,0,0.92116069028993,20,Female,Bursa,1078.8799999999999,215.77599999999998,593.64,11,2.2,13.290000000000001,0.4,0.6,1.0,0.06159165031518034
CUST_01212,104.0,74.90660852021001,4,312,0.012779552715654952,102,0,0.7202558442303286,26,Male,Antalya,1066.0,266.5,449.4,9,2.25,13.2075,0.5,0.5,0.75,0.049559099251185366
CUST_01213,37.0,0.0,2,37,0.05263157894736842,220,1,0.0,26,Female,Antalya,605.11,302.555,557.7,3,1.5,34.26,0.5,1.0,0.5,0.11323560968010572
CUST_01214,121.0,45.254833995939045,3,242,0.012345679012345678,98,0,0.37400688943745586,45,Female,Konya,2995.15,998.3833333333333,1592.54,6,2.0,0.0,0.3333333333333333,1.0,0.6666666666666666,0.0
CUST_01215,64.33333333333333,36.69241520169166,4,193,0.020618556701030927,116,0,0.5703484139587034,31,Female,Izmir,2378.74,594.685,1115.27,14,3.5,79.17,0.5,0.5,0.5,0.13312930352517838
CUST_01216,124.0,79.19595949289332,3,248,0.012048192771084338,30,0,0.6386770875340019,49,Male,Istanbul,2596.5099999999998,865.5033333333332,1990.55,10,3.3333333333333335,0.0,0.3333333333333333,0.3333333333333333,0.6666666666666666,0.0
CUST_01217,48.0,45.70010940905941,6,240,0.024896265560165973,61,0,0.9520855928536212,26,Female,Ankara,3564.8900000000003,594.1483333333334,2258.38,16,2.6666666666666665,2.03,0.3333333333333333,0.6666666666666666,0.5,0.0034166552066122844
CUST_01218,81.0,91.12079894294168,6,405,0.014778325123152709,33,0,1.124948121209797,38,Male,Antalya,23397.5,3899.5833333333335,11081.7,25,4.166666666666667,57.48,0.3333333333333333,0.5,0.6666666666666666,0.014740036324887691
CUST_01219,60.333333333333336,64.78682993736716,4,181,0.02197802197802198,197,0,1.0738148430423036,24,Female,Bursa,3719.3599999999997,929.8399999999999,2903.7,8,2.0,188.9075,0.5,0.75,0.5,0.20316129634866076
CUST_01220,37.5,17.67766952966369,3,75,0.039473684210526314,278,0,0.4714045082202448,60,Male,Bursa,6061.47,2020.49,4420.68,8,2.6666666666666665,6.73,0.3333333333333333,1.0,0.6666666666666666,0.003330875182094009
CUST_01221,70.0,0.0,2,70,0.028169014084507043,19,1,0.0,20,Male,Antalya,494.33,247.165,468.18,2,1.0,0.0,0.5,0.5,0.5,0.0
CUST_01222,49.666666666666664,14.571661996262929,4,149,0.02666666666666667,270,0,0.29338916180282754,38,Female,Antalya,5134.49,1283.6225,4381.47,12,3.0,127.3125,0.25,0.5,0.5,0.09918219718088285
CUST_01223,79.33333333333333,99.52051714763813,4,238,0.016736401673640166,91,0,1.2544602843677881,42,Female,Konya,964.77,241.1925,626.3,12,3.0,11.6875,0.5,0.5,0.75,0.048457145025416856
CUST_01224,78.0,36.15245496505043,6,390,0.015345268542199489,10,0,0.4634930064302234,39,Female,Bursa,11450.990000000002,1908.4983333333337,7651.56,17,2.8333333333333335,320.99,0.3333333333333333,0.6666666666666666,0.8333333333333334,0.16818982454712306
CUST_01225,167.0,0.0,2,167,0.011904761904761904,218,1,0.0,32,Female,Adana,14063.71,7031.855,13630.9,8,4.0,0.0,0.5,1.0,0.5,0.0
CUST_01226,236.0,0.0,2,236,0.008438818565400843,178,1,0.0,33,Female,Istanbul,1186.08,593.04,985.4,9,4.5,0.0,0.5,1.0,1.0,0.0
CUST_01227,59.333333333333336,30.435724623102594,4,178,0.0223463687150838,5,0,0.5129616423057464,35,Male,Antalya,3983.38,995.845,3583.32,11,2.75,15.6,0.5,0.25,0.75,0.015665088426748047
CUST_01228,284.0,0.0,2,284,0.007017543859649123,47,1,0.0,33,Female,Konya,5408.33,2704.165,4999.35,7,3.5,31.53,0.5,1.0,0.5,0.011659791465513462
CUST_01229,83.75,48.77413932266428,5,335,0.01488095238095238,62,0,0.582377776003421,46,Female,Ankara,851.21,170.24200000000002,351.9,11,2.2,8.379999999999999,0.4,0.4,0.8,0.04922404548099736
CUST_01230,39.9,36.192233666600046,11,399,0.0275,25,0,0.9070735027450263,61,Female,Adana,16159.94,1469.0854545454547,6239.88,39,3.5454545454545454,17.385454545454547,0.2727272727272727,0.36363636363636365,0.6363636363636364,0.011834202346656223
CUST_01231,122.0,95.0,4,366,0.010899182561307902,45,0,0.7786885182074712,28,Female,Adana,2795.98,698.995,2359.28,7,1.75,4.625,0.5,0.75,0.5,0.0066166424557877485
CUST_01232,130.0,123.03657992645927,3,260,0.011494252873563218,130,0,0.9464352229232619,18,Male,Istanbul,2175.46,725.1533333333333,1104.84,6,2.0,0.0,0.3333333333333333,0.6666666666666666,0.6666666666666666,0.0
CUST_01233,122.33333333333333,114.17676354378474,4,367,0.010869565217391304,41,0,0.933325034962886,33,Female,Bursa,3179.48,794.87,2791.78,12,3.0,9.0875,0.5,0.5,0.75,0.011432687091684568
CUST_01234,80.5,58.36951259004996,5,322,0.015479876160990712,112,0,0.725087103912582,65,Male,Istanbul,5462.24,1092.4479999999999,3407.52,13,2.6,64.95,0.4,0.4,0.6,0.059453630690473484
CUST_01235,132.66666666666666,85.82152022268852,4,398,0.010025062656641603,39,0,0.6468958761994421,25,Male,Eskisehir,1996.5499999999997,499.13749999999993,736.41,15,3.75,31.53,0.25,0.5,0.5,0.06316896634059961
CUST_01236,110.66666666666667,131.3671699220674,4,332,0.012012012012012012,43,0,1.1870527295332651,54,Female,Gaziantep,18267.06,4566.765,16601.22,12,3.0,569.635,0.5,0.5,0.5,0.12473490531596546
CUST_01237,88.5,60.10407640085654,3,177,0.016853932584269662,233,0,0.6791420985504457,55,Male,Istanbul,1005.02,335.00666666666666,679.28,7,2.3333333333333335,27.623333333333335,0.3333333333333333,0.6666666666666666,0.6666666666666666,0.08245607027982707
CUST_01238,42.5,4.949747468305833,3,85,0.03488372093023256,307,0,0.11646464357273387,28,Female,Istanbul,1643.7199999999998,547.9066666666666,853.18,7,2.3333333333333335,59.446666666666665,0.6666666666666666,0.6666666666666666,1.0,0.10849779748041431
CUST_01239,69.66666666666667,47.86090958879351,7,418,0.016706443914081145,23,0,0.6869986923702606,41,Male,Bursa,9332.38,1333.1971428571428,2863.55,18,2.5714285714285716,5.418571428571428,0.2857142857142857,0.2857142857142857,0.5714285714285714,0.004064343712059474
CUST_01240,52.42857142857143,34.292162092122176,8,367,0.021739130434782608,20,0,0.6540739238864789,54,Male,Ankara,4737.17,592.14625,1227.06,31,3.875,47.64,0.25,0.625,0.75,0.08045309738860443
CUST_01241,188.0,0.0,2,188,0.010582010582010581,119,1,0.0,30,Female,Istanbul,907.71,453.855,612.05,3,1.5,0.0,0.5,0.5,1.0,0.0
CUST_01242,96.25,88.56777066179322,5,385,0.012953367875647668,31,0,0.9201846206920374,32,Female,Bursa,6807.92,1361.584,2825.3,14,2.8,0.0,0.6,0.4,0.6,0.0
CUST_01243,6.0,0.0,2,6,0.2857142857142857,314,1,0.0,28,Female,Ankara,821.71,410.855,556.16,5,2.5,25.235,1.0,0.5,0.5,0.06142069571644328
CUST_01244,79.0,9.899494936611665,3,158,0.018867924528301886,27,0,0.12531006090255195,22,Female,Istanbul,5276.31,1758.7700000000002,4020.52,7,2.3333333333333335,52.63666666666666,0.6666666666666666,0.6666666666666666,1.0,0.02992811262230908
CUST_01245,18.0,0.0,2,18,0.10526315789473684,378,1,0.0,27,Female,Gaziantep,870.1600000000001,435.08000000000004,689.7,4,2.0,0.0,0.5,0.5,1.0,0.0
CUST_01246,93.25,131.63427871695632,5,373,0.013368983957219251,41,0,1.4116276386630422,20,Male,Kayseri,5777.63,1155.526,3600.96,12,2.4,201.836,0.2,0.6,0.4,0.1746702366068178
CUST_01247,49.75,51.70728050422742,9,398,0.022556390977443608,28,0,1.039342300801711,35,Male,Adana,9130.77,1014.5300000000001,4624.62,25,2.7777777777777777,19.405555555555555,0.3333333333333333,0.3333333333333333,0.5555555555555556,0.01912763105716728
CUST_01248,65.33333333333333,61.010381630232956,7,392,0.017811704834605598,34,0,0.9338323575979685,25,Male,Gaziantep,1391.3000000000002,198.7571428571429,401.42,15,2.142857142857143,12.171428571428573,0.2857142857142857,0.42857142857142855,0.7142857142857143,0.06123769105968242
CUST_01249,63.5,45.50494478625372,7,381,0.01832460732984293,45,0,0.7166132924352824,37,Female,Istanbul,2819.86,402.83714285714285,879.66,19,2.7142857142857144,11.518571428571429,0.42857142857142855,0.5714285714285714,0.7142857142857143,0.028593618051904943
CUST_01250,110.5,143.54267658086914,3,221,0.013513513513513514,81,0,1.299028735582266,18,Female,Ankara,5754.93,1918.3100000000002,3679.35,8,2.6666666666666665,78.47333333333333,0.3333333333333333,0.3333333333333333,1.0,0.04090753490959531
CUST_01251,36.0,19.339079605813716,7,216,0.03225806451612903,3,0,0.5371966407949188,38,Male,Istanbul,2751.46,393.0657142857143,1513.42,16,2.2857142857142856,24.304285714285715,0.2857142857142857,0.7142857142857143,0.42857142857142855,0.06183262688433472
CUST_01252,62.0,71.270611053926,6,310,0.01929260450160772,67,0,1.1495259662000006,45,Female,Adana,1628.55,271.425,836.56,13,2.1666666666666665,3.7616666666666667,0.5,0.5,0.6666666666666666,0.013858954233426223
CUST_01253,81.33333333333333,78.52600418545015,4,244,0.0163265306122449,28,0,0.9654836461471292,18,Female,Kayseri,624.97,156.2425,258.26,8,2.0,5.22,0.5,0.25,1.0,0.033409603447144
CUST_01254,144.0,0.0,2,144,0.013793103448275862,159,1,0.0,39,Male,Adana,1515.43,757.715,1438.0,3,1.5,0.0,0.5,0.5,1.0,0.0
CUST_01255,55.0,82.65994596336648,5,220,0.02262443438914027,125,0,1.5029080810992437,49,Male,Konya,2280.73,456.146,1413.2,15,3.0,21.406,0.4,0.4,0.6,0.04692795717395755
CUST_01256,88.5,10.606601717798213,3,177,0.016853932584269662,49,0,0.11984860562654924,20,Female,Antalya,766.19,255.39666666666668,425.12,8,2.6666666666666665,0.0,0.3333333333333333,0.3333333333333333,0.6666666666666666,0.0
CUST_01257,51.666666666666664,47.40745370368109,7,310,0.022508038585209004,77,0,0.9175636023119516,55,Female,Ankara,4694.18,670.5971428571429,1415.4,19,2.7142857142857144,13.370000000000001,0.2857142857142857,0.42857142857142855,0.5714285714285714,0.01993745443515967
CUST_01258,62.0,53.3572862878164,4,186,0.0213903743315508,25,0,0.8606013778583068,40,Female,Izmir,7330.110000000001,1832.5275000000001,5602.92,11,2.75,34.105,0.25,0.5,0.5,0.018610907602417473
CUST_01259,67.6,48.27835954131002,6,338,0.017699115044247787,98,0,0.7141769057268212,26,Male,Istanbul,6972.56,1162.0933333333335,3064.36,14,2.3333333333333335,65.55666666666667,0.3333333333333333,0.5,0.6666666666666666,0.0564125657809362
CUST_01260,71.5,20.506096654409877,3,143,0.020833333333333332,152,0,0.2867985505959626,34,Other,Istanbul,5990.92,1996.9733333333334,4900.56,8,2.6666666666666665,10.476666666666667,0.3333333333333333,0.3333333333333333,0.6666666666666666,0.0052462726900478025
CUST_01261,68.0,0.0,2,68,0.028985507246376812,92,1,0.0,41,Male,Antalya,6679.09,3339.545,6403.75,8,4.0,0.0,0.5,0.5,1.0,0.0
CUST_01262,110.5,36.062445840513924,3,221,0.013513513513513514,108,0,0.32635697297879596,35,Male,Izmir,7436.77,2478.9233333333336,6783.0,7,2.3333333333333335,0.0,0.3333333333333333,1.0,0.3333333333333333,0.0
CUST_01263,63.5,49.80261037335292,7,381,0.01832460732984293,3,0,0.7842930643946434,41,Other,Bursa,7773.95,1110.5642857142857,3858.39,12,1.7142857142857142,104.22285714285714,0.5714285714285714,0.42857142857142855,0.5714285714285714,0.09384675735540782
CUST_01264,66.0,35.35533905932738,3,132,0.022556390977443608,194,0,0.5356869473278854,23,Male,Bursa,5524.33,1841.4433333333334,2356.89,9,3.0,88.58666666666666,0.6666666666666666,0.6666666666666666,0.6666666666666666,0.04810719125317973
CUST_01265,81.5,102.54592467117679,5,326,0.01529051987767584,118,0,1.2582321891158847,37,Female,Ankara,2781.55,556.3100000000001,1491.56,13,2.6,103.33599999999998,0.4,0.8,0.4,0.1857525477058608
CUST_01266,81.0,51.419840528729765,4,243,0.01639344262295082,94,0,0.6348128381965052,18,Male,Izmir,5071.72,1267.93,1781.65,15,3.75,61.3225,0.75,0.5,0.5,0.048364262973220704
CUST_01267,98.33333333333333,85.11364951248028,4,295,0.013513513513513514,1,0,0.865562528612723,33,Female,Izmir,6508.299999999999,1627.0749999999998,4302.58,9,2.25,0.0,0.25,0.5,0.5,0.0
CUST_01268,73.5,45.227204202780435,7,441,0.01583710407239819,5,0,0.6153361032305351,24,Female,Ankara,5360.47,765.7814285714286,1940.05,25,3.5714285714285716,21.56142857142857,0.42857142857142855,0.5714285714285714,0.5714285714285714,0.028156113139875275
CUST_01269,70.8,42.481760792132896,6,354,0.016901408450704224,86,0,0.6000248614704525,26,Male,Gaziantep,3566.3599999999997,594.3933333333333,1653.57,17,2.8333333333333335,11.280000000000001,0.3333333333333333,0.5,0.6666666666666666,0.018977332598541934
CUST_01270,64.0,62.92535260131643,7,384,0.01818181818181818,53,0,0.9832086190329347,49,Female,Izmir,8096.639999999999,1156.662857142857,3661.7,25,3.5714285714285716,2.717142857142857,0.42857142857142855,0.42857142857142855,0.5714285714285714,0.002349122596973083
CUST_01271,72.0,0.0,2,72,0.0273972602739726,229,1,0.0,48,Male,Bursa,869.95,434.975,785.86,2,1.0,14.445,0.5,0.5,1.0,0.03320880502739512
CUST_01272,158.0,79.19595949289332,3,316,0.00946372239747634,74,0,0.5012402467826144,42,Female,Konya,2241.87,747.29,1670.66,9,3.0,0.0,0.6666666666666666,0.6666666666666666,0.3333333333333333,0.0
CUST_01273,112.0,151.32085117392117,3,224,0.013333333333333334,61,0,1.3510790162753763,21,Male,Konya,4870.45,1623.4833333333333,4685.94,9,3.0,137.71666666666667,0.3333333333333333,0.6666666666666666,0.3333333333333333,0.08482789059440428
CUST_01274,87.0,118.71253795057481,5,348,0.014326647564469915,72,0,1.3645119147823321,31,Male,Konya,11306.929999999998,2261.3859999999995,9396.55,9,1.8,233.91000000000003,0.2,0.4,0.4,0.10343656496350624
CUST_01275,159.0,108.89444430272832,3,318,0.009404388714733543,4,0,0.6848707145777208,49,Male,Ankara,3667.29,1222.43,3227.34,11,3.6666666666666665,0.0,0.3333333333333333,0.6666666666666666,0.6666666666666666,0.0
CUST_01276,78.0,74.95331880577403,3,156,0.01910828025477707,281,0,0.9609399723696674,36,Male,Istanbul,306.4,102.13333333333333,194.78,5,1.6666666666666667,15.696666666666665,0.6666666666666666,0.6666666666666666,0.6666666666666666,0.15368798805135783
CUST_01277,147.33333333333334,107.50968948580092,4,442,0.009029345372460496,1,0,0.7297037698377634,62,Female,Ankara,4313.88,1078.47,2233.19,11,2.75,145.475,0.25,0.5,0.75,0.1348901683543444
CUST_01278,29.142857142857142,17.36306973078754,8,204,0.03902439024390244,179,0,0.5957915879655473,39,Male,Ankara,5567.3,695.9125,2579.07,19,2.375,27.305,0.375,0.5,0.5,0.03923625450148366
CUST_01279,50.666666666666664,35.17195852759221,7,304,0.022950819672131147,105,0,0.6941833782909639,37,Male,Konya,2848.52,406.93142857142857,753.94,24,3.4285714285714284,6.934285714285714,0.2857142857142857,0.2857142857142857,0.5714285714285714,0.017040427969864002
CUST_01280,213.0,240.41630560342617,3,426,0.00702576112412178,22,0,1.1287150444822118,31,Male,Antalya,6263.16,2087.72,3717.21,7,2.3333333333333335,31.94333333333333,0.6666666666666666,0.6666666666666666,1.0,0.01530058308491213
CUST_01281,72.83333333333333,115.09720529477103,7,437,0.01598173515981735,10,0,1.5802819731966462,36,Male,Istanbul,6879.75,982.8214285714286,3647.45,28,4.0,0.0,0.42857142857142855,0.2857142857142857,0.42857142857142855,0.0
CUST_01282,48.5,65.81717101182639,7,291,0.023972602739726026,60,0,1.3570550444282752,33,Female,Istanbul,22438.73,3205.532857142857,13648.29,20,2.857142857142857,372.11,0.2857142857142857,0.2857142857142857,0.7142857142857143,0.11608366423533839
CUST_01283,115.66666666666667,122.69610154089384,4,347,0.011494252873563218,57,0,1.0607732029981611,43,Female,Istanbul,6297.49,1574.3725,5771.45,14,3.5,3.27,0.25,0.75,0.5,0.0020770179852118743
CUST_01284,377.0,0.0,2,377,0.005291005291005291,63,1,0.0,46,Male,Antalya,240.95,120.475,157.4,8,4.0,12.795,0.5,0.5,0.5,0.10620460588334008
CUST_01285,102.33333333333333,57.838856604650594,4,307,0.012987012987012988,59,0,0.5652005476167757,25,Female,Adana,9653.58,2413.395,6483.16,10,2.5,0.0,0.5,0.5,0.5,0.0
CUST_01286,143.0,183.84776310850236,3,286,0.010452961672473868,106,0,1.2856486840758998,19,Female,Konya,2971.8599999999997,990.6199999999999,2534.18,7,2.3333333333333335,0.0,0.3333333333333333,1.0,0.6666666666666666,0.0
CUST_01287,103.0,0.0,2,103,0.019230769230769232,30,1,0.0,18,Male,Kayseri,784.42,392.21,553.93,8,4.0,18.26,0.5,0.5,1.0,0.04655669144958902
CUST_01288,72.0,63.63961030678928,3,144,0.020689655172413793,169,0,0.8838834642070252,41,Female,Istanbul,692.4200000000001,230.8066666666667,600.7,7,2.3333333333333335,4.223333333333334,0.3333333333333333,0.3333333333333333,0.6666666666666666,0.018298142666453267
CUST_01289,89.5,113.84419177103415,3,179,0.016666666666666666,155,0,1.2720021284808047,21,Female,Ankara,1113.32,371.1066666666666,597.8,9,3.0,0.0,0.3333333333333333,0.6666666666666666,0.6666666666666666,0.0
CUST_01290,288.0,0.0,2,288,0.006920415224913495,142,1,0.0,18,Female,Istanbul,460.57,230.285,358.31,3,1.5,45.71,0.5,0.5,1.0,0.19849317064292868
CUST_01291,124.66666666666667,155.93695307185314,4,374,0.010666666666666666,60,0,1.2508311643397485,39,Female,Ankara,4330.97,1082.7425,3953.51,14,3.5,126.6775,0.25,0.75,0.5,0.11699688511627011
CUST_01292,149.0,93.33809511662427,3,298,0.010033444816053512,63,0,0.6264301643637189,64,Male,Kayseri,1735.43,578.4766666666667,1302.95,6,2.0,62.053333333333335,0.6666666666666666,0.6666666666666666,1.0,0.10727024407679323
CUST_01293,134.33333333333334,166.35604387377495,4,403,0.009900990099009901,34,0,1.238382451380093,34,Female,Bursa,4210.64,1052.66,2704.5,6,1.5,172.74,0.5,0.75,0.5,0.1640985691827384
CUST_01294,64.66666666666667,40.85910751187141,7,388,0.017994858611825194,24,0,0.631841858969529,45,Female,Adana,4314.84,616.4057142857143,2702.34,14,2.0,20.65285714285714,0.2857142857142857,0.42857142857142855,0.7142857142857143,0.03350529794047123
CUST_01295,42.625,45.3145750756389,9,341,0.02631578947368421,21,0,1.0630985105581323,35,Female,Izmir,15279.78,1697.7533333333333,5527.76,17,1.8888888888888888,109.76,0.3333333333333333,0.4444444444444444,0.6666666666666666,0.06465014544830806
CUST_01296,63.0,0.0,2,63,0.03125,117,1,0.0,33,Female,Istanbul,1606.02,803.01,1482.06,3,1.5,0.0,0.5,0.5,0.5,0.0
CUST_01297,57.5,23.33452377915607,3,115,0.02586206896551724,109,0,0.40581779779718735,46,Male,Istanbul,3384.55,1128.1833333333334,2470.48,4,1.3333333333333333,6.676666666666667,0.3333333333333333,0.6666666666666666,0.6666666666666666,0.00591806886653936
CUST_01298,71.0,72.24403089529265,7,426,0.01639344262295082,4,0,1.017521547574241,31,Other,Bursa,6619.32,945.6171428571428,3309.04,27,3.857142857142857,3.2785714285714285,0.14285714285714285,0.5714285714285714,0.7142857142857143,0.0034671235075098557
CUST_01299,97.5,50.204581464244875,3,195,0.015306122448979591,225,0,0.5149187789674472,38,Female,Adana,4764.5,1588.1666666666667,3373.8,9,3.0,25.883333333333336,0.3333333333333333,0.3333333333333333,0.6666666666666666,0.01629761778803802
CUST_01300,149.0,162.63455967290594,3,298,0.010033444816053512,117,0,1.0915071045731466,38,Male,Istanbul,901.76,300.58666666666664,404.9,12,4.0,15.713333333333333,0.3333333333333333,0.6666666666666666,1.0,0.05227554986157443
CUST_01301,32.0,23.11709324287982,7,192,0.03626943005181347,79,0,0.7224091412647088,26,Male,Adana,7409.26,1058.4657142857143,4210.92,15,2.142857142857143,4.025714285714286,0.42857142857142855,0.5714285714285714,0.5714285714285714,0.003803348778876238
CUST_01302,75.66666666666667,75.0821772016058,4,227,0.017543859649122806,125,0,0.9922754565109737,46,Female,Gaziantep,4577.4800000000005,1144.3700000000001,3926.55,13,3.25,5.1675,0.25,0.75,1.0,0.004515584990417797
CUST_01303,285.0,0.0,2,285,0.006993006993006993,34,1,0.0,32,Male,Izmir,1190.12,595.06,635.64,8,4.0,0.0,0.5,0.5,0.5,0.0
CUST_01304,42.25,50.93062508381938,9,338,0.02654867256637168,27,0,1.205458553333984,25,Male,Adana,5034.969999999999,559.441111111111,3368.85,23,2.5555555555555554,13.448888888888888,0.3333333333333333,0.2222222222222222,0.7777777777777778,0.02403986513993951
CUST_01305,78.33333333333333,39.87898360456712,4,235,0.01694915254237288,211,0,0.5090934012188134,41,Male,Izmir,1211.43,302.8575,640.72,8,2.0,10.1025,0.5,0.5,0.5,0.03335727187420726
CUST_01306,85.25,66.76513561233388,5,341,0.014619883040935672,26,0,0.7831687369990046,24,Male,Antalya,2718.86,543.772,1265.0,9,1.8,40.660000000000004,0.2,0.4,0.4,0.07477398601845262
CUST_01307,51.125,55.8989841461491,9,409,0.02195121951219512,4,0,1.0933786416189821,35,Male,Adana,23357.66,2595.2955555555554,14500.64,27,3.0,24.79222222222222,0.3333333333333333,0.3333333333333333,0.6666666666666666,0.009552754852756022
CUST_01308,84.0,57.5441859211974,5,336,0.01483679525222552,56,0,0.6850498242398522,34,Male,Eskisehir,9601.88,1920.3759999999997,6061.61,17,3.4,269.66600000000005,0.2,0.8,0.8,0.1404235419832244
CUST_01309,71.6,59.180233186428055,6,358,0.016713091922005572,43,0,0.8265395580990015,48,Male,Ankara,4072.4700000000003,678.745,1498.86,20,3.3333333333333335,72.13333333333334,0.3333333333333333,0.3333333333333333,0.5,0.1062745703129434
CUST_01310,79.5,47.37615433949868,3,159,0.01875,286,0,0.5959264621832984,40,Female,Izmir,3376.55,1125.5166666666667,1737.88,8,2.6666666666666665,100.69333333333333,0.3333333333333333,0.6666666666666666,1.0,0.08946409789033412
CUST_01311,60.5,55.24762438331625,7,363,0.019230769230769232,10,0,0.9131838590104527,34,Female,Istanbul,7012.97,1001.8528571428571,2284.28,16,2.2857142857142856,9.950000000000001,0.42857142857142855,0.8571428571428571,1.0,0.009931598157482326
CUST_01312,169.0,0.0,2,169,0.011764705882352941,228,1,0.0,44,Male,Istanbul,3908.7299999999996,1954.3649999999998,3697.99,7,3.5,95.965,0.5,0.5,0.5,0.04910290552220138
CUST_01313,117.0,101.82337649086284,3,234,0.01276595744680851,11,0,0.8702852617143383,51,Male,Antalya,688.49,229.49666666666667,407.37,5,1.6666666666666667,25.906666666666666,0.3333333333333333,0.6666666666666666,0.3333333333333333,0.11288471824041867
CUST_01314,95.0,117.75822688882505,4,285,0.013986013986013986,83,0,1.2395602699922608,41,Female,Kayseri,2570.76,642.69,1934.18,9,2.25,0.0,0.25,0.5,0.75,0.0
CUST_01315,72.0,0.0,2,72,0.0273972602739726,282,1,0.0,35,Male,Ankara,151.51,75.755,82.64,5,2.5,10.04,1.0,0.5,0.5,0.13253250435571903
CUST_01316,93.33333333333333,99.55065712155462,4,280,0.014234875444839857,168,0,1.066614172017219,19,Male,Istanbul,8290.04,2072.51,3361.82,13,3.25,0.0,0.5,0.5,0.75,0.0
CUST_01317,7.0,0.0,2,7,0.25,95,1,0.0,22,Male,Ankara,2329.0,1164.5,1799.52,6,3.0,0.0,0.5,0.5,1.0,0.0
CUST_01318,191.0,77.78174593052023,3,382,0.007832898172323759,61,0,0.40723426975542387,31,Female,Izmir,793.1,264.3666666666667,439.66,8,2.6666666666666665,8.799999999999999,0.6666666666666666,0.6666666666666666,0.6666666666666666,0.03328710112235367
CUST_01319,59.6,72.76881200074658,6,298,0.020066889632107024,145,0,1.2209532010032447,27,Female,Ankara,6300.92,1050.1533333333334,4031.94,18,3.0,18.863333333333333,0.3333333333333333,0.5,0.6666666666666666,0.017962456259121722
CUST_01320,60.333333333333336,21.1266025033211,4,181,0.02197802197802198,111,0,0.3501646765716534,32,Female,Istanbul,11745.44,2936.36,8132.88,11,2.75,4.085,0.25,0.5,0.75,0.001391178192935751
CUST_01321,53.5,70.0035713374682,3,107,0.027777777777777776,138,0,1.3084779444671077,35,Female,Adana,2761.2799999999997,920.4266666666666,1687.81,8,2.6666666666666665,25.33,0.3333333333333333,0.3333333333333333,0.6666666666666666,0.027519845838683676
CUST_01322,49.0,22.538855339169288,4,147,0.02702702702702703,34,0,0.45997663018760526,41,Female,Istanbul,10233.32,2558.33,6709.84,13,3.25,159.4225,0.5,0.5,0.5,0.06231506488126432
CUST_01323,61.25,101.2237620324398,5,245,0.02032520325203252,47,0,1.652632822527461,34,Male,Bursa,4347.18,869.436,2231.16,13,2.6,0.0,0.2,0.4,0.8,0.0
CUST_01324,101.0,45.254833995939045,3,202,0.014778325123152709,100,0,0.4480676588898157,40,Female,Gaziantep,777.29,259.09666666666664,527.31,9,3.0,38.93,0.6666666666666666,0.6666666666666666,0.3333333333333333,0.15025280081982478
CUST_01325,103.25,124.84490378065098,5,413,0.012077294685990338,23,0,1.209151598755442,35,Male,Ankara,3311.07,662.214,1585.88,14,2.8,72.47200000000001,0.4,0.6,0.6,0.10943894253301963
CUST_01326,60.666666666666664,25.08917429224538,7,364,0.019178082191780823,14,0,0.4135578111871578,18,Female,Bursa,3977.46,568.2085714285714,2417.96,20,2.857142857142857,13.264285714285714,0.2857142857142857,0.2857142857142857,0.7142857142857143,0.023344043645087995
CUST_01327,68.2,54.71471465702805,6,341,0.017543859649122806,64,0,0.8022685315947143,23,Female,Antalya,3228.45,538.0749999999999,2350.34,15,2.5,29.41,0.3333333333333333,0.5,0.6666666666666666,0.05465780782482404
CUST_01328,129.0,0.0,2,129,0.015384615384615385,289,1,0.0,33,Female,Antalya,2346.81,1173.405,1909.16,9,4.5,10.825,0.5,0.5,0.5,0.009225288788418926
CUST_01329,64.0,22.022715545545243,6,320,0.018691588785046728,1,0,0.34410492502250495,20,Male,Izmir,3607.09,601.1816666666667,1362.18,17,2.8333333333333335,45.435,0.16666666666666666,0.6666666666666666,0.8333333333333334,0.07557615683183481
CUST_01330,102.5,74.24621202458749,3,205,0.014563106796116505,130,0,0.7243532809778948,42,Male,Ankara,6540.47,2180.1566666666668,3989.15,12,4.0,9.403333333333334,0.3333333333333333,0.6666666666666666,0.6666666666666666,0.004313145689386323
CUST_01331,63.666666666666664,104.78295026704807,7,382,0.018276762402088774,14,0,1.6458054757263234,53,Female,Gaziantep,7072.62,1010.3742857142857,1823.7,23,3.2857142857142856,49.56285714285714,0.2857142857142857,0.42857142857142855,0.5714285714285714,0.04905395732509626
CUST_01332,95.66666666666667,121.9029668766652,4,287,0.013888888888888888,55,0,1.2742470272029773,49,Female,Adana,1771.98,442.995,825.99,12,3.0,13.905000000000001,0.25,0.5,0.5,0.03138861605348003
CUST_01333,63.2,61.046703432699786,6,316,0.01892744479495268,33,0,0.9659288364995403,32,Female,Ankara,2143.46,357.24333333333334,957.28,14,2.3333333333333335,2.2916666666666665,0.3333333333333333,0.6666666666666666,0.5,0.006414861934214227
CUST_01334,87.6,67.62617836311615,6,438,0.01366742596810934,8,0,0.7719883286658428,52,Male,Istanbul,8718.68,1453.1133333333335,7133.58,17,2.8333333333333335,23.791666666666668,0.3333333333333333,0.6666666666666666,0.8333333333333334,0.016372891297967426
CUST_01335,48.5,38.890872965260115,3,97,0.030612244897959183,187,0,0.8018736528533291,36,Female,Istanbul,376.24,125.41333333333334,184.64,7,2.3333333333333335,0.0,0.6666666666666666,0.3333333333333333,1.0,0.0
CUST_01336,98.25,154.1025091727365,5,393,0.012690355329949238,28,0,1.5684733598398284,30,Female,Istanbul,1641.99,328.398,736.88,11,2.2,1.478,0.6,0.6,0.6,0.004500636409172296
CUST_01337,80.5,65.76093065034893,3,161,0.018518518518518517,289,0,0.8169059606638878,27,Female,Bursa,261.98,87.32666666666667,176.8,9,3.0,0.0,0.6666666666666666,0.6666666666666666,1.0,0.0
CUST_01338,48.6,18.17415747703315,6,243,0.02459016393442623,114,0,0.37395384985759883,31,Female,Istanbul,7080.67,1180.1116666666667,3433.4,18,3.0,68.63333333333334,0.3333333333333333,0.5,0.6666666666666666,0.058158338074087615
CUST_01339,46.857142857142854,30.75401638501098,8,328,0.0243161094224924,5,0,0.6563357015266067,30,Female,Ankara,4686.1900000000005,585.7737500000001,1283.73,19,2.375,54.025,0.375,0.375,0.5,0.09222844128432103
CUST_01340,66.0,0.0,2,66,0.029850746268656716,107,1,0.0,37,Female,Adana,607.57,303.785,474.92,5,2.5,15.395,0.5,0.5,1.0,0.05067728804688418
CUST_01341,66.0,0.0,2,66,0.029850746268656716,148,1,0.0,36,Female,Ankara,6333.59,3166.795,5603.35,7,3.5,0.0,0.5,0.5,1.0,0.0
CUST_01342,50.857142857142854,56.93103597461456,8,356,0.022408963585434174,10,0,1.1194304606356424,35,Female,Adana,8688.81,1086.10125,4010.85,29,3.625,39.481249999999996,0.375,0.625,0.5,0.036351353028687375
CUST_01343,384.0,0.0,2,384,0.005194805194805195,39,1,0.0,40,Male,Adana,3329.84,1664.92,3190.78,7,3.5,115.26,0.5,1.0,1.0,0.06922855148041433
CUST_01344,77.75,98.44245357906652,5,311,0.016025641025641024,43,0,1.2661408657611017,49,Male,Istanbul,1039.29,207.858,406.49,13,2.6,3.9859999999999998,0.2,0.8,0.6,0.01917655313157755
CUST_01345,109.0,94.75230867899737,3,218,0.0136986301369863,185,0,0.8692872276120196,46,Female,Adana,1633.42,544.4733333333334,1260.33,7,2.3333333333333335,183.23666666666668,0.3333333333333333,0.6666666666666666,0.6666666666666666,0.3365392850524557
CUST_01346,81.8,66.45073363026175,6,409,0.014634146341463415,23,0,0.8123561469181615,18,Female,Adana,1470.45,245.07500000000002,540.9,18,3.0,2.5,0.5,0.5,0.8333333333333334,0.010200958848511847
CUST_01347,108.5,50.204581464244875,3,217,0.013761467889908258,132,0,0.4627150322721645,18,Female,Ankara,1331.99,443.99666666666667,876.24,7,2.3333333333333335,0.0,0.6666666666666666,0.3333333333333333,0.6666666666666666,0.0
CUST_01348,87.75,124.8689312839667,5,351,0.014204545454545454,22,0,1.423007747703236,46,Female,Istanbul,11095.92,2219.184,7421.79,19,3.8,407.002,0.4,0.6,0.6,0.18340164664876746
CUST_01349,62.166666666666664,57.593113014202196,7,373,0.01871657754010695,46,0,0.9264307574440447,18,Male,Bursa,14557.44,2079.634285714286,7066.5,20,2.857142857142857,142.54285714285714,0.42857142857142855,0.5714285714285714,1.0,0.0685422711355983
CUST_01350,90.0,0.0,2,90,0.02197802197802198,130,1,0.0,32,Female,Kayseri,298.69,149.345,258.29,2,1.0,3.27,0.5,0.5,0.5,0.021895610687364085
CUST_01351,35.0,0.0,2,35,0.05555555555555555,224,1,0.0,20,Female,Antalya,858.5,429.25,538.15,6,3.0,24.475,0.5,0.5,1.0,0.05701805461381933
CUST_01352,74.2,97.10664240926056,6,371,0.016129032258064516,61,0,1.3087148396299961,18,Male,Istanbul,7474.1900000000005,1245.6983333333335,4658.9,14,2.3333333333333335,7.54,0.3333333333333333,0.5,0.6666666666666666,0.0060528298001098465
CUST_01353,165.0,74.95331880577403,3,330,0.00906344410876133,94,0,0.45426253546370604,41,Male,Antalya,2777.86,925.9533333333334,1879.96,8,2.6666666666666665,9.063333333333334,0.3333333333333333,0.6666666666666666,0.6666666666666666,0.009788110261365106
CUST_01354,31.5,40.30508652763321,3,63,0.046875,343,0,1.2795265158129108,44,Female,Izmir,7867.58,2622.5266666666666,6372.42,13,4.333333333333333,167.18666666666667,0.3333333333333333,0.6666666666666666,0.6666666666666666,0.06375022558509089
CUST_01355,121.0,0.0,2,121,0.01639344262295082,314,1,0.0,28,Male,Bursa,3026.5499999999997,1513.2749999999999,2955.99,7,3.5,64.585,0.5,0.5,1.0,0.04267895786114291
CUST_01356,116.0,38.18376618407357,3,232,0.012875536480686695,80,0,0.32917039530088943,18,Female,Adana,1580.2,526.7333333333333,1089.66,8,2.6666666666666665,0.0,0.3333333333333333,0.6666666666666666,1.0,0.0
CUST_01357,95.66666666666667,71.80761333823409,4,287,0.013888888888888888,142,0,0.750602222170368,28,Male,Izmir,1920.4299999999998,480.10749999999996,1128.34,10,2.5,37.595,0.5,0.25,0.5,0.07830537936127768
CUST_01358,60.2,28.03034070431539,6,301,0.019867549668874173,121,0,0.4656202697457661,39,Female,Gaziantep,3993.87,665.645,2394.42,13,2.1666666666666665,8.446666666666667,0.6666666666666666,0.5,0.5,0.012689446557815684
CUST_01359,128.0,0.0,2,128,0.015503875968992248,226,1,0.0,18,Female,Adana,3928.21,1964.105,3080.41,6,3.0,184.72,0.5,0.5,0.5,0.09404792508850192
CUST_01360,157.5,45.96194077712559,3,315,0.00949367088607595,0,0,0.2918218443511349,37,Female,Bursa,684.78,228.26,327.9,6,2.0,0.0,0.3333333333333333,0.6666666666666666,0.6666666666666666,0.0
CUST_01361,91.66666666666667,32.624121954978854,4,275,0.014492753623188406,37,0,0.35589950835359285,34,Male,Istanbul,1320.41,330.1025,906.0,16,4.0,10.5025,0.75,0.5,0.5,0.03181587527566172
CUST_01362,52.0,43.16634491514579,8,364,0.021917808219178082,51,0,0.830122001635073,41,Female,Gaziantep,3410.8,426.35,1497.18,23,2.875,43.015,0.375,0.375,0.625,0.1008912862650609
CUST_01363,126.33333333333333,87.04787954530158,4,379,0.010526315789473684,9,0,0.6890333418701972,36,Male,Kayseri,5599.76,1399.94,2864.74,11,2.75,179.385,0.25,0.25,0.75,0.12813763437851788
CUST_01364,27.0,0.0,2,27,0.07142857142857142,409,1,0.0,23,Male,Istanbul,496.97,248.485,251.11,3,1.5,20.845,0.5,0.5,0.5,0.08388836314510588
CUST_01365,39.25,40.21637903711799,9,314,0.02857142857142857,99,0,1.0246210958597934,49,Other,Izmir,11086.35,1231.8166666666666,3428.0,33,3.6666666666666665,128.0188888888889,0.2222222222222222,0.3333333333333333,0.5555555555555556,0.10392690101473055
CUST_01366,92.0,0.0,2,92,0.021505376344086023,139,1,0.0,33,Female,Ankara,4375.05,2187.525,4091.43,7,3.5,507.025,0.5,0.5,1.0,0.23178020812023623
CUST_01367,160.0,179.60512242138307,3,320,0.009345794392523364,41,0,1.1225320081178192,34,Female,Adana,1481.41,493.80333333333334,857.4,9,3.0,37.196666666666665,0.3333333333333333,0.6666666666666666,0.3333333333333333,0.07532688436963389
CUST_01368,37.666666666666664,35.13308032799477,4,113,0.03508771929824561,215,0,0.9327366211130483,23,Male,Adana,2301.2,575.3,951.55,12,3.0,20.2,0.25,0.75,0.5,0.03511211535701006
CUST_01369,34.0,0.0,2,34,0.05714285714285714,53,1,0.0,29,Male,Istanbul,76.97,38.485,54.75,2,1.0,5.82,0.5,0.5,1.0,0.1512277471423218
CUST_01370,89.5,73.16875471583937,5,358,0.013927576601671309,11,0,0.8175279765174458,24,Male,Konya,18946.88,3789.376,14322.0,22,4.4,68.77000000000001,0.2,0.4,0.6,0.01814810670196146
CUST_01371,32.25,33.902170179166156,9,258,0.03474903474903475,184,0,1.051230050478639,32,Female,Istanbul,28816.920000000002,3201.88,19525.2,29,3.2222222222222223,6.562222222222222,0.2222222222222222,0.3333333333333333,0.6666666666666666,0.0020494903682126537
CUST_01372,41.3,44.77859111475284,11,413,0.026570048309178744,18,0,1.0842273615139344,55,Female,Gaziantep,5712.27,519.2972727272728,1582.7,29,2.6363636363636362,12.156363636363636,0.18181818181818182,0.36363636363636365,0.6363636363636364,0.023409257570545187
CUST_01373,208.5,289.20667350529794,3,417,0.007177033492822967,26,0,1.3870823602792115,18,Female,Izmir,1768.12,589.3733333333333,1614.5,7,2.3333333333333335,64.88333333333333,0.6666666666666666,0.6666666666666666,0.6666666666666666,0.1100886815768918
CUST_01374,96.75,23.41473894793619,5,387,0.01288659793814433,1,0,0.24201280316199883,18,Female,Ankara,2848.4,569.6800000000001,1730.75,16,3.2,6.642,0.4,0.6,1.0,0.011659177061404336
CUST_01375,115.0,148.49242404917499,3,230,0.012987012987012988,22,0,1.2912384587646655,52,Male,Istanbul,5301.33,1767.11,3725.7,11,3.6666666666666665,46.24333333333333,0.6666666666666666,0.3333333333333333,0.6666666666666666,0.026168904769462244
CUST_01376,85.5,40.58324777540605,5,342,0.014577259475218658,99,0,0.4746578631666455,32,Male,Istanbul,3556.61,711.322,2944.15,11,2.2,81.902,0.4,0.4,0.4,0.11514054097140178
CUST_01377,163.0,84.8528137423857,3,326,0.009174311926605505,9,0,0.5205694062688117,26,Male,Antalya,2081.02,693.6733333333333,1798.78,6,2.0,0.0,0.3333333333333333,0.6666666666666666,0.6666666666666666,0.0
CUST_01378,116.0,0.0,2,116,0.017094017094017096,20,1,0.0,47,Male,Bursa,2999.6099999999997,1499.8049999999998,2132.85,4,2.0,0.0,0.5,0.5,1.0,0.0
CUST_01379,86.0,0.0,2,86,0.022988505747126436,306,1,0.0,27,Male,Istanbul,501.92999999999995,250.96499999999997,470.4,6,3.0,3.565,0.5,1.0,1.0,0.01420516799471971
CUST_01380,97.0,0.0,2,97,0.02040816326530612,117,1,0.0,56,Female,Istanbul,672.03,336.015,523.25,7,3.5,4.8,0.5,1.0,0.5,0.014285076516568974
CUST_01381,169.5,68.58935777509511,3,339,0.008823529411764706,51,0,0.40465697563680314,43,Male,Istanbul,1603.1100000000001,534.37,1189.4,10,3.3333333333333335,13.486666666666666,0.3333333333333333,0.6666666666666666,0.6666666666666666,0.025238442729622217
CUST_01382,44.166666666666664,31.13465379069866,7,265,0.02631578947368421,36,0,0.704935541564448,29,Female,Adana,8710.81,1244.4014285714286,4605.63,17,2.4285714285714284,185.24142857142857,0.2857142857142857,0.42857142857142855,0.5714285714285714,0.14885986480682978
CUST_01383,61.142857142857146,59.683690042949394,8,428,0.018648018648018648,12,0,0.9761351015600468,60,Male,Adana,21281.68,2660.21,12006.63,24,3.0,163.32625,0.25,0.375,0.5,0.06139599878904447
CUST_01384,65.0,109.35492672943455,6,325,0.018404907975460124,47,0,1.6823834622623246,27,Other,Istanbul,2302.92,383.82,1247.97,16,2.6666666666666665,13.181666666666667,0.5,0.5,0.8333333333333334,0.03434335530280681
CUST_01385,99.0,0.0,2,99,0.02,96,1,0.0,43,Female,Bursa,578.6700000000001,289.33500000000004,528.73,3,1.5,0.0,0.5,1.0,0.5,0.0
CUST_01386,128.66666666666666,136.0600357685288,4,386,0.0103359173126615,20,0,1.0574614096715083,38,Female,Istanbul,1073.68,268.42,557.46,10,2.5,0.0,0.5,0.5,0.75,0.0
CUST_01387,80.4,80.29508079577478,6,402,0.01488833746898263,3,0,0.9986950223517382,50,Male,Konya,9198.42,1533.07,6804.6,13,2.1666666666666665,127.415,0.16666666666666666,0.3333333333333333,0.5,0.0831110124892464
CUST_01388,62.666666666666664,49.38690784678331,7,376,0.01856763925729443,25,0,0.788088942425974,53,Female,Konya,1146.5,163.78571428571428,365.65,18,2.5714285714285716,3.442857142857143,0.2857142857142857,0.42857142857142855,0.5714285714285714,0.0210204970369442
CUST_01389,104.0,46.89349635077342,4,312,0.012779552715654952,35,0,0.45089899903725406,35,Female,Antalya,3788.89,947.2225,2733.12,8,2.0,8.1875,0.5,0.75,1.0,0.008643692470730276
CUST_01390,61.5,72.8319984622144,3,123,0.024193548387096774,311,0,1.18426011834072,25,Male,Kayseri,2282.9300000000003,760.9766666666668,1807.67,8,2.6666666666666665,159.08666666666667,0.3333333333333333,0.6666666666666666,1.0,0.20905590595105072
CUST_01391,8.0,0.0,2,8,0.2222222222222222,230,1,0.0,40,Male,Gaziantep,8076.98,4038.49,6578.58,5,2.5,0.0,0.5,0.5,1.0,0.0
CUST_01392,337.0,0.0,2,337,0.005917159763313609,23,1,0.0,26,Male,Gaziantep,375.41999999999996,187.70999999999998,234.5,4,2.0,0.0,1.0,0.5,1.0,0.0
CUST_01393,69.0,78.64159204899148,6,345,0.017341040462427744,1,0,1.1397332015834534,59,Female,Bursa,7119.9800000000005,1186.6633333333334,2673.83,15,2.5,0.6783333333333333,0.3333333333333333,0.3333333333333333,0.6666666666666666,0.0005716308187059815
CUST_01394,189.0,0.0,2,189,0.010526315789473684,20,1,0.0,36,Female,Ankara,1479.62,739.81,1199.06,6,3.0,0.0,0.5,0.5,1.0,0.0
CUST_01395,52.625,38.25455154992297,9,421,0.02132701421800948,22,0,0.7269273315533614,30,Female,Istanbul,6214.5,690.5,2624.46,31,3.4444444444444446,36.42777777777778,0.3333333333333333,0.4444444444444444,0.4444444444444444,0.05275565202754833
CUST_01396,30.0,0.0,2,30,0.06451612903225806,187,1,0.0,37,Male,Ankara,6872.87,3436.435,6791.8,6,3.0,0.0,0.5,0.5,1.0,0.0
CUST_01397,94.0,39.68626966596886,4,282,0.014134275618374558,168,0,0.4221943536571756,18,Male,Antalya,741.6800000000001,185.42000000000002,390.25,10,2.5,0.8125,0.5,0.5,1.0,0.00438194367176171
CUST_01398,131.0,196.2956953170395,4,393,0.01015228426395939,16,0,1.4984404108290008,23,Female,Istanbul,7352.57,1838.1425,3459.43,11,2.75,12.115,0.5,0.5,0.5,0.006590892704678286
CUST_01399,199.0,0.0,2,199,0.01,55,1,0.0,49,Male,Ankara,18429.7,9214.85,18284.96,6,3.0,0.0,0.5,0.5,0.5,0.0
CUST_01400,121.5,54.44722215136416,3,243,0.012295081967213115,110,0,0.4481252815081389,27,Female,Izmir,1323.92,441.3066666666667,820.6,6,2.0,6.68,0.3333333333333333,0.6666666666666666,0.3333333333333333,0.015136866241607802
CUST_01401,105.5,37.476659402887016,3,211,0.014150943396226415,144,0,0.3552289957123983,22,Female,Istanbul,4347.71,1449.2366666666667,2311.94,8,2.6666666666666665,164.14333333333332,0.3333333333333333,0.6666666666666666,0.6666666666666666,0.11326192401522046
CUST_01402,58.2,66.7510299546007,6,291,0.02054794520547945,72,0,1.146924893602677,41,Male,Bursa,2525.7200000000003,420.9533333333334,931.6,17,2.8333333333333335,28.88,0.16666666666666666,0.3333333333333333,0.8333333333333334,0.06860617946104988
CUST_01403,46.5,20.127096164126606,7,279,0.025,68,0,0.4328407684147492,49,Female,Kayseri,9447.73,1349.6757142857143,2327.28,29,4.142857142857143,29.244285714285716,0.2857142857142857,0.2857142857142857,0.5714285714285714,0.02166763866540709
CUST_01404,94.5,73.48696029455384,5,378,0.013192612137203167,0,0,0.7776397832477678,43,Male,Adana,1309.08,261.816,386.76,12,2.4,1.576,0.4,1.0,0.6,0.006019494583908186
CUST_01405,42.42857142857143,38.95235184537275,8,297,0.026845637583892617,84,0,0.9180688770745021,46,Female,Antalya,7218.0,902.25,3948.68,21,2.625,16.62875,0.375,0.375,0.625,0.018430313085696523
CUST_01406,407.0,0.0,2,407,0.004901960784313725,8,1,0.0,25,Male,Bursa,286.93,143.465,150.74,5,2.5,6.935,0.5,0.5,0.5,0.04833931587258693
CUST_01407,199.0,0.0,2,199,0.01,216,1,0.0,18,Female,Izmir,487.01,243.505,271.66,7,3.5,0.0,0.5,0.5,1.0,0.0
CUST_01408,132.5,115.25840533340725,3,265,0.011278195488721804,44,0,0.8698747506681699,53,Male,Istanbul,2468.42,822.8066666666667,2209.23,3,1.0,20.856666666666666,0.6666666666666666,0.6666666666666666,0.6666666666666666,0.02534819841192155
CUST_01409,104.33333333333333,85.81569398037479,4,313,0.012738853503184714,55,0,0.822514630906008,31,Male,Konya,1772.17,443.0425,768.28,13,3.25,17.7175,0.5,0.5,0.5,0.03999052000656705
CUST_01410,118.33333333333333,97.90471558272019,4,355,0.011235955056179775,46,0,0.8273637866649837,31,Female,Istanbul,3827.52,956.88,1961.08,17,4.25,79.71,0.5,0.5,0.5,0.08330198135262312
CUST_01411,134.0,0.0,2,134,0.014814814814814815,13,1,0.0,50,Male,Istanbul,459.77,229.885,231.47,5,2.5,30.285,0.5,0.5,1.0,0.13173978236187756
CUST_01412,32.0,0.0,2,32,0.06060606060606061,238,1,0.0,41,Female,Adana,491.3,245.65,318.66,5,2.5,0.0,0.5,0.5,0.5,0.0
CUST_01413,56.0,0.0,2,56,0.03508771929824561,276,1,0.0,40,Male,Istanbul,1576.5,788.25,1066.74,6,3.0,80.59,0.5,0.5,0.5,0.10223913719982348
CUST_01414,145.5,103.94469683442249,3,291,0.010273972602739725,47,0,0.7143965369073949,60,Female,Ankara,4237.51,1412.5033333333333,3337.38,6,2.0,145.55666666666667,0.3333333333333333,0.6666666666666666,0.6666666666666666,0.10304872429583736
CUST_01415,134.66666666666666,94.2991693141214,4,404,0.009876543209876543,30,0,0.7002413510931688,27,Male,Istanbul,1462.32,365.58,665.28,10,2.5,0.0,0.5,0.25,0.5,0.0
CUST_01416,106.5,125.15790027001891,3,213,0.014018691588785047,101,0,1.1751915407965012,46,Female,Istanbul,1588.0,529.3333333333334,1325.0,7,2.3333333333333335,10.793333333333335,0.3333333333333333,0.3333333333333333,0.6666666666666666,0.020390428173065942
CUST_01417,194.5,201.52543263816605,3,389,0.007692307692307693,30,0,1.036120470961674,35,Male,Istanbul,1136.67,378.89000000000004,667.28,8,2.6666666666666665,14.579999999999998,0.6666666666666666,0.6666666666666666,0.6666666666666666,0.03848082546786447
CUST_01418,57.0,51.544155827794874,7,342,0.02040816326530612,107,0,0.9042834197107273,38,Male,Istanbul,15041.4,2148.7714285714287,5838.2,23,3.2857142857142856,2.6485714285714286,0.2857142857142857,0.5714285714285714,0.7142857142857143,0.0012325980288651198
CUST_01419,62.0,46.76002566295275,6,310,0.01929260450160772,123,0,0.754193950141271,53,Male,Antalya,8735.1,1455.8500000000001,5077.64,17,2.8333333333333335,0.0,0.5,0.6666666666666666,0.5,0.0
CUST_01420,73.8,65.93329962924652,6,369,0.016216216216216217,36,0,0.8934051319219701,41,Female,Gaziantep,4105.27,684.2116666666667,1292.51,25,4.166666666666667,102.79333333333334,0.3333333333333333,0.5,0.5,0.15023615964323492
CUST_01421,44.0,50.311032587296395,7,264,0.026415094339622643,40,0,1.1434325328150878,41,Male,Ankara,8355.07,1193.5814285714284,3513.54,18,2.5714285714285716,20.94142857142857,0.42857142857142855,0.5714285714285714,0.5714285714285714,0.017545035514625818
CUST_01422,128.5,170.41273426595797,3,257,0.011627906976744186,14,0,1.3261691279360999,47,Female,Konya,3691.54,1230.5133333333333,3275.64,11,3.6666666666666665,16.223333333333333,0.3333333333333333,0.6666666666666666,1.0,0.013184199537441663
CUST_01423,53.833333333333336,49.015983787604085,7,323,0.021604938271604937,15,0,0.9105136138159221,30,Female,Istanbul,5187.24,741.0342857142857,2131.5,24,3.4285714285714284,7.554285714285714,0.42857142857142855,0.2857142857142857,0.8571428571428571,0.010194245866518665
CUST_01424,62.333333333333336,46.918368826434424,4,187,0.02127659574468085,81,0,0.7527010920919786,24,Male,Ankara,1156.42,289.105,622.3,10,2.5,0.0,0.5,0.75,0.75,0.0
CUST_01425,55.0,39.18332978874221,5,220,0.02262443438914027,54,0,0.7124241650239646,22,Female,Istanbul,3435.21,687.042,1889.26,14,2.8,73.828,0.4,0.4,0.6,0.10745776807319236
CUST_01426,46.0,0.0,2,46,0.0425531914893617,154,1,0.0,18,Male,Antalya,1568.3600000000001,784.1800000000001,918.48,7,3.5,24.21,0.5,0.5,1.0,0.030873013809491423
CUST_01427,125.0,91.01648202386203,4,375,0.010638297872340425,7,0,0.7281318503658414,59,Male,Izmir,1980.02,495.005,988.2,13,3.25,31.965,0.5,0.75,0.5,0.06457510517151321
CUST_01428,116.5,115.25840533340725,3,233,0.01282051282051282,141,0,0.9893425265584955,21,Female,Bursa,2940.77,980.2566666666667,1388.4,12,4.0,37.526666666666664,0.3333333333333333,0.6666666666666666,0.6666666666666666,0.038282490601152935
CUST_01429,73.2,59.72185529603045,6,366,0.01634877384196185,23,0,0.8158723289639087,32,Female,Adana,8468.460000000001,1411.41,5066.22,16,2.6666666666666665,1.75,0.3333333333333333,0.5,0.6666666666666666,0.0012398948560376538
CUST_01430,96.0,55.154328932550705,3,192,0.015544041450777202,175,0,0.5745242537294422,31,Female,Bursa,1491.49,497.16333333333336,1310.35,14,4.666666666666667,0.4566666666666667,0.6666666666666666,0.3333333333333333,0.6666666666666666,0.0009185445408580456
CUST_01431,165.0,0.0,2,165,0.012048192771084338,203,1,0.0,38,Male,Antalya,389.28000000000003,194.64000000000001,334.55,4,2.0,17.135,0.5,0.5,0.5,0.08803431931753844
CUST_01432,49.55555555555556,46.27394275159377,10,446,0.02237136465324385,3,0,0.9337790949783231,44,Male,Kayseri,11904.98,1190.498,2894.05,29,2.9,58.676,0.3,0.4,0.4,0.049286937021912725
CUST_01433,119.66666666666667,96.39674959942027,4,359,0.011111111111111112,79,0,0.8055438617872681,45,Male,Ankara,2874.3,718.575,2436.5,12,3.0,13.625,0.25,0.5,0.75,0.0189611383377363
CUST_01434,135.0,0.0,2,135,0.014705882352941176,168,1,0.0,28,Female,Ankara,2058.09,1029.045,1731.75,5,2.5,92.095,0.5,0.5,0.5,0.0894956002026193
CUST_01435,30.4,32.59243265954026,11,304,0.036065573770491806,60,0,1.0721194601125263,32,Female,Adana,22395.309999999998,2035.9372727272726,6291.0,34,3.090909090909091,79.58818181818182,0.2727272727272727,0.2727272727272727,0.5454545454545454,0.039091666941426205
CUST_01436,57.5,30.01166439902992,7,345,0.02023121387283237,105,0,0.5219419804710946,38,Female,Bursa,4928.79,704.1128571428571,1488.56,22,3.142857142857143,20.67142857142857,0.5714285714285714,0.5714285714285714,0.5714285714285714,0.02935811827943434
CUST_01437,62.666666666666664,57.39628327107369,4,188,0.021164021164021163,257,0,0.915898122688972,32,Male,Istanbul,4491.47,1122.8675,3559.14,14,3.5,10.0075,0.5,0.5,1.0,0.008912449590969148
CUST_01438,71.5,60.82488525814633,5,286,0.017421602787456445,60,0,0.8506976840202608,54,Male,Ankara,4897.42,979.484,3503.98,16,3.2,29.815999999999995,0.4,0.8,0.6,0.030440517629240986
CUST_01439,193.0,0.0,2,193,0.010309278350515464,93,1,0.0,40,Male,Izmir,381.58,190.79,299.76,6,3.0,4.6,0.5,0.5,1.0,0.024110278190102846
CUST_01440,99.5,136.47160876900367,3,199,0.015,5,0,1.371573943692761,43,Male,Izmir,1977.1499999999999,659.05,1433.56,10,3.3333333333333335,32.03666666666667,0.3333333333333333,0.6666666666666666,0.6666666666666666,0.048610373443678474
CUST_01441,165.0,0.0,2,165,0.012048192771084338,189,1,0.0,42,Male,Istanbul,956.67,478.335,790.25,2,1.0,9.06,0.5,0.5,1.0,0.01894070051545319
CUST_01442,102.0,19.79898987322333,3,204,0.014634146341463415,5,0,0.1941077419521136,49,Female,Kayseri,2422.1800000000003,807.3933333333334,2272.92,10,3.3333333333333335,0.0,0.6666666666666666,0.6666666666666666,0.3333333333333333,0.0
CUST_01443,68.66666666666667,52.125489606013936,7,412,0.01694915254237288,25,0,0.7591090608772554,37,Female,Adana,12843.61,1834.8014285714287,4220.04,21,3.0,2.94,0.2857142857142857,0.5714285714285714,0.5714285714285714,0.0016023532315901467
CUST_01444,45.25,30.728651125618907,5,181,0.027472527472527472,115,0,0.67908619771343,19,Female,Izmir,21101.31,4220.262000000001,18851.55,18,3.6,0.0,0.6,0.6,0.6,0.0
CUST_01445,92.33333333333333,81.0329151230124,4,277,0.014388489208633094,82,0,0.8776127896613677,39,Male,Antalya,1872.14,468.035,1164.7,11,2.75,4.1525,0.5,0.5,1.0,0.008872199709696497
CUST_01446,112.5,30.405591591021544,3,225,0.01327433628318584,197,0,0.27027192285110774,27,Male,Konya,1557.29,519.0966666666667,766.43,6,2.0,10.276666666666666,0.6666666666666666,1.0,0.6666666666666666,0.019797211784965137
CUST_01447,150.0,0.0,2,150,0.013245033112582781,12,1,0.0,28,Female,Istanbul,3017.98,1508.99,2966.42,4,2.0,420.89000000000004,0.5,0.5,1.0,0.2789216626492411
CUST_01448,164.0,66.46803743153546,3,328,0.00911854103343465,53,0,0.40529290869660095,42,Male,Ankara,5673.280000000001,1891.0933333333335,5445.56,8,2.6666666666666665,5.56,0.3333333333333333,0.6666666666666666,1.0,0.0029400981427286687
CUST_01449,47.0,29.49576240750525,5,188,0.026455026455026454,140,0,0.6275693995731032,49,Female,Bursa,4462.61,892.5219999999999,2124.95,19,3.8,2.198,0.4,0.4,0.4,0.0024626843904545946
CUST_01450,92.0,0.0,2,92,0.021505376344086023,336,1,0.0,35,Female,Gaziantep,3923.01,1961.505,3630.11,3,1.5,111.465,0.5,0.5,0.5,0.05682626347787731
CUST_01451,32.0,0.0,2,32,0.06060606060606061,256,1,0.0,38,Male,Istanbul,7171.969999999999,3585.9849999999997,3825.02,7,3.5,0.0,1.0,0.5,0.5,0.0
CUST_01452,135.5,105.35891039679558,3,271,0.011029411764705883,69,0,0.7775565285552698,55,Female,Eskisehir,2234.2599999999998,744.7533333333332,1921.56,9,3.0,15.253333333333332,0.3333333333333333,0.3333333333333333,0.3333333333333333,0.020481054102278535
CUST_01453,116.0,0.0,2,116,0.017094017094017096,92,1,0.0,37,Male,Izmir,2938.11,1469.055,2542.78,5,2.5,43.315,0.5,1.0,0.5,0.029484940979415373
CUST_01454,73.8,54.969991813715964,6,369,0.016216216216216217,67,0,0.7448508274913975,66,Female,Ankara,3040.5499999999997,506.75833333333327,1133.04,18,3.0,12.090000000000002,0.5,0.6666666666666666,0.5,0.023857525729507775
CUST_01455,46.57142857142857,62.612185030437274,8,326,0.024464831804281346,35,0,1.3444333920307583,41,Female,Ankara,4779.3,597.4125,2677.06,18,2.25,63.41625,0.375,0.375,0.625,0.10615152828882635
CUST_01456,58.0,44.71390536883726,5,232,0.02145922746781116,184,0,0.7709293896191013,18,Male,Istanbul,6507.3099999999995,1301.462,2837.21,19,3.8,74.238,0.4,0.4,0.6,0.05704200348758395
CUST_01457,88.5,44.54772721475249,3,177,0.016853932584269662,76,0,0.5033641436315067,44,Male,Gaziantep,555.05,185.01666666666665,246.89,6,2.0,10.763333333333334,0.3333333333333333,0.6666666666666666,0.6666666666666666,0.05817493888023635
CUST_01458,56.75,38.47401720642127,5,227,0.021929824561403508,111,0,0.6779562383870491,39,Female,Kayseri,3367.63,673.5260000000001,1503.99,13,2.6,112.8,0.2,0.6,0.6,0.16747683063834679
CUST_01459,137.0,194.24726510301247,4,411,0.009708737864077669,10,0,1.4178632385777317,50,Female,Izmir,3164.1,791.025,2085.04,12,3.0,98.64,0.25,0.75,0.5,0.12469896637312479
CUST_01460,106.5,90.91204540653565,5,426,0.0117096018735363,10,0,0.8536342211540041,43,Male,Kayseri,6476.33,1295.266,4901.4,18,3.6,27.982,0.4,0.6,0.6,0.021603284559616874
CUST_01461,79.2,53.152610472111334,6,396,0.015113350125944584,15,0,0.6711188106185925,33,Female,Gaziantep,1961.0,326.8333333333333,725.55,14,2.3333333333333335,36.35166666666667,0.3333333333333333,0.3333333333333333,0.6666666666666666,0.11122386503450118
CUST_01462,68.5,54.200246001901746,5,274,0.01818181818181818,99,0,0.7912444556300334,20,Male,Izmir,7240.290000000001,1448.0580000000002,2456.55,12,2.4,147.846,0.4,0.6,0.6,0.10209950146879508
CUST_01463,86.75,76.19437862029805,5,347,0.014367816091954023,92,0,0.8783213572562155,32,Male,Antalya,2943.66,588.732,983.56,11,2.2,43.589999999999996,0.4,0.6,0.8,0.07404048009274088
CUST_01464,104.5,93.99468070055879,5,418,0.011933174224343675,14,0,0.8994706201061069,24,Male,Izmir,1810.8600000000001,362.172,1030.03,7,1.4,55.604,0.2,0.4,0.6,0.15352926191552835
CUST_01465,52.0,58.833906647685495,9,416,0.02158273381294964,13,0,1.1314212599281583,28,Male,Bursa,7264.929999999999,807.2144444444443,2913.6,30,3.3333333333333335,6.891111111111112,0.3333333333333333,0.3333333333333333,0.5555555555555556,0.008536902616152928
CUST_01466,39.625,42.3351846239373,9,317,0.02830188679245283,76,0,1.068395799508934,42,Male,Istanbul,8844.970000000001,982.7744444444446,3333.28,29,3.2222222222222223,135.6288888888889,0.3333333333333333,0.3333333333333333,0.6666666666666666,0.13800612085263655
CUST_01467,102.33333333333333,128.10282328400626,4,307,0.012987012987012988,91,0,1.2518191078063892,55,Other,Antalya,3012.5699999999997,753.1424999999999,1142.85,10,2.5,0.0,0.25,0.5,0.5,0.0
CUST_01468,164.5,0.7071067811865476,3,329,0.00909090909090909,117,0,0.004298521440048791,39,Male,Istanbul,2713.37,904.4566666666666,1602.46,9,3.0,46.11333333333334,0.3333333333333333,0.6666666666666666,1.0,0.05098456894822539
CUST_01469,87.0,94.6079630193287,5,348,0.014326647564469915,5,0,1.087447838297481,20,Male,Gaziantep,1593.81,318.762,667.6,14,2.8,2.476,0.2,0.6,0.6,0.00776755068744847
CUST_01470,140.5,30.405591591021544,3,281,0.010638297872340425,118,0,0.2164099030221469,40,Male,Gaziantep,1762.59,587.53,1041.73,8,2.6666666666666665,120.31666666666666,0.3333333333333333,1.0,1.0,0.20478386884394464
CUST_01471,73.8,55.16973808166937,6,369,0.016216216216216217,3,0,0.7475574164513815,49,Female,Istanbul,10728.69,1788.115,5026.12,18,3.0,103.31666666666666,0.5,0.6666666666666666,0.3333333333333333,0.057779654333690506
CUST_01472,139.0,125.04799078753724,4,417,0.009569377990430622,18,0,0.8996258265317368,27,Female,Ankara,2623.29,655.8225,1439.69,11,2.75,15.44,0.5,0.5,0.75,0.02354295556565541
CUST_01473,42.333333333333336,3.0550504633038926,4,127,0.03125,180,0,0.07216654467253578,33,Male,Izmir,8058.4,2014.6,4649.15,10,2.5,198.3325,0.5,0.75,0.5,0.09844758259781218
CUST_01474,88.0,73.5436378394941,5,352,0.014164305949008499,47,0,0.8357231477701245,35,Male,Bursa,10091.24,2018.248,3945.38,17,3.4,270.006,0.4,0.4,0.6,0.1337823695929428
CUST_01475,14.5,3.5355339059327378,3,29,0.1,181,0,0.24382990773122967,25,Male,Ankara,961.3299999999999,320.4433333333333,596.12,5,1.6666666666666667,3.5833333333333335,0.3333333333333333,1.0,0.6666666666666666,0.011182424314702264
CUST_01476,137.0,0.0,2,137,0.014492753623188406,80,1,0.0,42,Male,Bursa,531.28,265.64,404.29,3,1.5,60.550000000000004,0.5,1.0,1.0,0.22794006840859787
CUST_01477,63.333333333333336,68.34227583762971,7,380,0.01837270341207349,63,0,1.0790885488190711,33,Male,Ankara,3626.64,518.0914285714285,2260.85,23,3.2857142857142856,27.45,0.42857142857142855,0.42857142857142855,0.42857142857142855,0.052982926242781066
CUST_01478,62.6,52.59562719466325,6,313,0.01910828025477707,81,0,0.8401857245124206,40,Male,Istanbul,12692.029999999999,2115.338333333333,9758.48,19,3.1666666666666665,0.0,0.3333333333333333,0.6666666666666666,0.6666666666666666,0.0
CUST_01479,129.5,123.74368670764582,3,259,0.011538461538461539,160,0,0.9555496969273832,24,Male,Istanbul,2590.39,863.4633333333333,1653.15,10,3.3333333333333335,9.156666666666666,0.6666666666666666,0.6666666666666666,1.0,0.010604580765130447
CUST_01480,176.0,0.0,2,176,0.011299435028248588,241,1,0.0,29,Female,Istanbul,3651.17,1825.585,3433.37,8,4.0,147.485,0.5,1.0,1.0,0.0807878022218698
CUST_01481,85.25,67.61348484831508,5,341,0.014619883040935672,5,0,0.7931200475682703,43,Male,Gaziantep,3925.7400000000002,785.148,3572.84,11,2.2,94.15599999999999,0.6,0.6,0.6,0.1199213395182547
CUST_01482,32.3,29.81069904879417,11,323,0.033950617283950615,77,0,0.922931830522054,30,Female,Eskisehir,11356.84,1032.44,3615.28,37,3.3636363636363638,88.98181818181818,0.2727272727272727,0.45454545454545453,0.36363636363636365,0.08618594600715995
CUST_01483,91.5,88.88006900687391,5,366,0.013623978201634877,5,0,0.9713668637760333,55,Female,Izmir,11477.98,2295.596,9760.26,16,3.2,0.0,0.4,0.4,0.6,0.0
CUST_01484,57.285714285714285,34.20387056905639,8,401,0.01990049751243781,11,0,0.5970750369173803,30,Female,Izmir,5797.12,724.64,2445.18,13,1.625,64.43625,0.25,0.375,0.625,0.08892174032771895
CUST_01485,86.0,0.0,2,86,0.022988505747126436,210,1,0.0,37,Male,Istanbul,287.18,143.59,146.1,2,1.0,18.42,0.5,1.0,1.0,0.12828191288890653
CUST_01486,61.0,60.28266749240614,7,366,0.01907356948228883,49,0,0.9882404344945198,46,Male,Bursa,4180.21,597.1728571428572,1299.95,25,3.5714285714285716,0.0,0.2857142857142857,0.42857142857142855,0.5714285714285714,0.0
CUST_01487,154.5,204.35385976291224,3,309,0.00967741935483871,16,0,1.3226786954060423,18,Male,Istanbul,6189.33,2063.11,3092.22,10,3.3333333333333335,130.71,0.6666666666666666,0.6666666666666666,0.6666666666666666,0.06335580746380183
CUST_01488,49.0,45.254833995939045,3,98,0.030303030303030304,277,0,0.923568021885123,18,Female,Bursa,3440.96,1146.9866666666667,2780.35,10,3.3333333333333335,23.546666666666667,0.3333333333333333,0.6666666666666666,1.0,0.02052915463661668
CUST_01489,39.0,30.265491900843113,4,117,0.03389830508474576,77,0,0.7760382339693559,18,Male,Kayseri,3943.0699999999997,985.7674999999999,2892.6,15,3.75,45.225,0.25,0.5,0.75,0.04587795799123226
CUST_01490,136.0,128.69343417595164,3,272,0.01098901098901099,51,0,0.9462752443358559,50,Female,Istanbul,1041.67,347.22333333333336,761.31,11,3.6666666666666665,59.419999999999995,0.3333333333333333,0.6666666666666666,0.6666666666666666,0.17112905189418223
CUST_01491,87.0,48.51803788283281,5,348,0.014326647564469915,20,0,0.5576785899443014,28,Female,Adana,1731.3500000000001,346.27000000000004,697.35,13,2.6,0.0,0.4,0.6,0.4,0.0
CUST_01492,108.0,0.0,2,108,0.01834862385321101,10,1,0.0,65,Male,Istanbul,466.13,233.065,282.83,3,1.5,8.29,0.5,1.0,1.0,0.0355694761737306
CUST_01493,69.0,77.01947805587882,7,414,0.016867469879518072,31,0,1.116224303473254,28,Female,Ankara,4742.48,677.4971428571428,2908.65,22,3.142857142857143,54.941428571428574,0.42857142857142855,0.5714285714285714,0.42857142857142855,0.08109470138668738
CUST_01494,75.75,76.18562856602287,5,303,0.01644736842105263,14,0,1.0057508588814787,37,Male,Istanbul,3342.3199999999997,668.4639999999999,1790.27,13,2.6,56.884,0.4,0.6,0.6,0.0850965794940392
CUST_01495,72.66666666666667,46.285346853332896,4,218,0.0182648401826484,107,0,0.6369543057299806,53,Male,Ankara,1607.1999999999998,401.79999999999995,684.4,13,3.25,39.28,0.25,0.5,0.5,0.09776007939830743
CUST_01496,202.5,265.1650429449553,3,405,0.007389162561576354,14,0,1.309456995730856,59,Male,Istanbul,931.9399999999999,310.64666666666665,668.68,12,4.0,0.6,0.6666666666666666,0.6666666666666666,0.6666666666666666,0.0019314548084701114
CUST_01497,87.0,0.0,2,87,0.022727272727272728,105,1,0.0,59,Male,Ankara,253.86,126.93,186.22,3,1.5,16.57,0.5,0.5,0.5,0.13054439351970068
CUST_01498,115.0,132.93607486307093,3,230,0.012987012987012988,11,0,1.1559658583226529,49,Female,Izmir,22872.69,7624.23,11444.43,10,3.3333333333333335,484.49,0.6666666666666666,0.6666666666666666,1.0,0.0635460892360873
CUST_01499,158.0,0.0,2,158,0.012578616352201259,177,1,0.0,47,Male,Ankara,306.42,153.21,179.31,4,2.0,13.535,0.5,0.5,0.5,0.08834279689091576
CUST_01500,69.4,58.0155151662036,6,347,0.017241379310344827,92,0,0.8359584197441668,42,Male,Antalya,4129.41,688.235,2265.12,12,2.0,99.575,0.3333333333333333,0.5,1.0,0.14468168555118283
CUST_01501,31.0,0.0,2,31,0.0625,288,1,0.0,44,Female,Kayseri,4539.0599999999995,2269.5299999999997,4051.08,3,1.5,0.0,0.5,0.5,0.5,0.0
CUST_01502,26.0,13.45362404707371,4,78,0.05063291139240506,130,0,0.5174470588317942,28,Female,Izmir,4848.82,1212.205,2040.5,12,3.0,105.32,0.5,0.5,1.0,0.0868829941413515
CUST_01503,77.2,64.36380970700849,6,386,0.015503875968992248,61,0,0.8337280942134766,25,Male,Istanbul,2658.08,443.0133333333333,1327.6,21,3.5,15.073333333333336,0.3333333333333333,0.3333333333333333,0.6666666666666666,0.03402455900343581
CUST_01504,54.666666666666664,30.30291515129636,7,328,0.02127659574468085,16,0,0.5543216084812456,34,Female,Ankara,10491.05,1498.7214285714285,4700.58,18,2.5714285714285716,47.43857142857143,0.42857142857142855,0.42857142857142855,0.7142857142857143,0.03165269441842629
CUST_01505,48.0,51.161508969145935,6,240,0.024896265560165973,9,0,1.0658647479850247,32,Female,Konya,12895.88,2149.313333333333,6929.79,25,4.166666666666667,208.405,0.16666666666666666,0.5,0.5,0.09696352629042912
CUST_01506,73.6,67.75913222584835,6,368,0.016260162601626018,4,0,0.9206403709946737,29,Male,Bursa,3692.12,615.3533333333334,1346.36,19,3.1666666666666665,39.68333333333333,0.5,0.6666666666666666,0.5,0.06448869473718834
CUST_01507,61.666666666666664,62.29232162420448,4,185,0.021505376344086023,121,0,1.0101457396874391,43,Male,Izmir,4063.1400000000003,1015.7850000000001,2444.59,8,2.0,138.8075,0.25,0.75,0.5,0.13665047216029919
CUST_01508,42.5,28.685486624025447,9,340,0.026392961876832845,92,0,0.6749526105664198,46,Male,Istanbul,16410.91,1823.4344444444444,10991.8,33,3.6666666666666665,42.849999999999994,0.3333333333333333,0.5555555555555556,0.5555555555555556,0.02349961091667089
CUST_01509,39.55555555555556,30.911612345165334,10,356,0.028011204481792718,24,0,0.7814733260483935,36,Female,Izmir,19978.56,1997.8560000000002,9689.28,24,2.4,115.304,0.4,0.5,0.6,0.05771386923896723
CUST_01510,150.5,50.204581464244875,3,301,0.009933774834437087,114,0,0.3335852566821237,52,Female,Ankara,1052.6799999999998,350.89333333333326,707.17,6,2.0,13.546666666666667,0.6666666666666666,0.3333333333333333,0.6666666666666666,0.0386062240036681
CUST_01511,47.0,43.18729972043699,9,376,0.023872679045092837,13,0,0.9188786979054956,21,Female,Kayseri,15907.27,1767.4744444444445,12585.95,24,2.6666666666666665,46.17777777777778,0.2222222222222222,0.5555555555555556,0.4444444444444444,0.026126418911910226
CUST_01512,83.5,45.96194077712559,3,167,0.017857142857142856,127,0,0.5504423979243497,32,Female,Konya,877.6600000000001,292.55333333333334,674.86,7,2.3333333333333335,34.9,0.3333333333333333,0.3333333333333333,1.0,0.11929448720702383
CUST_01513,42.375,43.742550386159635,9,339,0.026470588235294117,100,0,1.032272551124179,26,Male,Istanbul,12062.86,1340.3177777777778,6993.68,18,2.0,27.666666666666668,0.3333333333333333,0.3333333333333333,0.6666666666666666,0.020641870983682406
CUST_01514,28.0,18.384776310850235,3,56,0.05263157894736842,247,0,0.656599130508968,18,Male,Izmir,6433.7,2144.5666666666666,5803.08,6,2.0,25.123333333333335,0.6666666666666666,0.3333333333333333,1.0,0.011714876348734846
CUST_01515,38.0,2.8284271247461903,3,76,0.03896103896103896,258,0,0.0744322907977342,34,Male,Istanbul,4141.5,1380.5,3102.36,7,2.3333333333333335,0.0,0.3333333333333333,0.3333333333333333,1.0,0.0
CUST_01516,313.0,0.0,2,313,0.006369426751592357,68,1,0.0,33,Female,Izmir,7794.17,3897.085,7340.28,6,3.0,753.76,0.5,0.5,0.5,0.1934163611536786
CUST_01517,76.6,102.97960963219856,6,383,0.015625,39,0,1.3443813092404342,53,Female,Konya,5698.86,949.81,3129.21,17,2.8333333333333335,67.11166666666666,0.3333333333333333,0.5,0.5,0.07065799117298058
CUST_01518,64.16666666666667,60.29731890114739,7,385,0.018134715025906734,56,0,0.9396984617368664,42,Male,Bursa,7742.58,1106.0828571428572,2782.36,25,3.5714285714285716,79.34,0.2857142857142857,0.5714285714285714,0.42857142857142855,0.07173061169505329
CUST_01519,18.0,0.0,2,18,0.10526315789473684,400,1,0.0,22,Female,Ankara,357.71000000000004,178.85500000000002,338.1,6,3.0,0.0,0.5,0.5,0.5,0.0
CUST_01520,34.666666666666664,12.50333288900737,4,104,0.0380952380952381,61,0,0.36067305370195146,57,Male,Istanbul,5047.75,1261.9375,4455.17,13,3.25,285.8375,0.25,0.5,0.75,0.22650685931236142
CUST_01521,106.66666666666667,158.254015220257,4,320,0.012461059190031152,126,0,1.4836313787808653,49,Male,Gaziantep,835.88,208.97,478.95,11,2.75,9.105,0.25,0.75,0.5,0.04357084728156747
CUST_01522,101.33333333333333,94.2991693141214,4,304,0.013114754098360656,87,0,0.9305838985217517,41,Male,Antalya,7883.74,1970.935,5777.3,11,2.75,37.49,0.5,0.5,0.5,0.0190214289060667
CUST_01523,49.22222222222222,61.49954832715801,10,443,0.02252252252252252,4,0,1.2494264643331465,32,Male,Izmir,4920.12,492.012,1278.76,26,2.6,13.501,0.3,0.5,0.6,0.02744038757705018
CUST_01524,68.75,37.48221800623153,5,275,0.018115942028985508,124,0,0.5451958903423365,23,Male,Istanbul,3802.54,760.508,1246.28,15,3.0,1.6440000000000001,0.4,0.4,0.8,0.002161712957441982
CUST_01525,96.0,0.0,2,96,0.020618556701030927,223,1,0.0,30,Male,Ankara,322.14,161.07,178.76,2,1.0,53.85000000000001,1.0,1.0,0.5,0.3343266881832329
CUST_01526,146.0,0.0,2,146,0.013605442176870748,219,1,0.0,48,Male,Kayseri,918.8199999999999,459.40999999999997,748.9,5,2.5,53.1,0.5,0.5,1.0,0.11558303015697738
CUST_01527,79.0,58.29665513560791,6,395,0.015151515151515152,42,0,0.7379323341477921,57,Male,Bursa,17708.74,2951.456666666667,13580.79,16,2.6666666666666665,152.23,0.3333333333333333,0.5,0.6666666666666666,0.05157792139308231
CUST_01528,216.0,0.0,2,216,0.009216589861751152,81,1,0.0,53,Female,Izmir,1542.86,771.43,1032.57,6,3.0,63.315,0.5,1.0,1.0,0.0820748479031476
CUST_01529,98.66666666666667,86.1181359141809,4,296,0.013468013468013467,143,0,0.8728189362300198,29,Male,Bursa,10350.85,2587.7125,8958.5,10,2.5,100.525,0.25,0.25,0.5,0.03884705119334275
CUST_01530,145.0,0.0,2,145,0.0136986301369863,282,1,0.0,21,Female,Adana,4979.63,2489.815,4879.14,3,1.5,5.395,0.5,0.5,1.0,0.0021668276549997377
CUST_01531,23.333333333333332,14.571661996262929,4,70,0.056338028169014086,214,0,0.6244997730755638,36,Male,Ankara,844.73,211.1825,326.87,15,3.75,14.9325,0.5,0.5,0.5,0.07070898360087136
CUST_01532,158.0,110.30865786510141,3,316,0.00946372239747634,43,0,0.6981560580186414,18,Male,Istanbul,929.3000000000001,309.7666666666667,699.35,4,1.3333333333333333,0.0,0.6666666666666666,0.6666666666666666,0.3333333333333333,0.0
CUST_01533,138.33333333333334,55.752428945592435,4,415,0.009615384615384616,7,0,0.40302960392214093,38,Male,Bursa,2836.81,709.2025,1650.54,10,2.5,0.0,0.25,0.5,0.5,0.0
CUST_01534,283.0,0.0,2,283,0.007042253521126761,17,1,0.0,33,Male,Antalya,955.02,477.51,707.97,4,2.0,0.0,1.0,0.5,0.5,0.0
CUST_01535,62.0,72.27032586061861,4,186,0.0213903743315508,109,0,1.165650398305939,29,Female,Adana,3986.19,996.5475,1475.88,12,3.0,54.6575,0.75,0.5,0.5,0.05484685872490086
CUST_01536,51.5,33.23401871576773,3,103,0.028846153846153848,259,0,0.6453207392319805,18,Male,Konya,5872.2,1957.3999999999999,5257.25,9,3.0,363.49,0.3333333333333333,0.6666666666666666,0.3333333333333333,0.18570041882819024
CUST_01537,46.833333333333336,42.53194877579285,7,281,0.024822695035460994,8,0,0.9081554704833604,41,Female,Ankara,14605.13,2086.447142857143,10152.88,26,3.7142857142857144,4.257142857142857,0.2857142857142857,0.7142857142857143,0.42857142857142855,0.002040378961756407
CUST_01538,36.77777777777778,34.30662391498826,10,331,0.030120481927710843,45,0,0.9328084798780001,28,Female,Istanbul,7277.72,727.772,2553.56,30,3.0,22.762,0.3,0.4,0.6,0.031276278791604675
CUST_01539,43.5,54.44722215136416,3,87,0.03409090909090909,320,0,1.251660250567906,20,Female,Kayseri,1708.82,569.6066666666667,1549.86,6,2.0,219.10666666666668,0.3333333333333333,0.6666666666666666,0.6666666666666666,0.38466310017790684
CUST_01540,151.0,0.0,2,151,0.013157894736842105,179,1,0.0,18,Female,Izmir,8676.039999999999,4338.0199999999995,8530.4,6,3.0,0.0,0.5,0.5,0.5,0.0
CUST_01541,135.0,0.0,2,135,0.014705882352941176,240,1,0.0,34,Female,Antalya,3616.32,1808.16,2309.4,5,2.5,0.0,0.5,1.0,0.5,0.0
CUST_01542,78.33333333333333,71.98842499550419,4,235,0.01694915254237288,14,0,0.919001158423443,56,Male,Antalya,2677.2,669.3,1150.12,16,4.0,29.4575,0.5,0.75,0.5,0.044012400950228
CUST_01543,117.33333333333333,119.30353445448854,4,352,0.0113314447592068,67,0,1.016791478162191,54,Female,Bursa,4844.8099999999995,1211.2024999999999,2136.18,9,2.25,57.709999999999994,0.5,0.5,0.5,0.047646863305147676
CUST_01544,100.0,33.94112549695428,3,200,0.014925373134328358,45,0,0.3394112515754303,29,Male,Istanbul,2947.83,982.61,1898.04,9,3.0,9.993333333333334,0.3333333333333333,0.3333333333333333,0.6666666666666666,0.010170192979069154
CUST_01545,166.0,138.59292911256333,3,332,0.009009009009009009,26,0,0.8348971582991938,27,Male,Adana,1027.96,342.65333333333336,570.29,8,2.6666666666666665,30.2,0.3333333333333333,0.6666666666666666,0.3333333333333333,0.08813572486827582
CUST_01546,127.33333333333333,59.21430007467227,4,382,0.010443864229765013,66,0,0.4650337665678417,40,Male,Gaziantep,1395.93,348.9825,745.35,12,3.0,0.0,0.25,1.0,1.0,0.0
CUST_01547,108.0,50.87894128877552,5,432,0.011547344110854504,13,0,0.4711013038673539,23,Female,Bursa,3173.76,634.7520000000001,2035.04,10,2.0,0.0,0.4,0.4,0.6,0.0
CUST_01548,44.125,28.979980774912285,9,353,0.025423728813559324,57,0,0.6567700876632793,38,Female,Izmir,5539.82,615.5355555555556,1428.58,25,2.7777777777777777,19.571111111111108,0.3333333333333333,0.5555555555555556,0.4444444444444444,0.031795256833948154
CUST_01549,67.6,39.20841746360085,6,338,0.017699115044247787,6,0,0.5800061669170812,44,Male,Istanbul,15228.21,2538.035,9557.5,16,2.6666666666666665,90.5,0.3333333333333333,0.3333333333333333,0.5,0.035657506679120855
CUST_01550,148.5,65.76093065034893,3,297,0.010067114093959731,5,0,0.4428345468519487,49,Female,Istanbul,3609.42,1203.14,3201.16,10,3.3333333333333335,11.969999999999999,0.3333333333333333,0.6666666666666666,1.0,0.009948966861754269
CUST_01551,193.5,65.76093065034893,3,387,0.007731958762886598,15,0,0.33984976904650727,33,Male,Ankara,3773.2000000000003,1257.7333333333333,3134.4,6,2.0,0.0,0.6666666666666666,0.6666666666666666,0.6666666666666666,0.0
CUST_01552,112.0,95.56673061269805,4,336,0.011869436201780416,110,0,0.8532743728519971,32,Male,Ankara,988.02,247.005,637.34,13,3.25,8.8775,0.5,1.0,0.5,0.035940567859190836
CUST_01553,16.0,0.0,2,16,0.11764705882352941,101,1,0.0,24,Male,Kayseri,4102.56,2051.28,3179.82,3,1.5,114.825,0.5,0.5,0.5,0.05597724344995454
CUST_01554,67.33333333333333,38.54694108054058,7,404,0.01728395061728395,37,0,0.5724793144761574,25,Male,Gaziantep,5625.7300000000005,803.6757142857143,2062.96,27,3.857142857142857,26.452857142857145,0.2857142857142857,0.7142857142857143,0.7142857142857143,0.03291483945542999
CUST_01555,146.0,0.0,2,146,0.013605442176870748,50,1,0.0,32,Male,Antalya,1683.3500000000001,841.6750000000001,1663.17,4,2.0,0.0,0.5,0.5,0.5,0.0
CUST_01556,140.0,123.03657992645927,3,280,0.010676156583629894,152,0,0.8788327074830469,39,Female,Izmir,8070.75,2690.25,3531.45,14,4.666666666666667,51.92666666666667,0.6666666666666666,0.6666666666666666,1.0,0.019301799701650357
CUST_01557,65.0,75.8375456705538,5,260,0.019157088122605363,135,0,1.1667314539049591,45,Female,Istanbul,13998.59,2799.718,7990.67,17,3.4,255.18,0.4,0.4,0.6,0.09114489384604275
CUST_01558,64.2,37.6988063471511,6,321,0.018633540372670808,11,0,0.5872088124601602,25,Male,Eskisehir,13185.95,2197.6583333333333,11716.1,20,3.3333333333333335,7.623333333333334,0.3333333333333333,0.5,0.5,0.003468843729817491
CUST_01559,85.75,66.66520831738246,5,343,0.014534883720930232,56,0,0.7774368226232728,52,Female,Ankara,2683.88,536.7760000000001,891.87,20,4.0,47.482,0.2,0.8,0.6,0.0884577550254524
CUST_01560,51.125,45.319303676405774,9,409,0.02195121951219512,6,0,0.8864411303660567,31,Female,Istanbul,2740.21,304.46777777777777,765.27,24,2.6666666666666665,17.997777777777777,0.3333333333333333,0.5555555555555556,0.8888888888888888,0.05911225762550669
CUST_01561,144.0,150.87743370033837,4,432,0.009237875288683603,6,0,1.047759948976239,34,Female,Izmir,17327.41,4331.8525,15067.0,11,2.75,0.0,0.25,0.25,0.5,0.0
CUST_01562,56.333333333333336,54.00987564017036,7,338,0.02064896755162242,9,0,0.9587551718594411,26,Female,Konya,20227.72,2889.674285714286,15640.41,20,2.857142857142857,9.61,0.2857142857142857,0.42857142857142855,0.7142857142857143,0.0033256343263956866
CUST_01563,157.5,96.87362902255701,3,315,0.00949367088607595,94,0,0.6150706565554689,18,Male,Konya,1110.1999999999998,370.0666666666666,681.3,8,2.6666666666666665,0.0,0.3333333333333333,0.6666666666666666,0.6666666666666666,0.0
CUST_01564,111.33333333333333,91.72967531466213,4,334,0.011940298507462687,109,0,0.8239192319527806,45,Female,Istanbul,4052.9100000000003,1013.2275000000001,2353.88,11,2.75,5.245,0.5,0.75,0.75,0.0051765274776133414
CUST_01565,139.0,111.2160060422959,4,417,0.009569377990430622,29,0,0.8001151456271997,43,Female,Konya,1410.3999999999999,352.59999999999997,560.8,10,2.5,0.0,0.25,0.5,0.75,0.0
CUST_01566,142.0,0.0,2,142,0.013986013986013986,39,1,0.0,31,Male,Ankara,4715.4,2357.7,2671.96,9,4.5,10.73,0.5,1.0,0.5,0.004551045508524815
CUST_01567,73.33333333333333,104.61994711016314,4,220,0.01809954751131222,18,0,1.4266356229571935,35,Male,Istanbul,1184.94,296.235,650.68,8,2.0,17.537499999999998,0.25,0.5,0.5,0.059201309571113095
CUST_01568,23.0,0.0,2,23,0.08333333333333333,280,1,0.0,41,Female,Gaziantep,2209.09,1104.545,1778.32,3,1.5,47.355,1.0,0.5,1.0,0.04287285711050897
CUST_01569,83.33333333333333,48.05552344250693,4,250,0.01593625498007968,18,0,0.5766662743900879,18,Male,Konya,1271.06,317.765,725.44,12,3.0,7.71,0.5,0.75,0.5,0.024263213304601787
CUST_01570,76.5,9.192388155425117,3,153,0.01948051948051948,101,0,0.12016193510147952,28,Other,Bursa,11586.880000000001,3862.2933333333335,11335.52,8,2.6666666666666665,0.0,0.3333333333333333,1.0,1.0,0.0
CUST_01571,85.5,41.1703777004778,5,342,0.014577259475218658,28,0,0.48152487975383534,44,Male,Bursa,1381.94,276.38800000000003,552.15,11,2.2,5.042,0.4,0.4,0.6,0.018242470663550982
CUST_01572,34.666666666666664,36.41428291206625,10,312,0.03194888178913738,101,0,1.0504119767784887,19,Female,Gaziantep,8507.58,850.758,4327.22,30,3.0,30.357,0.3,0.3,0.5,0.035682297391640985
CUST_01573,110.5,125.15790027001891,3,221,0.013513513513513514,3,0,1.1326506709264095,38,Male,Gaziantep,50912.21000000001,16970.736666666668,28640.75,12,4.0,0.0,0.6666666666666666,0.6666666666666666,0.6666666666666666,0.0
CUST_01574,99.33333333333333,106.0062891216051,4,298,0.013377926421404682,56,0,1.0671773965210845,18,Female,Konya,1651.19,412.7975,840.45,12,3.0,0.0,0.5,0.25,0.75,0.0
CUST_01575,73.66666666666667,38.47510017314229,4,221,0.018018018018018018,150,0,0.5222864205998534,40,Female,Bursa,2880.32,720.08,2470.9,10,2.5,99.5375,0.25,0.5,1.0,0.13823116856706036
CUST_01576,59.666666666666664,60.135957075058954,4,179,0.022222222222222223,175,0,1.0078651854836946,34,Male,Eskisehir,12553.699999999999,3138.4249999999997,9567.56,15,3.75,0.0,0.25,0.25,0.75,0.0
CUST_01577,34.857142857142854,29.779347269702267,8,244,0.0326530612244898,48,0,0.8543255119165464,18,Female,Eskisehir,886.81,110.85125,202.09,15,1.875,12.408750000000001,0.375,0.25,0.75,0.11194054995373938
CUST_01578,161.0,0.0,2,161,0.012345679012345678,233,1,0.0,48,Male,Istanbul,17160.98,8580.49,16999.5,8,4.0,5.99,0.5,1.0,1.0,0.0006980953301387106
CUST_01579,32.3,28.071535603010947,11,323,0.033950617283950615,97,0,0.8690877626601606,26,Male,Gaziantep,12135.93,1103.2663636363636,5375.02,30,2.727272727272727,147.41,0.2727272727272727,0.36363636363636365,0.6363636363636364,0.13361233943589523
CUST_01580,261.0,0.0,2,261,0.007633587786259542,61,1,0.0,25,Male,Izmir,344.85999999999996,172.42999999999998,298.34,4,2.0,0.0,0.5,0.5,1.0,0.0
CUST_01581,109.0,19.79898987322333,3,218,0.0136986301369863,217,0,0.18164210726221305,37,Female,Ankara,2466.21,822.07,1966.96,8,2.6666666666666665,35.67333333333333,0.3333333333333333,0.6666666666666666,0.6666666666666666,0.04339452028408628
CUST_01582,64.33333333333333,49.12704618300053,7,386,0.01808785529715762,18,0,0.7636328303528659,48,Male,Bursa,9529.460000000001,1361.3514285714286,3241.53,24,3.4285714285714284,162.32285714285715,0.2857142857142857,0.2857142857142857,0.5714285714285714,0.11923655686317419
CUST_01583,51.0,0.0,2,51,0.038461538461538464,245,1,0.0,22,Male,Istanbul,849.5799999999999,424.78999999999996,730.66,5,2.5,0.0,0.5,0.5,1.0,0.0
CUST_01584,119.33333333333333,126.15995138447595,4,358,0.011142061281337047,84,0,1.0572062876586843,35,Male,Izmir,2151.68,537.92,1020.55,13,3.25,11.495,0.5,0.5,0.75,0.02136934856229672
CUST_01585,54.5,56.1346595251098,7,327,0.021341463414634148,56,0,1.0299937338553407,40,Female,Konya,8872.94,1267.5628571428572,3890.09,16,2.2857142857142856,126.30000000000003,0.2857142857142857,0.5714285714285714,0.42857142857142855,0.09964002904364505
CUST_01586,47.166666666666664,39.300975390779634,7,283,0.02464788732394366,14,0,0.8332362097005673,43,Female,Istanbul,15867.87,2266.8385714285714,5133.72,20,2.857142857142857,130.98857142857142,0.42857142857142855,0.2857142857142857,0.42857142857142855,0.057784693194203575
CUST_01587,113.5,86.97413408594535,3,227,0.013157894736842105,203,0,0.7662919235211756,37,Male,Izmir,1017.21,339.07,739.64,7,2.3333333333333335,26.58,0.3333333333333333,0.3333333333333333,1.0,0.07839089250481938
CUST_01588,107.0,85.13518661517105,4,321,0.012422360248447204,75,0,0.7956559422384589,30,Male,Kayseri,1714.68,428.67,1209.95,11,2.75,1.0375,0.5,0.25,0.75,0.002420276664053289
CUST_01589,66.75,23.641418457162565,5,267,0.018656716417910446,95,0,0.3541785483593111,25,Female,Izmir,10660.95,2132.19,9020.75,15,3.0,366.272,0.4,0.4,0.6,0.17178206436960025
CUST_01590,90.5,27.577164466275352,3,181,0.016483516483516484,255,0,0.30472004598403657,36,Male,Ankara,19281.31,6427.1033333333335,18529.45,9,3.0,16.400000000000002,0.3333333333333333,0.3333333333333333,0.6666666666666666,0.0025516938419819462
CUST_01591,33.0,29.77414986191881,6,165,0.03614457831325301,108,0,0.9022469381718751,22,Female,Izmir,7539.6900000000005,1256.615,5725.35,19,3.1666666666666665,240.08,0.3333333333333333,0.5,0.8333333333333334,0.19105294764820335
CUST_01592,56.166666666666664,52.66656118132896,7,337,0.020710059171597635,72,0,0.9376835651687608,18,Female,Izmir,5991.04,855.8628571428571,2757.44,29,4.142857142857143,0.0,0.2857142857142857,0.42857142857142855,0.7142857142857143,0.0
CUST_01593,80.0,71.33956359085282,5,320,0.01557632398753894,52,0,0.8917445337388537,40,Female,Antalya,6013.08,1202.616,3838.56,14,2.8,17.913999999999998,0.4,0.4,0.6,0.014895860345367213
CUST_01594,36.4,47.502514553325376,11,364,0.030136986301369864,21,0,1.305014100228332,45,Male,Gaziantep,5761.16,523.7418181818182,2380.7,37,3.3636363636363638,22.471818181818183,0.36363636363636365,0.36363636363636365,0.5454545454545454,0.04290628962362281
CUST_01595,114.33333333333333,146.2885276887198,4,343,0.011627906976744186,92,0,1.2794914846288192,18,Female,Izmir,6298.87,1574.7175,4446.46,8,2.0,89.66499999999999,0.5,0.5,0.75,0.05694037180831458
CUST_01596,198.0,110.30865786510141,3,396,0.007556675062972292,23,0,0.557114430848419,22,Female,Gaziantep,326.56,108.85333333333334,216.79,3,1.0,26.426666666666666,0.3333333333333333,1.0,0.6666666666666666,0.24277314818618492
CUST_01597,121.0,171.1198410471445,3,242,0.012345679012345678,197,0,1.4142135506853797,42,Female,Bursa,18810.03,6270.009999999999,15196.1,14,4.666666666666667,251.33666666666667,0.3333333333333333,0.3333333333333333,0.6666666666666666,0.04008552883114718
CUST_01598,144.0,0.0,2,144,0.013793103448275862,26,1,0.0,59,Male,Ankara,465.7,232.85,283.44,6,3.0,0.0,0.5,1.0,1.0,0.0
CUST_01599,138.5,78.48885271170677,3,277,0.01079136690647482,113,0,0.5667065136823123,35,Male,Antalya,2190.3,730.1,1298.46,6,2.0,35.53666666666667,0.3333333333333333,0.6666666666666666,1.0,0.048673697600319095
CUST_01600,98.25,81.35262749290892,5,393,0.012690355329949238,9,0,0.828016556385673,26,Male,Adana,17191.75,3438.35,10209.5,20,4.0,85.80199999999999,0.4,0.6,0.6,0.024954411265591225
CUST_01601,122.0,0.0,2,122,0.016260162601626018,188,1,0.0,32,Female,Bursa,995.79,497.895,827.26,4,2.0,42.445,0.5,0.5,1.0,0.08524889768877193
CUST_01602,50.0,23.280893453645632,8,350,0.022792022792022793,96,0,0.4656178597605555,51,Female,Istanbul,2424.63,303.07875,655.2,27,3.375,11.54125,0.5,0.375,0.5,0.038080036828447926
CUST_01603,136.5,53.033008588991066,3,273,0.010948905109489052,62,0,0.3885202065968561,27,Male,Istanbul,8406.85,2802.2833333333333,6475.94,5,1.6666666666666667,0.0,0.6666666666666666,0.6666666666666666,0.3333333333333333,0.0
CUST_01604,297.0,0.0,2,297,0.006711409395973154,8,1,0.0,25,Male,Ankara,5985.0199999999995,2992.5099999999998,5879.99,5,2.5,539.865,0.5,1.0,0.5,0.18040541211878813
CUST_01605,226.0,0.0,2,226,0.00881057268722467,99,1,0.0,29,Male,Ankara,298.16999999999996,149.08499999999998,218.82,3,1.5,5.985,1.0,0.5,0.5,0.04014488352185074
CUST_01606,288.0,0.0,2,288,0.006920415224913495,52,1,0.0,23,Female,Antalya,456.84000000000003,228.42000000000002,391.36,5,2.5,0.0,0.5,1.0,1.0,0.0
CUST_01607,113.33333333333333,170.67317695916174,4,340,0.011730205278592375,69,0,1.505939783410782,36,Female,Istanbul,2390.17,597.5425,1727.81,13,3.25,86.13499999999999,0.25,0.5,0.5,0.14414874231682473
CUST_01608,55.5,28.991378028648448,3,111,0.026785714285714284,314,0,0.5223671622753385,54,Male,Adana,865.8299999999999,288.60999999999996,706.29,8,2.6666666666666665,7.77,0.3333333333333333,0.6666666666666666,0.6666666666666666,0.026922143976569963
CUST_01609,64.33333333333333,93.40413980832612,4,193,0.020618556701030927,140,0,1.4518777982867617,38,Male,Ankara,4088.6099999999997,1022.1524999999999,1967.61,14,3.5,74.03,0.5,0.75,0.5,0.0724255920007772
CUST_01610,138.0,0.0,2,138,0.014388489208633094,69,1,0.0,31,Male,Ankara,711.4200000000001,355.71000000000004,434.57,6,3.0,61.245000000000005,0.5,1.0,0.5,0.17217677273009818
CUST_01611,167.5,81.31727983645297,3,335,0.008928571428571428,86,0,0.4854762946326966,31,Female,Bursa,2283.66,761.2199999999999,972.76,9,3.0,65.49333333333333,0.6666666666666666,0.3333333333333333,0.6666666666666666,0.08603732593375897
CUST_01612,73.0,89.09545442950498,3,146,0.02040816326530612,14,0,1.220485660397525,18,Female,Istanbul,2711.9800000000005,903.9933333333335,2118.76,10,3.3333333333333335,7.096666666666667,0.3333333333333333,0.6666666666666666,0.6666666666666666,0.007850352870024462
CUST_01613,71.8,16.63430190900718,6,359,0.016666666666666666,90,0,0.2316755108263464,45,Female,Konya,1142.76,190.46,417.71,14,2.3333333333333335,3.28,0.3333333333333333,0.6666666666666666,0.5,0.017221463734004704
CUST_01614,46.8,24.4172070474901,6,234,0.02553191489361702,53,0,0.5217351821742504,34,Male,Istanbul,8765.400000000001,1460.9000000000003,3050.9,23,3.8333333333333335,9.28,0.5,0.5,0.6666666666666666,0.006352248609519986
CUST_01615,70.66666666666667,64.14306925407712,4,212,0.018779342723004695,41,0,0.9076849294300782,32,Female,Izmir,1218.68,304.67,547.42,6,1.5,16.4225,0.5,0.75,1.0,0.05390258294580174
CUST_01616,68.0,0.0,2,68,0.028985507246376812,265,1,0.0,73,Male,Gaziantep,1164.01,582.005,1143.72,5,2.5,0.0,0.5,0.5,1.0,0.0
CUST_01617,92.0,0.0,2,92,0.021505376344086023,140,1,0.0,38,Female,Bursa,439.42999999999995,219.71499999999997,361.78,6,3.0,21.86,1.0,0.5,1.0,0.09949252395379231
CUST_01618,127.0,84.04165633779478,4,381,0.010471204188481676,40,0,0.661745320283854,25,Male,Ankara,7656.72,1914.18,4668.3,16,4.0,242.435,0.25,0.5,1.0,0.1266521434104148
CUST_01619,37.0,0.0,2,37,0.05263157894736842,270,1,0.0,29,Female,Izmir,420.07,210.035,294.31,8,4.0,3.97,1.0,0.5,1.0,0.018901611546163204
CUST_01620,190.0,0.0,2,190,0.010471204188481676,148,1,0.0,48,Female,Adana,267.09,133.545,207.14,4,2.0,6.265,0.5,1.0,0.5,0.046913025220614586
CUST_01621,72.0,0.0,2,72,0.0273972602739726,53,1,0.0,36,Female,Eskisehir,907.79,453.895,839.52,4,2.0,6.435,0.5,0.5,0.5,0.014177287667462105
CUST_01622,40.0,13.0,4,120,0.03305785123966942,233,0,0.3249999918750002,18,Female,Konya,3329.87,832.4675,2267.34,9,2.25,21.93,0.5,0.5,0.75,0.026343370730577024
CUST_01623,76.5,71.4177848998413,3,153,0.01948051948051948,133,0,0.9335658034807254,46,Male,Ankara,6322.63,2107.5433333333335,6055.6,11,3.6666666666666665,9.133333333333333,0.3333333333333333,1.0,0.6666666666666666,0.00433363963840982
CUST_01624,50.333333333333336,31.828708215487897,7,302,0.0231023102310231,80,0,0.6323584288038967,26,Male,Eskisehir,17136.010000000002,2448.0014285714287,13983.0,24,3.4285714285714284,0.0,0.2857142857142857,0.42857142857142855,0.5714285714285714,0.0
CUST_01625,78.66666666666667,90.35670054474839,4,236,0.016877637130801686,103,0,1.1486021109679612,57,Female,Istanbul,4382.09,1095.5225,4066.28,7,1.75,4.217499999999999,0.25,0.5,1.0,0.0038497611834994146
CUST_01626,49.0,63.55312738174259,4,147,0.02702702702702703,64,0,1.2970025731579595,47,Male,Istanbul,3954.0199999999995,988.5049999999999,2945.35,18,4.5,0.0,0.5,0.5,0.5,0.0
CUST_01627,11.0,4.242640687119285,3,22,0.13043478260869565,59,0,0.38569457285679204,29,Male,Gaziantep,774.3000000000001,258.1,631.96,4,1.3333333333333333,0.0,0.3333333333333333,0.6666666666666666,0.6666666666666666,0.0
CUST_01628,184.5,180.31222920256963,3,369,0.008108108108108109,58,0,0.9773020500014503,50,Male,Istanbul,688.85,229.61666666666667,378.6,7,2.3333333333333335,5.8066666666666675,0.6666666666666666,0.6666666666666666,1.0,0.025288524242047514
CUST_01629,216.0,0.0,2,216,0.009216589861751152,113,1,0.0,35,Female,Istanbul,278.90999999999997,139.45499999999998,220.01,5,2.5,18.95,0.5,0.5,0.5,0.13588612716728604
CUST_01630,92.0,73.97972695272672,4,276,0.01444043321299639,69,0,0.8041274581369485,45,Male,Istanbul,4697.23,1174.3075,3212.96,14,3.5,1.79,0.5,0.5,0.5,0.0015243026196083201
CUST_01631,118.0,47.843494855622744,4,354,0.011267605633802818,21,0,0.4054533427980458,40,Male,Izmir,3286.5600000000004,821.6400000000001,1895.13,13,3.25,0.0,0.5,0.25,0.5,0.0
CUST_01632,43.0,57.71192828754439,5,172,0.028901734104046242,251,0,1.3421378359396874,24,Male,Adana,1668.78,333.756,932.76,11,2.2,3.482,0.6,0.8,0.6,0.01043277121480132
CUST_01633,63.2,77.87939393703574,6,316,0.01892744479495268,62,0,1.2322688719108683,27,Male,Antalya,14320.93,2386.8216666666667,12209.82,18,3.0,260.17,0.3333333333333333,0.6666666666666666,0.5,0.1090026974048462
CUST_01634,149.5,188.79751057680818,3,299,0.01,118,0,1.2628595940732348,47,Female,Istanbul,6850.29,2283.43,6185.9,13,4.333333333333333,0.0,0.3333333333333333,1.0,1.0,0.0
CUST_01635,47.666666666666664,61.50067750304328,4,143,0.027777777777777776,7,0,1.2902239764927128,30,Other,Izmir,8318.41,2079.6025,6218.97,12,3.0,123.4725,0.25,0.5,0.5,0.05937312536440348
CUST_01636,74.33333333333333,49.17994171068798,7,446,0.015659955257270694,3,0,0.6616135567140057,30,Female,Kayseri,2682.41,383.20142857142855,1425.64,30,4.285714285714286,65.05714285714285,0.2857142857142857,0.42857142857142855,0.5714285714285714,0.16977270395338187
CUST_01637,51.0,54.4426303552648,4,153,0.025974025974025976,277,0,1.067502535054162,23,Male,Gaziantep,964.35,241.0875,495.99,9,2.25,26.425,0.5,0.5,0.75,0.10960750719300044
CUST_01638,54.5,61.518289963229634,3,109,0.02727272727272727,292,0,1.1287759419165815,40,Female,Ankara,6498.52,2166.1733333333336,3640.48,10,3.3333333333333335,162.45666666666668,0.3333333333333333,0.6666666666666666,0.6666666666666666,0.0749970762227413
CUST_01639,98.75,62.64915535477447,5,395,0.012626262626262626,47,0,0.6344218199529382,59,Female,Eskisehir,1956.25,391.25,1514.0,15,3.0,3.53,0.4,0.4,0.6,0.00902236419419204
CUST_01640,77.0,66.7720001198107,6,385,0.015544041450777202,59,0,0.8671688214628815,22,Male,Adana,4781.969999999999,796.9949999999999,2831.43,19,3.1666666666666665,27.85166666666667,0.3333333333333333,0.3333333333333333,0.6666666666666666,0.03494584863358092
CUST_01641,51.0,0.0,2,51,0.038461538461538464,382,1,0.0,35,Female,Istanbul,544.46,272.23,297.96,6,3.0,5.66,1.0,1.0,0.5,0.020791242622814374
CUST_01642,54.6,62.41233852372462,6,273,0.021897810218978103,135,0,1.1430831022095516,51,Female,Istanbul,3746.27,624.3783333333333,1099.04,15,2.5,6.5633333333333335,0.3333333333333333,0.3333333333333333,0.8333333333333334,0.01051178904268226
CUST_01643,83.66666666666667,67.48580097571143,4,251,0.015873015873015872,147,0,0.80660318927221,34,Female,Istanbul,589.38,147.345,380.12,7,1.75,3.6675,0.5,0.5,0.75,0.024890562795544045
CUST_01644,58.42857142857143,57.25340497256369,8,409,0.01951219512195122,22,0,0.9798871098991102,40,Female,Adana,11126.44,1390.805,3457.14,25,3.125,0.0,0.375,0.5,0.625,0.0
CUST_01645,88.5,87.88439376059135,5,354,0.014084507042253521,29,0,0.9930439860739816,22,Male,Istanbul,1175.54,235.108,527.96,13,2.6,12.612,0.4,0.4,0.4,0.053643431726511086
CUST_01646,11.0,0.0,2,11,0.16666666666666666,404,1,0.0,40,Male,Izmir,363.69,181.845,326.45,5,2.5,27.255,0.5,0.5,0.5,0.1498803918178647
CUST_01647,71.75,45.309123437412325,5,287,0.017361111111111112,101,0,0.6314860321383455,32,Female,Istanbul,5538.51,1107.702,3200.15,17,3.4,63.162,0.4,0.4,0.6,0.057020751016951525
CUST_01648,66.66666666666667,49.52844300668725,7,400,0.017456359102244388,19,0,0.7429266339564092,46,Male,Kayseri,3088.73,441.2471428571429,797.68,17,2.4285714285714284,35.05714285714286,0.2857142857142857,0.5714285714285714,0.5714285714285714,0.07945012980864273
CUST_01649,75.0,53.08954699373503,6,375,0.015957446808510637,68,0,0.7078606171449922,49,Male,Ankara,2462.63,410.43833333333333,768.9,12,2.0,1.4766666666666666,0.3333333333333333,0.6666666666666666,0.6666666666666666,0.003597779600838665
CUST_01650,135.66666666666666,46.36090306856989,4,407,0.00980392156862745,20,0,0.341726555726118,66,Female,Konya,673.14,168.285,278.45,12,3.0,16.825,0.5,0.5,0.75,0.09997920135496804
CUST_01651,54.0,45.54850894010326,8,378,0.021108179419525065,35,0,0.8434908906780069,41,Female,Kayseri,11761.3,1470.1625,4614.65,28,3.5,128.90375,0.25,0.375,0.875,0.08767993328106251
CUST_01652,139.5,118.08683245815344,3,279,0.010714285714285714,125,0,0.8465005850297695,38,Male,Istanbul,6059.7,2019.8999999999999,5272.76,9,3.0,477.6233333333333,0.3333333333333333,1.0,0.6666666666666666,0.23645890048857587
CUST_01653,116.5,137.88582233137677,3,233,0.01282051282051282,150,0,1.183569280238691,37,Female,Izmir,5300.46,1766.82,3869.12,6,2.0,87.99333333333334,0.3333333333333333,0.3333333333333333,0.6666666666666666,0.04980322459759914
CUST_01654,362.0,0.0,2,362,0.005509641873278237,48,1,0.0,30,Female,Istanbul,2989.04,1494.52,2605.35,6,3.0,0.0,0.5,0.5,0.5,0.0
CUST_01655,132.0,0.0,2,132,0.015037593984962405,42,1,0.0,39,Female,Konya,508.69,254.345,425.02,3,1.5,0.0,0.5,0.5,0.5,0.0
CUST_01656,68.8,77.8601310042566,6,344,0.017391304347826087,2,0,1.131687934194312,31,Male,Izmir,2779.9100000000003,463.3183333333334,1144.92,11,1.8333333333333333,37.54666666666667,0.5,0.5,0.6666666666666666,0.08103859459974186
CUST_01657,134.0,124.45079348883236,3,268,0.011152416356877323,41,0,0.9287372579111575,37,Male,Istanbul,7035.25,2345.0833333333335,6799.12,5,1.6666666666666667,17.13,0.3333333333333333,0.6666666666666666,1.0,0.007304644465809468
CUST_01658,42.0,0.0,2,42,0.046511627906976744,179,1,0.0,50,Male,Istanbul,220.44,110.22,183.36,4,2.0,0.0,1.0,0.5,1.0,0.0
CUST_01659,108.5,109.60155108391487,3,217,0.013761467889908258,194,0,1.0101525352420493,22,Male,Ankara,924.8299999999999,308.27666666666664,336.81,9,3.0,49.050000000000004,0.3333333333333333,0.6666666666666666,0.6666666666666666,0.1591103224621488
CUST_01660,111.0,72.12489168102785,3,222,0.013452914798206279,89,0,0.6497737930743609,48,Male,Kayseri,4099.38,1366.46,3191.33,7,2.3333333333333335,301.99333333333334,0.3333333333333333,0.3333333333333333,0.6666666666666666,0.22100415168561768
CUST_01661,119.0,134.35028842544403,3,238,0.012552301255230125,25,0,1.128994010894538,50,Male,Antalya,723.7,241.23333333333335,398.79,5,1.6666666666666667,11.530000000000001,0.3333333333333333,0.6666666666666666,0.6666666666666666,0.04779604788809155
CUST_01662,38.5,51.1998883927355,9,308,0.02912621359223301,71,0,1.3298671964381379,33,Male,Konya,14134.460000000001,1570.4955555555557,7208.2,29,3.2222222222222223,54.44,0.3333333333333333,0.5555555555555556,0.7777777777777778,0.03466421778320657
CUST_01663,92.5,117.70443208874224,5,370,0.013477088948787063,5,0,1.2724803331487773,18,Female,Ankara,1969.83,393.966,699.84,16,3.2,30.165999999999997,0.2,0.6,0.8,0.07657005915086565
CUST_01664,177.0,175.36248173426378,3,354,0.008450704225352112,28,0,0.9907484787769226,27,Male,Istanbul,5793.09,1931.03,5139.25,10,3.3333333333333335,14.08,0.6666666666666666,0.6666666666666666,1.0,0.007291445494222541
CUST_01665,168.0,72.12489168102785,3,336,0.008902077151335312,87,0,0.42931482887924416,50,Female,Eskisehir,2285.23,761.7433333333333,1499.77,8,2.6666666666666665,113.83999999999999,0.3333333333333333,0.6666666666666666,0.6666666666666666,0.1494466638157472
CUST_01666,147.0,205.0609665440988,3,294,0.010169491525423728,38,0,1.3949725520348724,34,Female,Istanbul,535.12,178.37333333333333,359.92,7,2.3333333333333335,18.13,0.6666666666666666,0.3333333333333333,0.6666666666666666,0.10164075290603554
CUST_01667,57.25,44.04070087241271,5,229,0.021739130434782608,195,0,0.7692698707972548,23,Male,Kayseri,8203.19,1640.6380000000001,5822.6,16,3.2,175.94199999999998,0.4,0.4,0.6,0.10723998828063226
CUST_01668,115.33333333333333,135.6920533168149,4,346,0.011527377521613832,56,0,1.176520683297349,28,Female,Ankara,3100.91,775.2275,1910.93,11,2.75,85.52,0.5,0.25,0.75,0.11031600386942413
CUST_01669,142.0,127.01181047445942,4,426,0.00936768149882904,5,0,0.8944493632395075,45,Female,Istanbul,12332.39,3083.0975,9916.76,11,2.75,10.22,0.25,0.5,0.5,0.0033148481346065616
CUST_01670,136.0,173.9482681718907,3,272,0.01098901098901099,5,0,1.279031374212201,41,Male,Antalya,1009.4300000000001,336.4766666666667,725.94,6,2.0,0.0,0.3333333333333333,0.6666666666666666,0.6666666666666666,0.0
CUST_01671,100.75,61.10851004565568,5,403,0.012376237623762377,39,0,0.6065360738374155,32,Female,Eskisehir,6019.24,1203.848,2606.56,10,2.0,64.762,0.4,0.4,0.8,0.05379582800004998
CUST_01672,77.6,55.338052007637565,6,388,0.015424164524421594,4,0,0.7131192177128653,30,Male,Eskisehir,15152.65,2525.4416666666666,11115.8,20,3.3333333333333335,0.0,0.3333333333333333,0.3333333333333333,0.5,0.0
CUST_01673,49.0,34.50465807063488,9,392,0.022900763358778626,38,0,0.7041766809481266,30,Female,Istanbul,15648.71,1738.7455555555555,7064.35,24,2.6666666666666665,5.698888888888889,0.2222222222222222,0.4444444444444444,0.6666666666666666,0.003277586457318317
CUST_01674,44.0,0.0,2,44,0.044444444444444446,368,1,0.0,23,Male,Istanbul,2962.8599999999997,1481.4299999999998,2887.12,3,1.5,323.0,0.5,1.0,0.5,0.21803257648486088
CUST_01675,105.0,127.27922061357856,3,210,0.014218009478672985,183,0,1.2121830419180526,54,Female,Bursa,3028.12,1009.3733333333333,2660.38,13,4.333333333333333,154.45333333333335,0.6666666666666666,0.6666666666666666,0.6666666666666666,0.1530190347611531
CUST_01676,106.0,145.35129858381038,4,318,0.012539184952978056,64,0,1.3712386529487899,31,Male,Antalya,16018.77,4004.6925,15165.45,11,2.75,55.9775,0.5,0.5,0.75,0.013977977082141019
CUST_01677,61.0,39.59797974644666,3,122,0.024390243902439025,213,0,0.6491471983163847,49,Female,Adana,1782.47,594.1566666666666,1371.38,12,4.0,130.58,0.3333333333333333,0.3333333333333333,0.6666666666666666,0.21977368446070847
CUST_01678,28.0,0.0,2,28,0.06896551724137931,10,1,0.0,53,Male,Istanbul,3519.14,1759.57,3119.14,8,4.0,353.785,0.5,0.5,1.0,0.2010633278579066
CUST_01679,146.5,146.37110370561533,3,293,0.01020408163265306,104,0,0.9991201549931411,46,Female,Kayseri,9199.33,3066.443333333333,6447.42,7,2.3333333333333335,0.0,0.3333333333333333,0.6666666666666666,0.6666666666666666,0.0
CUST_01680,107.5,144.95689014324225,3,215,0.013888888888888888,80,0,1.3484361748354055,29,Female,Antalya,3413.2799999999997,1137.76,2715.35,7,2.3333333333333335,115.20333333333333,0.3333333333333333,0.3333333333333333,0.6666666666666666,0.10125451170025208
CUST_01681,6.0,0.0,2,6,0.2857142857142857,99,1,0.0,39,Male,Gaziantep,2191.58,1095.79,1771.15,4,2.0,16.21,0.5,0.5,1.0,0.014792980393329944
CUST_01682,35.0,25.45584412271571,11,350,0.03133903133903134,66,0,0.7273098112973114,34,Female,Bursa,7296.650000000001,663.3318181818182,3280.05,27,2.4545454545454546,52.08363636363636,0.36363636363636365,0.5454545454545454,0.5454545454545454,0.07851822399817716
CUST_01683,122.0,0.0,2,122,0.016260162601626018,17,1,0.0,24,Male,Izmir,2860.77,1430.385,2847.85,6,3.0,0.0,0.5,1.0,1.0,0.0
CUST_01684,118.0,163.25440269714014,4,354,0.011267605633802818,39,0,1.3835118755392226,38,Female,Eskisehir,2301.01,575.2525,1527.54,7,1.75,3.3,0.25,0.5,0.75,0.005736611304189705
CUST_01685,70.0,69.15923654870693,4,210,0.018957345971563982,165,0,0.9879890794388264,20,Female,Bursa,4829.599999999999,1207.3999999999999,2780.16,14,3.5,0.0,0.5,0.5,0.75,0.0
CUST_01686,111.66666666666667,90.01296202955068,4,335,0.011904761904761904,98,0,0.806086219911622,49,Female,Konya,7444.030000000001,1861.0075000000002,6818.97,10,2.5,2.95,0.25,0.75,0.75,0.0015851628746336793
CUST_01687,39.5,33.251566379144705,5,158,0.031446540880503145,262,0,0.8418117857552638,29,Female,Kayseri,6542.79,1308.558,4998.16,19,3.8,0.0,0.2,0.4,0.6,0.0
CUST_01688,79.33333333333333,44.0151489073175,4,238,0.016736401673640166,46,0,0.5548127943593031,37,Male,Antalya,817.53,204.3825,327.53,10,2.5,16.5475,0.5,0.25,0.75,0.0809633893265647
CUST_01689,64.0,59.39696961966999,3,128,0.023255813953488372,248,0,0.9280776358061306,38,Male,Bursa,6085.780000000001,2028.5933333333335,5593.85,10,3.3333333333333335,0.0,0.3333333333333333,0.3333333333333333,0.6666666666666666,0.0
CUST_01690,218.5,267.9934700697015,3,437,0.00684931506849315,6,0,1.2265147315477656,31,Male,Istanbul,2124.15,708.0500000000001,984.12,11,3.6666666666666665,0.0,0.6666666666666666,0.6666666666666666,0.6666666666666666,0.0
CUST_01691,98.75,129.2784462571649,5,395,0.012626262626262626,28,0,1.3091488096001629,42,Female,Istanbul,3548.45,709.6899999999999,2130.39,7,1.4,15.464000000000002,0.4,0.4,0.4,0.021789795513830274
CUST_01692,43.6,36.30488182661451,11,436,0.02517162471395881,10,0,0.8326807567415999,29,Male,Istanbul,9252.039999999999,841.0945454545454,2719.5,35,3.1818181818181817,62.48636363636364,0.36363636363636365,0.5454545454545454,0.6363636363636364,0.0742917236828625
CUST_01693,59.0,70.7566251315027,6,295,0.02027027027027027,129,0,1.1992648124108118,45,Female,Istanbul,5778.509999999999,963.0849999999999,2326.95,23,3.8333333333333335,144.26500000000001,0.3333333333333333,0.3333333333333333,0.5,0.14979467009682984
CUST_01694,136.0,0.0,3,272,0.01098901098901099,82,0,0.0,18,Female,Ankara,402.21999999999997,134.07333333333332,323.15,5,1.6666666666666667,28.233333333333334,0.3333333333333333,0.6666666666666666,0.6666666666666666,0.21058127235904778
CUST_01695,46.375,30.570468943550267,9,371,0.024193548387096774,60,0,0.659201472438788,36,Male,Ankara,4547.62,505.2911111111111,1168.75,23,2.5555555555555554,20.633333333333336,0.3333333333333333,0.4444444444444444,0.4444444444444444,0.04083454634127062
CUST_01696,4.0,0.0,2,4,0.4,102,1,0.0,58,Female,Ankara,2520.4,1260.2,1904.65,10,5.0,0.0,0.5,1.0,1.0,0.0
CUST_01697,191.0,261.6295090390226,3,382,0.007832898172323759,67,0,1.369787998268244,22,Male,Izmir,1507.81,502.6033333333333,633.61,11,3.6666666666666665,84.16666666666667,0.6666666666666666,0.6666666666666666,0.6666666666666666,0.1674614172194214
CUST_01698,82.75,51.31845022341705,5,331,0.015060240963855422,106,0,0.6201625329698431,26,Male,Istanbul,7267.9400000000005,1453.5880000000002,5756.32,16,3.2,34.794,0.2,0.4,0.8,0.023936631271077747
CUST_01699,70.0,24.0,4,210,0.018957345971563982,106,0,0.34285713795918377,41,Female,Istanbul,11719.210000000001,2929.8025000000002,9409.93,8,2.0,450.24,0.5,0.5,0.5,0.15367588765670182
CUST_01700,124.5,146.37110370561533,3,249,0.012,151,0,1.175671506264609,37,Male,Antalya,12854.74,4284.913333333333,12218.8,11,3.6666666666666665,0.0,0.3333333333333333,0.6666666666666666,0.6666666666666666,0.0
CUST_01701,47.6,17.242389625571047,6,238,0.02510460251046025,135,0,0.36223506855747856,39,Male,Bursa,3855.9200000000005,642.6533333333334,3051.03,12,2.0,12.598333333333334,0.3333333333333333,0.3333333333333333,0.8333333333333334,0.019603622451290034
CUST_01702,70.5,85.55992052357225,3,141,0.02112676056338028,29,0,1.2136158767369698,40,Female,Izmir,4912.28,1637.4266666666665,2681.83,6,2.0,238.01666666666665,0.6666666666666666,0.6666666666666666,0.6666666666666666,0.14536019924839777
CUST_01703,20.333333333333332,21.385353243127252,4,61,0.06451612903225806,63,0,1.0517386323633748,42,Male,Antalya,1232.46,308.115,785.16,11,2.75,0.0,0.5,0.5,0.75,0.0
CUST_01704,65.5,62.718949821139915,5,262,0.019011406844106463,76,0,0.9575412040244079,48,Female,Gaziantep,2318.74,463.74799999999993,1473.19,10,2.0,37.257999999999996,0.4,0.6,0.6,0.08034104711968344
CUST_01705,376.0,0.0,2,376,0.005305039787798408,19,1,0.0,39,Female,Izmir,932.6999999999999,466.34999999999997,835.78,2,1.0,69.895,0.5,0.5,0.5,0.14987670172643572
CUST_01706,43.0,0.0,2,43,0.045454545454545456,105,1,0.0,32,Male,Antalya,1424.8799999999999,712.4399999999999,1059.3,6,3.0,11.21,0.5,1.0,0.5,0.015734658335109404
CUST_01707,61.5,63.56020767744548,7,369,0.01891891891891892,26,0,1.0334992950235153,43,Male,Kayseri,4936.6,705.2285714285715,2573.84,16,2.2857142857142856,0.0,0.42857142857142855,0.42857142857142855,0.7142857142857143,0.0
CUST_01708,79.0,93.33809511662427,3,158,0.018867924528301886,51,0,1.181494859938347,57,Female,Gaziantep,3860.69,1286.8966666666668,2001.36,10,3.3333333333333335,108.93333333333334,0.6666666666666666,0.6666666666666666,0.6666666666666666,0.08464808097673103
CUST_01709,34.0,35.35533905932738,3,68,0.043478260869565216,379,0,1.0398628829254264,33,Male,Izmir,949.65,316.55,743.56,8,2.6666666666666665,6.666666666666667,0.3333333333333333,0.3333333333333333,0.3333333333333333,0.021060390603715926
CUST_01710,112.33333333333333,95.45854248485745,4,337,0.011834319526627219,59,0,0.8497793023894197,23,Male,Antalya,939.97,234.9925,445.88,13,3.25,0.0,0.5,0.5,0.75,0.0
CUST_01711,62.0,65.50318058435535,5,248,0.020080321285140562,77,0,1.0565028956105236,48,Female,Istanbul,10397.919999999998,2079.584,9530.31,14,2.8,5.806,0.2,0.8,0.6,0.0027919045334105744
CUST_01712,92.0,60.81118318204309,3,184,0.016216216216216217,234,0,0.6609911143592606,33,Male,Bursa,1945.25,648.4166666666666,1079.4,9,3.0,68.98,0.6666666666666666,0.6666666666666666,0.6666666666666666,0.10638221291908669
CUST_01713,10.0,0.0,2,10,0.18181818181818182,128,1,0.0,18,Female,Eskisehir,2561.6299999999997,1280.8149999999998,2484.39,3,1.5,127.185,0.5,0.5,1.0,0.09930005496554924
CUST_01714,69.0,45.81484475582123,6,345,0.017341040462427744,80,0,0.6639832477077968,45,Male,Izmir,2946.7,491.1166666666666,1404.92,16,2.6666666666666665,31.01,0.3333333333333333,0.5,0.5,0.06314181953410565
CUST_01715,313.0,0.0,2,313,0.006369426751592357,119,1,0.0,28,Male,Kayseri,9615.1,4807.55,9509.56,5,2.5,0.0,0.5,1.0,0.5,0.0
CUST_01716,93.0,0.0,2,93,0.02127659574468085,325,1,0.0,33,Male,Izmir,881.37,440.685,849.93,4,2.0,0.0,0.5,0.5,1.0,0.0
CUST_01717,97.66666666666667,42.15843134336634,4,293,0.013605442176870748,125,0,0.4316562891983964,38,Female,Eskisehir,5945.39,1486.3475,3102.03,14,3.5,223.0975,0.25,0.5,0.5,0.15009780677123094
CUST_01718,25.0,0.0,2,25,0.07692307692307693,4,1,0.0,37,Female,Bursa,381.1,190.55,305.32,3,1.5,8.02,0.5,0.5,0.5,0.042088690411499916
CUST_01719,73.5,71.4177848998413,3,147,0.02027027027027027,190,0,0.9716705296349765,43,Female,Istanbul,11374.43,3791.476666666667,11147.03,9,3.0,618.7733333333333,0.3333333333333333,0.6666666666666666,0.6666666666666666,0.1632011449813658
CUST_01720,61.666666666666664,69.4252595721951,7,370,0.018867924528301886,72,0,1.125815001833191,29,Male,Bursa,7137.829999999999,1019.6899999999998,4621.44,18,2.5714285714285716,8.901428571428571,0.42857142857142855,0.42857142857142855,0.5714285714285714,0.00872954384440274
CUST_01721,139.5,106.77312395916867,3,279,0.010714285714285714,17,0,0.7653987325718276,41,Male,Ankara,916.65,305.55,488.88,9,3.0,10.483333333333333,0.6666666666666666,0.6666666666666666,1.0,0.034309714609797475
CUST_01722,32.0,0.0,2,32,0.06060606060606061,86,1,0.0,31,Male,Istanbul,279.85,139.925,153.81,4,2.0,12.52,1.0,0.5,1.0,0.08947650463122025
CUST_01723,117.0,110.30865786510141,3,234,0.01276595744680851,7,0,0.9428090335238665,43,Female,Gaziantep,989.84,329.94666666666666,535.34,7,2.3333333333333335,0.0,0.6666666666666666,0.6666666666666666,0.6666666666666666,0.0
CUST_01724,53.5,6.363961030678928,3,107,0.027777777777777776,333,0,0.1189525404061007,42,Female,Ankara,391.25,130.41666666666666,208.35,4,1.3333333333333333,17.330000000000002,0.3333333333333333,0.6666666666666666,0.6666666666666666,0.13288178811847834
CUST_01725,66.25,59.38223640113262,5,265,0.018796992481203006,114,0,0.8963356302610868,23,Female,Gaziantep,3668.58,733.716,1350.42,9,1.8,19.142,0.6,0.6,0.6,0.02608911346339849
CUST_01726,79.0,50.20956084253277,4,237,0.01680672268907563,190,0,0.6355640532527685,48,Male,Ankara,5363.42,1340.855,4621.19,10,2.5,165.025,0.25,0.5,1.0,0.12307445613203928
CUST_01727,68.66666666666667,94.39844631489792,7,412,0.01694915254237288,19,0,1.3747346350509217,28,Female,Istanbul,7712.469999999999,1101.7814285714285,5731.36,21,3.0,13.397142857142857,0.2857142857142857,0.42857142857142855,0.5714285714285714,0.012159528648394521
CUST_01728,48.333333333333336,59.87765303795175,4,145,0.0273972602739726,171,0,1.2388479682573197,44,Male,Eskisehir,3649.6400000000003,912.4100000000001,1433.64,13,3.25,20.0725,0.25,0.5,0.75,0.021999430056663747
CUST_01729,86.0,0.0,2,86,0.022988505747126436,112,1,0.0,39,Female,Ankara,587.18,293.59,334.89,8,4.0,21.33,0.5,0.5,1.0,0.07265233804743916
CUST_01730,68.0,0.0,2,68,0.028985507246376812,323,1,0.0,57,Male,Bursa,971.67,485.835,801.42,7,3.5,4.035,0.5,0.5,0.5,0.008305288815533487
CUST_01731,67.6,67.4262560135145,6,338,0.017699115044247787,100,0,0.997429807930247,32,Female,Bursa,6343.03,1057.1716666666666,1865.48,21,3.5,18.736666666666668,0.6666666666666666,0.5,0.8333333333333334,0.017723390854790164
CUST_01732,52.0,0.0,2,52,0.03773584905660377,330,1,0.0,30,Male,Bursa,1954.6100000000001,977.3050000000001,1450.22,2,1.0,0.0,0.5,0.5,0.5,0.0
CUST_01733,50.0,39.7844190607328,7,300,0.023255813953488372,65,0,0.7956883653008888,34,Male,Kayseri,10025.53,1432.2185714285715,4085.5,17,2.4285714285714284,190.0442857142857,0.42857142857142855,0.2857142857142857,0.5714285714285714,0.13269223662700666
CUST_01734,49.125,35.778834525456524,9,393,0.02284263959390863,15,0,0.7283223164811035,31,Female,Antalya,6328.59,703.1766666666667,2557.84,25,2.7777777777777777,27.427777777777777,0.3333333333333333,0.3333333333333333,0.5555555555555556,0.039005528822210034
CUST_01735,43.0,42.42640687119285,3,86,0.034482758620689655,166,0,0.9866606019658664,44,Male,Izmir,2796.97,932.3233333333333,1380.85,10,3.3333333333333335,96.77666666666666,0.6666666666666666,0.6666666666666666,0.6666666666666666,0.10380161377797943
CUST_01736,73.33333333333333,54.12331598611945,4,220,0.01809954751131222,218,0,0.7380452079282852,18,Male,Konya,5046.8099999999995,1261.7024999999999,4357.11,11,2.75,34.2625,0.25,0.5,0.75,0.027155767681243587
CUST_01737,143.5,31.81980515339464,3,287,0.010416666666666666,140,0,0.22174080091744836,22,Female,Istanbul,1804.18,601.3933333333333,967.69,5,1.6666666666666667,125.57333333333334,0.3333333333333333,0.6666666666666666,0.3333333333333333,0.20880399925372636
CUST_01738,59.666666666666664,72.49183862109352,7,358,0.019498607242339833,23,0,1.2149469956337406,22,Female,Bursa,4893.83,699.1185714285714,1407.25,19,2.7142857142857144,34.682857142857145,0.2857142857142857,0.42857142857142855,0.5714285714285714,0.049609406058799384
CUST_01739,117.33333333333333,108.68455885420585,4,352,0.0113314447592068,70,0,0.9262888459765654,46,Female,Kayseri,3179.7700000000004,794.9425000000001,2086.36,9,2.25,27.84,0.25,0.5,0.5,0.03502140087487912
CUST_01740,84.33333333333333,109.66464030549379,4,253,0.015748031496062992,86,0,1.3003712134994774,55,Male,Antalya,9137.07,2284.2675,4815.27,20,5.0,185.82,0.25,0.25,0.5,0.0813477405420566
CUST_01741,73.0,0.0,2,73,0.02702702702702703,101,1,0.0,33,Female,Gaziantep,613.76,306.88,345.36,8,4.0,0.0,0.5,0.5,1.0,0.0
CUST_01742,38.44444444444444,47.47396947567981,10,346,0.02881844380403458,25,0,1.2348720062637868,32,Female,Antalya,6863.759999999999,686.376,3027.75,27,2.7,92.81599999999999,0.3,0.4,0.6,0.13522617321231195
CUST_01743,141.5,96.87362902255701,3,283,0.01056338028169014,150,0,0.684619281540196,35,Male,Gaziantep,3866.11,1288.7033333333334,2751.82,11,3.6666666666666665,192.04999999999998,0.3333333333333333,0.3333333333333333,0.6666666666666666,0.1490257648005159
CUST_01744,44.4,44.262349187041075,11,444,0.024719101123595506,4,0,0.9968997340121925,48,Female,Kayseri,9869.74,897.2490909090909,5391.15,31,2.8181818181818183,37.12090909090909,0.36363636363636365,0.5454545454545454,0.8181818181818182,0.04137191046014474
CUST_01745,141.0,135.7645019878171,3,282,0.01060070671378092,33,0,0.9628688015953781,23,Male,Ankara,2879.7000000000003,959.9000000000001,1830.42,12,4.0,88.62,0.6666666666666666,0.6666666666666666,1.0,0.09232211679099685
CUST_01746,112.33333333333333,137.39116905148356,4,337,0.011834319526627219,34,0,1.2230667759206242,37,Male,Istanbul,5222.25,1305.5625,4501.25,10,2.5,2.0025,0.5,1.0,0.5,0.0015338216274335226
CUST_01747,237.0,0.0,2,237,0.008403361344537815,1,1,0.0,46,Male,Izmir,290.33,145.165,151.92,4,2.0,12.395,0.5,0.5,1.0,0.08538559511324634
CUST_01748,58.166666666666664,48.56919462649825,7,349,0.02,31,0,0.8350004663294749,41,Male,Adana,4724.87,674.9814285714285,2543.61,14,2.0,129.91285714285715,0.42857142857142855,0.42857142857142855,0.42857142857142855,0.192468787215885
CUST_01749,99.5,100.77863530199906,5,398,0.012531328320802004,2,0,1.012850595870839,37,Female,Istanbul,5202.389999999999,1040.4779999999998,3726.72,19,3.8,21.906,0.4,0.6,0.4,0.02105378487478468
CUST_01750,93.25,138.2784027484649,5,373,0.013368983957219251,5,0,1.48287829775428,47,Female,Istanbul,1972.9199999999998,394.58399999999995,1379.6,9,1.8,5.258,0.4,0.8,0.8,0.013325426237948256
CUST_01751,27.0,0.0,2,27,0.07142857142857142,173,1,0.0,18,Female,Ankara,533.8299999999999,266.91499999999996,399.13,4,2.0,12.675,1.0,1.0,0.5,0.04748702752753864
CUST_01752,77.0,19.078784028338912,4,231,0.017241379310344827,78,0,0.24777641273457793,43,Female,Eskisehir,4734.14,1183.535,2879.42,7,1.75,324.4475,0.25,0.5,0.75,0.2741342670270551
CUST_01753,55.57142857142857,36.133350904933344,8,389,0.020512820512820513,59,0,0.6502145290052229,27,Male,Antalya,9877.17,1234.64625,3455.95,23,2.875,77.69625,0.25,0.5,0.625,0.06292996875588455
CUST_01754,59.0,43.2087954009366,4,177,0.02247191011235955,210,0,0.7323524520099008,18,Female,Izmir,801.42,200.355,324.39,8,2.0,2.745,0.75,0.5,0.5,0.013700681222326965
CUST_01755,212.0,248.90158697766472,3,424,0.007058823529411765,10,0,1.1740640839792482,41,Female,Istanbul,673.0899999999999,224.36333333333332,321.57,9,3.0,26.900000000000002,0.6666666666666666,0.3333333333333333,0.6666666666666666,0.1198948129378175
CUST_01756,36.666666666666664,33.08070938376826,4,110,0.036036036036036036,92,0,0.9022011404063761,51,Male,Ankara,12132.75,3033.1875,4961.52,13,3.25,179.945,0.5,0.5,0.75,0.05932537963468286
CUST_01757,143.0,0.0,2,143,0.013888888888888888,118,1,0.0,33,Female,Istanbul,803.78,401.89,610.62,6,3.0,18.265,0.5,0.5,0.5,0.04544775922404699
CUST_01758,66.4,28.71933146854223,6,332,0.018018018018018018,7,0,0.4325200457232256,46,Female,Istanbul,5917.620000000001,986.2700000000001,4814.71,14,2.3333333333333335,172.48166666666665,0.3333333333333333,0.3333333333333333,0.5,0.1748828074379063
CUST_01759,57.2,69.63260730433696,6,286,0.020905923344947737,21,0,1.217353253268946,54,Female,Konya,5101.86,850.31,1992.0,18,3.0,50.395,0.5,0.5,0.6666666666666666,0.05926662033932729
CUST_01760,52.25,28.81405906844782,5,209,0.023809523809523808,146,0,0.5514652347747863,50,Female,Eskisehir,7936.6900000000005,1587.3380000000002,2585.76,17,3.4,101.16,0.4,0.6,0.6,0.06372933800883658
CUST_01761,54.833333333333336,98.3512413071979,7,329,0.021212121212121213,6,0,1.7936396263870809,54,Male,Istanbul,6825.24,975.0342857142857,3965.36,15,2.142857142857143,47.971428571428575,0.2857142857142857,0.42857142857142855,0.7142857142857143,0.04919973505043074
CUST_01762,138.0,22.516660498395403,4,414,0.00963855421686747,13,0,0.1631642053277623,43,Male,Istanbul,655.37,163.8425,318.38,8,2.0,13.555,0.5,0.25,0.75,0.08273189140343994
CUST_01763,221.0,0.0,2,221,0.009009009009009009,44,1,0.0,35,Male,Ankara,900.4100000000001,450.20500000000004,501.75,7,3.5,0.0,0.5,0.5,1.0,0.0
CUST_01764,275.0,0.0,2,275,0.007246376811594203,125,1,0.0,18,Female,Izmir,197.22000000000003,98.61000000000001,131.74,5,2.5,19.075,0.5,1.0,1.0,0.19343879734875977
CUST_01765,37.0,32.526911934581186,3,74,0.04,39,0,0.8791057042020402,32,Female,Istanbul,1404.35,468.1166666666666,795.15,13,4.333333333333333,0.0,0.3333333333333333,0.3333333333333333,0.6666666666666666,0.0
CUST_01766,48.5,67.17514421272202,3,97,0.030612244897959183,262,0,1.385054491292114,24,Other,Ankara,727.8199999999999,242.60666666666665,292.6,7,2.3333333333333335,10.28,0.6666666666666666,0.3333333333333333,0.6666666666666666,0.0423731140568831
CUST_01767,89.0,84.8528137423857,3,178,0.01675977653631285,23,0,0.953402390887453,61,Male,Istanbul,1819.48,606.4933333333333,1001.56,8,2.6666666666666665,40.71333333333333,0.3333333333333333,0.6666666666666666,0.6666666666666666,0.06712906973344734
CUST_01768,95.0,37.130400841718185,5,380,0.013123359580052493,5,0,0.39084632053549334,32,Male,Adana,2925.24,585.048,1395.8,18,3.6,14.181999999999999,0.2,0.4,0.6,0.024240746017009294
CUST_01769,155.0,0.0,2,155,0.01282051282051282,267,1,0.0,36,Female,Adana,271.0,135.5,212.96,6,3.0,0.0,0.5,1.0,0.5,0.0
CUST_01770,152.0,89.09545442950498,3,304,0.009836065573770493,115,0,0.5861543016009914,41,Female,Antalya,1004.67,334.89,735.52,9,3.0,0.0,0.3333333333333333,1.0,0.6666666666666666,0.0
CUST_01771,61.0,22.627416997969522,3,122,0.024390243902439025,247,0,0.37094125618079127,35,Male,Ankara,1049.51,349.83666666666664,603.75,8,2.6666666666666665,0.0,0.3333333333333333,0.6666666666666666,0.6666666666666666,0.0
CUST_01772,77.0,51.89733454940951,5,308,0.016181229773462782,1,0,0.6739913490314047,55,Female,Konya,1597.3,319.46,530.92,12,2.4,30.791999999999994,0.6,0.4,0.6,0.09638765386468523
CUST_01773,109.5,41.71930009000631,3,219,0.013636363636363636,134,0,0.3809981708585218,27,Female,Eskisehir,1105.08,368.35999999999996,922.24,6,2.0,3.4466666666666668,0.6666666666666666,0.6666666666666666,1.0,0.009356788623384403
CUST_01774,68.33333333333333,80.55639846302299,4,205,0.019417475728155338,198,0,1.1788741065973007,37,Female,Istanbul,754.97,188.7425,283.75,11,2.75,2.06,0.5,0.25,0.5,0.010914340909364129
CUST_01775,85.4,51.631385803598185,6,427,0.014018691588785047,16,0,0.604582964859663,26,Female,Istanbul,3465.2400000000002,577.5400000000001,1911.69,20,3.3333333333333335,10.133333333333333,0.3333333333333333,0.3333333333333333,0.8333333333333334,0.017545682231166065
CUST_01776,38.0,36.8450207701876,11,380,0.028871391076115485,1,0,0.9696057842258374,19,Male,Bursa,6672.32,606.5745454545454,2815.36,36,3.272727272727273,36.737272727272725,0.36363636363636365,0.45454545454545453,0.45454545454545453,0.06056514066078717
CUST_01777,63.0,99.5941765365827,4,189,0.021052631578947368,40,0,1.5808599199321076,27,Female,Istanbul,4127.41,1031.8525,2573.37,11,2.75,174.06,0.5,0.5,0.75,0.1686869003382878
CUST_01778,68.0,0.0,2,68,0.028985507246376812,336,1,0.0,34,Female,Izmir,321.75,160.875,224.0,6,3.0,0.0,1.0,0.5,1.0,0.0
CUST_01779,39.333333333333336,52.41246671037977,7,236,0.029535864978902954,62,0,1.3325203062167659,29,Male,Bursa,8506.84,1215.2628571428572,5079.9,26,3.7142857142857144,23.195714285714285,0.42857142857142855,0.42857142857142855,0.7142857142857143,0.019086993509504237
CUST_01780,66.33333333333333,95.35372742233695,4,199,0.02,146,0,1.437493356555431,26,Male,Bursa,1395.29,348.8225,508.51,14,3.5,35.9625,0.25,0.5,0.5,0.10309684695483563
CUST_01781,51.0,66.1261420821347,8,357,0.0223463687150838,28,0,1.2965909957949748,18,Female,Ankara,6757.37,844.67125,2787.17,19,2.375,1.90375,0.25,0.375,0.75,0.0022538354392269947
CUST_01782,46.142857142857146,61.3145675225406,8,323,0.024691358024691357,123,0,1.3287986481615903,34,Male,Bursa,5239.7699999999995,654.9712499999999,1538.72,26,3.25,12.50375,0.25,0.625,0.75,0.019090532570566216
CUST_01783,80.33333333333333,74.11027818955569,4,241,0.01652892561983471,60,0,0.9225345717886446,18,Male,Kayseri,5063.12,1265.78,2987.79,8,2.0,0.0,0.25,0.5,0.75,0.0
CUST_01784,129.66666666666666,113.74239901344323,4,389,0.010256410256410256,51,0,0.8771907311279115,44,Female,Istanbul,2219.31,554.8275,1111.44,11,2.75,16.875,0.5,0.5,0.5,0.030414858617471452
CUST_01785,56.142857142857146,54.97705148947323,8,393,0.02030456852791878,32,0,0.9792349963655665,35,Male,Antalya,18749.32,2343.665,13500.92,23,2.875,10.27625,0.375,0.375,0.625,0.004384692349638411
CUST_01786,77.8,49.75640662266518,6,389,0.015384615384615385,48,0,0.6395424933563328,18,Female,Istanbul,1946.0900000000001,324.34833333333336,509.89,17,2.8333333333333335,5.085,0.3333333333333333,0.3333333333333333,0.5,0.015677589374558452
CUST_01787,29.3,26.650203251257455,11,293,0.03741496598639456,117,0,0.9095632198530456,31,Male,Istanbul,11184.96,1016.8145454545454,4856.57,32,2.909090909090909,43.944545454545455,0.36363636363636365,0.45454545454545453,0.6363636363636364,0.043217856793819884
CUST_01788,67.0,0.0,2,67,0.029411764705882353,326,1,0.0,25,Female,Bursa,519.67,259.835,342.63,5,2.5,0.0,0.5,0.5,1.0,0.0
CUST_01789,43.0,0.0,2,43,0.045454545454545456,386,1,0.0,38,Male,Istanbul,300.77,150.385,193.57,8,4.0,2.915,0.5,1.0,0.5,0.019383582010283062
CUST_01790,165.5,118.08683245815344,3,331,0.009036144578313253,48,0,0.7135155996654854,51,Male,Istanbul,7788.93,2596.31,5371.95,11,3.6666666666666665,150.29,0.3333333333333333,0.6666666666666666,0.6666666666666666,0.05788599972349758
CUST_01791,107.0,46.66904755831214,3,214,0.013953488372093023,161,0,0.43615931889862447,18,Male,Istanbul,5566.93,1855.6433333333334,5310.78,6,2.0,200.14666666666665,0.3333333333333333,0.6666666666666666,0.6666666666666666,0.10785837071355751
CUST_01792,107.5,54.44722215136416,3,215,0.013888888888888888,130,0,0.5064857827430547,36,Female,Bursa,4201.3099999999995,1400.4366666666665,3899.0,9,3.0,184.37666666666667,0.3333333333333333,0.6666666666666666,0.6666666666666666,0.1316565546472482
CUST_01793,355.0,0.0,2,355,0.0056179775280898875,60,1,0.0,33,Female,Adana,580.15,290.075,337.83,4,2.0,0.0,0.5,0.5,0.5,0.0
CUST_01794,200.5,105.35891039679558,3,401,0.007462686567164179,26,0,0.5254808472384774,43,Male,Istanbul,13818.87,4606.29,9670.2,14,4.666666666666667,68.92999999999999,0.3333333333333333,0.6666666666666666,0.6666666666666666,0.014964320523682979
CUST_01795,365.0,0.0,2,365,0.00546448087431694,59,1,0.0,37,Female,Antalya,1654.08,827.04,1277.01,6,3.0,0.0,0.5,0.5,1.0,0.0
CUST_01796,69.66666666666667,42.046006548383005,7,418,0.016706443914081145,1,0,0.6035311858112701,25,Female,Istanbul,12889.839999999998,1841.405714285714,8905.55,16,2.2857142857142856,11.344285714285714,0.2857142857142857,0.2857142857142857,0.5714285714285714,0.0061606660716405585
CUST_01797,3.0,0.0,2,3,0.5,344,1,0.0,31,Female,Bursa,2222.77,1111.385,1531.8,6,3.0,0.0,1.0,0.5,1.0,0.0
CUST_01798,33.0,31.75951301054011,5,132,0.03759398496240601,150,0,0.9624094560039593,25,Male,Izmir,3713.7700000000004,742.7540000000001,3389.9,8,1.6,3.7760000000000007,0.6,0.4,0.8,0.005083782779919351
CUST_01799,209.0,0.0,2,209,0.009523809523809525,131,1,0.0,47,Female,Antalya,1760.04,880.02,1281.54,9,4.5,38.91,0.5,0.5,1.0,0.0442149041564795
CUST_01800,24.2,16.452963258939103,6,121,0.04918032786885246,34,0,0.6798744867382073,35,Male,Eskisehir,5742.15,957.025,3437.45,17,2.8333333333333335,17.849999999999998,0.3333333333333333,0.3333333333333333,0.5,0.018651550357982757
CUST_01801,97.0,90.50966799187809,3,194,0.015384615384615385,5,0,0.9330893511215335,57,Male,Kayseri,5666.51,1888.8366666666668,5005.47,9,3.0,0.0,0.3333333333333333,1.0,0.6666666666666666,0.0
CUST_01802,88.5,109.60155108391487,3,177,0.016853932584269662,154,0,1.2384355914743421,34,Female,Istanbul,2656.55,885.5166666666668,1539.45,12,4.0,0.0,0.3333333333333333,0.6666666666666666,0.6666666666666666,0.0
CUST_01803,62.0,35.35533905932738,3,124,0.024,282,0,0.5702473949851611,26,Female,Konya,541.92,180.64,332.28,10,3.3333333333333335,13.686666666666666,0.3333333333333333,1.0,0.6666666666666666,0.07576764056077849
CUST_01804,18.0,2.6457513110645907,4,54,0.07272727272727272,54,0,0.14698617578213416,18,Male,Istanbul,14382.369999999999,3595.5924999999997,9979.17,15,3.75,184.5975,0.25,0.75,0.75,0.05133993909172412
CUST_01805,82.5,56.47713401604818,5,330,0.015105740181268883,45,0,0.6845713131088106,18,Male,Kayseri,3387.81,677.562,1127.97,18,3.6,40.808,0.4,0.6,0.6,0.060227698630933114
CUST_01806,119.33333333333333,119.05600922814999,4,358,0.011142061281337047,47,0,0.9976760466240834,18,Female,Ankara,6202.7,1550.675,3727.44,14,3.5,0.0,0.5,0.5,0.5,0.0
CUST_01807,91.0,56.31163290120435,4,273,0.014598540145985401,145,0,0.6188091459603868,38,Female,Ankara,1028.72,257.18,396.55,12,3.0,26.3125,0.25,0.5,0.75,0.10231161014732246
CUST_01808,79.25,19.90602923739438,5,317,0.015723270440251572,132,0,0.2511801764821982,41,Male,Istanbul,3260.96,652.192,1225.95,17,3.4,61.274,0.4,0.8,0.6,0.09395086095206494
CUST_01809,135.0,67.88225099390856,3,270,0.01107011070110701,39,0,0.5028314851190894,18,Female,Istanbul,2014.4499999999998,671.4833333333332,1027.8,5,1.6666666666666667,114.49333333333334,0.3333333333333333,0.3333333333333333,0.3333333333333333,0.17050807887437058
CUST_01810,126.0,48.08326112068523,3,252,0.011857707509881422,11,0,0.3816131804688258,45,Male,Adana,2245.05,748.35,1367.54,12,4.0,73.40333333333334,0.3333333333333333,0.3333333333333333,1.0,0.09808690216509178
CUST_01811,88.33333333333333,100.94718090830142,4,265,0.015037593984962405,111,0,1.1427982614962622,29,Male,Kayseri,3780.7599999999998,945.1899999999999,2856.87,9,2.25,0.0,0.25,0.75,1.0,0.0
CUST_01812,87.75,64.9172550251472,5,351,0.014204545454545454,33,0,0.7397977696336118,36,Female,Bursa,6939.36,1387.8719999999998,6240.4,17,3.4,156.364,0.4,0.8,0.6,0.11266456840928807
CUST_01813,86.0,90.73312515283489,6,430,0.013921113689095127,5,0,1.055036326718588,54,Male,Adana,3953.44,658.9066666666666,2302.41,18,3.0,101.075,0.16666666666666666,0.5,0.8333333333333334,0.153398053108081
CUST_01814,110.5,126.572113832392,3,221,0.013513513513513514,101,0,1.1454489835922446,45,Male,Adana,1331.82,443.94,1018.68,5,1.6666666666666667,12.616666666666667,0.3333333333333333,0.6666666666666666,0.6666666666666666,0.02841975635952361
CUST_01815,190.0,0.0,2,190,0.010471204188481676,42,1,0.0,31,Female,Ankara,332.14,166.07,278.26,3,1.5,21.92,1.0,0.5,0.5,0.13199253247430281
CUST_01816,39.666666666666664,32.55764119219941,10,357,0.027932960893854747,4,0,0.8207808496996277,24,Female,Istanbul,36626.17,3662.6169999999997,25061.75,27,2.7,749.234,0.3,0.5,0.6,0.20456247535449043
CUST_01817,97.25,44.206899913927465,5,389,0.01282051282051282,5,0,0.45456966025046586,18,Male,Istanbul,3786.66,757.332,1954.91,18,3.6,132.422,0.4,0.4,0.8,0.17485330056718415
CUST_01818,108.66666666666667,103.68381423025164,4,326,0.012232415902140673,112,0,0.9541455209457619,26,Female,Ankara,6470.56,1617.64,4217.72,12,3.0,0.0,0.25,0.5,0.75,0.0
CUST_01819,110.5,34.64823227814083,3,221,0.013513513513513514,7,0,0.3135586603129608,32,Female,Istanbul,1025.46,341.82,446.55,7,2.3333333333333335,21.663333333333338,0.3333333333333333,0.3333333333333333,0.6666666666666666,0.0633764357555348
CUST_01820,58.666666666666664,57.01812577300894,7,352,0.019830028328611898,85,0,0.9718998545643595,23,Male,Istanbul,3823.3,546.1857142857143,1682.2,25,3.5714285714285716,23.62857142857143,0.2857142857142857,0.8571428571428571,0.42857142857142855,0.043261057122687886
CUST_01821,95.0,85.86035173466273,4,285,0.013986013986013986,115,0,0.9037931666407323,33,Female,Istanbul,2800.73,700.1825,1315.48,10,2.5,12.35,0.25,0.5,0.75,0.01763825857167487
CUST_01822,129.0,122.11060560000512,4,387,0.010309278350515464,56,0,0.9465938345225681,35,Male,Istanbul,5989.37,1497.3425,4017.7,12,3.0,0.0,0.5,0.5,0.5,0.0
CUST_01823,68.0,41.012193308819754,3,136,0.021897810218978103,170,0,0.6031204809661658,32,Male,Kayseri,690.94,230.31333333333336,419.28,9,3.0,1.7666666666666666,0.3333333333333333,0.6666666666666666,0.6666666666666666,0.007670709434955091
CUST_01824,134.33333333333334,40.07908847932215,4,403,0.009900990099009901,46,0,0.2983554951436724,27,Female,Istanbul,2463.76,615.94,1181.43,12,3.0,15.69,0.5,0.75,0.5,0.025473260341148062
CUST_01825,46.0,0.0,2,46,0.0425531914893617,1,1,0.0,37,Female,Bursa,2697.5,1348.75,1612.05,6,3.0,61.55,0.5,0.5,0.5,0.04563484704679529
CUST_01826,119.0,9.899494936611665,3,238,0.012552301255230125,91,0,0.0831890323817028,40,Male,Bursa,3541.96,1180.6533333333334,2557.14,7,2.3333333333333335,148.66,0.3333333333333333,0.6666666666666666,0.6666666666666666,0.12591333601233778
CUST_01827,64.25,63.98632666437416,5,257,0.01937984496124031,6,0,0.9958961193537439,21,Male,Bursa,7380.52,1476.104,5722.74,14,2.8,0.0,0.2,0.8,0.4,0.0
CUST_01828,57.5,17.67766952966369,3,115,0.02586206896551724,240,0,0.3074377256039298,51,Female,Istanbul,4044.5499999999997,1348.1833333333332,1687.04,9,3.0,82.98333333333333,0.6666666666666666,1.0,1.0,0.06155196494426923
CUST_01829,75.0,0.0,2,75,0.02631578947368421,367,1,0.0,33,Male,Ankara,617.94,308.97,380.54,4,2.0,43.18,0.5,1.0,1.0,0.1397546682857408
CUST_01830,65.0,51.85749704719656,7,390,0.017902813299232736,58,0,0.7978076346059835,35,Male,Istanbul,9931.74,1418.82,5409.9,23,3.2857142857142856,4.524285714285715,0.7142857142857143,0.2857142857142857,0.7142857142857143,0.0031887665180198674
CUST_01831,41.44444444444444,42.45324225283362,10,373,0.026737967914438502,13,0,1.0243409411700648,43,Male,Ankara,23651.19,2365.1189999999997,13004.13,25,2.5,26.110000000000003,0.3,0.5,0.5,0.011039613646907575
CUST_01832,139.0,60.0,4,417,0.009569377990430622,7,0,0.4316546731535635,37,Female,Istanbul,4661.48,1165.37,3321.74,9,2.25,59.615,0.5,0.5,0.5,0.05115542698786186
CUST_01833,180.5,16.263455967290593,3,361,0.008287292817679558,25,0,0.09010224862708224,46,Male,Bursa,1469.5099999999998,489.8366666666666,1280.56,7,2.3333333333333335,16.153333333333332,0.3333333333333333,0.3333333333333333,1.0,0.032976978653475694
CUST_01834,49.5,24.748737341529164,3,99,0.03,71,0,0.49997448164756936,38,Male,Antalya,2519.59,839.8633333333333,2379.01,7,2.3333333333333335,109.07666666666667,0.3333333333333333,0.3333333333333333,0.6666666666666666,0.12987430479180226
CUST_01835,66.33333333333333,62.3495522571467,7,398,0.017543859649122806,32,0,0.9399429846814631,27,Female,Bursa,8809.82,1258.5457142857142,3443.89,18,2.5714285714285716,116.22714285714287,0.2857142857142857,0.42857142857142855,0.8571428571428571,0.09235035441740552
CUST_01836,167.0,0.0,2,167,0.011904761904761904,181,1,0.0,39,Female,Izmir,606.3299999999999,303.16499999999996,478.03,7,3.5,34.51,0.5,1.0,1.0,0.11383240112205432
CUST_01837,84.0,45.254833995939045,3,168,0.01775147928994083,224,0,0.5387480173475122,21,Female,Ankara,4151.67,1383.89,3925.7,7,2.3333333333333335,185.9,0.3333333333333333,0.6666666666666666,1.0,0.1343314857869256
CUST_01838,88.25,145.06866190417097,5,353,0.014124293785310734,26,0,1.6438375100321072,36,Male,Gaziantep,4194.45,838.89,1560.06,11,2.2,22.194,0.6,0.6,0.8,0.026456388767947658
CUST_01839,49.57142857142857,46.04656028723225,8,347,0.022988505747126436,71,0,0.9288931282662072,34,Female,Istanbul,11641.93,1455.24125,6454.76,24,3.0,61.876250000000006,0.5,0.5,0.625,0.04251958220499894
CUST_01840,36.5,29.715315916207253,5,146,0.034013605442176874,207,0,0.814118221975042,32,Male,Adana,1592.66,318.53200000000004,681.6,15,3.0,0.0,0.4,0.6,0.6,0.0
CUST_01841,102.5,10.606601717798213,3,205,0.014563106796116505,16,0,0.10347904013969925,33,Male,Adana,1117.85,372.6166666666666,773.34,5,1.6666666666666667,0.0,0.6666666666666666,0.6666666666666666,0.6666666666666666,0.0
CUST_01842,121.5,2.1213203435596424,3,243,0.012295081967213115,52,0,0.01745942655226515,18,Female,Izmir,4308.65,1436.2166666666665,3430.43,8,2.6666666666666665,12.04,0.3333333333333333,0.6666666666666666,0.6666666666666666,0.008383136243336217
CUST_01843,43.888888888888886,53.917632654922,10,395,0.025252525252525252,15,0,1.2285029945260029,28,Male,Ankara,7325.7300000000005,732.5730000000001,2787.32,24,2.4,41.966,0.3,0.5,0.6,0.057285758474191976
CUST_01844,51.5,51.61879502661797,3,103,0.028846153846153848,85,0,1.0023066800837144,36,Male,Izmir,1327.1999999999998,442.3999999999999,673.56,7,2.3333333333333335,0.0,0.3333333333333333,0.3333333333333333,1.0,0.0
CUST_01845,139.5,10.606601717798213,3,279,0.010714285714285714,147,0,0.07603298667932062,36,Male,Istanbul,2270.6,756.8666666666667,1922.88,10,3.3333333333333335,0.0,0.3333333333333333,0.6666666666666666,0.6666666666666666,0.0
CUST_01846,40.0,0.0,2,40,0.04878048780487805,395,1,0.0,22,Male,Istanbul,1296.3700000000001,648.1850000000001,1014.33,5,2.5,141.005,0.5,0.5,0.5,0.21753820249228503
CUST_01847,31.5,25.645940920821868,9,252,0.03557312252964427,47,0,0.8141568287830171,50,Male,Istanbul,18980.899999999998,2108.9888888888886,16281.17,23,2.5555555555555554,320.43444444444447,0.3333333333333333,0.4444444444444444,0.6666666666666666,0.15193747391496523
CUST_01848,104.66666666666667,109.7102243791951,4,314,0.012698412698412698,121,0,1.0481868471115439,24,Other,Istanbul,700.4000000000001,175.10000000000002,221.46,8,2.0,4.1525,0.75,0.5,0.5,0.023715019853140944
CUST_01849,58.285714285714285,35.405810661124946,8,408,0.019559902200488997,20,0,0.6074526234698683,46,Male,Izmir,16236.81,2029.60125,5453.16,20,2.5,91.2475,0.375,0.625,0.5,0.044958338469214904
CUST_01850,295.0,0.0,2,295,0.006756756756756757,136,1,0.0,40,Male,Gaziantep,2126.2,1063.1,1151.65,10,5.0,0.0,1.0,0.5,0.5,0.0
CUST_01851,126.0,0.0,2,126,0.015748031496062992,302,1,0.0,27,Male,Istanbul,601.12,300.56,450.37,6,3.0,0.0,0.5,1.0,1.0,0.0
CUST_01852,71.66666666666667,67.84049921199971,4,215,0.018518518518518517,78,0,0.9466116037030898,56,Female,Kayseri,2841.01,710.2525,1028.68,11,2.75,44.19,0.25,0.5,0.5,0.06221730995354847
CUST_01853,170.0,0.0,2,170,0.011695906432748537,49,1,0.0,20,Female,Kayseri,2109.87,1054.935,1533.32,4,2.0,24.675,1.0,0.5,0.5,0.02339006666440106
CUST_01854,147.5,27.577164466275352,3,295,0.010135135135135136,7,0,0.18696382562245104,46,Male,Kayseri,1018.62,339.54,546.16,7,2.3333333333333335,16.766666666666666,0.3333333333333333,0.3333333333333333,0.6666666666666666,0.049380534303134035
CUST_01855,302.0,0.0,2,302,0.006600660066006601,113,1,0.0,47,Female,Gaziantep,4158.66,2079.33,3326.13,7,3.5,31.235,0.5,0.5,0.5,0.015021665625455477
CUST_01856,90.0,0.0,2,90,0.02197802197802198,94,1,0.0,26,Male,Ankara,679.4200000000001,339.71000000000004,455.35,3,1.5,41.715,0.5,0.5,1.0,0.12279591380060666
CUST_01857,98.5,115.25840533340725,3,197,0.015151515151515152,99,0,1.1701360828758496,51,Male,Istanbul,7049.799999999999,2349.933333333333,5934.98,9,3.0,35.93,0.3333333333333333,0.6666666666666666,0.6666666666666666,0.015289795448683741
CUST_01858,10.0,0.0,2,10,0.18181818181818182,206,1,0.0,31,Male,Bursa,407.29,203.645,386.85,6,3.0,0.0,1.0,0.5,0.5,0.0
CUST_01859,96.0,65.27633568147036,4,288,0.01384083044982699,4,0,0.6799618229323806,38,Male,Bursa,547.75,136.9375,319.08,7,1.75,5.93,0.25,0.5,0.5,0.0433044268859558
CUST_01860,46.666666666666664,31.685959035509722,10,420,0.023752969121140142,15,0,0.6789848219255337,38,Male,Gaziantep,7263.99,726.399,2676.49,24,2.4,47.557,0.2,0.3,0.5,0.06546952836461845
CUST_01861,141.5,129.4005409571382,3,283,0.01056338028169014,136,0,0.9144914490646413,33,Female,Eskisehir,7136.0599999999995,2378.6866666666665,5502.44,8,2.6666666666666665,0.0,0.3333333333333333,0.6666666666666666,0.6666666666666666,0.0
CUST_01862,29.5,37.476659402887016,3,59,0.05,202,0,1.2703951909319262,44,Male,Izmir,950.26,316.75333333333333,446.2,10,3.3333333333333335,44.56,0.6666666666666666,0.3333333333333333,1.0,0.14067728787696857
CUST_01863,91.66666666666667,78.94512862319837,4,275,0.014492753623188406,17,0,0.8612195755852232,44,Female,Ankara,11442.02,2860.505,7406.47,11,2.75,142.42249999999999,0.5,0.75,0.75,0.04978928544093113
CUST_01864,43.42857142857143,57.27086851927759,8,304,0.02622950819672131,133,0,1.3187370736966566,18,Male,Istanbul,29481.62,3685.2025,9525.1,25,3.125,163.7225,0.375,0.375,0.5,0.04442700230328537
CUST_01865,60.0,41.012193308819754,3,120,0.024793388429752067,232,0,0.6835365437547202,50,Male,Istanbul,4794.19,1598.0633333333333,2331.96,11,3.6666666666666665,0.0,0.6666666666666666,0.6666666666666666,0.6666666666666666,0.0
CUST_01866,52.0,14.142135623730951,3,104,0.02857142857142857,57,0,0.271964141380131,18,Male,Izmir,1439.05,479.68333333333334,1049.63,7,2.3333333333333335,24.653333333333336,0.3333333333333333,0.3333333333333333,0.6666666666666666,0.05139501743915427
CUST_01867,60.333333333333336,53.79095339057179,7,362,0.01928374655647383,33,0,0.8915627486023597,47,Female,Bursa,12517.41,1788.2014285714286,8971.65,25,3.5714285714285716,11.401428571428571,0.2857142857142857,0.5714285714285714,0.42857142857142855,0.006375919615588892
CUST_01868,73.0,0.0,2,73,0.02702702702702703,126,1,0.0,48,Male,Gaziantep,598.6899999999999,299.34499999999997,457.71,5,2.5,0.0,1.0,1.0,1.0,0.0
CUST_01869,59.166666666666664,46.231663031591964,7,355,0.019662921348314606,66,0,0.7813802070458326,21,Female,Izmir,10714.74,1530.6771428571428,5231.25,21,3.0,32.808571428571426,0.2857142857142857,0.7142857142857143,0.5714285714285714,0.02143402451669026
CUST_01870,101.0,83.97221762781625,5,404,0.012345679012345678,27,0,0.8314080870931502,30,Male,Kayseri,2195.7,439.14,1247.7,11,2.2,28.996,0.4,0.4,0.6,0.0660290566424624
CUST_01871,376.0,0.0,2,376,0.005305039787798408,37,1,0.0,21,Male,Antalya,528.5600000000001,264.28000000000003,386.85,2,1.0,0.0,0.5,0.5,0.5,0.0
CUST_01872,54.5,42.33556424567883,7,327,0.021341463414634148,82,0,0.7767993297042111,32,Male,Gaziantep,6986.7300000000005,998.1042857142858,2390.82,22,3.142857142857143,27.214285714285715,0.2857142857142857,0.2857142857142857,0.5714285714285714,0.027265974183793874
CUST_01873,50.8,47.219699279008545,6,254,0.023529411764705882,168,0,0.9295216210528923,31,Male,Istanbul,8328.46,1388.0766666666666,5530.37,20,3.3333333333333335,244.00833333333333,0.5,0.5,0.5,0.17578880116435297
CUST_01874,57.0,79.19595949289332,3,114,0.02608695652173913,25,0,1.3894027737454482,44,Male,Konya,3932.0499999999997,1310.6833333333332,3268.89,3,1.0,280.98333333333335,0.6666666666666666,0.3333333333333333,0.6666666666666666,0.21437926764839263
CUST_01875,370.0,0.0,2,370,0.005390835579514825,5,1,0.0,50,Male,Antalya,507.76,253.88,362.98,5,2.5,0.0,0.5,1.0,1.0,0.0
CUST_01876,109.5,136.47160876900367,3,219,0.013636363636363636,198,0,1.2463160504355033,51,Female,Istanbul,1627.05,542.35,716.08,6,2.0,0.0,0.3333333333333333,0.3333333333333333,1.0,0.0
CUST_01877,205.0,0.0,2,205,0.009708737864077669,181,1,0.0,28,Male,Istanbul,539.04,269.52,412.8,2,1.0,6.195,0.5,1.0,1.0,0.02298530712754042
CUST_01878,54.0,36.38681079732051,4,162,0.024539877300613498,278,0,0.6738298171016794,32,Female,Kayseri,1596.0,399.0,921.35,14,3.5,20.2825,0.75,0.5,0.5,0.050833333205931495
CUST_01879,154.5,183.1406563273158,3,309,0.00967741935483871,106,0,1.185376408685692,18,Male,Istanbul,3324.49,1108.1633333333332,2031.57,9,3.0,1.3033333333333335,0.3333333333333333,0.6666666666666666,0.6666666666666666,0.001176120245954008
CUST_01880,47.0,42.523522902036234,10,423,0.02358490566037736,20,0,0.9047557871761798,25,Female,Izmir,7144.46,714.446,3161.08,33,3.3,26.149,0.2,0.5,0.5,0.03660038682195661
CUST_01881,85.0,107.48023074035522,3,170,0.017543859649122806,151,0,1.2644732879515523,46,Female,Ankara,5665.0599999999995,1888.3533333333332,2855.98,6,2.0,0.0,0.3333333333333333,0.6666666666666666,1.0,0.0
CUST_01882,43.5,42.703759917729855,11,435,0.02522935779816514,7,0,0.9816956077249253,54,Male,Antalya,24680.88,2243.716363636364,13441.25,32,2.909090909090909,335.73999999999995,0.2727272727272727,0.36363636363636365,0.8181818181818182,0.14963566932597244
CUST_01883,24.5,24.748737341529164,3,49,0.06,86,0,1.0101525033214964,20,Male,Gaziantep,772.6800000000001,257.56,492.48,7,2.3333333333333335,16.37,0.3333333333333333,0.6666666666666666,0.6666666666666666,0.0635580056547678
CUST_01884,46.22222222222222,44.971595973952766,10,416,0.023980815347721823,9,0,0.9729431610795348,27,Female,Ankara,6167.65,616.765,1474.86,25,2.5,0.0,0.3,0.6,0.7,0.0
CUST_01885,78.8,91.64987725032697,6,394,0.015189873417721518,6,0,1.1630694934931152,34,Female,Izmir,13098.03,2183.005,5111.44,16,2.6666666666666665,199.95833333333334,0.5,0.3333333333333333,0.5,0.09159774404627365
CUST_01886,92.66666666666667,101.49055785309949,4,278,0.014336917562724014,145,0,1.0952218355166652,38,Male,Eskisehir,4401.21,1100.3025,2663.53,9,2.25,0.0,0.25,0.75,0.75,0.0
CUST_01887,45.333333333333336,54.2125446737192,10,408,0.02444987775061125,36,0,1.1958649296585502,25,Male,Gaziantep,11997.1,1199.71,3132.88,27,2.7,64.824,0.3,0.4,0.6,0.054033057943975574
CUST_01888,41.666666666666664,25.2084641869882,7,250,0.027888446215139442,191,0,0.6050031259676418,40,Female,Konya,10683.9,1526.2714285714285,5285.84,25,3.5714285714285716,0.0,0.2857142857142857,0.42857142857142855,0.7142857142857143,0.0
CUST_01889,47.0,0.0,2,47,0.041666666666666664,171,1,0.0,29,Male,Izmir,10639.01,5319.505,9219.16,10,5.0,360.395,1.0,1.0,0.5,0.06774972482068355
CUST_01890,88.33333333333333,80.74858099888402,4,265,0.015037593984962405,175,0,0.9141348688839528,34,Female,Istanbul,3939.98,984.995,3330.14,10,2.5,155.3225,0.5,0.25,0.75,0.15768861754862853
CUST_01891,33.6,16.727223320085137,6,168,0.03550295857988166,108,0,0.4978340125669978,41,Male,Izmir,1097.63,182.93833333333336,561.29,11,1.8333333333333333,24.723333333333333,0.3333333333333333,0.3333333333333333,0.8333333333333334,0.13514572231911084
CUST_01892,86.0,82.8190799272728,4,258,0.015444015444015444,153,0,0.9630125460960495,35,Male,Adana,6718.81,1679.7025,5456.52,7,1.75,4.467499999999999,0.5,0.5,0.5,0.0026596971769347858
CUST_01893,42.0,21.633307652783937,4,126,0.031496062992125984,274,0,0.5150787413739333,29,Female,Istanbul,3170.4500000000003,792.6125000000001,2021.97,13,3.25,0.0,0.5,0.25,0.5,0.0
CUST_01894,153.0,87.68124086713189,3,306,0.009771986970684038,44,0,0.5730800019219078,33,Female,Ankara,724.09,241.36333333333334,480.27,5,1.6666666666666667,17.76,0.3333333333333333,0.3333333333333333,0.6666666666666666,0.07358201298078135
CUST_01895,107.66666666666667,134.5820691375093,4,323,0.012345679012345678,65,0,1.2499882466333225,33,Male,Istanbul,2566.5,641.625,1606.71,11,2.75,82.9825,0.25,1.0,0.5,0.12933177458900172
CUST_01896,81.8,45.56533770312692,6,409,0.014634146341463415,7,0,0.5570334614436854,30,Male,Izmir,9076.890000000001,1512.8150000000003,6913.35,17,2.8333333333333335,341.90833333333336,0.16666666666666666,0.8333333333333334,0.5,0.22600802682900767
CUST_01897,103.5,71.4177848998413,3,207,0.014423076923076924,14,0,0.6900269005779168,31,Female,Gaziantep,435.95,145.31666666666666,198.03,7,2.3333333333333335,3.986666666666667,0.6666666666666666,0.6666666666666666,0.3333333333333333,0.027434338611531106
CUST_01898,159.5,44.54772721475249,3,319,0.009375,115,0,0.2792960936392251,54,Female,Istanbul,1162.12,387.3733333333333,587.6,6,2.0,0.0,0.3333333333333333,0.6666666666666666,0.6666666666666666,0.0
CUST_01899,54.0,0.0,2,54,0.03636363636363636,117,1,0.0,41,Male,Antalya,348.85,174.425,247.33,8,4.0,1.855,0.5,1.0,1.0,0.010634943324437762
CUST_01900,13.0,0.0,2,13,0.14285714285714285,1,1,0.0,31,Female,Kayseri,1140.3,570.15,791.76,3,1.5,0.0,0.5,0.5,1.0,0.0
CUST_01901,98.0,97.3755616158387,5,392,0.01272264631043257,57,0,0.9936281696143933,43,Female,Istanbul,15862.41,3172.482,6892.23,18,3.6,279.03000000000003,0.4,0.8,0.8,0.08795321767374782
CUST_01902,56.714285714285715,43.976184030731474,8,397,0.020100502512562814,21,0,0.7753986971973034,30,Female,Antalya,3135.82,391.9775,1303.68,21,2.625,0.7025,0.375,0.375,0.5,0.001792194700481036
CUST_01903,129.66666666666666,110.34642419821918,4,389,0.010256410256410256,11,0,0.8510006941944871,49,Female,Eskisehir,7756.33,1939.0825,4839.8,14,3.5,25.5925,0.25,0.75,0.5,0.01319825225940709
CUST_01904,52.75,51.39413529632679,9,422,0.02127659574468085,7,0,0.9742963852517612,39,Male,Eskisehir,8174.03,908.2255555555555,2415.27,25,2.7777777777777777,73.28,0.3333333333333333,0.3333333333333333,0.4444444444444444,0.08068480287860906
CUST_01905,123.5,86.97413408594535,3,247,0.012096774193548387,93,0,0.7042439949935333,33,Female,Istanbul,1979.4,659.8000000000001,1370.38,11,3.6666666666666665,113.73,0.3333333333333333,1.0,0.6666666666666666,0.1723704150161103
CUST_01906,44.25,43.23606298979063,9,354,0.02535211267605634,9,0,0.9770861471797624,40,Female,Istanbul,9531.16,1059.0177777777778,4204.1,31,3.4444444444444446,30.31666666666667,0.3333333333333333,0.3333333333333333,0.4444444444444444,0.02862715553430596
CUST_01907,99.0,65.05382386916237,3,198,0.01507537688442211,74,0,0.6571093253742732,18,Male,Istanbul,1697.9,565.9666666666667,736.4,12,4.0,0.0,0.6666666666666666,0.6666666666666666,0.6666666666666666,0.0
CUST_01908,124.33333333333333,172.00096898951858,4,373,0.0106951871657754,11,0,1.3833857984407463,21,Male,Adana,879.9000000000001,219.97500000000002,537.2,14,3.5,5.805,0.5,0.5,0.5,0.026389362307583302
CUST_01909,66.66666666666667,69.40701213374146,4,200,0.01990049751243781,97,0,1.0411051663895443,20,Male,Adana,2934.17,733.5425,1971.41,9,2.25,67.05499999999999,0.25,0.75,1.0,0.09141256288297873
CUST_01910,83.5,47.37615433949868,3,167,0.017857142857142856,110,0,0.5673790870912526,36,Female,Antalya,2090.82,696.94,1985.2,6,2.0,3.92,0.6666666666666666,0.6666666666666666,1.0,0.00562458747435276
CUST_01911,44.5,40.30508652763321,3,89,0.03333333333333333,11,0,0.9057322611663134,55,Male,Ankara,897.2,299.06666666666666,600.63,6,2.0,31.296666666666667,0.3333333333333333,0.3333333333333333,0.6666666666666666,0.10464779278428067
CUST_01912,82.4,63.86156903803727,6,412,0.014527845036319613,8,0,0.7750190323181825,61,Female,Istanbul,3188.27,531.3783333333333,1271.63,13,2.1666666666666665,32.12833333333334,0.3333333333333333,0.3333333333333333,0.5,0.06046225684688765
CUST_01913,67.0,62.7933117457584,4,201,0.019801980198019802,119,0,0.9372135941573853,42,Female,Bursa,3415.67,853.9175,3115.22,5,1.25,82.46000000000001,0.5,0.5,0.5,0.0965667056869467
CUST_01914,39.285714285714285,23.300316776918763,8,275,0.028985507246376812,158,0,0.5930989574063223,41,Female,Izmir,5391.73,673.96625,1871.09,22,2.75,68.78625,0.25,0.375,0.625,0.1020618612548301
CUST_01915,65.0,0.0,2,65,0.030303030303030304,77,1,0.0,18,Female,Adana,650.77,325.385,616.06,5,2.5,39.15,0.5,0.5,0.5,0.1203190063453478
CUST_01916,92.66666666666667,65.62265868839309,4,278,0.014336917562724014,124,0,0.7081581796428227,28,Female,Izmir,1380.3400000000001,345.08500000000004,880.7,7,1.75,6.2175,0.5,0.5,0.5,0.01801730003327499
CUST_01917,64.0,13.784048752090222,5,256,0.019455252918287938,101,0,0.2153757583861635,25,Male,Ankara,3727.17,745.434,1789.96,18,3.6,7.63,0.4,0.4,0.8,0.010235647944371134
CUST_01918,147.5,78.48885271170677,3,295,0.010135135135135136,140,0,0.532127811386976,27,Female,Ankara,1936.69,645.5633333333334,1509.2,9,3.0,12.896666666666667,0.3333333333333333,0.6666666666666666,0.6666666666666666,0.019977384062533417
CUST_01919,18.666666666666668,16.072751268321593,4,56,0.07017543859649122,234,0,0.8610402003900745,32,Male,Istanbul,1489.6200000000001,372.40500000000003,1001.2,14,3.5,7.0075,0.75,0.5,0.5,0.018816879422089178
CUST_01920,106.0,65.87108622149782,4,318,0.012539184952978056,110,0,0.6214253358497405,29,Female,Ankara,617.84,154.46,291.25,10,2.5,3.73,0.75,0.5,0.75,0.024148646742531095
CUST_01921,101.5,105.35891039679558,3,203,0.014705882352941176,117,0,1.0380188114165199,18,Male,Istanbul,4552.08,1517.36,2465.0,12,4.0,92.57,0.3333333333333333,0.6666666666666666,0.3333333333333333,0.061007275754595296
CUST_01922,66.5,43.278170016764804,5,266,0.018726591760299626,164,0,0.6507995393378235,43,Other,Ankara,3145.48,629.096,1293.3,17,3.4,0.0,0.2,0.4,0.6,0.0
CUST_01923,174.0,149.90663761154806,3,348,0.008595988538681949,92,0,0.8615323951150325,22,Female,Istanbul,5455.13,1818.3766666666668,5038.06,8,2.6666666666666665,152.02,0.3333333333333333,0.6666666666666666,1.0,0.08360204060200102
CUST_01924,99.0,60.22457969965419,4,297,0.013422818791946308,99,0,0.6083290817305567,37,Female,Istanbul,6707.26,1676.815,3820.48,18,4.5,7.9125,0.25,0.5,1.0,0.004718767422334146
CUST_01925,43.333333333333336,28.956864471140516,10,390,0.02557544757033248,47,0,0.6682353185285815,59,Male,Adana,9616.95,961.695,3075.95,30,3.0,38.322,0.2,0.5,0.6,0.03984839264023584
CUST_01926,277.0,0.0,2,277,0.007194244604316547,139,1,0.0,23,Male,Ankara,2467.82,1233.91,2278.65,3,1.5,199.525,0.5,1.0,0.5,0.16170142055603615
CUST_01927,73.0,0.0,2,73,0.02702702702702703,331,1,0.0,18,Female,Antalya,440.89,220.445,355.75,8,4.0,0.0,0.5,0.5,0.5,0.0
CUST_01928,151.0,0.0,2,151,0.013157894736842105,25,1,0.0,31,Male,Adana,8176.98,4088.49,7538.75,6,3.0,0.0,1.0,0.5,0.5,0.0
CUST_01929,398.0,0.0,2,398,0.005012531328320802,9,1,0.0,48,Female,Bursa,789.37,394.685,405.76,8,4.0,51.27,0.5,1.0,1.0,0.129901060010132
CUST_01930,72.33333333333333,95.14760462915851,7,434,0.016091954022988506,12,0,1.3154046541071962,58,Male,Kayseri,9810.49,1401.4985714285715,5778.13,19,2.7142857142857144,195.71857142857144,0.2857142857142857,0.42857142857142855,0.7142857142857143,0.13964949752993513
CUST_01931,46.333333333333336,31.200427347500657,7,278,0.025089605734767026,36,0,0.6733905037577731,20,Female,Istanbul,18943.38,2706.197142857143,10556.34,20,2.857142857142857,3.0142857142857147,0.2857142857142857,0.5714285714285714,0.42857142857142855,0.0011138455751931854
CUST_01932,161.0,9.899494936611665,3,322,0.009287925696594427,79,0,0.061487545808224346,40,Male,Adana,995.74,331.91333333333336,664.82,8,2.6666666666666665,11.673333333333334,0.6666666666666666,0.3333333333333333,1.0,0.03516982334192714
CUST_01933,61.0,122.98455187542865,7,366,0.01907356948228883,49,0,2.01614016162768,29,Female,Kayseri,5974.62,853.5171428571429,2244.81,25,3.5714285714285716,38.62714285714286,0.2857142857142857,0.42857142857142855,0.42857142857142855,0.04525643466583732
CUST_01934,56.0,46.636895265444075,8,392,0.020356234096692113,1,0,0.8328016862971855,33,Female,Konya,8684.57,1085.57125,6195.2,23,2.875,15.983749999999999,0.25,0.375,0.625,0.014723814752164985
CUST_01935,48.75,45.25404480738237,9,390,0.023017902813299233,47,0,0.928288079571165,66,Male,Istanbul,10965.74,1218.4155555555556,3228.02,25,2.7777777777777777,152.52666666666667,0.4444444444444444,0.3333333333333333,0.6666666666666666,0.1251844379743948
CUST_01936,62.666666666666664,42.85246006162696,4,188,0.021164021164021163,35,0,0.6838158411352838,18,Male,Ankara,7273.0,1818.25,4875.35,11,2.75,164.31,0.5,0.5,0.5,0.0903671111836287
CUST_01937,108.66666666666667,79.46277954698874,4,326,0.012232415902140673,75,0,0.7312525657889832,38,Male,Istanbul,1152.87,288.2175,595.92,16,4.0,0.0,0.5,1.0,0.5,0.0
CUST_01938,51.8,37.75182114812476,6,259,0.023076923076923078,23,0,0.728799621994694,40,Female,Bursa,2002.6200000000001,333.77000000000004,1178.05,18,3.0,10.181666666666667,0.5,0.6666666666666666,0.5,0.030505038308301008
CUST_01939,152.0,0.0,3,304,0.009836065573770493,116,0,0.0,48,Female,Adana,965.53,321.8433333333333,900.56,4,1.3333333333333333,3.9933333333333336,0.3333333333333333,0.6666666666666666,0.6666666666666666,0.01240769314550239
CUST_01940,98.66666666666667,60.73988255942987,4,296,0.013468013468013467,68,0,0.6156069115928002,36,Female,Ankara,1958.11,489.5275,1376.62,9,2.25,110.2825,0.25,0.5,0.5,0.22528356379307893
CUST_01941,72.8,60.8949915838733,6,364,0.01643835616438356,6,0,0.8364696531236765,38,Female,Bursa,21023.489999999998,3503.9149999999995,18508.3,16,2.6666666666666665,784.6933333333335,0.3333333333333333,0.5,1.0,0.2239475937941948
CUST_01942,64.33333333333333,77.48763342194245,4,193,0.020618556701030927,6,0,1.2044709671109557,30,Male,Antalya,4120.889999999999,1030.2224999999999,3592.95,9,2.25,13.3575,0.25,0.5,0.75,0.012965645758109878
CUST_01943,42.333333333333336,35.51408171415952,10,381,0.02617801047120419,10,0,0.8389152962656117,38,Male,Izmir,6106.179999999999,610.6179999999999,3230.93,25,2.5,75.98100000000001,0.3,0.4,0.4,0.1244329513305652
CUST_01944,66.0,83.08128549799889,6,330,0.01812688821752266,107,0,1.2588073369574477,30,Male,Konya,4222.92,703.82,1570.28,12,2.0,2.388333333333333,0.3333333333333333,0.5,0.5,0.0033933865618197075
CUST_01945,112.0,0.0,2,112,0.017699115044247787,276,1,0.0,42,Male,Adana,5307.78,2653.89,2815.7,9,4.5,0.0,1.0,0.5,0.5,0.0
CUST_01946,132.66666666666666,43.75309512861157,4,398,0.010025062656641603,13,0,0.32979719697598775,30,Female,Istanbul,757.93,189.4825,290.15,14,3.5,3.36,0.5,0.5,0.5,0.017732508185544796
CUST_01947,50.0,37.99122705748438,5,200,0.024875621890547265,241,0,0.7598245259531972,39,Female,Antalya,5547.2,1109.44,2731.49,12,2.4,131.752,0.4,0.4,0.6,0.11875540802679242
CUST_01948,90.0,130.8166656049603,4,270,0.014760147601476014,3,0,1.4535184905715757,34,Male,Istanbul,1779.83,444.9575,691.82,8,2.0,0.0,0.5,0.5,0.5,0.0
CUST_01949,148.0,159.80613254815975,3,296,0.010101010101010102,110,0,1.0797711585701932,48,Female,Bursa,1964.25,654.75,1630.02,7,2.3333333333333335,0.0,0.3333333333333333,0.3333333333333333,0.6666666666666666,0.0
CUST_01950,253.0,0.0,2,253,0.007874015748031496,66,1,0.0,34,Female,Kayseri,233.27999999999997,116.63999999999999,184.2,8,4.0,23.925,0.5,0.5,1.0,0.20511831099864278
CUST_01951,55.666666666666664,50.292477900112786,4,167,0.023809523809523808,102,0,0.9034576705985949,18,Male,Konya,2641.81,660.4525,1700.0,15,3.75,0.0,0.25,0.5,0.75,0.0
CUST_01952,112.0,98.99494936611666,3,224,0.013333333333333334,6,0,0.8838834685913678,50,Male,Izmir,1326.06,442.02,874.92,7,2.3333333333333335,0.0,0.3333333333333333,0.6666666666666666,0.6666666666666666,0.0
CUST_01953,72.0,79.19595949289332,3,144,0.020689655172413793,65,0,1.0999438665687424,24,Male,Ankara,2294.0299999999997,764.6766666666666,2130.68,10,3.3333333333333335,1.04,0.6666666666666666,0.6666666666666666,0.3333333333333333,0.0013600519591809369
CUST_01954,109.66666666666667,114.15048547129939,4,329,0.012121212121212121,95,0,1.0408858762651687,27,Female,Istanbul,2177.14,544.285,1015.66,10,2.5,0.0,0.25,0.25,0.75,0.0
CUST_01955,58.5,45.96194077712559,3,117,0.025423728813559324,303,0,0.7856741878880582,27,Female,Bursa,3035.93,1011.9766666666666,1927.49,8,2.6666666666666665,167.35333333333332,0.6666666666666666,0.6666666666666666,0.6666666666666666,0.1653727192339355
CUST_01956,275.0,0.0,2,275,0.007246376811594203,143,1,0.0,51,Female,Istanbul,462.06,231.03,264.19,4,2.0,24.7,0.5,1.0,0.5,0.10691252172050157
CUST_01957,110.33333333333333,58.85858759206963,4,331,0.012048192771084338,42,0,0.5334615141263576,18,Male,Bursa,3288.35,822.0875,2419.69,11,2.75,59.4225,0.25,0.5,0.75,0.07228245159757027
CUST_01958,179.0,0.0,2,179,0.011111111111111112,91,1,0.0,72,Male,Istanbul,2532.93,1266.465,1842.55,6,3.0,0.0,0.5,0.5,1.0,0.0
CUST_01959,129.0,92.0,4,387,0.010309278350515464,10,0,0.7131782890451296,47,Female,Ankara,3991.65,997.9125,3561.63,10,2.5,208.14249999999998,0.25,0.25,0.75,0.2085779061705531
CUST_01960,81.4,48.54173462083942,6,407,0.014705882352941176,4,0,0.5963357988268257,37,Female,Istanbul,6604.57,1100.7616666666665,5103.88,12,2.0,6.706666666666666,0.16666666666666666,0.5,0.6666666666666666,0.006092750922988702
CUST_01961,54.666666666666664,46.90273623858918,7,328,0.02127659574468085,4,0,0.8579768667185179,34,Female,Eskisehir,8324.61,1189.23,3373.44,18,2.5714285714285716,103.27714285714286,0.2857142857142857,0.5714285714285714,0.5714285714285714,0.08684370792050246
CUST_01962,70.66666666666667,45.67128930374822,7,424,0.01647058823529412,22,0,0.646291820624383,38,Female,Adana,4685.98,669.4257142857142,1312.42,25,3.5714285714285716,73.21142857142857,0.2857142857142857,0.7142857142857143,0.42857142857142855,0.10936452977487064
CUST_01963,98.33333333333333,54.24327915358117,4,295,0.013513513513513514,76,0,0.5516265620537757,41,Male,Ankara,4564.9,1141.225,3287.73,15,3.75,83.37,0.25,0.5,0.5,0.07305307886433168
CUST_01964,87.0,59.55669567731239,4,261,0.015267175572519083,30,0,0.6845597125603756,42,Female,Istanbul,4159.34,1039.835,2931.55,13,3.25,2.4775,0.5,0.75,0.5,0.002382589543165416
CUST_01965,41.0,0.0,2,41,0.047619047619047616,204,1,0.0,41,Female,Izmir,4780.62,2390.31,2889.09,4,2.0,0.0,1.0,1.0,0.5,0.0
CUST_01966,47.142857142857146,36.264898416276544,8,330,0.02416918429003021,7,0,0.7692554046337817,36,Male,Istanbul,3826.17,478.27125,984.44,22,2.75,7.05375,0.375,0.25,0.5,0.014748429861196068
CUST_01967,156.5,144.95689014324225,3,313,0.009554140127388535,17,0,0.9262421036230041,32,Female,Bursa,2310.92,770.3066666666667,1090.4,6,2.0,0.0,0.6666666666666666,0.6666666666666666,0.3333333333333333,0.0
CUST_01968,154.0,0.0,2,154,0.012903225806451613,241,1,0.0,33,Male,Gaziantep,965.22,482.61,915.6,8,4.0,0.0,0.5,0.5,1.0,0.0
CUST_01969,135.0,79.19595949289332,3,270,0.01107011070110701,80,0,0.5866367326389377,32,Male,Bursa,3008.44,1002.8133333333334,2111.76,10,3.3333333333333335,0.0,0.6666666666666666,0.3333333333333333,1.0,0.0
CUST_01970,48.25,83.85318803037332,9,386,0.023255813953488372,5,0,1.7378898713468072,48,Male,Antalya,7794.5,866.0555555555555,3181.83,26,2.888888888888889,104.73555555555555,0.4444444444444444,0.4444444444444444,0.7777777777777778,0.12093399177773995
CUST_01971,98.0,65.02307282803544,4,294,0.013559322033898305,116,0,0.663500736372803,42,Male,Bursa,3681.68,920.42,3105.7,13,3.25,7.2125,0.5,0.75,0.5,0.0078360965560982
CUST_01972,78.8,54.50412828401166,6,394,0.015189873417721518,37,0,0.6916767460956207,18,Male,Kayseri,6114.51,1019.085,2375.6,17,2.8333333333333335,24.611666666666668,0.5,0.3333333333333333,0.6666666666666666,0.024150749586654613
CUST_01973,135.5,85.55992052357225,3,271,0.011029411764705883,121,0,0.6314385231891788,42,Male,Kayseri,1735.08,578.36,1100.58,7,2.3333333333333335,6.54,0.3333333333333333,0.6666666666666666,0.6666666666666666,0.011307835930375829
CUST_01974,33.5,19.091883092036785,3,67,0.04411764705882353,60,0,0.5699069409590999,37,Female,Izmir,1193.01,397.67,701.37,7,2.3333333333333335,0.0,0.3333333333333333,0.6666666666666666,0.6666666666666666,0.0
CUST_01975,59.57142857142857,27.32433068931511,8,417,0.019138755980861243,26,0,0.45868180243269346,34,Male,Ankara,5941.98,742.7475,3835.85,24,3.0,46.7275,0.25,0.5,0.625,0.06291168928483544
CUST_01976,37.5,16.263455967290593,3,75,0.039473684210526314,157,0,0.43369214756262525,30,Male,Izmir,6654.37,2218.1233333333334,4607.12,10,3.3333333333333335,13.336666666666666,0.3333333333333333,0.3333333333333333,1.0,0.006012590219955041
CUST_01977,29.0,0.0,2,29,0.06666666666666667,335,1,0.0,48,Male,Istanbul,141.66,70.83,99.84,4,2.0,0.0,1.0,1.0,1.0,0.0
CUST_01978,126.0,141.4213562373095,3,252,0.011857707509881422,11,0,1.1223917072612524,46,Female,Antalya,636.69,212.23000000000002,220.09,8,2.6666666666666665,18.77,0.6666666666666666,0.3333333333333333,0.6666666666666666,0.08844178443932627
CUST_01979,51.5,37.476659402887016,3,103,0.028846153846153848,206,0,0.7277021101977652,25,Male,Izmir,267.68,89.22666666666667,117.44,8,2.6666666666666665,0.0,0.3333333333333333,0.6666666666666666,0.3333333333333333,0.0
CUST_01980,59.5,44.24552708090013,5,238,0.02092050209205021,18,0,0.7436222913828209,39,Male,Istanbul,1579.96,315.992,939.18,11,2.2,41.318,0.2,0.4,0.8,0.1307564744336677
CUST_01981,44.666666666666664,19.59251557780845,7,268,0.026022304832713755,20,0,0.4386383986381355,23,Female,Istanbul,3040.17,434.31,1332.98,16,2.2857142857142856,2.565714285714286,0.2857142857142857,0.5714285714285714,0.7142857142857143,0.005907564366021325
CUST_01982,71.66666666666667,43.015501081974314,4,215,0.018518518518518517,6,0,0.6002162857919725,18,Female,Izmir,5950.299999999999,1487.5749999999998,2885.52,12,3.0,145.0825,0.5,0.25,1.0,0.09752953626033678
CUST_01983,34.0,28.420942982244625,10,306,0.03257328990228013,13,0,0.8359100631274872,27,Female,Konya,10736.98,1073.6979999999999,6058.88,30,3.0,9.788,0.2,0.4,0.7,0.009116157421252385
CUST_01984,67.0,69.97618642557386,5,268,0.01858736059479554,132,0,1.0444206773306446,45,Female,Bursa,23229.7,4645.9400000000005,21409.05,20,4.0,3.1420000000000003,0.2,0.4,0.4,0.000676289405227728
CUST_01985,44.666666666666664,47.26873526268005,4,134,0.02962962962962963,24,0,1.058255243382645,46,Male,Antalya,2073.4,518.35,1081.72,9,2.25,22.9425,0.25,0.5,0.75,0.04426063462089199
CUST_01986,62.333333333333336,58.73216041204909,7,374,0.018666666666666668,11,0,0.9422271572698706,41,Female,Ankara,5791.03,827.29,1606.08,17,2.4285714285714284,29.5,0.42857142857142855,0.42857142857142855,0.7142857142857143,0.035658596096098595
CUST_01987,64.66666666666667,9.504384952922171,4,194,0.020512820512820513,66,0,0.1469750227723786,43,Male,Bursa,1322.6100000000001,330.65250000000003,751.1,13,3.25,22.552500000000002,0.25,1.0,0.75,0.06820604692779868
CUST_01988,56.5,48.911484677254826,5,226,0.022026431718061675,40,0,0.8656899789657495,41,Male,Izmir,9529.529999999999,1905.9059999999997,8952.39,8,1.6,15.49,0.4,0.6,0.6,0.008127368291968562
CUST_01989,71.0,0.0,2,71,0.027777777777777776,366,1,0.0,27,Male,Antalya,7985.0,3992.5,6545.96,7,3.5,0.0,0.5,0.5,1.0,0.0
CUST_01990,58.0,0.0,2,58,0.03389830508474576,139,1,0.0,40,Female,Istanbul,2191.86,1095.93,1886.52,5,2.5,0.0,0.5,0.5,0.5,0.0
CUST_01991,40.0,52.32590180780452,3,80,0.037037037037037035,114,0,1.3081475124914252,44,Male,Izmir,3929.67,1309.89,2361.99,6,2.0,9.966666666666667,0.6666666666666666,0.6666666666666666,0.6666666666666666,0.007608781393138266
CUST_01992,400.0,0.0,2,400,0.004987531172069825,26,1,0.0,44,Female,Ankara,310.8,155.4,215.34,4,2.0,0.0,0.5,0.5,0.5,0.0
CUST_01993,79.2,79.33599435313079,6,396,0.015113350125944584,7,0,1.001717087770375,49,Female,Ankara,2289.31,381.5516666666667,1165.91,17,2.8333333333333335,15.07,0.3333333333333333,0.5,0.6666666666666666,0.0394966167810477
CUST_01994,52.75,54.79279149669234,5,211,0.02358490566037736,192,0,1.0387258854590797,43,Male,Eskisehir,13758.03,2751.606,12389.62,12,2.4,27.574,0.2,0.6,0.8,0.010021056790099653
CUST_01995,128.66666666666666,158.39928451016857,4,386,0.0103359173126615,50,0,1.231082512531757,39,Female,Istanbul,721.2800000000001,180.32000000000002,286.92,15,3.75,0.0,0.5,0.5,0.5,0.0
CUST_01996,244.0,0.0,2,244,0.00816326530612245,114,1,0.0,47,Female,Ankara,112.96000000000001,56.480000000000004,80.04,5,2.5,0.0,0.5,0.5,0.5,0.0
CUST_01997,129.33333333333334,44.04921490030593,4,388,0.010282776349614395,18,0,0.34058671051329287,34,Female,Izmir,4996.62,1249.155,2569.77,10,2.5,0.0,0.5,0.25,0.75,0.0
CUST_01998,62.0,0.0,2,62,0.031746031746031744,29,1,0.0,24,Male,Konya,833.8399999999999,416.91999999999996,509.08,5,2.5,0.0,0.5,0.5,1.0,0.0
CUST_01999,148.0,0.0,2,148,0.013422818791946308,60,1,0.0,33,Female,Izmir,883.1,441.55,649.98,6,3.0,0.0,0.5,0.5,0.5,0.0
CUST_02000,145.0,0.0,2,145,0.0136986301369863,147,1,0.0,26,Male,Adana,2755.5,1377.75,2285.3,8,4.0,16.9,0.5,0.5,0.5,0.012266376329329429
CUST_02001,80.0,53.74011537017761,3,160,0.018633540372670808,159,0,0.6717514337303273,26,Female,Konya,1731.44,577.1466666666666,1553.46,6,2.0,122.13666666666667,0.3333333333333333,0.6666666666666666,0.6666666666666666,0.21162154008520964
CUST_02002,57.0,52.263754170553035,6,285,0.02097902097902098,56,0,0.9169079518183348,33,Female,Ankara,6306.43,1051.0716666666667,3569.56,14,2.3333333333333335,27.881666666666664,0.3333333333333333,0.5,0.8333333333333334,0.026526893954398702
CUST_02003,96.5,79.81019149624105,5,386,0.012919896640826873,61,0,0.8270486079709061,25,Male,Ankara,5386.66,1077.3319999999999,2682.91,15,3.0,49.678,0.4,0.4,0.8,0.046112061977076645
CUST_02004,39.1,32.02238800172987,11,391,0.02806122448979592,53,0,0.8189868844691301,31,Female,Ankara,22120.64,2010.9672727272728,13315.2,43,3.909090909090909,63.74454545454546,0.2727272727272727,0.6363636363636364,0.6363636363636364,0.03169844993866891
CUST_02005,101.5,28.991378028648448,3,203,0.014705882352941176,5,0,0.2856293373696464,18,Female,Gaziantep,993.3599999999999,331.11999999999995,480.52,8,2.6666666666666665,33.99666666666666,0.6666666666666666,0.3333333333333333,0.6666666666666666,0.10267174004588948
CUST_02006,58.333333333333336,53.163270528940686,4,175,0.022727272727272728,259,0,0.911370336301206,37,Female,Istanbul,1470.35,367.5875,756.42,7,1.75,3.655,0.5,0.25,1.0,0.009943210773099708
CUST_02007,93.0,69.29646455628166,3,186,0.016042780748663103,161,0,0.7451232667866494,35,Male,Ankara,1709.19,569.73,697.44,13,4.333333333333333,37.20666666666667,0.6666666666666666,0.6666666666666666,1.0,0.06530578800723304
CUST_02008,84.5,88.2779700718135,5,338,0.014749262536873156,97,0,1.0447096926284474,25,Male,Antalya,2531.76,506.35200000000003,1234.7,11,2.2,27.824,0.4,0.8,0.8,0.0549499161552637
CUST_02009,155.0,0.0,2,155,0.01282051282051282,90,1,0.0,42,Female,Bursa,2330.37,1165.185,2104.36,2,1.0,0.0,0.5,0.5,1.0,0.0
CUST_02010,52.857142857142854,30.656312951976528,8,370,0.0215633423180593,45,0,0.5799842881187721,46,Female,Izmir,8769.18,1096.1475,4265.37,19,2.375,7.59875,0.375,0.375,0.625,0.00693223311011316
CUST_02011,24.0,0.0,2,24,0.08,354,1,0.0,18,Female,Bursa,2075.11,1037.555,1753.78,4,2.0,0.0,0.5,1.0,0.5,0.0
CUST_02012,45.666666666666664,29.073183520213263,10,411,0.024271844660194174,19,0,0.6366390412461509,25,Male,Istanbul,11393.07,1139.307,5800.96,30,3.0,32.997,0.3,0.6,0.5,0.028962342872498503
CUST_02013,68.0,26.870057685088806,3,136,0.021897810218978103,77,0,0.39514790132266037,25,Male,Izmir,593.0999999999999,197.69999999999996,375.64,7,2.3333333333333335,0.0,0.3333333333333333,1.0,0.6666666666666666,0.0
CUST_02014,108.5,175.60087319448803,5,434,0.011494252873563218,1,0,1.6184412126824592,23,Female,Izmir,9837.87,1967.574,5790.06,12,2.4,6.029999999999999,0.2,0.4,0.6,0.003064687781468606
CUST_02015,110.33333333333333,76.53975002136688,4,331,0.012048192771084338,73,0,0.6937137401297868,44,Female,Konya,13113.93,3278.4825,10492.06,10,2.5,48.055,0.25,0.75,1.0,0.01465769604850485
CUST_02016,364.0,0.0,2,364,0.005479452054794521,68,1,0.0,32,Male,Ankara,239.64,119.82,172.48,3,1.5,1.88,0.5,0.5,1.0,0.015690201838672993
CUST_02017,19.0,1.4142135623730951,3,38,0.07692307692307693,161,0,0.07443228883898981,31,Female,Konya,3965.31,1321.77,2508.4,9,3.0,22.33666666666667,0.6666666666666666,0.6666666666666666,1.0,0.016899057059675746
CUST_02018,29.8,16.02186006679624,6,149,0.04,272,0,0.5376462929244948,18,Female,Antalya,3981.18,663.53,1059.51,18,3.0,7.81,0.3333333333333333,0.3333333333333333,0.6666666666666666,0.011770379618449234
CUST_02019,59.833333333333336,54.31543672536074,7,359,0.019444444444444445,88,0,0.9077788716030396,42,Male,Istanbul,10565.28,1509.3257142857144,7876.0,17,2.4285714285714284,0.0,0.2857142857142857,0.5714285714285714,0.7142857142857143,0.0
CUST_02020,70.25,54.45104835231978,5,281,0.01773049645390071,14,0,0.7751038801027175,20,Male,Adana,10472.590000000002,2094.5180000000005,9153.03,13,2.6,38.962,0.4,0.6,0.6,0.018601893123572154
CUST_02021,107.66666666666667,79.03374806583156,4,323,0.012345679012345678,113,0,0.7340595727409163,35,Male,Istanbul,2718.8,679.7,1947.34,8,2.0,14.7125,0.25,0.5,0.75,0.02164557890003593
CUST_02022,111.0,5.656854249492381,3,222,0.013452914798206279,161,0,0.05096265043720478,38,Female,Eskisehir,1640.42,546.8066666666667,1167.02,7,2.3333333333333335,80.14333333333333,0.3333333333333333,0.6666666666666666,1.0,0.1465661230418439
CUST_02023,59.166666666666664,36.64105165885208,7,355,0.019662921348314606,93,0,0.6192853696828177,51,Male,Konya,7590.58,1084.3685714285714,3306.55,22,3.142857142857143,62.42,0.2857142857142857,0.42857142857142855,0.7142857142857143,0.05756345359604349
CUST_02024,57.25,75.43816452344706,5,229,0.021739130434782608,212,0,1.3176971738995613,19,Male,Ankara,4089.8999999999996,817.9799999999999,1210.46,15,3.0,64.18,0.4,0.4,0.6,0.07846157598173359
CUST_02025,41.0,58.855755878248644,10,369,0.02702702702702703,25,0,1.4355062059205475,18,Female,Ankara,11487.380000000001,1148.738,4686.5,33,3.3,31.669,0.4,0.4,0.5,0.027568514293452015
CUST_02026,12.0,0.0,2,12,0.15384615384615385,81,1,0.0,37,Male,Ankara,1425.2099999999998,712.6049999999999,1321.1,2,1.0,0.0,0.5,0.5,1.0,0.0
CUST_02027,22.333333333333332,17.925772879665004,4,67,0.058823529411764705,217,0,0.8026465109112758,56,Male,Ankara,1392.0800000000002,348.02000000000004,566.48,9,2.25,36.83,0.75,0.5,0.5,0.10582725100331229
CUST_02028,38.8,37.418949447810235,11,388,0.028277634961439587,53,0,0.9644058887475349,49,Male,Ankara,5153.99,468.5445454545454,1945.95,30,2.727272727272727,29.779090909090908,0.2727272727272727,0.5454545454545454,0.5454545454545454,0.06355658418058195
CUST_02029,44.5,34.64823227814083,3,89,0.03333333333333333,71,0,0.7786119438096379,37,Female,Ankara,7112.32,2370.773333333333,6321.63,7,2.3333333333333335,12.200000000000001,0.3333333333333333,0.6666666666666666,0.3333333333333333,0.0051460001777988065
CUST_02030,216.0,0.0,2,216,0.009216589861751152,145,1,0.0,29,Female,Antalya,569.03,284.515,308.63,4,2.0,32.745,1.0,0.5,0.5,0.11509059235860818
CUST_02031,188.0,74.95331880577403,3,376,0.007957559681697613,31,0,0.3986878638674796,44,Male,Istanbul,3524.64,1174.8799999999999,3239.0,9,3.0,10.563333333333334,0.3333333333333333,0.3333333333333333,0.6666666666666666,0.008990989143012346
CUST_02032,67.75,70.20624378690735,5,271,0.01838235294117647,153,0,1.0362545055446915,23,Female,Gaziantep,5914.5599999999995,1182.9119999999998,3378.55,13,2.6,30.341999999999995,0.4,0.6,0.6,0.02565025967641696
CUST_02033,88.0,68.01470429252781,5,352,0.014164305949008499,19,0,0.7728943581776528,40,Female,Gaziantep,2744.15,548.83,1452.64,13,2.6,36.522000000000006,0.4,0.4,0.8,0.06654519602327644
CUST_02034,94.5,43.1335136523794,3,189,0.015789473684210527,181,0,0.45643929307873127,41,Male,Izmir,3337.5199999999995,1112.5066666666664,2255.7,8,2.6666666666666665,9.84,1.0,0.3333333333333333,0.6666666666666666,0.008844890809183265
CUST_02035,93.0,34.51086785347479,4,279,0.014285714285714285,64,0,0.37108459658484083,47,Male,Konya,3641.68,910.42,2815.11,13,3.25,175.5225,0.25,0.5,0.75,0.19279288658773658
CUST_02036,47.0,31.11269837220809,3,94,0.031578947368421054,109,0,0.6619722917071447,68,Male,Istanbul,5530.08,1843.36,4533.2,10,3.3333333333333335,67.35666666666667,0.3333333333333333,0.6666666666666666,0.6666666666666666,0.03654015853122912
CUST_02037,44.888888888888886,45.01789767538141,10,404,0.024691358024691357,21,0,1.0028739357736816,39,Male,Istanbul,5210.21,521.021,1493.28,27,2.7,24.826999999999998,0.4,0.3,0.5,0.04765067041894536
CUST_02038,94.5,13.435028842544403,3,189,0.015789473684210527,105,0,0.14216961587698188,28,Female,Bursa,3690.15,1230.05,3035.13,6,2.0,0.0,0.3333333333333333,0.3333333333333333,0.6666666666666666,0.0
CUST_02039,87.25,106.56883534442265,5,349,0.014285714285714285,60,0,1.2214193022693793,34,Female,Izmir,1520.7800000000002,304.15600000000006,551.82,12,2.4,0.0,0.4,0.6,0.8,0.0
CUST_02040,70.5,38.890872965260115,3,141,0.02112676056338028,268,0,0.5516435803349863,18,Male,Bursa,257.05,85.68333333333334,93.78,5,1.6666666666666667,5.88,0.6666666666666666,0.6666666666666666,0.3333333333333333,0.06862478037006675
CUST_02041,40.0,0.0,2,40,0.04878048780487805,184,1,0.0,26,Male,Konya,6157.639999999999,3078.8199999999997,5863.32,5,2.5,8.285,0.5,0.5,1.0,0.002690966018574985
CUST_02042,56.166666666666664,28.777885027685176,7,337,0.020710059171597635,112,0,0.5123658964151802,30,Male,Eskisehir,4425.94,632.2771428571428,1509.0,22,3.142857142857143,49.58142857142857,0.42857142857142855,0.42857142857142855,0.5714285714285714,0.07841724005546377
CUST_02043,133.0,0.0,2,133,0.014925373134328358,100,1,0.0,28,Female,Antalya,644.58,322.29,630.84,3,1.5,1.04,0.5,0.5,1.0,0.0032269074335942553
CUST_02044,70.2,82.85951967034325,6,351,0.017045454545454544,81,0,1.1803350212251884,36,Male,Adana,2704.85,450.80833333333334,1528.04,17,2.8333333333333335,46.580000000000005,0.3333333333333333,0.5,0.6666666666666666,0.10332550765478565
CUST_02045,43.0,35.35533905932738,3,86,0.034482758620689655,140,0,0.8222171683048887,25,Female,Istanbul,2097.9900000000002,699.33,1898.91,6,2.0,36.800000000000004,0.3333333333333333,0.3333333333333333,0.6666666666666666,0.05262179507153734
CUST_02046,78.5,101.1162697096763,3,157,0.0189873417721519,217,0,1.2881053302110952,48,Male,Istanbul,1429.37,476.45666666666665,831.06,7,2.3333333333333335,0.0,0.3333333333333333,0.6666666666666666,0.6666666666666666,0.0
CUST_02047,54.5,36.062445840513924,3,109,0.02727272727272727,158,0,0.6616962418131686,35,Female,Adana,23390.559999999998,7796.853333333333,18842.03,11,3.6666666666666665,1743.0166666666664,0.6666666666666666,0.6666666666666666,1.0,0.22355386101612523
CUST_02048,116.33333333333333,61.50067750304328,4,349,0.011428571428571429,17,0,0.5286591143929871,34,Female,Izmir,3658.39,914.5975,2179.0,13,3.25,11.78,0.25,0.75,0.5,0.012879982710558489
CUST_02049,61.0,58.090446718888295,6,305,0.0196078431372549,35,0,0.9523023896161624,31,Male,Izmir,1847.53,307.9216666666667,478.36,23,3.8333333333333335,10.738333333333335,0.6666666666666666,0.5,0.8333333333333334,0.03487358786637212
CUST_02050,73.33333333333333,43.408908455907216,4,220,0.01809954751131222,39,0,0.5919396526904669,36,Female,Ankara,5544.35,1386.0875,3632.49,13,3.25,12.83,0.5,0.75,0.5,0.009256269889703015
CUST_02051,27.0,0.0,2,27,0.07142857142857142,161,1,0.0,44,Female,Bursa,789.32,394.66,747.84,4,2.0,8.59,0.5,0.5,1.0,0.02176557030921408
CUST_02052,193.0,0.0,2,193,0.010309278350515464,199,1,0.0,24,Male,Istanbul,21092.760000000002,10546.380000000001,18699.75,6,3.0,176.925,0.5,1.0,0.5,0.016775898458354817
CUST_02053,127.0,155.56349186104046,3,254,0.011764705882352941,20,0,1.2249093750876463,27,Female,Antalya,381.43,127.14333333333333,250.53,6,2.0,0.5833333333333334,0.6666666666666666,0.6666666666666666,0.6666666666666666,0.004587997761675817
CUST_02054,72.0,0.0,2,72,0.0273972602739726,158,1,0.0,31,Male,Istanbul,153.77,76.885,120.18,4,2.0,0.0,0.5,0.5,1.0,0.0
CUST_02055,56.42857142857143,45.430742685458945,8,395,0.020202020202020204,21,0,0.805101754841773,18,Female,Istanbul,12236.87,1529.60875,7029.8,23,2.875,212.4525,0.25,0.375,0.625,0.13889336071142808
CUST_02056,211.0,0.0,2,211,0.009433962264150943,94,1,0.0,25,Male,Ankara,5687.8099999999995,2843.9049999999997,4493.46,7,3.5,0.0,1.0,1.0,0.5,0.0
CUST_02057,46.0,43.840620433565945,3,92,0.03225806451612903,103,0,0.9530569452284565,29,Female,Istanbul,829.8,276.59999999999997,482.6,7,2.3333333333333335,41.083333333333336,0.3333333333333333,0.6666666666666666,0.6666666666666666,0.14852976567174106
CUST_02058,144.0,0.0,2,144,0.013793103448275862,103,1,0.0,45,Female,Konya,2663.16,1331.58,1794.36,8,4.0,56.1,0.5,0.5,0.5,0.04213040144630409
CUST_02059,251.0,0.0,2,251,0.007936507936507936,147,1,0.0,38,Female,Istanbul,3673.78,1836.89,3066.46,5,2.5,91.29,0.5,1.0,0.5,0.049698131053194185
CUST_02060,83.5,16.941074346097416,5,334,0.014925373134328358,47,0,0.2028871154875485,37,Female,Istanbul,4845.0599999999995,969.012,4004.7,13,2.6,21.509999999999998,0.4,0.4,0.6,0.022197867495760765
CUST_02061,38.2,37.47932763537788,6,191,0.03125,79,0,0.9811342056084731,45,Female,Bursa,4376.139999999999,729.3566666666666,2351.24,22,3.6666666666666665,66.89666666666666,0.3333333333333333,0.6666666666666666,0.6666666666666666,0.09172010023666506
CUST_02062,65.6,41.14972660905538,6,328,0.0182370820668693,25,0,0.6272824082587344,33,Male,Izmir,3844.31,640.7183333333334,2010.37,15,2.5,39.77,0.3333333333333333,0.5,1.0,0.06207095671982079
CUST_02063,47.5,48.79036790187178,3,95,0.03125,198,0,1.0271656184148668,39,Female,Istanbul,2321.45,773.8166666666666,1670.38,4,1.3333333333333333,0.0,0.6666666666666666,0.6666666666666666,0.6666666666666666,0.0
CUST_02064,51.0,33.94112549695428,3,102,0.02912621359223301,325,0,0.6655122515969025,33,Female,Istanbul,3178.24,1059.4133333333332,2477.93,6,2.0,16.153333333333332,0.3333333333333333,0.6666666666666666,1.0,0.015247432526888373
CUST_02065,68.8,71.05420466094881,6,344,0.017391304347826087,67,0,1.0327645876189568,38,Female,Eskisehir,6133.59,1022.265,2509.72,18,3.0,51.623333333333335,0.3333333333333333,0.5,0.5,0.05049897363485433
CUST_02066,48.0,51.80733538795448,8,336,0.02373887240356083,95,0,1.0793194647632296,28,Female,Antalya,5284.36,660.545,2691.32,28,3.5,44.835,0.25,0.5,0.75,0.06787576914839145
CUST_02067,99.66666666666667,78.76759062795645,4,299,0.013333333333333334,66,0,0.7903102659295603,18,Female,Ankara,1767.4,441.85,1122.99,7,1.75,8.8575,0.5,0.75,0.5,0.020046395790321612
CUST_02068,55.2,31.66543857267731,6,276,0.021660649819494584,146,0,0.5736492391128274,33,Female,Izmir,21233.05,3538.8416666666667,14099.66,22,3.6666666666666665,330.2183333333333,0.3333333333333333,0.6666666666666666,1.0,0.09331254810025524
CUST_02069,70.4,47.584661394192985,6,352,0.0169971671388102,95,0,0.6759184761118537,52,Male,Ankara,1210.84,201.80666666666664,530.61,14,2.3333333333333335,11.381666666666666,0.5,0.5,0.5,0.05639886331935419
CUST_02070,325.0,0.0,2,325,0.006134969325153374,21,1,0.0,46,Male,Ankara,438.72,219.36,342.38,6,3.0,35.09,1.0,0.5,1.0,0.15996535302714554
CUST_02071,83.0,41.012193308819754,3,166,0.017964071856287425,242,0,0.4941228049963488,46,Male,Antalya,3429.09,1143.03,2922.3,4,1.3333333333333333,10.583333333333334,0.3333333333333333,0.3333333333333333,0.6666666666666666,0.009259016232359883
CUST_02072,39.0,34.5,10,351,0.028409090909090908,1,0,0.8846153619329395,49,Male,Konya,10858.86,1085.886,3054.8,33,3.3,44.989,0.4,0.6,0.4,0.0414306842141526
CUST_02073,118.0,113.13708498984761,3,236,0.012658227848101266,58,0,0.958788847720837,36,Female,Istanbul,1507.77,502.59,1082.88,7,2.3333333333333335,9.9,0.3333333333333333,0.6666666666666666,0.6666666666666666,0.019697964504470915
CUST_02074,94.0,60.81118318204309,3,188,0.015873015873015872,192,0,0.6469274737778257,37,Male,Gaziantep,258.46000000000004,86.15333333333335,149.53,4,1.3333333333333333,7.013333333333333,0.3333333333333333,0.6666666666666666,0.6666666666666666,0.08140524551491239
CUST_02075,116.33333333333333,107.96450033846001,4,349,0.011428571428571429,5,0,0.9280615995163188,27,Male,Istanbul,6800.0599999999995,1700.0149999999999,5367.24,14,3.5,284.7425,0.25,0.5,0.75,0.1674941102475601
CUST_02076,63.25,117.8682173729062,5,253,0.01968503937007874,68,0,1.863529098962484,31,Other,Istanbul,3109.17,621.8340000000001,1407.7,13,2.6,61.488000000000014,0.4,0.6,0.8,0.09888169495575719
CUST_02077,69.0,50.269274910227224,4,207,0.019230769230769232,95,0,0.728540205531696,42,Male,Istanbul,8547.27,2136.8175,5404.7,13,3.25,102.88250000000001,0.5,0.5,0.75,0.04814753714430571
CUST_02078,43.5,39.83537552047354,9,348,0.025787965616045846,99,0,0.9157557380394897,49,Male,Istanbul,6883.65,764.8499999999999,4238.87,25,2.7777777777777777,89.49888888888889,0.3333333333333333,0.4444444444444444,0.8888888888888888,0.11701495557543824
CUST_02079,117.66666666666667,136.4563422246593,4,353,0.011299435028248588,36,0,1.1596856181159236,33,Male,Kayseri,601.51,150.3775,451.23,11,2.75,3.02,0.5,0.5,0.5,0.020082791507487548
CUST_02080,28.0,32.526911934581186,3,56,0.05263157894736842,391,0,1.1616753847466357,29,Male,Izmir,3568.0699999999997,1189.3566666666666,1909.44,8,2.6666666666666665,60.96666666666667,0.3333333333333333,0.6666666666666666,1.0,0.051260205053773995
CUST_02081,79.5,43.1335136523794,3,159,0.01875,147,0,0.5425599133310627,35,Female,Istanbul,565.95,188.65,287.4,11,3.6666666666666665,10.333333333333334,0.3333333333333333,0.6666666666666666,0.6666666666666666,0.05477515652561981
CUST_02082,72.0,88.42510955605314,4,216,0.018433179723502304,26,0,1.2281265045545366,42,Female,Kayseri,5888.9,1472.225,5446.87,13,3.25,129.3725,0.25,0.5,0.5,0.08787549451484963
CUST_02083,64.5,40.61896108961922,7,387,0.01804123711340206,10,0,0.6297513249591922,18,Female,Konya,6155.119999999999,879.302857142857,4216.73,18,2.5714285714285716,173.09714285714287,0.2857142857142857,1.0,0.8571428571428571,0.1968572503252576
CUST_02084,75.0,46.604720790924176,6,375,0.015957446808510637,11,0,0.6213962689270388,18,Male,Adana,1125.29,187.54833333333332,411.32,18,3.0,21.631666666666664,0.5,0.3333333333333333,0.5,0.11533915640231857
CUST_02085,63.8,76.30661832370768,6,319,0.01875,65,0,1.196028481625066,28,Female,Kayseri,8007.08,1334.5133333333333,3404.0,19,3.1666666666666665,128.59,0.5,0.5,0.3333333333333333,0.09635722378468263
CUST_02086,134.33333333333334,91.24326459160332,4,403,0.009900990099009901,42,0,0.6792302524494273,20,Male,Istanbul,1414.08,353.52,731.32,9,2.25,4.3575,0.5,0.5,0.75,0.012326035267237963
CUST_02087,81.0,46.66904755831214,3,162,0.018404907975460124,16,0,0.5761610738537168,28,Male,Gaziantep,1230.6399999999999,410.2133333333333,880.68,6,2.0,26.396666666666665,0.3333333333333333,0.3333333333333333,0.3333333333333333,0.06434863144945241
CUST_02088,139.0,178.19090885900997,3,278,0.010752688172043012,77,0,1.2819489753745394,33,Male,Antalya,6110.1900000000005,2036.7300000000002,3684.12,7,2.3333333333333335,255.31000000000003,0.6666666666666666,0.3333333333333333,1.0,0.12535289403831
CUST_02089,66.0,40.22437072223753,5,264,0.018867924528301886,77,0,0.6094601532238997,29,Male,Konya,2116.28,423.25600000000003,592.5,10,2.0,0.0,0.2,0.6,0.6,0.0
CUST_02090,52.0,60.81118318204309,3,104,0.02857142857142857,194,0,1.169445807934563,52,Male,Gaziantep,3890.1800000000003,1296.7266666666667,3446.84,7,2.3333333333333335,210.13333333333335,0.3333333333333333,0.6666666666666666,0.6666666666666666,0.16204905673101316
CUST_02091,101.0,0.0,2,101,0.0196078431372549,63,1,0.0,38,Male,Ankara,712.76,356.38,620.76,5,2.5,0.0,0.5,0.5,1.0,0.0
CUST_02092,136.0,121.62236636408618,3,272,0.01098901098901099,24,0,0.8942820990426771,38,Other,Adana,858.8000000000001,286.2666666666667,376.48,10,3.3333333333333335,0.0,0.3333333333333333,0.6666666666666666,0.6666666666666666,0.0
CUST_02093,265.0,0.0,2,265,0.007518796992481203,108,1,0.0,42,Male,Ankara,1495.59,747.795,1372.5,4,2.0,0.0,0.5,0.5,1.0,0.0
CUST_02094,295.0,0.0,2,295,0.006756756756756757,38,1,0.0,21,Male,Ankara,1476.72,738.36,949.24,5,2.5,0.0,0.5,0.5,0.5,0.0
CUST_02095,42.666666666666664,39.98437194704951,10,384,0.025974025974025976,52,0,0.937133695544902,47,Male,Istanbul,11529.33,1152.933,8224.19,26,2.6,100.021,0.3,0.4,0.8,0.08675352332984351
CUST_02096,39.0,0.0,2,39,0.05,375,1,0.0,34,Female,Kayseri,3978.23,1989.115,3757.95,6,3.0,12.48,0.5,0.5,1.0,0.006274147042139772
CUST_02097,156.5,28.991378028648448,3,313,0.009554140127388535,70,0,0.18524842072460082,43,Male,Ankara,4247.23,1415.743333333333,3515.16,10,3.3333333333333335,127.90666666666665,0.6666666666666666,0.3333333333333333,0.6666666666666666,0.09034594305675986
CUST_02098,204.5,226.98127676088177,3,409,0.007317073170731708,9,0,1.1099328882686987,22,Female,Bursa,5107.580000000001,1702.5266666666669,4671.18,7,2.3333333333333335,402.56,0.3333333333333333,0.6666666666666666,0.6666666666666666,0.2364485723749122
CUST_02099,92.0,45.24746770078225,5,368,0.013550135501355014,5,0,0.4918202957495865,18,Female,Ankara,7603.41,1520.682,6553.7,15,3.0,4.96,0.2,0.6,0.6,0.0032616944218043648
CUST_02100,7.0,0.0,2,7,0.25,429,1,0.0,44,Male,Kayseri,4550.59,2275.295,2519.59,8,4.0,120.705,0.5,0.5,1.0,0.05305026378862949
CUST_02101,60.5,48.266620626129054,5,242,0.0205761316872428,203,0,0.7977953690633667,39,Male,Ankara,8570.01,1714.002,4240.72,19,3.8,49.384,0.4,0.4,0.6,0.028812101719360828
CUST_02102,143.66666666666666,106.78170879571712,4,431,0.009259259259259259,10,0,0.7432601488570092,24,Male,Adana,1977.42,494.355,570.18,13,3.25,49.3425,0.5,1.0,0.75,0.09981187587905073
CUST_02103,89.0,74.90660852021001,4,267,0.014925373134328358,116,0,0.8416472772872218,24,Female,Konya,4050.5499999999997,1012.6374999999999,2372.49,15,3.75,179.3375,0.25,0.5,0.5,0.17709940607858252
CUST_02104,71.66666666666667,57.62233363317849,4,215,0.018518518518518517,196,0,0.8040325511043619,48,Male,Izmir,2335.51,583.8775,1237.15,11,2.75,29.54,0.5,0.75,0.75,0.05059280405462994
CUST_02105,38.5,49.03400180826906,5,154,0.03225806451612903,4,0,1.2736104034976274,20,Male,Ankara,7828.379999999999,1565.676,6618.44,16,3.2,267.942,0.2,0.4,0.6,0.17113502399529978
CUST_02106,34.9,38.857145774976544,11,349,0.03142857142857143,79,0,1.1133852338564847,54,Male,Adana,10896.55,990.5954545454545,4440.65,31,2.8181818181818183,25.44090909090909,0.18181818181818182,0.36363636363636365,0.7272727272727273,0.025682440746611836
CUST_02107,144.0,0.0,2,144,0.013793103448275862,12,1,0.0,24,Female,Kayseri,3388.16,1694.08,2448.58,6,3.0,226.86,0.5,0.5,0.5,0.13391339244078593
CUST_02108,1.0,0.0,2,1,1.0,230,1,0.0,42,Male,Adana,527.21,263.605,444.52,5,2.5,0.0,0.5,0.5,0.5,0.0
CUST_02109,49.42857142857143,53.37557850695747,8,346,0.023054755043227664,98,0,1.0798527225136798,31,Male,Istanbul,9560.130000000001,1195.0162500000001,2708.84,23,2.875,97.27499999999999,0.375,0.5,0.625,0.08140056666057839
CUST_02110,83.33333333333333,11.150485789118486,4,250,0.01593625498007968,68,0,0.13380582786375192,42,Female,Konya,8173.97,2043.4925,7844.22,11,2.75,12.3675,0.5,0.75,0.75,0.006052138676284772
CUST_02111,157.0,0.0,3,314,0.009523809523809525,87,0,0.0,28,Female,Ankara,1902.98,634.3266666666667,1008.45,13,4.333333333333333,36.11666666666667,0.6666666666666666,0.6666666666666666,0.3333333333333333,0.05693701448737714
CUST_02112,125.0,98.99494936611666,3,250,0.01195219123505976,68,0,0.7919595885932565,33,Female,Bursa,1725.4099999999999,575.1366666666667,1540.03,4,1.3333333333333333,143.05666666666667,0.3333333333333333,0.3333333333333333,0.6666666666666666,0.2487350828230941
CUST_02113,45.75,44.557346676582334,9,366,0.02452316076294278,44,0,0.9739310536098641,35,Male,Gaziantep,12366.470000000001,1374.0522222222223,4635.1,25,2.7777777777777777,159.92333333333332,0.2222222222222222,0.4444444444444444,0.6666666666666666,0.11638810420051209
CUST_02114,142.33333333333334,67.12177987310328,4,427,0.009345794392523364,22,0,0.47158158830108915,22,Female,Istanbul,2843.78,710.945,1499.48,11,2.75,13.787500000000001,0.25,0.5,0.75,0.019393201978502975
CUST_02115,54.857142857142854,63.2203252428325,8,384,0.02077922077922078,8,0,1.1524538245641947,43,Female,Gaziantep,9793.32,1224.165,4863.35,28,3.5,0.0,0.375,0.625,0.375,0.0
CUST_02116,61.166666666666664,49.18299164006462,7,367,0.019021739130434784,51,0,0.8040815940487689,28,Male,Bursa,7840.83,1120.1185714285714,2193.78,15,2.142857142857143,51.220000000000006,0.7142857142857143,0.42857142857142855,0.5714285714285714,0.045727301788191926
CUST_02117,130.0,62.22539674441618,3,260,0.011494252873563218,180,0,0.4786568943519945,32,Female,Konya,4610.68,1536.8933333333334,4192.25,9,3.0,3.013333333333333,0.3333333333333333,1.0,0.6666666666666666,0.001960665236823636
CUST_02118,37.5,37.476659402887016,3,75,0.039473684210526314,273,0,0.9993775574269189,23,Male,Istanbul,5959.31,1986.4366666666667,5402.88,10,3.3333333333333335,14.273333333333333,0.6666666666666666,0.3333333333333333,1.0,0.0071853956210440155
CUST_02119,130.5,44.54772721475249,3,261,0.011450381679389313,102,0,0.34136189175011955,18,Female,Izmir,471.40999999999997,157.13666666666666,214.03,6,2.0,14.819999999999999,0.6666666666666666,0.6666666666666666,0.6666666666666666,0.09431280566186882
CUST_02120,119.66666666666667,91.88217092196577,4,359,0.011111111111111112,40,0,0.7678175778898177,32,Male,Gaziantep,5996.65,1499.1625,5362.82,10,2.5,12.9875,0.25,0.5,0.5,0.008663170264288781
CUST_02121,127.0,0.0,2,127,0.015625,134,1,0.0,63,Female,Istanbul,2159.21,1079.605,1126.56,7,3.5,0.0,1.0,0.5,1.0,0.0
CUST_02122,47.4,43.56948473415769,6,237,0.025210084033613446,200,0,0.9191874222567568,44,Male,Istanbul,8757.64,1459.6066666666666,4434.61,17,2.8333333333333335,244.42333333333332,0.3333333333333333,0.5,0.5,0.16745835624611766
CUST_02123,70.83333333333333,61.22880585693851,7,425,0.01643192488262911,1,0,0.8644066587180967,34,Female,Eskisehir,8217.57,1173.9385714285713,5804.32,16,2.2857142857142856,52.21142857142858,0.2857142857142857,0.42857142857142855,0.5714285714285714,0.04447543491429608
CUST_02124,36.0,0.0,2,36,0.05405405405405406,97,1,0.0,31,Male,Ankara,437.32,218.66,377.46,3,1.5,0.0,0.5,0.5,1.0,0.0
CUST_02125,86.2,84.09042751704858,6,431,0.013888888888888888,15,0,0.9755269900408537,35,Female,Eskisehir,6138.0599999999995,1023.0099999999999,2347.6,19,3.1666666666666665,87.98333333333333,0.16666666666666666,0.8333333333333334,0.5,0.08600437263304266
CUST_02126,47.888888888888886,48.0896154186235,10,431,0.023148148148148147,4,0,1.004191484292084,41,Female,Istanbul,11636.07,1163.607,5326.84,32,3.2,31.344000000000005,0.2,0.8,0.5,0.026936929713436815
CUST_02127,74.33333333333333,55.64470624716545,4,223,0.017857142857142856,89,0,0.7485834820437037,20,Male,Ankara,6475.61,1618.9025,5778.36,13,3.25,12.782499999999999,0.25,0.5,0.5,0.007895781241985986
CUST_02128,94.25,69.47601504596149,5,377,0.013227513227513227,18,0,0.7371460404118351,48,Female,Adana,4742.82,948.564,3650.02,21,4.2,46.056,0.4,0.6,0.4,0.04855339223441603
CUST_02129,76.0,100.40916292848975,3,152,0.0196078431372549,249,0,1.3211731790436392,43,Other,Antalya,1096.19,365.3966666666667,654.39,8,2.6666666666666665,17.72,0.6666666666666666,0.3333333333333333,0.6666666666666666,0.048495242480331206
CUST_02130,68.5,89.80256121069154,3,137,0.021739130434782608,189,0,1.3109862759081061,43,Male,Bursa,1084.29,361.43,761.58,8,2.6666666666666665,31.333333333333332,0.3333333333333333,0.6666666666666666,0.6666666666666666,0.08669267422914716
CUST_02131,89.0,80.2932126645833,4,267,0.014925373134328358,125,0,0.9021709186787907,40,Male,Bursa,2807.49,701.8725,1733.85,14,3.5,117.0525,0.75,0.5,0.5,0.16677174249344184
CUST_02132,143.0,190.91883092036784,3,286,0.010452961672473868,149,0,1.3350967103865115,35,Female,Gaziantep,2767.9900000000002,922.6633333333334,1312.63,5,1.6666666666666667,85.32666666666667,0.3333333333333333,1.0,0.6666666666666666,0.09247865769838909
CUST_02133,29.0,18.681541692269406,4,87,0.045454545454545456,158,0,0.6441910706233909,43,Male,Istanbul,4702.46,1175.615,2694.6,12,3.0,17.2375,0.5,0.75,0.5,0.014662538318528992
CUST_02134,26.0,16.254913786982144,11,260,0.0421455938697318,160,0,0.625188967761276,42,Male,Izmir,21125.11,1920.4645454545455,8426.42,35,3.1818181818181817,151.20818181818183,0.2727272727272727,0.36363636363636365,0.6363636363636364,0.07873521127861169
CUST_02135,13.0,0.0,2,13,0.14285714285714285,410,1,0.0,30,Male,Istanbul,1363.69,681.845,1253.19,6,3.0,2.47,0.5,1.0,1.0,0.003622524175402732
CUST_02136,95.0,0.0,2,95,0.020833333333333332,153,1,0.0,28,Male,Bursa,1677.53,838.765,1471.18,6,3.0,227.4,0.5,0.5,1.0,0.2711128858844696
CUST_02137,85.8,60.47892194806386,6,429,0.013953488372093023,5,0,0.7048825319718104,36,Male,Ankara,14700.74,2450.1233333333334,5856.14,22,3.6666666666666665,216.43499999999997,0.3333333333333333,0.3333333333333333,0.5,0.0883363694256195
CUST_02138,43.25,39.223717314910374,9,346,0.025936599423631124,18,0,0.9069067377573096,53,Male,Ankara,13498.130000000001,1499.7922222222223,3969.55,25,2.7777777777777777,142.43666666666667,0.3333333333333333,0.4444444444444444,0.5555555555555556,0.094970932947398
CUST_02139,47.333333333333336,36.95763340186526,7,284,0.02456140350877193,15,0,0.7807950553747226,20,Female,Izmir,9999.630000000001,1428.5185714285715,5327.75,25,3.5714285714285716,17.985714285714288,0.2857142857142857,0.42857142857142855,0.5714285714285714,0.012590465838422696
CUST_02140,50.0,23.007245235649865,5,200,0.024875621890547265,140,0,0.4601448955100994,18,Female,Istanbul,3665.1099999999997,733.0219999999999,1457.35,14,2.8,40.568,0.4,0.8,0.4,0.055343495754092656
CUST_02141,77.5,9.192388155425117,3,155,0.019230769230769232,182,0,0.11861145853953109,36,Male,Istanbul,932.56,310.8533333333333,362.4,11,3.6666666666666665,0.0,0.3333333333333333,0.6666666666666666,0.6666666666666666,0.0
CUST_02142,30.5,35.85619425798933,5,122,0.04065040650406504,158,0,1.1756128879467684,35,Female,Antalya,3530.12,706.024,2615.29,15,3.0,109.896,0.4,0.4,0.6,0.1556547650566344
CUST_02143,119.0,91.53687781435414,4,357,0.0111731843575419,52,0,0.7692174541608126,37,Female,Izmir,8418.9,2104.725,6168.7,7,1.75,34.8375,0.5,0.5,0.5,0.016552043608285147
CUST_02144,34.75,25.0516133878306,5,139,0.03571428571428571,292,0,0.7209097170336946,37,Female,Konya,3293.6,658.72,1556.6,18,3.6,9.92,0.4,0.8,0.6,0.01505950932860774
CUST_02145,126.0,80.61017305526642,3,252,0.011857707509881422,159,0,0.6397632731389138,32,Male,Antalya,3981.96,1327.32,3389.01,3,1.0,0.0,0.3333333333333333,0.6666666666666666,0.6666666666666666,0.0
CUST_02146,65.8,60.77581755928915,6,329,0.01818181818181818,115,0,0.9236446297210414,52,Male,Istanbul,6748.76,1124.7933333333333,2688.67,15,2.5,33.788333333333334,0.5,0.3333333333333333,0.5,0.030039592431759677
CUST_02147,141.0,154.14927829866735,3,282,0.01060070671378092,94,0,1.0932572851447522,18,Female,Bursa,2289.21,763.07,1326.42,7,2.3333333333333335,0.0,0.3333333333333333,0.3333333333333333,1.0,0.0
CUST_02148,87.0,65.82299496883036,5,348,0.014326647564469915,63,0,0.7565861403706232,25,Female,Istanbul,6650.26,1330.0520000000001,3993.2,20,4.0,49.65,0.4,0.4,0.6,0.037329367545532524
CUST_02149,58.5,33.63034344160047,5,234,0.02127659574468085,88,0,0.5748776558414157,33,Female,Gaziantep,2354.38,470.87600000000003,882.05,19,3.8,2.282,0.2,0.4,0.6,0.004846286485515748
CUST_02150,112.5,101.1162697096763,3,225,0.01327433628318584,189,0,0.8988112783188003,18,Female,Eskisehir,1005.73,335.24333333333334,448.54,9,3.0,39.943333333333335,0.6666666666666666,0.3333333333333333,0.6666666666666666,0.1191472856955228
CUST_02151,71.6,44.56792568652932,6,358,0.016713091922005572,89,0,0.6224570539674898,32,Male,Bursa,5091.77,848.6283333333334,2117.38,14,2.3333333333333335,112.66166666666668,0.3333333333333333,0.3333333333333333,0.5,0.1327573710523955
CUST_02152,63.5,84.14570696119915,3,127,0.0234375,53,0,1.3251292226152744,54,Female,Antalya,1309.17,436.39000000000004,841.3,3,1.0,32.53333333333334,0.6666666666666666,0.3333333333333333,0.6666666666666666,0.07455105125869585
CUST_02153,84.0,106.06601717798213,3,168,0.01775147928994083,104,0,1.2626906656582317,35,Male,Istanbul,3285.7799999999997,1095.26,1877.28,9,3.0,0.0,0.6666666666666666,0.6666666666666666,1.0,0.0
CUST_02154,78.33333333333333,12.701705922171765,4,235,0.01694915254237288,107,0,0.16214943523432762,37,Male,Izmir,921.85,230.4625,652.04,5,1.25,6.7325,0.5,0.5,0.75,0.02921299547990239
CUST_02155,27.142857142857142,19.35999803227066,8,190,0.041884816753926704,3,0,0.7132630591213327,19,Female,Konya,12966.92,1620.865,7384.79,27,3.375,117.79249999999999,0.25,0.5,0.75,0.07267261611998986
CUST_02156,39.5,40.39870735005707,11,395,0.027777777777777776,15,0,1.0227520589191144,27,Male,Istanbul,6219.71,565.4281818181818,2381.59,28,2.5454545454545454,27.595454545454547,0.36363636363636365,0.45454545454545453,0.5454545454545454,0.048804526169733034
CUST_02157,84.75,114.98514396796368,5,339,0.014705882352941176,84,0,1.3567568449699923,30,Male,Ankara,2184.9,436.98,1387.68,13,2.6,17.548,0.4,0.4,0.8,0.040157444184728254
CUST_02158,62.2,52.006730333678924,6,311,0.019230769230769232,33,0,0.8361210530153999,31,Female,Izmir,7421.16,1236.86,5252.19,15,2.5,199.14166666666665,0.3333333333333333,0.3333333333333333,0.5,0.16100582645219413
CUST_02159,159.0,0.0,2,159,0.0125,216,1,0.0,50,Male,Adana,1067.41,533.705,592.71,5,2.5,61.82,0.5,0.5,1.0,0.11583177951146835
CUST_02160,46.666666666666664,15.307950004273378,4,140,0.028368794326241134,295,0,0.32802749306241186,41,Female,Ankara,1848.92,462.23,728.37,10,2.5,0.0,0.5,0.5,0.5,0.0
CUST_02161,42.7,34.92229469360034,11,427,0.02570093457943925,12,0,0.8178523155912887,21,Other,Kayseri,5946.05,540.5500000000001,2579.73,32,2.909090909090909,41.441818181818185,0.5454545454545454,0.5454545454545454,0.7272727272727273,0.0766660218391493
CUST_02162,94.5,130.8147545195113,3,189,0.015789473684210527,187,0,1.3842831019600867,37,Female,Istanbul,950.0300000000001,316.6766666666667,539.82,7,2.3333333333333335,39.373333333333335,0.6666666666666666,0.3333333333333333,0.6666666666666666,0.124332915410041
CUST_02163,102.0,0.0,2,102,0.019417475728155338,217,1,0.0,40,Male,Ankara,1271.28,635.64,806.43,10,5.0,28.335,0.5,0.5,0.5,0.04457711905390297
CUST_02164,99.33333333333333,54.040108561450296,4,298,0.013377926421404682,51,0,0.544027933061299,48,Male,Adana,1340.29,335.0725,624.95,12,3.0,0.0,0.25,0.5,0.5,0.0
CUST_02165,54.666666666666664,21.733231083604053,4,164,0.024242424242424242,261,0,0.3975590979154565,53,Male,Istanbul,1172.71,293.1775,888.36,10,2.5,0.0,0.5,0.5,0.5,0.0
CUST_02166,86.75,81.43862719864573,5,347,0.014367816091954023,17,0,0.9387737897391579,22,Male,Antalya,794.16,158.832,387.95,13,2.6,24.788,0.6,0.8,0.8,0.15606426818232935
CUST_02167,79.66666666666667,64.04946005497106,4,239,0.016666666666666666,133,0,0.8039681077531752,25,Male,Istanbul,1650.87,412.7175,970.05,16,4.0,6.435,0.75,0.5,0.5,0.015591778842448457
CUST_02168,76.2,70.2616538376375,6,381,0.015706806282722512,61,0,0.9220689358998498,19,Female,Istanbul,1789.9,298.31666666666666,1139.0,13,2.1666666666666665,26.083333333333332,0.16666666666666666,0.5,0.5,0.08743505194446041
CUST_02169,107.5,59.20304046246274,5,430,0.01160092807424594,16,0,0.5507259526673189,32,Male,Istanbul,2963.7299999999996,592.7459999999999,1434.52,9,1.8,31.764,0.4,0.6,0.6,0.05358787734782205
CUST_02170,127.66666666666667,66.33500835406093,4,383,0.010416666666666666,31,0,0.5195953616276676,40,Female,Kayseri,2865.74,716.435,1409.5,12,3.0,0.0,0.5,0.5,0.75,0.0
CUST_02171,211.5,248.19448019647817,3,423,0.007075471698113208,25,0,1.1734963547185902,46,Male,Bursa,1286.3400000000001,428.78000000000003,906.34,11,3.6666666666666665,31.069999999999997,0.3333333333333333,0.6666666666666666,0.6666666666666666,0.07246140194864172
CUST_02172,235.0,0.0,2,235,0.00847457627118644,125,1,0.0,34,Female,Gaziantep,2810.12,1405.06,2583.12,6,3.0,0.0,0.5,0.5,0.5,0.0
CUST_02173,123.33333333333333,143.3957228557858,4,370,0.01078167115902965,55,0,1.1626680137279821,31,Female,Ankara,2386.67,596.6675,902.25,12,3.0,12.82,0.5,0.75,0.5,0.02148600347515827
CUST_02174,217.0,0.0,2,217,0.009174311926605505,129,1,0.0,36,Male,Bursa,2767.02,1383.51,2472.52,9,4.5,0.0,0.5,1.0,0.5,0.0
CUST_02175,66.5,55.86143571373726,3,133,0.022388059701492536,198,0,0.8400215770483561,24,Male,Izmir,12169.1,4056.366666666667,8139.35,9,3.0,0.0,0.3333333333333333,0.3333333333333333,0.6666666666666666,0.0
CUST_02176,85.66666666666667,9.81495457622364,4,257,0.015503875968992248,53,0,0.11457145285975315,60,Female,Kayseri,1077.72,269.43,469.14,9,2.25,7.335,0.25,0.25,1.0,0.027224139749752664
CUST_02177,69.25,91.97236903911232,5,277,0.017985611510791366,64,0,1.3281208333717183,18,Female,Adana,12082.41,2416.482,10323.69,15,3.0,199.272,0.2,0.6,0.6,0.08246368063885282
CUST_02178,137.5,159.0990257669732,3,275,0.010869565217391304,137,0,1.15708381534465,37,Female,Adana,1204.88,401.6266666666667,970.88,6,2.0,0.0,0.3333333333333333,0.3333333333333333,0.6666666666666666,0.0
CUST_02179,139.5,142.12846301849606,3,279,0.010714285714285714,61,0,1.0188420215028964,59,Male,Istanbul,1440.13,480.04333333333335,671.2,5,1.6666666666666667,23.74,0.6666666666666666,1.0,1.0,0.049453868644940654
CUST_02180,103.0,119.61605243444544,4,309,0.012903225806451613,86,0,1.1613208861468403,35,Male,Bursa,2709.5699999999997,677.3924999999999,1925.82,13,3.25,29.5925,0.5,0.75,0.75,0.04368589843600882
CUST_02181,55.0,43.840620433565945,3,110,0.02702702702702703,197,0,0.7971021752084322,32,Female,Izmir,2799.7,933.2333333333332,2559.66,7,2.3333333333333335,15.88,0.3333333333333333,0.6666666666666666,1.0,0.017016108850573877
CUST_02182,40.666666666666664,30.0055550412475,4,122,0.032520325203252036,20,0,0.737841499264082,30,Female,Kayseri,6214.99,1553.7475,5036.65,15,3.75,19.06,0.5,1.0,0.5,0.012267115466144198
CUST_02183,121.0,86.2670273047588,3,242,0.012345679012345678,161,0,0.7129506329901502,32,Male,Ankara,25122.38,8374.126666666667,18399.7,11,3.6666666666666665,0.0,0.6666666666666666,0.6666666666666666,0.6666666666666666,0.0
CUST_02184,105.33333333333333,74.06978691297373,4,316,0.012618296529968454,121,0,0.7031941728776541,51,Female,Ankara,736.65,184.1625,375.76,12,3.0,8.5,0.25,0.5,0.75,0.046154890131514886
CUST_02185,52.75,55.042191609190645,9,422,0.02127659574468085,24,0,1.0434538495874275,18,Male,Izmir,4645.1,516.1222222222223,2018.2,21,2.3333333333333335,16.133333333333333,0.2222222222222222,0.3333333333333333,0.5555555555555556,0.03125874571455325
CUST_02186,39.0,29.189039038652847,11,390,0.028132992327365727,17,0,0.748436879236307,53,Male,Istanbul,8735.19,794.1081818181818,3578.4,32,2.909090909090909,71.01818181818182,0.2727272727272727,0.45454545454545453,0.45454545454545453,0.08943136886733487
CUST_02187,110.5,75.66042558696059,3,221,0.013513513513513514,228,0,0.6847097276221797,18,Male,Istanbul,10454.419999999998,3484.806666666666,9170.88,9,3.0,0.0,0.3333333333333333,0.6666666666666666,0.6666666666666666,0.0
CUST_02188,68.0,11.357816691600547,4,204,0.01951219512195122,8,0,0.16702671359667404,31,Male,Konya,21269.68,5317.42,12810.99,13,3.25,541.07,0.5,0.5,0.5,0.10175423417714714
CUST_02189,138.5,119.50104602052653,3,277,0.01079136690647482,75,0,0.8628234307415387,29,Female,Bursa,2152.3399999999997,717.4466666666666,1553.08,8,2.6666666666666665,6.88,0.3333333333333333,1.0,0.6666666666666666,0.00958956297389414
CUST_02190,55.4,30.196026228628163,6,277,0.02158273381294964,82,0,0.5450546152269594,42,Male,Konya,5507.0,917.8333333333334,2222.05,17,2.8333333333333335,31.355,0.5,0.5,0.5,0.034161975630112244
CUST_02191,140.0,24.041630560342615,3,280,0.010676156583629894,93,0,0.17172593134726202,18,Male,Gaziantep,1040.83,346.9433333333333,578.94,5,1.6666666666666667,0.0,0.6666666666666666,0.6666666666666666,0.3333333333333333,0.0
CUST_02192,30.0,0.0,2,30,0.06451612903225806,225,1,0.0,40,Female,Ankara,843.61,421.805,786.88,4,2.0,154.425,0.5,0.5,1.0,0.3661051899192632
CUST_02193,58.0,0.0,2,58,0.03389830508474576,358,1,0.0,59,Female,Bursa,595.67,297.835,517.56,3,1.5,26.87,1.0,1.0,0.5,0.09021773770638866
CUST_02194,98.25,70.77841007915714,5,393,0.012690355329949238,22,0,0.7203909349492744,18,Female,Istanbul,3293.15,658.63,2506.05,13,2.6,4.4,0.6,1.0,0.6,0.006680533825242498
CUST_02195,100.25,88.63548950617918,5,401,0.012437810945273632,11,0,0.8841445249080764,37,Female,Kayseri,18304.47,3660.8940000000002,10511.98,13,2.6,53.386,0.4,0.4,0.8,0.014582776771307015
CUST_02196,33.0,32.526911934581186,3,66,0.04477611940298507,61,0,0.9856639681490067,27,Male,Izmir,1745.36,581.7866666666666,1049.76,7,2.3333333333333335,24.923333333333336,0.3333333333333333,0.6666666666666666,0.6666666666666666,0.04283929955509586
CUST_02197,15.5,7.7781745930520225,3,31,0.09375,285,0,0.5018176833054413,40,Female,Ankara,12478.52,4159.506666666667,10595.72,9,3.0,891.6433333333333,0.3333333333333333,0.6666666666666666,0.3333333333333333,0.2143627609169125
CUST_02198,79.66666666666667,82.03251387915242,4,239,0.016666666666666666,43,0,1.029696814009903,35,Female,Ankara,3850.54,962.635,3171.28,12,3.0,10.33,0.5,0.5,0.5,0.010730962399319616
CUST_02199,32.0,31.58058475287203,8,224,0.035555555555555556,115,0,0.9868932426868372,27,Female,Izmir,4091.3399999999997,511.41749999999996,1380.87,19,2.375,17.06875,0.25,0.5,0.5,0.03337537328430222
CUST_02200,136.0,125.86500705120545,3,272,0.01098901098901099,148,0,0.9254779862185843,40,Male,Ankara,367.5,122.5,250.96,6,2.0,0.0,0.6666666666666666,0.6666666666666666,0.6666666666666666,0.0
CUST_02201,300.0,0.0,2,300,0.006644518272425249,122,1,0.0,56,Male,Ankara,237.0,118.5,155.34,4,2.0,0.0,0.5,0.5,0.5,0.0
CUST_02202,100.66666666666667,45.08140784551136,4,302,0.013201320132013201,32,0,0.44782855030810736,32,Female,Gaziantep,808.01,202.0025,392.59,11,2.75,17.4425,0.75,0.5,1.0,0.08634794081089124
CUST_02203,47.0,20.518284528683193,4,141,0.028169014084507043,191,0,0.4365592360026374,43,Male,Gaziantep,7558.41,1889.6025,6661.36,8,2.0,2.0975,0.25,1.0,0.5,0.0011100218161703207
CUST_02204,10.0,0.0,2,10,0.18181818181818182,403,1,0.0,19,Female,Ankara,531.86,265.93,421.86,5,2.5,0.0,0.5,0.5,1.0,0.0
CUST_02205,109.0,0.0,2,109,0.01818181818181818,292,1,0.0,23,Female,Izmir,452.63,226.315,403.68,2,1.0,0.0,0.5,0.5,0.5,0.0
CUST_02206,67.25,41.867847647886876,5,269,0.018518518518518517,67,0,0.6225702159898389,40,Female,Konya,14416.79,2883.358,11568.6,19,3.8,12.370000000000001,0.2,0.6,0.8,0.0042901367071691635
CUST_02207,90.0,0.0,2,90,0.02197802197802198,219,1,0.0,52,Female,Istanbul,2330.68,1165.34,2221.18,4,2.0,0.0,0.5,0.5,0.5,0.0
CUST_02208,94.0,91.53687781435414,4,282,0.014134275618374558,149,0,0.9737965621335913,39,Female,Konya,9331.61,2332.9025,4976.94,13,3.25,249.75,0.5,0.5,0.5,0.10705548126976781
CUST_02209,124.33333333333333,19.139836293274126,4,373,0.0106951871657754,48,0,0.1539397008525557,31,Male,Istanbul,2209.98,552.495,1167.35,10,2.5,18.0325,0.25,0.5,0.75,0.03263830435997012
CUST_02210,81.66666666666667,74.59445913292309,4,245,0.016260162601626018,22,0,0.9134015292186314,34,Female,Antalya,11091.09,2772.7725,5059.65,11,2.75,5.98,0.5,0.5,0.5,0.0021566861319647804
CUST_02211,352.0,0.0,2,352,0.0056657223796034,25,1,0.0,19,Female,Bursa,155.10000000000002,77.55000000000001,81.87,2,1.0,0.0,0.5,1.0,0.5,0.0
CUST_02212,263.0,0.0,2,263,0.007575757575757576,41,1,0.0,42,Male,Bursa,186.01,93.005,124.03,4,2.0,0.0,0.5,1.0,1.0,0.0
CUST_02213,112.66666666666667,18.14754345175493,4,338,0.011799410029498525,73,0,0.16107286944392363,45,Male,Konya,2595.85,648.9625,1410.32,10,2.5,110.075,0.25,0.25,0.5,0.16961688823373172
CUST_02214,66.66666666666667,28.307831660749528,4,200,0.01990049751243781,4,0,0.4246174685419809,29,Male,Istanbul,11121.07,2780.2675,6201.5,11,2.75,90.755,0.5,0.75,0.75,0.03264254247742617
CUST_02215,135.0,131.52186130069785,3,270,0.01107011070110701,8,0,0.9742360024182359,29,Female,Ankara,11429.52,3809.84,9924.28,4,1.3333333333333333,0.0,0.3333333333333333,0.6666666666666666,0.6666666666666666,0.0
CUST_02216,137.0,155.56349186104046,3,274,0.01090909090909091,13,0,1.1354999323032156,38,Male,Bursa,2051.76,683.9200000000001,1603.38,7,2.3333333333333335,0.0,0.6666666666666666,0.3333333333333333,0.6666666666666666,0.0
CUST_02217,136.33333333333334,176.50023607160796,4,409,0.00975609756097561,23,0,1.2946227489754416,29,Female,Gaziantep,5168.360000000001,1292.0900000000001,4427.3,10,2.5,29.7675,0.5,0.5,0.5,0.02303825583122053
CUST_02218,113.33333333333333,104.63906217724495,4,340,0.011730205278592375,36,0,0.923285834593757,34,Male,Istanbul,1195.24,298.81,757.36,7,1.75,0.0,0.5,0.75,0.5,0.0
CUST_02219,92.66666666666667,98.46996157881514,4,278,0.014336917562724014,146,0,1.0626254731962914,60,Male,Gaziantep,9564.75,2391.1875,7178.14,11,2.75,25.71,0.5,0.5,0.75,0.010751979921795352
CUST_02220,44.666666666666664,30.23794525647094,4,134,0.02962962962962963,154,0,0.6769689084963142,32,Female,Ankara,3058.9,764.725,1939.76,10,2.5,27.7975,0.5,0.5,0.5,0.03634966813383939
CUST_02221,11.0,0.0,2,11,0.16666666666666666,254,1,0.0,30,Male,Istanbul,473.34,236.67,409.71,6,3.0,0.0,0.5,0.5,1.0,0.0
CUST_02222,135.0,86.02906485601247,4,405,0.009852216748768473,24,0,0.6372523275463714,27,Female,Adana,1208.31,302.0775,838.5,8,2.0,60.8625,0.5,0.5,0.5,0.20147975204548585
CUST_02223,59.5,0.7071067811865476,3,119,0.025,34,0,0.011884147383233618,43,Female,Istanbul,2497.8500000000004,832.6166666666668,2201.36,6,2.0,0.0,0.6666666666666666,0.6666666666666666,0.6666666666666666,0.0
CUST_02224,35.0,0.0,2,35,0.05555555555555555,167,1,0.0,32,Female,Izmir,703.4300000000001,351.71500000000003,464.73,4,2.0,6.985,0.5,0.5,0.5,0.019859829635188064
CUST_02225,127.33333333333333,163.26154885132425,4,382,0.010443864229765013,27,0,1.2821587505431846,27,Male,Istanbul,1578.3899999999999,394.59749999999997,669.65,11,2.75,0.0,0.5,0.75,0.5,0.0
CUST_02226,115.5,160.51323932934628,3,231,0.01293103448275862,72,0,1.3897250038062448,50,Female,Ankara,2065.8199999999997,688.6066666666666,1185.07,11,3.6666666666666665,79.01333333333334,0.3333333333333333,0.6666666666666666,0.6666666666666666,0.11474378196346666
CUST_02227,138.33333333333334,112.89523166783144,4,415,0.009615384615384616,14,0,0.8161101025425639,52,Female,Bursa,2058.37,514.5925,1468.18,11,2.75,97.7775,0.25,0.5,0.5,0.1900095703104698
CUST_02228,47.2,30.0616034169836,6,236,0.02531645569620253,159,0,0.6368983639848567,27,Female,Bursa,9965.46,1660.9099999999999,6559.4,27,4.5,73.04166666666667,0.3333333333333333,0.5,0.6666666666666666,0.04397689617299539
CUST_02229,49.333333333333336,68.24465791058911,4,148,0.026845637583892617,16,0,1.3833376323091515,18,Female,Izmir,13463.95,3365.9875,10008.76,19,4.75,162.11,0.25,0.5,0.5,0.04816120082199914
CUST_02230,60.0,0.0,2,60,0.03278688524590164,98,1,0.0,47,Female,Izmir,225.1,112.55,117.3,6,3.0,0.0,0.5,0.5,1.0,0.0
CUST_02231,105.66666666666667,81.54344445345275,4,317,0.012578616352201259,117,0,0.7717045143383113,26,Female,Istanbul,3301.16,825.29,2987.7,9,2.25,4.5325,0.25,0.75,1.0,0.00549200886295483
CUST_02232,213.0,0.0,2,213,0.009345794392523364,141,1,0.0,44,Female,Izmir,943.44,471.72,607.5,3,1.5,0.0,1.0,1.0,0.5,0.0
CUST_02233,123.5,84.14570696119915,3,247,0.012096774193548387,39,0,0.6813417512539061,18,Male,Kayseri,5204.08,1734.6933333333334,3646.34,8,2.6666666666666665,478.57,0.3333333333333333,1.0,0.6666666666666666,0.2758816158038222
CUST_02234,40.333333333333336,42.72391992003231,4,121,0.03278688524590164,141,0,1.0592707155560726,45,Male,Konya,5670.64,1417.66,2157.78,7,1.75,152.0725,0.5,0.75,1.0,0.10727007878668361
CUST_02235,37.666666666666664,11.015141094572202,4,113,0.03508771929824561,94,0,0.2924373664283585,20,Male,Istanbul,3092.0699999999997,773.0174999999999,2516.45,10,2.5,2.925,0.5,0.5,0.75,0.0037838729345922016
CUST_02236,63.5,41.83698523236746,5,254,0.0196078431372549,82,0,0.6588501507640522,43,Male,Istanbul,2318.4,463.68,1083.8,5,1.0,20.874000000000002,0.4,0.6,0.6,0.04501811584494023
CUST_02237,108.66666666666667,48.747649515985216,4,326,0.012232415902140673,47,0,0.4485979975526431,35,Male,Kayseri,1499.03,374.7575,759.63,11,2.75,2.08,0.25,0.5,0.75,0.005550255817294502
CUST_02238,64.33333333333333,54.38259525497718,7,386,0.01808785529715762,41,0,0.8453253017044334,23,Male,Bursa,7482.0199999999995,1068.86,4528.44,23,3.2857142857142856,70.91571428571429,0.42857142857142855,0.42857142857142855,0.5714285714285714,0.06634705594686603
CUST_02239,88.75,100.27088311169898,5,355,0.014044943820224719,76,0,1.1298127547254786,30,Female,Bursa,1574.7,314.94,578.25,10,2.0,14.001999999999999,0.8,0.6,0.8,0.04445926194049894
CUST_02240,142.0,137.17871555019022,3,284,0.010526315789473684,114,0,0.9660472858038235,43,Male,Gaziantep,6739.69,2246.563333333333,5729.07,8,2.6666666666666665,201.55999999999997,0.3333333333333333,0.6666666666666666,0.6666666666666666,0.08971926004472643
CUST_02241,70.6,61.865175987788156,6,353,0.01694915254237288,35,0,0.8762772678684263,36,Female,Ankara,5243.4,873.9,2041.24,18,3.0,79.60833333333333,0.6666666666666666,0.6666666666666666,0.6666666666666666,0.09109547229916222
CUST_02242,69.25,65.22972226421531,5,277,0.017985611510791366,22,0,0.9419454342566047,42,Male,Izmir,5142.82,1028.5639999999999,1632.41,15,3.0,59.812,0.2,0.6,1.0,0.05815097547828723
CUST_02243,66.0,0.0,2,66,0.029850746268656716,275,1,0.0,58,Male,Eskisehir,244.25,122.125,228.16,3,1.5,0.0,0.5,0.5,0.5,0.0
CUST_02244,61.5,54.44722215136416,3,123,0.024193548387096774,85,0,0.885320670992577,18,Male,Antalya,6966.02,2322.0066666666667,6705.93,6,2.0,350.5933333333333,0.3333333333333333,1.0,0.6666666666666666,0.15098722075834384
CUST_02245,110.0,53.50700888668698,4,330,0.012084592145015106,77,0,0.4864273490932694,54,Male,Istanbul,12611.06,3152.765,11822.3,14,3.5,5.515,0.5,0.5,0.75,0.0017492581902713148
CUST_02246,47.125,30.912029558548422,9,377,0.023809523809523808,31,0,0.6559581729992626,36,Female,Istanbul,19515.44,2168.382222222222,17424.3,23,2.5555555555555554,23.682222222222222,0.3333333333333333,0.5555555555555556,0.5555555555555556,0.010921608731430372
CUST_02247,49.5,18.138357147217054,5,198,0.02512562814070352,58,0,0.3664314501168809,24,Female,Istanbul,21571.660000000003,4314.332,18396.15,16,3.2,4.958,0.4,0.4,0.6,0.0011491929686567484
CUST_02248,107.0,123.2233744059949,4,321,0.012422360248447204,115,0,1.1516203107885477,19,Male,Adana,1137.11,284.2775,703.92,9,2.25,22.1125,0.25,0.5,0.75,0.07778491059691707
CUST_02249,131.0,111.01351269102334,4,393,0.01015228426395939,37,0,0.8474313881190225,32,Male,Ankara,11908.689999999999,2977.1724999999997,10281.8,10,2.5,0.0,0.25,0.25,1.0,0.0
CUST_02250,50.0,0.0,2,50,0.0392156862745098,274,1,0.0,46,Male,Istanbul,1148.52,574.26,579.68,3,1.5,0.0,0.5,0.5,0.5,0.0
CUST_02251,30.333333333333332,7.371114795831994,4,91,0.043478260869565216,88,0,0.2430037764668643,33,Female,Kayseri,4049.38,1012.345,1616.84,11,2.75,92.16,0.5,0.75,0.5,0.09103615853188768
CUST_02252,89.0,84.18630134014283,5,356,0.014005602240896359,13,0,0.9459134875756107,53,Female,Istanbul,8327.81,1665.562,4235.77,19,3.8,125.826,0.4,0.2,0.8,0.07554567162582619
CUST_02253,86.5,62.932503525602726,3,173,0.017241379310344827,226,0,0.7275433849486629,18,Female,Istanbul,1040.72,346.9066666666667,942.08,7,2.3333333333333335,54.00666666666667,0.3333333333333333,0.3333333333333333,0.6666666666666666,0.15568068215558262
CUST_02254,80.0,31.432467291003423,4,240,0.016597510373443983,108,0,0.39290583622621983,34,Female,Istanbul,5716.92,1429.23,3580.46,13,3.25,149.555,0.5,0.75,0.75,0.10464026076653844
CUST_02255,55.666666666666664,45.796651988254915,4,167,0.023809523809523808,57,0,0.8226943323154596,19,Female,Istanbul,1435.8899999999999,358.97249999999997,648.54,5,1.25,16.9175,0.25,0.5,1.0,0.047127565350750925
CUST_02256,154.5,40.30508652763321,3,309,0.00967741935483871,138,0,0.2608743447686658,39,Male,Izmir,446.82000000000005,148.94000000000003,225.52,5,1.6666666666666667,0.0,0.3333333333333333,1.0,0.6666666666666666,0.0
CUST_02257,114.0,108.08792717042917,4,342,0.011661807580174927,27,0,0.9481397037042936,45,Male,Kayseri,2925.13,731.2825,2046.81,14,3.5,30.349999999999998,0.25,0.5,0.5,0.041502428895122706
CUST_02258,73.0,0.0,2,73,0.02702702702702703,191,1,0.0,29,Female,Konya,4158.67,2079.335,2080.52,6,3.0,222.685,0.5,0.5,1.0,0.10709433539708882
CUST_02259,108.5,60.10407640085654,3,217,0.013761467889908258,109,0,0.5539546161004786,18,Female,Izmir,347.99,115.99666666666667,215.66,3,1.0,0.0,0.3333333333333333,0.6666666666666666,0.6666666666666666,0.0
CUST_02260,115.0,0.0,2,115,0.017241379310344827,306,1,0.0,37,Female,Izmir,2611.8900000000003,1305.9450000000002,2439.05,6,3.0,0.0,0.5,0.5,0.5,0.0
CUST_02261,50.666666666666664,40.10403138505321,4,152,0.026143790849673203,252,0,0.7915269196090716,40,Female,Bursa,10486.34,2621.585,5733.48,13,3.25,197.045,0.5,0.5,0.75,0.07516254476770254
CUST_02262,37.888888888888886,31.884339590324135,10,341,0.029239766081871343,37,0,0.8415221370651556,39,Male,Istanbul,5622.8099999999995,562.281,2536.35,29,2.9,62.062,0.3,0.5,0.6,0.11037541707727024
CUST_02263,63.333333333333336,42.524502740576914,4,190,0.020942408376963352,34,0,0.6714395063548012,49,Female,Istanbul,1011.41,252.8525,680.26,8,2.0,17.8525,0.5,0.75,0.5,0.07060440347394467
CUST_02264,1.0,0.0,2,1,1.0,276,1,0.0,22,Female,Kayseri,2297.45,1148.725,2214.41,6,3.0,142.77,0.5,1.0,1.0,0.12428562090640874
CUST_02265,41.666666666666664,38.83726732577014,4,125,0.031746031746031744,73,0,0.9320943934482181,43,Male,Istanbul,11621.96,2905.49,6466.2,16,4.0,141.4225,0.25,0.5,1.0,0.048674233933459
CUST_02266,80.66666666666667,63.1057313826037,4,242,0.01646090534979424,144,0,0.78230244545828,49,Female,Istanbul,716.5,179.125,272.15,8,2.0,25.0675,0.25,0.75,0.5,0.13994417228223768
CUST_02267,403.0,0.0,2,403,0.0049504950495049506,21,1,0.0,18,Female,Izmir,176.64999999999998,88.32499999999999,94.57,3,1.5,5.205,0.5,0.5,1.0,0.05893008707693081
CUST_02268,183.5,170.41273426595797,3,367,0.008152173913043478,46,0,0.9286797457072382,38,Male,Izmir,327.18,109.06,131.36,6,2.0,11.813333333333333,0.6666666666666666,1.0,0.6666666666666666,0.10831957844318499
CUST_02269,132.0,0.0,2,132,0.015037593984962405,127,1,0.0,28,Male,Istanbul,5139.0199999999995,2569.5099999999998,4989.58,6,3.0,165.74,0.5,0.5,0.5,0.06450257050390831
CUST_02270,101.0,0.0,2,101,0.0196078431372549,119,1,0.0,34,Male,Istanbul,423.67999999999995,211.83999999999997,281.9,4,2.0,0.0,0.5,0.5,0.5,0.0
CUST_02271,130.0,63.63961030678928,3,260,0.011494252873563218,19,0,0.4895354601327217,39,Female,Ankara,3483.37,1161.1233333333332,1722.95,8,2.6666666666666665,6.6866666666666665,0.6666666666666666,0.6666666666666666,0.6666666666666666,0.0057587910508282575
CUST_02272,69.8,40.548736108539806,6,349,0.017142857142857144,97,0,0.5809274430890023,29,Male,Antalya,11924.029999999999,1987.3383333333331,5719.65,24,4.0,131.40833333333333,0.3333333333333333,0.3333333333333333,0.5,0.06612277892652596
CUST_02273,185.0,0.0,2,185,0.010752688172043012,97,1,0.0,26,Female,Istanbul,2883.57,1441.785,2812.59,5,2.5,0.0,0.5,0.5,0.5,0.0
CUST_02274,49.0,35.98610843089316,8,343,0.023255813953488372,59,0,0.7344103611527102,35,Female,Izmir,3240.14,405.0175,771.28,22,2.75,32.05,0.25,0.25,0.875,0.07913238297324836
CUST_02275,57.5,17.67766952966369,3,115,0.02586206896551724,120,0,0.3074377256039298,21,Male,Bursa,700.0,233.33333333333334,311.1,10,3.3333333333333335,13.466666666666667,0.3333333333333333,0.6666666666666666,1.0,0.057714285466938776
CUST_02276,212.0,0.0,2,212,0.009389671361502348,103,1,0.0,21,Female,Konya,519.5,259.75,282.58,5,2.5,0.0,0.5,1.0,1.0,0.0
CUST_02277,28.333333333333332,24.11085509336683,4,85,0.046511627906976744,253,0,0.8509713262021943,43,Other,Ankara,2221.15,555.2875,986.75,14,3.5,0.0,0.25,0.5,0.5,0.0
CUST_02278,26.5,22.93468988235943,9,212,0.04225352112676056,162,0,0.8654599629018666,21,Male,Istanbul,13035.54,1448.3933333333334,5710.75,31,3.4444444444444446,224.77222222222224,0.2222222222222222,0.3333333333333333,0.5555555555555556,0.15518728020498684
CUST_02279,89.0,87.68124086713189,3,178,0.01675977653631285,170,0,0.9851824705837013,42,Male,Izmir,1163.8400000000001,387.9466666666667,658.44,7,2.3333333333333335,4.0,0.3333333333333333,0.3333333333333333,0.6666666666666666,0.010310695601687441
CUST_02280,71.0,84.8528137423857,3,142,0.02097902097902098,80,0,1.195110035877122,40,Female,Adana,2017.99,672.6633333333333,1023.46,9,3.0,0.0,0.6666666666666666,0.6666666666666666,0.6666666666666666,0.0
CUST_02281,87.0,50.695167422546305,6,435,0.013761467889908258,14,0,0.5827030671246349,18,Female,Istanbul,10842.63,1807.1049999999998,5050.45,19,3.1666666666666665,71.96666666666667,0.3333333333333333,0.5,0.5,0.03982428615207328
CUST_02282,29.0,12.727922061357855,3,58,0.05084745762711865,114,0,0.43889384905048295,26,Male,Izmir,2007.47,669.1566666666666,1823.56,5,1.6666666666666667,149.02,0.3333333333333333,0.6666666666666666,0.6666666666666666,0.22269822180750168
CUST_02283,70.0,0.0,2,70,0.028169014084507043,142,1,0.0,49,Male,Istanbul,4508.72,2254.36,4429.12,6,3.0,377.815,0.5,0.5,1.0,0.16759301967405693
CUST_02284,85.0,106.49256625073257,5,340,0.01466275659824047,3,0,1.2528537058573983,23,Male,Istanbul,3008.31,601.662,985.86,16,3.2,4.89,0.4,0.4,1.0,0.008127486847885544
CUST_02285,80.5,67.17514421272202,3,161,0.018518518518518517,246,0,0.8344738307856918,29,Other,Izmir,888.75,296.25,490.26,5,1.6666666666666667,12.573333333333332,0.6666666666666666,0.6666666666666666,0.6666666666666666,0.04244163136165975
CUST_02286,89.0,93.33809511662427,3,178,0.01675977653631285,102,0,1.0487426299761984,40,Male,Ankara,356.73,118.91000000000001,158.88,7,2.3333333333333335,10.546666666666667,0.6666666666666666,0.3333333333333333,0.6666666666666666,0.0886945301317983
CUST_02287,134.5,133.64318164425748,3,269,0.011111111111111112,180,0,0.993629595915449,44,Female,Gaziantep,8311.01,2770.3366666666666,8142.1,8,2.6666666666666665,3.2533333333333334,0.6666666666666666,1.0,1.0,0.0011743458372059428
CUST_02288,34.5,49.88319690370028,5,138,0.03597122302158273,19,0,1.445889723414799,31,Female,Bursa,1707.7,341.54,800.49,15,3.0,12.719999999999999,0.4,0.6,0.6,0.03724307537259742
CUST_02289,209.0,149.90663761154806,3,418,0.007159904534606206,8,0,0.7172566358578537,27,Male,Izmir,1309.5700000000002,436.52333333333337,791.39,6,2.0,12.549999999999999,0.3333333333333333,0.3333333333333333,0.6666666666666666,0.02874989493784243
CUST_02290,42.77777777777778,30.248048605562055,10,385,0.025906735751295335,62,0,0.7070972236004766,52,Female,Izmir,9014.07,901.4069999999999,3800.05,28,2.8,136.233,0.3,0.6,0.4,0.15113372743817863
CUST_02291,19.5,24.748737341529164,3,39,0.075,271,0,1.2691659524288825,55,Male,Izmir,2301.4700000000003,767.1566666666668,1374.93,3,1.0,0.0,0.3333333333333333,0.3333333333333333,0.6666666666666666,0.0
CUST_02292,93.0,91.09884741312592,4,279,0.014285714285714285,13,0,0.979557488532994,46,Female,Istanbul,3630.98,907.745,1905.56,13,3.25,1.4025,0.25,0.5,0.5,0.0015450374262099627
CUST_02293,100.5,86.97413408594535,3,201,0.01485148514851485,115,0,0.8654142609008069,36,Male,Konya,1010.62,336.87333333333333,468.16,4,1.3333333333333333,0.0,0.3333333333333333,0.3333333333333333,0.6666666666666666,0.0
CUST_02294,151.5,50.204581464244875,3,303,0.009868421052631578,93,0,0.33138337381426736,25,Female,Eskisehir,2272.78,757.5933333333334,1934.67,9,3.0,41.83,0.3333333333333333,0.6666666666666666,0.6666666666666666,0.05521431895491734
CUST_02295,79.0,0.0,2,79,0.025,32,1,0.0,25,Female,Istanbul,588.99,294.495,438.57,5,2.5,11.205,0.5,0.5,0.5,0.03804818405049938
CUST_02296,38.333333333333336,20.840665376454115,4,115,0.034482758620689655,135,0,0.5436695173769895,41,Male,Istanbul,2825.45,706.3625,1719.3,15,3.75,29.884999999999998,0.5,0.5,0.75,0.042308304811894314
CUST_02297,48.0,44.979360346083816,9,384,0.023376623376623377,8,0,0.9370699876877882,40,Male,Istanbul,17493.21,1943.6899999999998,12720.43,24,2.6666666666666665,107.99666666666667,0.4444444444444444,0.5555555555555556,0.4444444444444444,0.055562701156616524
CUST_02298,82.33333333333333,37.00450423034111,4,247,0.016129032258064516,21,0,0.44944741434283847,51,Male,Antalya,14684.5,3671.125,8347.0,14,3.5,0.0,1.0,0.5,0.5,0.0
CUST_02299,45.5,48.8702363407422,7,273,0.025547445255474453,88,0,1.0740711047620022,42,Male,Antalya,11584.59,1654.9414285714286,7981.47,18,2.5714285714285716,15.387142857142857,0.2857142857142857,0.2857142857142857,0.5714285714285714,0.009297696330635449
CUST_02300,79.0,101.90436693292393,6,395,0.015151515151515152,20,0,1.2899286790252564,18,Female,Gaziantep,7571.72,1261.9533333333334,3731.23,22,3.6666666666666665,112.32333333333334,0.3333333333333333,0.5,0.5,0.08900751737596674
CUST_02301,282.0,0.0,2,282,0.007067137809187279,10,1,0.0,47,Female,Adana,4185.950000000001,2092.9750000000004,2968.07,10,5.0,101.975,0.5,0.5,0.5,0.04872251219019695
CUST_02302,54.8,50.93819784798045,6,274,0.02181818181818182,164,0,0.9295291408476517,23,Male,Izmir,9887.1,1647.8500000000001,8725.02,15,2.5,9.14,0.3333333333333333,0.6666666666666666,0.6666666666666666,0.005546621351733093
CUST_02303,121.0,41.012193308819754,3,242,0.012345679012345678,16,0,0.3389437435526943,30,Female,Bursa,3589.1400000000003,1196.38,2026.92,8,2.6666666666666665,0.0,0.3333333333333333,0.6666666666666666,0.6666666666666666,0.0
CUST_02304,135.0,0.0,2,135,0.014705882352941176,121,1,0.0,38,Female,Antalya,2546.7400000000002,1273.3700000000001,2230.07,6,3.0,131.01,0.5,0.5,0.5,0.10288447183231543
CUST_02305,139.0,80.61017305526642,3,278,0.010752688172043012,45,0,0.5799292983837203,58,Female,Izmir,3849.05,1283.0166666666667,2037.9,5,1.6666666666666667,23.983333333333334,0.3333333333333333,0.3333333333333333,1.0,0.018692924213486763
CUST_02306,137.0,0.0,2,137,0.014492753623188406,282,1,0.0,72,Male,Izmir,1606.62,803.31,1399.78,3,1.5,0.0,0.5,1.0,0.5,0.0
CUST_02307,65.83333333333333,90.98882715293492,7,395,0.017676767676767676,34,0,1.3821087458859673,42,Male,Antalya,6573.73,939.1042857142857,2804.45,27,3.857142857142857,87.08285714285714,0.2857142857142857,0.5714285714285714,0.8571428571428571,0.09272969826124469
CUST_02308,89.0,119.80818002123227,5,356,0.014005602240896359,29,0,1.346159310955876,32,Male,Bursa,12733.769999999999,2546.754,9181.3,19,3.8,22.568,0.2,0.8,1.0,0.008861476212912016
CUST_02309,81.25,96.74838499944069,5,325,0.015337423312883436,29,0,1.1907493391838935,41,Female,Antalya,3627.06,725.412,1375.92,14,2.8,16.866,0.4,0.4,0.8,0.02325023569605929
CUST_02310,40.375,35.987845170279364,9,323,0.027777777777777776,91,0,0.8913397963824042,45,Male,Bursa,11761.48,1306.831111111111,4410.04,31,3.4444444444444446,139.02333333333334,0.2222222222222222,0.4444444444444444,0.4444444444444444,0.10638201986846568
CUST_02311,73.66666666666667,64.07079417852309,7,442,0.01580135440180587,6,0,0.8697392756848481,31,Male,Adana,5645.68,806.5257142857143,2713.11,17,2.4285714285714284,72.57428571428571,0.2857142857142857,0.42857142857142855,0.8571428571428571,0.08998384594417555
CUST_02312,117.33333333333333,47.247574893674,4,352,0.0113314447592068,72,0,0.4026781916846234,56,Male,Antalya,2715.6800000000003,678.9200000000001,2136.8,13,3.25,7.6875,0.5,0.25,0.5,0.01132313083820902
CUST_02313,86.4,66.28197341660854,6,432,0.013856812933025405,11,0,0.7671524612205564,37,Female,Izmir,2062.9,343.81666666666666,709.55,15,2.5,7.47,0.3333333333333333,0.5,0.6666666666666666,0.021726695365572653
CUST_02314,101.5,101.1162697096763,3,203,0.014705882352941176,181,0,0.9962193961916936,40,Male,Antalya,11597.050000000001,3865.683333333334,10799.35,11,3.6666666666666665,0.0,0.3333333333333333,0.3333333333333333,0.3333333333333333,0.0
CUST_02315,190.5,4.949747468305833,3,381,0.007853403141361256,22,0,0.025982926206419458,42,Male,Izmir,422.63,140.87666666666667,200.72,4,1.3333333333333333,0.0,0.3333333333333333,0.3333333333333333,0.6666666666666666,0.0
CUST_02316,59.75,64.11123146532127,5,239,0.020833333333333332,120,0,1.0729913036373215,40,Male,Istanbul,3832.06,766.412,1686.09,13,2.6,3.428,0.2,0.8,0.8,0.00447279008617716
CUST_02317,95.0,95.69047322835574,5,380,0.013123359580052493,51,0,1.0072681286430276,45,Male,Istanbul,4471.900000000001,894.3800000000001,1985.38,14,2.8,2.41,0.4,0.6,0.4,0.002694604080262747
CUST_02318,51.6,31.595885808123814,6,258,0.023166023166023165,180,0,0.6123233565077608,27,Female,Bursa,2367.7200000000003,394.62000000000006,1771.68,14,2.3333333333333335,62.645,0.3333333333333333,0.3333333333333333,0.8333333333333334,0.1587476555705548
CUST_02319,27.0,31.59113799786263,9,216,0.041474654377880185,190,0,1.1700421047340936,28,Male,Bursa,2589.99,287.77666666666664,491.07,24,2.6666666666666665,26.043333333333337,0.3333333333333333,0.5555555555555556,0.6666666666666666,0.09049841859833987
CUST_02320,6.0,0.0,2,6,0.2857142857142857,265,1,0.0,21,Male,Eskisehir,466.39,233.195,371.53,3,1.5,22.135,1.0,0.5,1.0,0.09492055963926946
CUST_02321,63.5,42.514703338962626,7,381,0.01832460732984293,60,0,0.6695228766840906,40,Female,Ankara,2921.5299999999997,417.3614285714285,789.66,17,2.4285714285714284,41.611428571428576,0.5714285714285714,0.42857142857142855,0.7142857142857143,0.09970118372978945
CUST_02322,23.0,22.627416997969522,3,46,0.06382978723404255,226,0,0.9838006962682098,44,Male,Ankara,3834.7400000000002,1278.2466666666667,3357.02,9,3.0,132.22,0.3333333333333333,0.6666666666666666,0.6666666666666666,0.10343856420244509
CUST_02323,42.333333333333336,23.366642891095843,10,381,0.02617801047120419,8,0,0.5519679292707381,40,Male,Istanbul,21495.65,2149.565,6890.56,30,3.0,89.022,0.2,0.5,0.5,0.04141396047971848
CUST_02324,80.0,63.63961030678928,3,160,0.018633540372670808,198,0,0.7954951188911771,55,Female,Istanbul,2928.54,976.18,2464.41,7,2.3333333333333335,6.743333333333333,0.3333333333333333,0.6666666666666666,0.6666666666666666,0.006907879004308073
CUST_02325,126.5,120.91525958289962,3,253,0.011811023622047244,88,0,0.9558518468541326,34,Male,Adana,2929.11,976.37,1480.52,7,2.3333333333333335,36.65333333333333,0.3333333333333333,0.6666666666666666,0.6666666666666666,0.03754041326115398
CUST_02326,33.4,43.52355683994588,6,167,0.03571428571428571,110,0,1.3031004651750127,43,Male,Istanbul,10582.54,1763.756666666667,5510.12,12,2.0,70.72,0.5,0.5,0.6666666666666666,0.04009623396268027
CUST_02327,95.33333333333333,81.87999348640261,4,286,0.013937282229965157,58,0,0.8588810415474292,21,Male,Bursa,16681.87,4170.4675,11349.65,16,4.0,1.27,0.25,0.5,1.0,0.0003045222147626082
CUST_02328,167.0,0.0,2,167,0.011904761904761904,202,1,0.0,30,Female,Antalya,533.8199999999999,266.90999999999997,306.76,7,3.5,36.0,0.5,0.5,0.5,0.13487692430078707
CUST_02329,151.0,87.68124086713189,3,302,0.009900990099009901,50,0,0.5806704654732545,43,Female,Izmir,951.68,317.22666666666663,466.08,14,4.666666666666667,1.0666666666666667,0.3333333333333333,0.3333333333333333,0.6666666666666666,0.0033624747708395426
CUST_02330,56.0,71.9444229944198,6,280,0.021352313167259787,55,0,1.2847218162446068,45,Female,Konya,14465.85,2410.975,7056.66,20,3.3333333333333335,127.36,0.3333333333333333,0.3333333333333333,0.6666666666666666,0.052825101855960725
CUST_02331,355.0,0.0,2,355,0.0056179775280898875,25,1,0.0,31,Female,Izmir,2128.55,1064.275,1734.45,6,3.0,0.0,1.0,0.5,1.0,0.0
CUST_02332,307.0,0.0,2,307,0.006493506493506494,64,1,0.0,34,Male,Ankara,436.58,218.29,293.7,6,3.0,15.11,0.5,0.5,0.5,0.06921984484300772
CUST_02333,74.66666666666667,70.18784320189168,4,224,0.017777777777777778,187,0,0.9400157445786955,18,Male,Konya,1752.51,438.1275,1030.1,11,2.75,36.1025,0.5,0.75,0.75,0.08240181206977007
CUST_02334,118.33333333333333,147.02834193900622,4,355,0.011235955056179775,14,0,1.2424930199705342,30,Female,Konya,1648.7,412.175,676.11,10,2.5,56.605,0.25,0.5,0.5,0.13733244341036588
CUST_02335,394.0,0.0,2,394,0.005063291139240506,18,1,0.0,45,Female,Istanbul,3845.52,1922.76,3774.83,2,1.0,0.0,0.5,1.0,1.0,0.0
CUST_02336,81.66666666666667,105.24891131661806,4,245,0.016260162601626018,20,0,1.2887621636063988,41,Male,Istanbul,1099.22,274.805,461.16,7,1.75,0.0,0.5,0.5,1.0,0.0
CUST_02337,87.66666666666667,23.692474191889147,4,263,0.015151515151515152,136,0,0.2702563565205261,41,Female,Istanbul,4143.08,1035.77,2426.45,13,3.25,66.625,0.75,0.75,0.75,0.06432412595042902
CUST_02338,29.5,28.17504806266235,11,295,0.037162162162162164,109,0,0.955086342629695,35,Male,Ankara,7792.360000000001,708.3963636363637,3603.65,36,3.272727272727273,5.407272727272727,0.36363636363636365,0.45454545454545453,0.6363636363636364,0.007633117555661661
CUST_02339,300.0,0.0,2,300,0.006644518272425249,56,1,0.0,35,Male,Eskisehir,308.63,154.315,183.5,3,1.5,11.34,0.5,0.5,1.0,0.07348605078258076
CUST_02340,89.2,63.3458759510041,6,446,0.013422818791946308,4,0,0.7101555520274502,27,Male,Bursa,2730.7599999999998,455.1266666666666,1591.35,18,3.0,20.168333333333333,0.3333333333333333,0.5,0.5,0.04431367082208542
CUST_02341,4.0,0.0,2,4,0.4,19,1,0.0,43,Male,Ankara,720.8599999999999,360.42999999999995,683.92,6,3.0,0.0,0.5,0.5,0.5,0.0
CUST_02342,43.8,63.8686151407716,6,219,0.02727272727272727,68,0,1.4581875269996365,40,Female,Konya,6852.33,1142.055,2728.2,9,1.5,158.23666666666665,0.3333333333333333,0.5,0.8333333333333334,0.13855433103319217
CUST_02343,77.8,51.74649746601213,6,389,0.015384615384615385,56,0,0.6651220668494867,40,Female,Izmir,8200.74,1366.79,4706.6,19,3.1666666666666665,42.855,0.3333333333333333,0.5,0.5,0.03135448749891754
CUST_02344,63.0,34.66025581748256,5,252,0.019762845849802372,179,0,0.5501627820209488,28,Male,Ankara,3352.2400000000002,670.4480000000001,2186.3,12,2.4,76.55199999999999,0.2,0.8,0.6,0.11418036877702613
CUST_02345,64.0,0.0,2,64,0.03076923076923077,48,1,0.0,18,Male,Kayseri,1300.44,650.22,884.54,10,5.0,32.13,0.5,1.0,1.0,0.04941404440125797
CUST_02346,39.0,38.03799270320253,11,390,0.028132992327365727,50,0,0.9753331212274207,48,Female,Gaziantep,6486.35,589.6681818181819,2736.25,31,2.8181818181818183,8.703636363636363,0.36363636363636365,0.45454545454545453,0.7272727272727273,0.014760227221416896
CUST_02347,137.0,125.86500705120545,3,274,0.01090909090909091,2,0,0.9187226724998743,29,Male,Gaziantep,2814.38,938.1266666666667,1993.1,9,3.0,0.0,0.3333333333333333,0.6666666666666666,1.0,0.0
CUST_02348,58.25,28.546745290254485,5,233,0.021367521367521368,20,0,0.4900728721061221,24,Female,Izmir,2595.84,519.168,1517.95,14,2.8,3.79,0.4,1.0,0.8,0.007300141751224764
CUST_02349,156.0,0.0,2,156,0.012738853503184714,134,1,0.0,43,Male,Gaziantep,133.22,66.61,107.56,5,2.5,0.0,0.5,0.5,1.0,0.0
CUST_02350,183.0,161.22034611053283,3,366,0.008174386920980926,17,0,0.8809854930576357,30,Female,Istanbul,1367.6100000000001,455.87000000000006,1112.26,5,1.6666666666666667,3.533333333333333,0.6666666666666666,0.6666666666666666,0.6666666666666666,0.00775074763766553
CUST_02351,102.66666666666667,122.03414822636053,4,308,0.012944983818770227,76,0,1.1886442893284048,47,Male,Bursa,5073.66,1268.415,4308.96,11,2.75,274.445,0.5,0.5,0.75,0.21636845967891544
CUST_02352,26.833333333333332,18.38930848799559,7,161,0.043209876543209874,138,0,0.6853158187334075,42,Male,Eskisehir,11224.25,1603.4642857142858,4830.48,24,3.4285714285714284,25.2,0.2857142857142857,0.7142857142857143,0.7142857142857143,0.015715972104148445
CUST_02353,161.5,144.95689014324225,3,323,0.009259259259259259,49,0,0.8975658776822066,43,Male,Ankara,1048.4199999999998,349.4733333333333,547.17,8,2.6666666666666665,3.64,0.3333333333333333,0.6666666666666666,1.0,0.010415673078301617
CUST_02354,35.55555555555556,18.941430193567165,10,320,0.03115264797507788,74,0,0.5327277092111097,18,Male,Gaziantep,6932.2300000000005,693.2230000000001,3160.6,35,3.5,27.049,0.2,0.4,0.6,0.03901919001674902
CUST_02355,121.0,0.0,2,121,0.01639344262295082,237,1,0.0,49,Male,Izmir,407.08,203.54,384.03,5,2.5,38.225,1.0,0.5,0.5,0.18780092272869744
CUST_02356,94.0,118.73078791956196,4,282,0.014134275618374558,14,0,1.2630934750688136,38,Female,Istanbul,10986.470000000001,2746.6175000000003,7784.0,13,3.25,0.0,0.5,0.75,0.5,0.0
CUST_02357,100.0,0.0,2,100,0.019801980198019802,96,1,0.0,30,Male,Adana,474.61,237.305,364.42,5,2.5,4.83,0.5,0.5,1.0,0.020353553358110645
CUST_02358,46.0,36.878177829171555,9,368,0.024390243902439025,56,0,0.8016995005972186,36,Male,Istanbul,4541.09,504.5655555555556,2115.14,21,2.3333333333333335,3.5233333333333334,0.2222222222222222,0.4444444444444444,0.5555555555555556,0.0069829049715275085
CUST_02359,58.857142857142854,40.09750021896033,8,412,0.01937046004842615,4,0,0.6812681960287499,18,Female,Antalya,14833.87,1854.23375,5129.88,23,2.875,143.79500000000002,0.375,0.5,0.625,0.0775495537833083
CUST_02360,50.875,74.77860179031356,9,407,0.022058823529411766,36,0,1.4698496377486767,39,Female,Istanbul,14683.59,1631.51,8210.69,28,3.111111111111111,198.1888888888889,0.3333333333333333,0.5555555555555556,0.6666666666666666,0.12147574257431039
CUST_02361,113.33333333333333,82.94777473406586,4,340,0.011730205278592375,26,0,0.7318921235485918,22,Female,Kayseri,769.58,192.395,573.62,10,2.5,0.0,0.5,0.5,0.75,0.0
CUST_02362,86.0,12.727922061357855,3,172,0.017341040462427744,81,0,0.14799909201579958,18,Female,Ankara,561.3299999999999,187.10999999999999,325.88,7,2.3333333333333335,37.553333333333335,0.3333333333333333,0.6666666666666666,0.6666666666666666,0.2007019033329669
CUST_02363,39.0,0.0,2,39,0.05,187,1,0.0,18,Male,Istanbul,2239.9,1119.95,2187.38,7,3.5,216.31,0.5,0.5,1.0,0.19314255083428494
CUST_02364,79.25,110.79222295209473,5,317,0.015723270440251572,111,0,1.398009104783415,48,Female,Istanbul,6588.549999999999,1317.7099999999998,2989.96,17,3.4,0.6980000000000001,0.4,0.8,0.6,0.0005297068394944967
CUST_02365,167.0,0.0,2,167,0.011904761904761904,73,1,0.0,27,Female,Kayseri,1655.23,827.615,1548.15,5,2.5,0.0,0.5,0.5,1.0,0.0
CUST_02366,33.5,19.846914117816908,7,201,0.034653465346534656,224,0,0.5924451798618426,53,Female,Adana,9374.300000000001,1339.1857142857145,5869.68,20,2.857142857142857,0.0,0.2857142857142857,0.42857142857142855,0.7142857142857143,0.0
CUST_02367,18.0,0.0,2,18,0.10526315789473684,104,1,0.0,28,Male,Adana,285.74,142.87,182.92,4,2.0,0.0,0.5,0.5,0.5,0.0
CUST_02368,114.5,129.4005409571382,3,229,0.013043478260869565,82,0,1.130135719013122,18,Male,Izmir,871.9100000000001,290.6366666666667,403.17,3,1.0,13.523333333333333,0.6666666666666666,0.6666666666666666,0.3333333333333333,0.04653003160923708
CUST_02369,43.42857142857143,50.19580707209565,8,304,0.02622950819672131,25,0,1.1558244783351914,21,Male,Izmir,11947.66,1493.4575,9272.72,25,3.125,29.643749999999997,0.375,0.375,0.5,0.019849075035714724
CUST_02370,88.5,35.11409973215888,5,354,0.014084507042253521,3,0,0.3967694840156994,49,Female,Istanbul,1133.75,226.75,560.75,16,3.2,0.0,0.6,0.4,0.6,0.0
CUST_02371,165.0,0.0,2,165,0.012048192771084338,138,1,0.0,33,Female,Bursa,261.45,130.725,209.02,3,1.5,37.370000000000005,0.5,0.5,1.0,0.2858672764515795
CUST_02372,43.857142857142854,41.329684938828855,8,307,0.025974025974025976,6,0,0.9423706448703828,28,Female,Istanbul,5053.56,631.695,2141.1,27,3.375,19.521250000000002,0.25,0.375,0.5,0.030902967364150474
CUST_02373,129.0,178.19090885900997,3,258,0.011583011583011582,62,0,1.3813248641681015,36,Male,Eskisehir,8483.99,2827.9966666666664,7276.87,10,3.3333333333333335,272.68,0.3333333333333333,0.6666666666666666,0.6666666666666666,0.09642161290981428
CUST_02374,58.8,49.362941565510454,6,294,0.020338983050847456,67,0,0.8395057946599432,41,Female,Gaziantep,10801.99,1800.3316666666667,8091.32,15,2.5,35.945,0.3333333333333333,0.5,0.5,0.019965765556180425
CUST_02375,57.142857142857146,35.9510248877023,8,400,0.0199501246882793,25,0,0.6291429245247891,48,Female,Izmir,7125.93,890.74125,3869.8,20,2.5,53.38625,0.25,0.5,0.75,0.05993463302621874
CUST_02376,51.333333333333336,44.83674088661366,4,154,0.025806451612903226,67,0,0.8734429872695586,52,Male,Istanbul,3359.09,839.7725,1930.75,10,2.5,58.322500000000005,0.25,0.75,0.75,0.06945035700805831
CUST_02377,101.75,90.82354687341089,5,407,0.012254901960784314,15,0,0.8926147025139675,30,Female,Gaziantep,2542.75,508.55,1231.32,16,3.2,45.69199999999999,0.4,0.6,0.6,0.08984760576177836
CUST_02378,74.0,39.93745109543172,6,370,0.016172506738544475,11,0,0.5396952777802222,19,Male,Istanbul,3383.2599999999998,563.8766666666667,1629.48,19,3.1666666666666665,13.58,0.5,0.5,0.5,0.024083280580121044
CUST_02379,117.66666666666667,152.95206220686705,4,353,0.011299435028248588,36,0,1.2998758717308032,30,Female,Istanbul,1058.8,264.7,493.3,11,2.75,1.5925,0.5,0.5,0.75,0.00601624478271158
CUST_02380,47.142857142857146,30.54738707553982,8,330,0.02416918429003021,13,0,0.6479748636150142,38,Female,Istanbul,6417.13,802.14125,1458.4,22,2.75,41.74625,0.375,0.625,0.5,0.052043514715091
CUST_02381,42.42857142857143,58.457554809329096,8,297,0.026845637583892617,7,0,1.3777874546154596,23,Female,Bursa,12562.4,1570.3,6020.88,30,3.75,14.705,0.25,0.375,0.75,0.00936445264639594
CUST_02382,99.5,68.21778849146803,5,398,0.012531328320802004,49,0,0.6856059075966042,23,Female,Gaziantep,9513.21,1902.6419999999998,3865.65,16,3.2,0.0,0.4,0.6,0.4,0.0
CUST_02383,147.0,0.0,2,147,0.013513513513513514,63,1,0.0,39,Female,Ankara,1452.8799999999999,726.4399999999999,1263.12,4,2.0,0.0,0.5,1.0,0.5,0.0
CUST_02384,53.25,36.807413849464,9,426,0.02107728337236534,23,0,0.691219026445915,34,Female,Istanbul,6767.53,751.9477777777778,2115.28,25,2.7777777777777777,8.981111111111112,0.3333333333333333,0.3333333333333333,0.5555555555555556,0.011943796317490405
CUST_02385,111.33333333333333,70.57147676882873,4,334,0.011940298507462687,56,0,0.6338755341462863,35,Male,Izmir,2086.74,521.685,1119.05,12,3.0,40.8925,0.5,0.5,0.5,0.07838542400416837
CUST_02386,57.285714285714285,48.75009157500556,8,401,0.01990049751243781,3,0,0.8509990899452502,25,Female,Adana,10707.550000000001,1338.4437500000001,5752.85,24,3.0,76.85000000000001,0.5,0.25,0.75,0.0574174297146089
CUST_02387,151.0,80.61017305526642,3,302,0.009900990099009901,103,0,0.5338422021286372,32,Male,Istanbul,985.47,328.49,746.8,9,3.0,0.0,0.3333333333333333,0.6666666666666666,1.0,0.0
CUST_02388,81.2,115.60579570246468,6,406,0.014742014742014743,28,0,1.4237166783097044,23,Male,Istanbul,5100.3,850.0500000000001,1750.7,21,3.5,29.74,0.5,0.5,0.5,0.034986177242531405
CUST_02389,56.0,32.629230249374054,5,224,0.022222222222222223,100,0,0.5826648154769507,45,Female,Kayseri,1737.08,347.416,587.55,12,2.4,0.0,0.4,0.6,0.6,0.0
CUST_02390,38.666666666666664,37.58102358017053,4,116,0.03418803418803419,98,0,0.9719229984891604,47,Female,Kayseri,3525.3999999999996,881.3499999999999,2657.99,4,1.0,2.3225,0.5,0.5,0.75,0.002635161964446404
CUST_02391,102.66666666666667,113.00589955101164,4,308,0.012944983818770227,57,0,1.1007068030873848,18,Male,Eskisehir,5538.9400000000005,1384.7350000000001,5028.35,10,2.5,0.0,0.5,0.5,0.5,0.0
CUST_02392,153.0,0.0,2,153,0.012987012987012988,153,1,0.0,23,Male,Gaziantep,1614.72,807.36,1438.14,3,1.5,0.0,0.5,0.5,0.5,0.0
CUST_02393,126.33333333333333,116.17372049363546,4,379,0.010526315789473684,38,0,0.9195808937260256,18,Male,Istanbul,11544.14,2886.035,9352.67,9,2.25,105.5525,0.5,0.25,0.5,0.03657353426532473
CUST_02394,0.0,0.0,2,0,2.0,255,1,0.0,27,Male,Istanbul,8987.48,4493.74,8731.1,7,3.5,34.285,0.5,1.0,1.0,0.0076295023727163775
CUST_02395,58.285714285714285,49.39876613072532,8,408,0.019559902200488997,8,0,0.8475278357411333,33,Male,Ankara,9396.29,1174.53625,6538.68,21,2.625,7.1674999999999995,0.25,0.5,0.625,0.00610240849858622
CUST_02396,37.5,20.506096654409877,3,75,0.039473684210526314,105,0,0.546829229535484,18,Female,Ankara,1714.17,571.39,685.85,12,4.0,0.0,0.3333333333333333,0.3333333333333333,0.6666666666666666,0.0
CUST_02397,79.0,66.46803743153546,3,158,0.018867924528301886,110,0,0.8413675517742774,23,Male,Kayseri,6292.48,2097.4933333333333,5870.4,8,2.6666666666666665,0.0,0.3333333333333333,0.3333333333333333,0.6666666666666666,0.0
CUST_02398,107.66666666666667,34.99047489436709,4,323,0.012345679012345678,45,0,0.3249889278889612,22,Male,Gaziantep,4167.48,1041.87,1687.3,11,2.75,5.3025,0.5,0.5,0.75,0.005089406542956984
CUST_02399,99.0,46.66904755831214,3,198,0.01507537688442211,32,0,0.47140451602936995,37,Male,Adana,2414.9700000000003,804.9900000000001,2004.96,8,2.6666666666666665,6.486666666666667,0.6666666666666666,0.6666666666666666,0.3333333333333333,0.008058071104744899
CUST_02400,62.5,17.67766952966369,3,125,0.023809523809523808,273,0,0.2828427079491357,35,Other,Istanbul,2641.62,880.54,2291.29,7,2.3333333333333335,94.11333333333333,0.3333333333333333,0.3333333333333333,0.6666666666666666,0.10688138327214204
CUST_02401,66.0,51.24060889567961,7,396,0.017632241813602016,2,0,0.7763728502925267,26,Male,Konya,8397.31,1199.6157142857141,2828.73,20,2.857142857142857,9.115714285714287,0.2857142857142857,0.42857142857142855,0.5714285714285714,0.007598862010192308
CUST_02402,66.5,79.90306627407988,3,133,0.022388059701492536,131,0,1.2015498507147373,37,Male,Gaziantep,8907.9,2969.2999999999997,7622.28,11,3.6666666666666665,12.159999999999998,0.3333333333333333,0.3333333333333333,0.6666666666666666,0.004095241301284734
CUST_02403,48.0,34.936677411732056,9,384,0.023376623376623377,18,0,0.7278474309142631,28,Male,Istanbul,13634.61,1514.9566666666667,7367.27,29,3.2222222222222223,82.7311111111111,0.3333333333333333,0.4444444444444444,0.4444444444444444,0.0546095560862037
CUST_02404,228.0,0.0,2,228,0.008733624454148471,4,1,0.0,31,Female,Konya,523.31,261.655,433.06,6,3.0,0.0,0.5,0.5,0.5,0.0
CUST_02405,250.0,0.0,2,250,0.00796812749003984,72,1,0.0,55,Female,Ankara,7081.96,3540.98,6481.68,6,3.0,0.0,0.5,0.5,0.5,0.0
CUST_02406,75.6,48.70626243102626,6,378,0.0158311345646438,46,0,0.6442627220471369,51,Male,Istanbul,3694.17,615.695,2422.95,15,2.5,3.65,0.5,0.6666666666666666,0.6666666666666666,0.005928259924267275
CUST_02407,37.5,33.23401871576773,3,75,0.039473684210526314,122,0,0.8862404754540603,19,Male,Antalya,2339.54,779.8466666666667,1701.71,7,2.3333333333333335,147.72333333333333,0.3333333333333333,0.6666666666666666,0.6666666666666666,0.18942612626059893
CUST_02408,94.5,50.204581464244875,3,189,0.015789473684210527,204,0,0.5312654066981954,44,Male,Antalya,5617.4,1872.4666666666665,4673.2,9,3.0,0.0,0.3333333333333333,0.6666666666666666,0.6666666666666666,0.0
CUST_02409,104.5,143.54267658086914,3,209,0.014285714285714285,3,0,1.3736141168158376,44,Female,Istanbul,454.31,151.43666666666667,186.51,6,2.0,5.516666666666667,0.3333333333333333,1.0,0.3333333333333333,0.03642886991418501
CUST_02410,120.0,49.49747468305833,3,240,0.012448132780082987,105,0,0.41247895225482817,21,Female,Ankara,6801.49,2267.1633333333334,5613.42,9,3.0,105.04333333333334,0.6666666666666666,0.3333333333333333,0.6666666666666666,0.04633249477114611
CUST_02411,158.5,77.07463914933368,3,317,0.009433962264150943,63,0,0.4862753227953209,44,Male,Eskisehir,401.09,133.69666666666666,296.51,5,1.6666666666666667,34.413333333333334,0.3333333333333333,0.3333333333333333,0.6666666666666666,0.2573985869201532
CUST_02412,196.0,261.6295090390226,3,392,0.007633587786259542,6,0,1.3348444270621336,53,Male,Antalya,752.6800000000001,250.89333333333335,417.48,8,2.6666666666666665,10.88,0.6666666666666666,1.0,0.6666666666666666,0.04336504207618759
CUST_02413,59.0,39.809546593750596,7,354,0.01971830985915493,26,0,0.6747380664239412,21,Male,Adana,3468.69,495.52714285714285,2223.48,21,3.0,12.575714285714286,0.42857142857142855,0.5714285714285714,0.7142857142857143,0.025378456945518567
CUST_02414,100.0,0.0,2,100,0.019801980198019802,17,1,0.0,23,Male,Istanbul,667.95,333.975,579.45,3,1.5,0.0,0.5,0.5,0.5,0.0
CUST_02415,77.8,80.31624991245545,6,389,0.015384615384615385,56,0,1.032342530592711,47,Female,Istanbul,9359.91,1559.985,4578.08,23,3.8333333333333335,149.38,0.3333333333333333,0.5,0.6666666666666666,0.09575733093859407
CUST_02416,108.0,92.84036478457705,5,432,0.011547344110854504,15,0,0.8596329993050376,38,Male,Ankara,2603.54,520.708,1566.06,16,3.2,89.7,0.2,0.6,0.8,0.17226545362801138
CUST_02417,110.33333333333333,123.69855833166908,4,331,0.012048192771084338,89,0,1.1211349596120919,41,Male,Istanbul,1808.9499999999998,452.23749999999995,1055.62,16,4.0,53.2675,0.5,0.5,0.5,0.11778656100436925
CUST_02418,60.666666666666664,48.570224074701024,7,364,0.019178082191780823,42,0,0.8006080759465871,39,Male,Istanbul,14516.73,2073.8185714285714,13289.92,19,2.7142857142857144,5.848571428571428,0.2857142857142857,0.5714285714285714,0.7142857142857143,0.002820194353704907
CUST_02419,132.0,120.33702672078948,4,396,0.010075566750629723,12,0,0.9116441349177677,39,Female,Istanbul,4577.139999999999,1144.2849999999999,3385.18,9,2.25,31.5775,0.25,0.5,0.5,0.027595834929588493
CUST_02420,101.25,73.17274082607538,5,405,0.012315270935960592,38,0,0.7226937294161151,19,Female,Bursa,16287.53,3257.5060000000003,7130.62,17,3.4,297.726,0.4,0.4,1.0,0.09139691528077096
CUST_02421,47.75,49.63509702965088,9,382,0.02349869451697128,4,0,1.039478450055967,47,Male,Ankara,14729.78,1636.6422222222222,4101.7,31,3.4444444444444446,142.3788888888889,0.4444444444444444,0.3333333333333333,0.6666666666666666,0.08699451038759909
CUST_02422,153.5,139.30003589374985,3,307,0.00974025974025974,4,0,0.9074920846010278,49,Male,Gaziantep,7328.67,2442.89,7053.62,10,3.3333333333333335,358.9766666666667,0.3333333333333333,0.6666666666666666,0.6666666666666666,0.1469475361230834
CUST_02423,35.5,33.23401871576773,3,71,0.041666666666666664,220,0,0.9361695149182597,32,Male,Istanbul,2248.46,749.4866666666667,2144.77,4,1.3333333333333333,199.16333333333333,0.3333333333333333,0.6666666666666666,1.0,0.265732990225666
CUST_02424,105.0,55.02726596879042,4,315,0.012658227848101266,32,0,0.5240691947116307,34,Female,Izmir,4842.49,1210.6225,1777.91,10,2.5,97.7775,0.5,0.25,0.75,0.08076629991531935
CUST_02425,62.25,43.4923364897005,5,249,0.02,126,0,0.6986720609000553,18,Male,Istanbul,8340.199999999999,1668.0399999999997,5113.65,13,2.6,50.896,0.4,0.6,0.6,0.030512457716534106
CUST_02426,149.0,24.041630560342615,3,298,0.010033444816053512,25,0,0.1613532241542912,41,Female,Izmir,659.2,219.73333333333335,346.32,3,1.0,38.699999999999996,0.3333333333333333,0.6666666666666666,0.6666666666666666,0.17612257201400525
CUST_02427,70.2,42.558195450465234,6,351,0.017045454545454544,39,0,0.6062420917980504,41,Female,Istanbul,3140.52,523.42,1615.64,20,3.3333333333333335,88.95,0.3333333333333333,0.5,0.8333333333333334,0.16994000960998815
CUST_02428,57.42857142857143,42.1539129969257,8,402,0.019851116625310174,48,0,0.7340233478614837,34,Female,Eskisehir,20587.48,2573.435,7228.08,28,3.5,65.05875,0.25,0.375,0.625,0.025280898866580703
CUST_02429,91.66666666666667,72.0370275159472,4,275,0.014492753623188406,151,0,0.7858584734191497,48,Male,Gaziantep,712.0999999999999,178.02499999999998,328.46,12,3.0,31.9625,0.5,0.5,0.5,0.17953938952653062
CUST_02430,45.125,48.37188528178621,9,361,0.024861878453038673,32,0,1.071953112683282,30,Female,Izmir,8125.74,902.86,1860.45,30,3.3333333333333335,19.685555555555556,0.2222222222222222,0.3333333333333333,0.6666666666666666,0.02180355263690052
CUST_02431,62.8,41.02072646845738,6,314,0.01904761904761905,105,0,0.6531962709436483,41,Female,Istanbul,2599.82,433.30333333333334,924.35,21,3.5,35.598333333333336,0.5,0.3333333333333333,0.6666666666666666,0.08215568751185309
CUST_02432,28.5,29.490111336966272,5,114,0.043478260869565216,158,0,1.0347407123587915,22,Male,Bursa,6599.5199999999995,1319.904,4481.16,13,2.6,0.0,0.2,0.4,0.6,0.0
CUST_02433,68.2,54.37554597427045,6,341,0.017543859649122806,96,0,0.7972953838266139,34,Male,Adana,3856.98,642.83,1709.63,13,2.1666666666666665,53.248333333333335,0.3333333333333333,0.5,0.5,0.08283423805749435
CUST_02434,232.0,0.0,2,232,0.008583690987124463,6,1,0.0,32,Male,Istanbul,1213.2,606.6,642.6,6,3.0,0.0,0.5,1.0,0.5,0.0
CUST_02435,114.66666666666667,36.610563138708116,4,344,0.011594202898550725,79,0,0.31927816412293564,37,Male,Bursa,3598.8,899.7,1296.96,12,3.0,6.25,0.5,0.75,0.75,0.006946760023400288
CUST_02436,117.0,0.0,2,117,0.01694915254237288,131,1,0.0,30,Male,Gaziantep,2943.72,1471.86,2874.48,6,3.0,5.41,0.5,0.5,0.5,0.0036756213201828833
CUST_02437,42.7,37.03766851313523,11,427,0.02570093457943925,13,0,0.8673926849120034,33,Female,Adana,11989.099999999999,1089.9181818181817,8710.96,30,2.727272727272727,28.271818181818183,0.45454545454545453,0.36363636363636365,0.45454545454545453,0.025939394926613898
CUST_02438,76.33333333333333,65.16389593427739,4,229,0.017391304347826087,174,0,0.8536754814052653,44,Male,Gaziantep,739.06,184.765,548.81,12,3.0,18.945,0.5,0.5,0.75,0.10253565284260736
CUST_02439,50.0,0.0,2,50,0.0392156862745098,330,1,0.0,29,Female,Konya,1398.47,699.235,1197.72,2,1.0,0.0,0.5,0.5,0.5,0.0
CUST_02440,98.0,85.5043858524228,4,294,0.013559322033898305,56,0,0.8724937242849906,18,Male,Kayseri,10118.08,2529.52,4134.0,12,3.0,223.47500000000002,0.25,0.5,1.0,0.08834680093917155
CUST_02441,178.5,242.5376259469858,3,357,0.008379888268156424,59,0,1.3587541993738466,55,Female,Izmir,1364.87,454.95666666666665,1045.36,8,2.6666666666666665,58.68333333333333,0.6666666666666666,0.6666666666666666,0.6666666666666666,0.128986643133075
CUST_02442,41.0,33.99264626356707,10,369,0.02702702702702703,53,0,0.8290889130360526,51,Male,Bursa,14528.08,1452.808,5216.45,28,2.8,7.593000000000001,0.3,0.4,0.8,0.005226430467600378
CUST_02443,114.5,53.033008588991066,3,229,0.013043478260869565,107,0,0.4631703766447222,19,Female,Gaziantep,789.59,263.19666666666666,486.6,10,3.3333333333333335,22.173333333333332,0.3333333333333333,0.6666666666666666,1.0,0.08424625406509864
CUST_02444,54.4,40.1907949660118,6,272,0.02197802197802198,164,0,0.7388013644707802,43,Male,Antalya,6140.900000000001,1023.4833333333335,3110.32,18,3.0,34.62,0.3333333333333333,0.5,0.8333333333333334,0.033825660700719115
CUST_02445,193.0,0.0,2,193,0.010309278350515464,94,1,0.0,28,Male,Eskisehir,870.69,435.345,521.28,6,3.0,0.0,1.0,0.5,1.0,0.0
CUST_02446,101.0,62.0,4,303,0.013157894736842105,136,0,0.6138613800607784,38,Female,Istanbul,3508.3,877.075,3062.04,8,2.0,0.0,0.5,0.5,0.5,0.0
CUST_02447,67.66666666666667,79.96457549023401,4,203,0.0196078431372549,21,0,1.1817424774653922,38,Male,Ankara,6689.46,1672.365,3748.83,14,3.5,16.795,0.25,0.5,0.5,0.010042664125329899
CUST_02448,6.0,0.0,2,6,0.2857142857142857,85,1,0.0,32,Female,Ankara,4580.43,2290.215,3821.75,4,2.0,145.895,0.5,0.5,1.0,0.0637036260509587
CUST_02449,33.75,40.41761167280092,5,135,0.03676470588235294,14,0,1.1975588288960621,25,Female,Ankara,6778.790000000001,1355.7580000000003,2719.48,11,2.2,40.636,0.4,0.4,0.6,0.02997290074631836
CUST_02450,76.33333333333333,77.24204381898069,4,229,0.017391304347826087,105,0,1.0119044909223958,26,Male,Istanbul,902.0799999999999,225.51999999999998,400.6,12,3.0,7.035,0.5,0.5,0.5,0.031194572405132265
CUST_02451,121.66666666666667,85.11364951248028,4,365,0.01092896174863388,45,0,0.699564236818488,24,Female,Adana,2924.42,731.105,1611.84,14,3.5,72.35249999999999,0.25,0.5,0.5,0.0989632130829864
CUST_02452,93.0,36.00925806881706,5,372,0.013404825737265416,4,0,0.3871963191572123,25,Female,Istanbul,2114.34,422.86800000000005,1296.24,18,3.6,13.252,0.4,0.8,0.6,0.03133838448088201
CUST_02453,33.0,0.0,2,33,0.058823529411764705,380,1,0.0,34,Male,Adana,727.0500000000001,363.52500000000003,687.94,6,3.0,20.955,0.5,0.5,0.5,0.05764390328686086
CUST_02454,79.0,81.90238091777309,4,237,0.01680672268907563,199,0,1.0367389858358746,26,Female,Antalya,3384.62,846.155,2729.44,12,3.0,184.6,0.25,0.25,0.5,0.21816333861034523
CUST_02455,72.5,85.12931340026184,5,290,0.01718213058419244,19,0,1.1741974100146817,43,Female,Ankara,13898.02,2779.6040000000003,10422.95,18,3.6,366.228,0.2,0.4,0.6,0.13175545864383723
CUST_02456,120.0,0.0,2,120,0.01652892561983471,26,1,0.0,52,Male,Ankara,1541.7,770.85,1423.55,4,2.0,5.29,0.5,1.0,0.5,0.006862554314247189
CUST_02457,104.33333333333333,48.39765834555772,4,313,0.012738853503184714,54,0,0.46387531515989533,28,Male,Antalya,24381.420000000002,6095.3550000000005,14487.06,15,3.75,521.385,0.5,0.5,0.75,0.08553808595470844
CUST_02458,120.0,0.0,2,120,0.01652892561983471,94,1,0.0,37,Female,Adana,2928.44,1464.22,1609.5,7,3.5,109.69,0.5,1.0,1.0,0.07491360582773517
CUST_02459,79.2,37.90382566443657,6,396,0.015113350125944584,25,0,0.4785836513365267,40,Male,Konya,26464.26,4410.71,25562.1,15,2.5,11.895000000000001,0.3333333333333333,0.6666666666666666,0.6666666666666666,0.0026968447250676547
CUST_02460,90.0,117.37972567696688,3,180,0.016574585635359115,199,0,1.304219159697197,40,Male,Konya,1950.38,650.1266666666667,1768.46,8,2.6666666666666665,96.77999999999999,0.3333333333333333,0.6666666666666666,0.3333333333333333,0.14886329820517544
CUST_02461,95.66666666666667,47.878317987721054,4,287,0.013888888888888888,20,0,0.5004702176367684,35,Male,Eskisehir,784.39,196.0975,253.02,6,1.5,16.5925,0.5,0.25,0.5,0.08461352090356318
CUST_02462,137.33333333333334,75.96271015000276,4,412,0.009685230024213076,32,0,0.5531265261908463,43,Female,Bursa,2908.04,727.01,2093.1,14,3.5,3.14,0.5,0.75,0.75,0.004319060254578259
CUST_02463,78.66666666666667,48.33563212924119,4,236,0.016877637130801686,89,0,0.6144359938322694,40,Male,Konya,10373.37,2593.3425,7055.12,13,3.25,309.82,0.5,0.5,0.5,0.11946744399574392
CUST_02464,67.66666666666667,96.5000863557472,7,406,0.0171990171990172,38,0,1.426109629502033,20,Male,Gaziantep,13156.03,1879.4328571428573,6909.15,19,2.7142857142857144,27.669999999999998,0.42857142857142855,0.5714285714285714,0.7142857142857143,0.014722526468618746
CUST_02465,53.666666666666664,31.64385143014885,4,161,0.024691358024691357,116,0,0.5896369721834512,45,Female,Konya,2499.16,624.79,1660.38,10,2.5,20.9275,0.25,0.5,0.75,0.03349525435186982
CUST_02466,248.0,0.0,2,248,0.008032128514056224,200,1,0.0,45,Male,Istanbul,887.25,443.625,740.85,6,3.0,113.96000000000001,0.5,0.5,1.0,0.2568836286122657
CUST_02467,264.0,0.0,2,264,0.007547169811320755,146,1,0.0,25,Female,Eskisehir,12890.240000000002,6445.120000000001,12404.2,6,3.0,0.0,0.5,0.5,0.5,0.0
CUST_02468,95.66666666666667,36.11555528208494,4,287,0.013888888888888888,154,0,0.3775145111976003,35,Other,Izmir,2630.41,657.6025,1122.26,12,3.0,53.957499999999996,0.5,0.25,0.75,0.08205184730585445
CUST_02469,35.0,0.0,2,35,0.05555555555555555,319,1,0.0,43,Female,Gaziantep,13341.5,6670.75,11946.56,6,3.0,38.39,0.5,0.5,0.5,0.005754975076902151
CUST_02470,26.333333333333332,11.015141094572204,4,79,0.05,261,0,0.4182964813775591,32,Female,Istanbul,4371.06,1092.765,3649.04,10,2.5,7.4025,0.5,0.5,0.5,0.006774100555220837
CUST_02471,77.0,74.0,4,231,0.017241379310344827,23,0,0.9610389485579358,47,Male,Ankara,2512.97,628.2425,1153.8,10,2.5,8.3325,0.5,0.5,0.5,0.01326319054622508
CUST_02472,83.0,0.0,2,83,0.023809523809523808,291,1,0.0,63,Female,Ankara,10218.96,5109.48,9678.92,6,3.0,0.0,0.5,0.5,0.5,0.0
CUST_02473,53.0,38.18376618407357,3,106,0.028037383177570093,170,0,0.7204484049740597,25,Male,Ankara,3364.7400000000002,1121.5800000000002,2667.9,8,2.6666666666666665,15.46,0.3333333333333333,0.6666666666666666,1.0,0.013784125952866377
CUST_02474,121.0,101.42977866484773,4,363,0.01098901098901099,1,0,0.8382626266659926,18,Male,Istanbul,12971.189999999999,3242.7974999999997,11630.16,15,3.75,87.78,0.25,0.5,0.75,0.027069220317621063
CUST_02475,74.0,42.561719890060836,6,370,0.016172506738544475,35,0,0.5751583691203036,38,Male,Gaziantep,2889.12,481.52,877.12,15,2.5,15.058333333333332,0.5,0.5,0.6666666666666666,0.03127249813519861
CUST_02476,116.66666666666667,68.09062588442944,4,350,0.011396011396011397,3,0,0.5836339311496758,43,Male,Istanbul,11032.07,2758.0175,5391.9,12,3.0,0.0,0.5,0.75,0.75,0.0
CUST_02477,94.0,78.2368199762746,4,282,0.014134275618374558,62,0,0.8323065866379576,32,Female,Ankara,13945.29,3486.3225,11812.03,11,2.75,536.605,0.5,0.75,0.5,0.15391720067379963
CUST_02478,168.0,197.9898987322333,3,336,0.008902077151335312,86,0,1.178511294962631,52,Male,Istanbul,17669.77,5889.923333333333,14256.81,9,3.0,0.0,0.3333333333333333,0.3333333333333333,0.3333333333333333,0.0
CUST_02479,67.8,47.85080981550887,6,339,0.01764705882352941,53,0,0.7057641461614266,18,Female,Bursa,6452.57,1075.4283333333333,3113.29,21,3.5,28.236666666666665,0.3333333333333333,0.3333333333333333,0.5,0.02625620486758962
CUST_02480,106.5,150.61374439273462,3,213,0.014018691588785047,90,0,1.4142135490940946,43,Female,Ankara,2032.4900000000002,677.4966666666668,1450.88,8,2.6666666666666665,0.0,0.6666666666666666,1.0,0.3333333333333333,0.0
CUST_02481,85.0,43.2087954009366,4,255,0.015625,168,0,0.5083387634423275,27,Female,Ankara,1838.6599999999999,459.66499999999996,1092.51,15,3.75,4.4125,0.5,0.5,0.5,0.009599382137862612
CUST_02482,54.0,65.0384501660364,5,216,0.02304147465437788,80,0,1.2044157215114941,55,Male,Izmir,3313.4900000000002,662.6980000000001,2184.38,12,2.4,21.668,0.4,0.6,0.8,0.03269664306713368
CUST_02483,186.5,170.41273426595797,3,373,0.008021390374331552,15,0,0.9137411975990175,58,Female,Antalya,2305.86,768.62,1046.93,11,3.6666666666666665,54.36666666666667,0.3333333333333333,0.3333333333333333,0.6666666666666666,0.07073282844049575
CUST_02484,37.8,57.75984764522843,6,189,0.031578947368421054,237,0,1.5280382570685234,25,Male,Istanbul,15758.73,2626.455,5427.85,24,4.0,64.78666666666666,0.3333333333333333,0.5,0.8333333333333334,0.024666962366383473
CUST_02485,48.5,39.251751553274666,7,291,0.023972602739726026,37,0,0.8093144483290767,28,Male,Istanbul,10397.63,1485.3757142857141,6451.28,26,3.7142857142857144,147.0,0.2857142857142857,0.5714285714285714,0.5714285714285714,0.09896486019479882
CUST_02486,52.5,31.81980515339464,3,105,0.02830188679245283,236,0,0.6060915151867262,45,Other,Istanbul,3095.4300000000003,1031.8100000000002,1591.14,9,3.0,64.57000000000001,0.3333333333333333,1.0,0.6666666666666666,0.06257935078882802
CUST_02487,42.1,37.278084118628676,11,421,0.026066350710900472,8,0,0.8854651599326251,30,Male,Eskisehir,14534.9,1321.3545454545454,4614.45,33,3.0,22.216363636363635,0.2727272727272727,0.5454545454545454,0.45454545454545453,0.016813325156351498
CUST_02488,152.5,176.06958851545033,3,305,0.00980392156862745,44,0,1.154554671218988,34,Male,Ankara,1815.8999999999999,605.3,1426.28,11,3.6666666666666665,125.64333333333333,0.3333333333333333,0.3333333333333333,0.3333333333333333,0.20757200252066965
CUST_02489,113.0,142.8355697996826,3,226,0.013215859030837005,132,0,1.2640315799615134,35,Female,Bursa,666.95,222.3166666666667,383.94,5,1.6666666666666667,16.766666666666666,0.6666666666666666,0.6666666666666666,0.6666666666666666,0.07541794703313015
CUST_02490,132.5,85.55992052357225,3,265,0.011278195488721804,144,0,0.645735244361034,18,Male,Istanbul,8024.36,2674.7866666666664,7373.0,7,2.3333333333333335,33.71333333333333,0.6666666666666666,0.6666666666666666,0.6666666666666666,0.01260412044850775
CUST_02491,186.0,240.41630560342617,3,372,0.00804289544235925,62,0,1.2925607758648676,34,Female,Izmir,2487.39,829.13,1845.8,9,3.0,118.23333333333333,0.3333333333333333,0.3333333333333333,0.6666666666666666,0.14259927054953273
CUST_02492,50.0,43.9447705323723,9,400,0.022443890274314215,19,0,0.8788953930695382,26,Male,Istanbul,12167.679999999998,1351.9644444444443,5519.19,24,2.6666666666666665,3.1500000000000004,0.2222222222222222,0.3333333333333333,0.4444444444444444,0.002329942929057184
CUST_02493,80.2,69.17152593372506,6,401,0.014925373134328358,22,0,0.8624878437810127,29,Male,Istanbul,10319.689999999999,1719.948333333333,4877.05,28,4.666666666666667,12.71,0.3333333333333333,0.3333333333333333,0.8333333333333334,0.007389756858555002
CUST_02494,59.4,28.49210416940104,6,297,0.020134228187919462,43,0,0.47966504528175075,52,Male,Izmir,16089.86,2681.6433333333334,11117.0,14,2.3333333333333335,0.0,0.3333333333333333,0.6666666666666666,0.5,0.0
CUST_02495,148.5,84.14570696119915,3,297,0.010067114093959731,145,0,0.56663775349873,19,Male,Ankara,3041.27,1013.7566666666667,1947.65,11,3.6666666666666665,69.92,0.3333333333333333,0.6666666666666666,0.6666666666666666,0.06897118631133917
CUST_02496,11.0,0.0,2,11,0.16666666666666666,165,1,0.0,44,Male,Istanbul,992.13,496.065,831.86,3,1.5,0.0,1.0,0.5,0.5,0.0
CUST_02497,176.5,119.50104602052653,3,353,0.00847457627118644,89,0,0.6770597469884804,31,Female,Antalya,2046.79,682.2633333333333,1535.73,8,2.6666666666666665,55.370000000000005,0.6666666666666666,0.3333333333333333,0.6666666666666666,0.08115634713699547
CUST_02498,130.5,68.58935777509511,3,261,0.011450381679389313,45,0,0.5255889444406603,31,Female,Eskisehir,3093.3300000000004,1031.1100000000001,2725.26,9,3.0,10.656666666666666,0.6666666666666666,0.6666666666666666,0.6666666666666666,0.010335140437326302
CUST_02499,160.0,0.0,2,160,0.012422360248447204,27,1,0.0,44,Female,Ankara,433.26,216.63,334.7,4,2.0,0.0,0.5,0.5,0.5,0.0
CUST_02500,54.142857142857146,35.55009878761976,8,379,0.021052631578947368,7,0,0.6565981185149116,39,Male,Antalya,14988.09,1873.51125,11614.08,32,4.0,1.99375,0.25,0.375,0.5,0.001064178290328292
CUST_02501,67.0,87.68124086713189,3,134,0.022222222222222223,193,0,1.3086752172903982,41,Female,Eskisehir,540.1800000000001,180.06000000000003,306.41,6,2.0,43.18,0.3333333333333333,0.6666666666666666,0.6666666666666666,0.23980895123953705
CUST_02502,129.0,0.0,2,129,0.015384615384615385,83,1,0.0,46,Female,Gaziantep,1647.1100000000001,823.5550000000001,1149.76,6,3.0,24.345,0.5,0.5,1.0,0.02956086718001728
CUST_02503,322.0,0.0,2,322,0.006191950464396285,55,1,0.0,31,Female,Izmir,3831.79,1915.895,3650.05,7,3.5,0.0,0.5,0.5,1.0,0.0
CUST_02504,56.2,43.22267923208833,6,281,0.02127659574468085,70,0,0.7690868053914862,27,Male,Adana,12050.05,2008.3416666666665,5939.85,22,3.6666666666666665,323.7316666666666,0.3333333333333333,0.5,0.6666666666666666,0.16119352193831882
CUST_02505,31.666666666666668,18.502252115170556,4,95,0.041666666666666664,231,0,0.5842816272912293,21,Female,Istanbul,13324.99,3331.2475,10941.3,10,2.5,5.4875,1.0,0.5,0.5,0.0016472807854573156
CUST_02506,108.33333333333333,146.00456613864284,4,325,0.012269938650306749,125,0,1.34773444422377,25,Female,Izmir,7225.049999999999,1806.2624999999998,4214.74,13,3.25,25.4675,0.5,0.5,0.5,0.014099556396648021
CUST_02507,100.5,70.0035713374682,3,201,0.01485148514851485,85,0,0.6965529417006494,70,Male,Ankara,1551.4099999999999,517.1366666666667,1241.8,5,1.6666666666666667,0.0,0.3333333333333333,0.6666666666666666,1.0,0.0
CUST_02508,40.2,28.621670111997307,6,201,0.0297029702970297,71,0,0.7119818258710319,49,Female,Istanbul,1678.23,279.705,563.28,22,3.6666666666666665,14.44,0.3333333333333333,0.3333333333333333,0.6666666666666666,0.05162581987584841
CUST_02509,117.5,146.37110370561533,3,235,0.012711864406779662,92,0,1.2457115102970537,18,Male,Izmir,1434.3600000000001,478.12000000000006,1081.26,7,2.3333333333333335,71.63333333333334,0.3333333333333333,0.6666666666666666,0.6666666666666666,0.14982291722477709
CUST_02510,292.0,0.0,2,292,0.006825938566552901,158,1,0.0,19,Female,Istanbul,6035.84,3017.92,5718.14,7,3.5,85.38,0.5,0.5,1.0,0.02829100836725592
CUST_02511,109.0,94.75230867899737,3,218,0.0136986301369863,61,0,0.8692872276120196,40,Female,Antalya,1508.26,502.75333333333333,1214.59,9,3.0,30.63,0.3333333333333333,0.3333333333333333,1.0,0.06092450891572174
CUST_02512,110.33333333333333,132.49276709818287,4,331,0.012048192771084338,24,0,1.200840778525759,41,Female,Izmir,4715.53,1178.8825,2466.64,15,3.75,29.4825,0.5,0.5,0.5,0.025008853702545544
CUST_02513,274.0,0.0,2,274,0.007272727272727273,110,1,0.0,41,Male,Bursa,246.24,123.12,150.36,4,2.0,0.0,1.0,0.5,0.5,0.0
CUST_02514,114.33333333333333,123.2247269558076,4,343,0.011627906976744186,76,0,1.077767281732131,31,Male,Istanbul,1622.75,405.6875,850.44,17,4.25,4.7175,0.5,0.75,0.5,0.011628408537042901
CUST_02515,45.125,47.4685986431331,9,361,0.024861878453038673,76,0,1.0519356806913556,33,Female,Istanbul,12225.68,1358.408888888889,6335.18,32,3.5555555555555554,70.4311111111111,0.5555555555555556,0.4444444444444444,0.5555555555555556,0.051848240714084254
CUST_02516,58.333333333333336,36.50114153466071,4,175,0.022727272727272728,139,0,0.625733844153032,38,Male,Bursa,830.01,207.5025,440.49,12,3.0,4.755,0.5,0.75,0.75,0.022915386451173424
CUST_02517,51.666666666666664,45.720163312627534,4,155,0.02564102564102564,111,0,0.8849063695687969,36,Male,Eskisehir,3640.8399999999997,910.2099999999999,1373.87,14,3.5,91.64,0.75,0.25,0.5,0.10068006273202881
CUST_02518,140.0,191.39226734641085,4,420,0.009501187648456057,26,0,1.367087614138023,18,Female,Istanbul,13425.4,3356.35,10754.43,14,3.5,3.515,0.5,0.75,0.75,0.0010472686099342236
CUST_02519,61.5,84.14570696119915,3,123,0.024193548387096774,181,0,1.3682228551703464,32,Female,Ankara,7167.38,2389.1266666666666,4022.71,12,4.0,314.37333333333333,0.6666666666666666,0.6666666666666666,0.6666666666666666,0.13158504217792902
CUST_02520,61.5,24.11776661854631,5,246,0.020242914979757085,79,0,0.3921588004290652,24,Male,Konya,4369.54,873.908,1700.46,16,3.2,11.876000000000001,0.4,0.6,0.8,0.013589531147913133
CUST_02521,61.5,47.892240150849766,5,246,0.020242914979757085,68,0,0.7787355995465718,37,Male,Istanbul,2967.03,593.4060000000001,1642.02,17,3.4,54.181999999999995,0.4,0.6,0.8,0.09130679485662968
CUST_02522,65.4,43.775563959816665,6,327,0.018292682926829267,48,0,0.6693511206493202,70,Male,Konya,14121.63,2353.605,10336.68,17,2.8333333333333335,5.701666666666667,0.3333333333333333,0.6666666666666666,0.8333333333333334,0.0024225248774727036
CUST_02523,59.5,79.90306627407988,3,119,0.025,72,0,1.3429086543053987,39,Female,Bursa,1028.6699999999998,342.88999999999993,806.05,9,3.0,30.2,0.6666666666666666,0.3333333333333333,0.6666666666666666,0.08807489256591068
CUST_02524,103.66666666666667,81.68435182660956,4,311,0.01282051282051282,132,0,0.7879519392796555,31,Female,Izmir,3037.53,759.3825,1939.66,15,3.75,37.697500000000005,0.25,0.5,1.0,0.04964230799413694
CUST_02525,59.833333333333336,58.01178041283224,7,359,0.019444444444444445,81,0,0.9695562023945855,46,Female,Ankara,24750.26,3535.7514285714283,16882.28,21,3.0,384.81857142857143,0.2857142857142857,0.42857142857142855,0.8571428571428571,0.10883643239457466
CUST_02526,188.0,0.0,2,188,0.010582010582010581,63,1,0.0,40,Female,Ankara,1413.64,706.82,1284.45,7,3.5,6.205,1.0,1.0,1.0,0.008778755540620305
CUST_02527,199.5,193.04015126392747,3,399,0.0075,3,0,0.9676198009839984,40,Female,Ankara,205.5,68.5,109.56,5,1.6666666666666667,4.46,0.6666666666666666,0.6666666666666666,0.6666666666666666,0.06510948810059142
CUST_02528,119.0,83.43860018001261,3,238,0.012552301255230125,210,0,0.7011647015029236,42,Female,Konya,6728.83,2242.943333333333,6084.32,9,3.0,0.0,0.3333333333333333,0.3333333333333333,0.6666666666666666,0.0
CUST_02529,59.0,32.526911934581186,3,118,0.025210084033613446,310,0,0.551303582767417,59,Male,Adana,3301.9799999999996,1100.6599999999999,2028.84,6,2.0,44.6,0.3333333333333333,0.6666666666666666,0.3333333333333333,0.04052114182352303
CUST_02530,55.8,83.42481645170099,6,279,0.02142857142857143,125,0,1.4950683683984343,21,Female,Antalya,6978.17,1163.0283333333334,3520.64,12,2.0,81.36666666666667,0.3333333333333333,0.5,0.6666666666666666,0.06996103556953094
CUST_02531,55.857142857142854,44.03569980303319,8,391,0.02040816326530612,12,0,0.7883628979608492,40,Male,Gaziantep,11442.07,1430.25875,5097.87,22,2.75,34.68875,0.375,0.25,0.625,0.024253478593119264
CUST_02532,97.5,81.31727983645297,3,195,0.015306122448979591,64,0,0.8340233743838933,23,Female,Ankara,963.52,321.17333333333335,574.05,6,2.0,26.900000000000002,0.3333333333333333,0.6666666666666666,0.6666666666666666,0.08375539661733417
CUST_02533,33.0,0.0,2,33,0.058823529411764705,321,1,0.0,41,Female,Bursa,1525.05,762.525,1258.33,5,2.5,0.0,0.5,0.5,0.5,0.0
CUST_02534,76.2,70.1655185971001,6,381,0.015706806282722512,10,0,0.9208073185865194,23,Male,Izmir,6061.249999999999,1010.2083333333331,4959.9,13,2.1666666666666665,3.99,0.3333333333333333,0.3333333333333333,0.8333333333333334,0.003949680342553421
CUST_02535,125.66666666666667,81.63536815212713,4,377,0.010582010582010581,65,0,0.6496183090385317,29,Female,Gaziantep,5330.88,1332.72,3386.52,12,3.0,141.1875,0.5,0.5,0.75,0.10593935702477687
CUST_02536,35.0,34.75629439396553,11,350,0.03133903133903134,18,0,0.9930369543122451,31,Male,Ankara,36771.85,3342.8954545454544,19559.0,40,3.6363636363636362,7.570909090909091,0.2727272727272727,0.5454545454545454,0.8181818181818182,0.0022647759080679235
CUST_02537,114.33333333333333,99.51046846102842,4,343,0.011627906976744186,33,0,0.8703539439417594,46,Female,Antalya,4946.25,1236.5625,4577.08,9,2.25,0.0,0.5,0.75,0.75,0.0
CUST_02538,185.0,121.62236636408618,3,370,0.008086253369272238,46,0,0.6574181930090162,46,Male,Konya,11302.36,3767.4533333333334,8890.0,9,3.0,0.0,0.3333333333333333,0.3333333333333333,1.0,0.0
CUST_02539,85.5,48.79036790187178,3,171,0.01744186046511628,154,0,0.5706475711254294,20,Female,Izmir,3280.5299999999997,1093.51,2575.64,12,4.0,235.53666666666663,0.3333333333333333,0.6666666666666666,1.0,0.21539507316007311
CUST_02540,161.0,0.0,2,161,0.012345679012345678,166,1,0.0,35,Male,Istanbul,846.52,423.26,715.93,4,2.0,5.94,0.5,1.0,1.0,0.014033927103827608
CUST_02541,299.0,0.0,2,299,0.006666666666666667,75,1,0.0,26,Male,Izmir,5207.13,2603.565,3306.18,7,3.5,281.31,0.5,0.5,1.0,0.10804800336920799
CUST_02542,74.0,0.0,2,74,0.02666666666666667,114,1,0.0,19,Male,Ankara,1615.87,807.935,988.51,5,2.5,52.965,0.5,0.5,0.5,0.06555601618254438
CUST_02543,74.33333333333333,62.1718049708494,4,223,0.017857142857142856,126,0,0.8363919838716245,32,Male,Antalya,986.78,246.695,537.81,13,3.25,8.5975,0.25,0.5,0.5,0.03485072646445722
CUST_02544,37.0,0.0,2,37,0.05263157894736842,397,1,0.0,31,Male,Kayseri,387.24,193.62,198.71,2,1.0,0.0,1.0,1.0,0.5,0.0
CUST_02545,34.0,0.0,2,34,0.05714285714285714,55,1,0.0,64,Female,Izmir,2913.49,1456.745,2576.29,8,4.0,42.275,0.5,0.5,0.5,0.02902017852882956
CUST_02546,50.0,7.0710678118654755,3,100,0.0297029702970297,153,0,0.14142135340888246,40,Male,Izmir,13123.0,4374.333333333333,7359.71,14,4.666666666666667,432.01666666666665,0.6666666666666666,0.3333333333333333,0.6666666666666666,0.09876171604844279
CUST_02547,127.5,58.68986283848344,3,255,0.01171875,74,0,0.46031264610330036,18,Male,Antalya,1081.96,360.65333333333336,426.1,12,4.0,0.0,0.6666666666666666,0.6666666666666666,0.3333333333333333,0.0
CUST_02548,329.0,0.0,2,329,0.006060606060606061,63,1,0.0,28,Male,Istanbul,1097.96,548.98,603.84,6,3.0,0.0,0.5,0.5,1.0,0.0
CUST_02549,27.5,6.363961030678928,3,55,0.05357142857142857,248,0,0.23141675633680622,47,Female,Ankara,5494.95,1831.6499999999999,3783.87,8,2.6666666666666665,0.0,0.3333333333333333,0.6666666666666666,0.6666666666666666,0.0
CUST_02550,52.142857142857146,59.569087541074445,8,365,0.02185792349726776,38,0,1.142420835042672,60,Female,Kayseri,7630.04,953.755,3757.62,24,3.0,32.08375,0.375,0.5,0.5,0.03363940421424852
CUST_02551,33.5,7.416198487095663,5,134,0.037037037037037035,294,0,0.22137905270795855,18,Female,Antalya,6070.39,1214.078,2809.33,18,3.6,85.174,0.6,0.4,0.8,0.07015529474205505
CUST_02552,56.0,41.79712908801273,4,168,0.023668639053254437,181,0,0.7463772918149186,18,Female,Istanbul,3553.3,888.325,1356.89,14,3.5,41.5075,0.5,0.75,1.0,0.04672557898660335
CUST_02553,33.5,27.44266750882647,7,201,0.034653465346534656,40,0,0.8191840802878326,57,Male,Istanbul,11462.2,1637.457142857143,7242.7,27,3.857142857142857,29.79,0.42857142857142855,0.5714285714285714,0.5714285714285714,0.01819284254965452
CUST_02554,12.5,6.363961030678928,3,25,0.11538461538461539,277,0,0.5091168417249669,39,Male,Antalya,1036.29,345.43,890.91,3,1.0,13.236666666666666,0.3333333333333333,0.3333333333333333,0.6666666666666666,0.03831938924918877
CUST_02555,67.0,78.3517708797957,4,201,0.019801980198019802,32,0,1.1694293986621835,24,Male,Adana,1279.02,319.755,575.58,8,2.0,0.0,0.25,0.75,0.5,0.0
CUST_02556,105.0,142.92655456562298,4,315,0.012658227848101266,121,0,1.361205268613502,41,Female,Gaziantep,2642.8,660.7,1282.92,10,2.5,70.3025,0.5,0.75,0.5,0.10640608429482959
CUST_02557,79.5,40.45161719058131,5,318,0.01567398119122257,43,0,0.5088253670661125,18,Other,Ankara,3812.6400000000003,762.528,2585.38,13,2.6,46.636,0.4,0.4,0.6,0.061159721267730865
CUST_02558,105.0,123.64195620149873,5,420,0.011876484560570071,25,0,1.177542428799584,35,Female,Kayseri,10252.949999999999,2050.5899999999997,6258.0,16,3.2,127.38,0.4,0.6,0.8,0.06211870726858188
CUST_02559,71.66666666666667,55.01211987674474,4,215,0.018518518518518517,52,0,0.7676109643134945,38,Male,Bursa,5922.67,1480.6675,5375.16,14,3.5,18.247500000000002,0.5,0.5,0.5,0.012323833668042398
CUST_02560,110.33333333333333,75.56674753708361,4,331,0.012048192771084338,100,0,0.6848949865757278,46,Male,Antalya,1015.51,253.8775,349.54,9,2.25,25.9125,0.25,0.5,1.0,0.10206694133167792
CUST_02561,47.5,26.664583251946766,5,190,0.02617801047120419,23,0,0.5613596355913081,22,Male,Bursa,6481.53,1296.306,4916.22,15,3.0,19.006,0.2,0.6,0.8,0.014661661664250829
CUST_02562,67.5,45.62784237721525,7,405,0.017241379310344827,15,0,0.6759680252036626,36,Female,Istanbul,10187.71,1455.3871428571426,5547.04,24,3.4285714285714284,17.99857142857143,0.2857142857142857,0.42857142857142855,0.7142857142857143,0.012366861631655396
CUST_02563,45.0,1.4142135623730951,3,90,0.03296703296703297,159,0,0.0314269673543584,23,Male,Eskisehir,1591.18,530.3933333333333,704.13,7,2.3333333333333335,23.45,0.6666666666666666,0.3333333333333333,0.6666666666666666,0.04421247116439535
CUST_02564,167.0,0.0,2,167,0.011904761904761904,127,1,0.0,38,Female,Istanbul,3550.59,1775.295,2089.25,7,3.5,0.0,1.0,0.5,0.5,0.0
CUST_02565,173.0,237.58787847867995,3,346,0.008645533141210375,16,0,1.3733403300886684,24,Male,Ankara,6195.65,2065.2166666666667,5476.04,9,3.0,30.38,0.3333333333333333,0.6666666666666666,0.3333333333333333,0.014710320943866912
CUST_02566,82.0,65.15110641168472,5,328,0.015197568389057751,35,0,0.7945256782580371,30,Female,Gaziantep,2550.7,510.14,1530.44,13,2.6,9.754000000000001,0.4,0.6,0.4,0.019120241464852316
CUST_02567,7.0,0.0,2,7,0.25,381,1,0.0,23,Female,Bursa,1073.85,536.925,943.5,6,3.0,0.0,0.5,1.0,1.0,0.0
CUST_02568,167.5,204.35385976291224,3,335,0.008928571428571428,106,0,1.2200230360769504,42,Female,Gaziantep,1394.24,464.74666666666667,761.16,9,3.0,112.26333333333332,0.3333333333333333,0.6666666666666666,0.6666666666666666,0.24155812433678964
CUST_02569,63.833333333333336,49.93362260708377,7,383,0.018229166666666668,23,0,0.7822499502584933,45,Female,Izmir,17278.88,2468.4114285714286,12869.6,20,2.857142857142857,78.85428571428572,0.2857142857142857,0.42857142857142855,0.7142857142857143,0.03194535755653043
CUST_02570,71.2,75.80039577733088,6,356,0.01680672268907563,53,0,1.0646122852909914,32,Female,Ankara,6470.639999999999,1078.4399999999998,4958.37,14,2.3333333333333335,14.003333333333332,0.16666666666666666,0.3333333333333333,0.6666666666666666,0.012984805200427031
CUST_02571,74.5,40.30508652763321,3,149,0.02,67,0,0.5410078655922865,35,Female,Kayseri,735.74,245.24666666666667,484.05,5,1.6666666666666667,9.043333333333333,0.3333333333333333,0.6666666666666666,0.3333333333333333,0.0368744391896277
CUST_02572,36.5,30.62406461156542,11,365,0.030054644808743168,67,0,0.839015445823287,18,Female,Istanbul,17244.93,1567.7209090909091,8755.85,30,2.727272727272727,57.91272727272728,0.2727272727272727,0.36363636363636365,0.6363636363636364,0.03694071240611891
CUST_02573,97.25,62.95170106253418,5,389,0.01282051282051282,28,0,0.647318256197593,31,Female,Konya,8935.310000000001,1787.0620000000004,6018.09,10,2.0,253.17200000000003,0.4,0.4,0.4,0.14166939919170715
CUST_02574,104.33333333333333,60.92892033618627,4,313,0.012738853503184714,34,0,0.5839832564108915,34,Other,Istanbul,441.75,110.4375,161.72,9,2.25,4.95,0.5,0.5,0.75,0.044821731342870576
CUST_02575,120.66666666666667,67.86997372427172,4,362,0.011019283746556474,66,0,0.5624583411200004,66,Female,Gaziantep,4295.46,1073.865,3918.02,10,2.5,6.2125,0.5,0.5,0.5,0.005785177833540363
CUST_02576,23.0,0.0,2,23,0.08333333333333333,45,1,0.0,21,Female,Istanbul,452.71000000000004,226.35500000000002,386.31,4,2.0,45.615,0.5,0.5,1.0,0.20151973580649982
CUST_02577,51.25,41.3927184762869,9,410,0.021897810218978103,8,0,0.8076627837780316,52,Female,Bursa,17223.18,1913.6866666666667,9061.5,27,3.0,336.2444444444444,0.3333333333333333,0.6666666666666666,0.4444444444444444,0.17570506714896167
CUST_02578,66.0,50.28319798899032,7,396,0.017632241813602016,33,0,0.7618666246533893,46,Male,Konya,3585.98,512.2828571428571,1310.59,15,2.142857142857143,17.71857142857143,0.42857142857142855,0.42857142857142855,0.42857142857142855,0.03458747671707251
CUST_02579,39.0,38.18376618407357,3,78,0.0379746835443038,223,0,0.9790709026923762,38,Male,Izmir,2035.66,678.5533333333334,1069.25,7,2.3333333333333335,28.899999999999995,0.3333333333333333,0.6666666666666666,0.6666666666666666,0.04259060937102863
CUST_02580,14.5,3.5355339059327378,3,29,0.1,292,0,0.24382990773122967,56,Female,Adana,4299.0,1433.0,4058.0,8,2.6666666666666665,3.8800000000000003,0.3333333333333333,0.6666666666666666,0.6666666666666666,0.00270760641820823
CUST_02581,96.0,49.15282290977803,4,288,0.01384083044982699,127,0,0.512008566643432,39,Female,Gaziantep,2510.15,627.5375,1411.44,14,3.5,11.7325,0.25,0.5,0.5,0.01869609382913994
CUST_02582,236.0,0.0,2,236,0.008438818565400843,11,1,0.0,39,Female,Adana,421.8,210.9,365.62,3,1.5,5.475,0.5,0.5,1.0,0.02596017057392048
CUST_02583,117.66666666666667,81.002057587035,4,353,0.011299435028248588,33,0,0.688402749846733,34,Male,Kayseri,2656.44,664.11,1988.52,12,3.0,122.4325,0.5,0.25,0.5,0.18435575404021057
CUST_02584,31.142857142857142,27.606934946546623,8,218,0.0365296803652968,19,0,0.8864611854155874,49,Female,Izmir,10837.63,1354.70375,4541.04,25,3.125,87.695,0.375,0.625,0.625,0.06473371018221975
CUST_02585,149.0,83.43860018001261,3,298,0.010033444816053512,118,0,0.5599906014766578,48,Female,Istanbul,17747.79,5915.93,15319.56,10,3.3333333333333335,849.61,0.3333333333333333,0.6666666666666666,0.3333333333333333,0.14361393726031005
CUST_02586,56.25,62.999338620867015,5,225,0.022123893805309734,96,0,1.1199882222378452,27,Male,Istanbul,8890.55,1778.11,6033.16,13,2.6,350.104,0.4,0.6,0.6,0.19689670481753282
CUST_02587,174.0,0.0,2,174,0.011428571428571429,258,1,0.0,19,Female,Istanbul,357.06,178.53,232.88,4,2.0,0.0,0.5,0.5,1.0,0.0
CUST_02588,89.0,97.58073580374356,3,178,0.01675977653631285,65,0,1.0964127495205709,32,Female,Istanbul,727.65,242.54999999999998,441.94,9,3.0,40.913333333333334,0.6666666666666666,0.6666666666666666,0.6666666666666666,0.16867999655598162
CUST_02589,54.0,0.0,2,54,0.03636363636363636,65,1,0.0,25,Male,Bursa,881.07,440.535,645.21,6,3.0,0.0,0.5,1.0,1.0,0.0
CUST_02590,129.0,130.10764773832474,3,258,0.011583011583011582,95,0,1.0085864087576615,34,Female,Istanbul,521.2,173.73333333333335,232.83,5,1.6666666666666667,3.8666666666666667,0.6666666666666666,0.3333333333333333,0.6666666666666666,0.02225633141448773
CUST_02591,95.33333333333333,108.21429357221407,4,286,0.013937282229965157,85,0,1.1351149556339069,49,Female,Istanbul,4615.24,1153.81,3231.8,11,2.75,4.9025,0.5,0.5,0.75,0.004248966463933432
CUST_02592,56.166666666666664,34.63764811107513,7,337,0.020710059171597635,33,0,0.6166940206714738,29,Male,Istanbul,5574.78,796.3971428571429,2719.45,20,2.857142857142857,21.687142857142856,0.42857142857142855,0.5714285714285714,0.7142857142857143,0.027231567848305945
CUST_02593,207.5,96.87362902255701,3,415,0.007211538461538462,9,0,0.466860860509379,34,Male,Gaziantep,569.8199999999999,189.93999999999997,318.32,5,1.6666666666666667,0.0,0.6666666666666666,0.6666666666666666,0.6666666666666666,0.0
CUST_02594,49.0,0.0,2,49,0.04,51,1,0.0,35,Other,Bursa,711.8,355.9,360.13,2,1.0,0.0,0.5,0.5,0.5,0.0
CUST_02595,69.5,62.279210014257565,7,417,0.01674641148325359,9,0,0.8961037283187603,45,Male,Ankara,8129.06,1161.2942857142857,5721.27,21,3.0,63.98714285714285,0.2857142857142857,0.5714285714285714,0.7142857142857143,0.055099851595916495
CUST_02596,239.0,0.0,2,239,0.008333333333333333,7,1,0.0,18,Male,Konya,2337.8399999999997,1168.9199999999998,2277.68,6,3.0,0.0,0.5,0.5,0.5,0.0
CUST_02597,87.0,69.54854419756032,4,261,0.015267175572519083,115,0,0.7994085448063423,27,Male,Istanbul,11288.429999999998,2822.1074999999996,7209.4,14,3.5,0.0,0.25,0.5,0.75,0.0
CUST_02598,130.5,81.31727983645297,3,261,0.011450381679389313,93,0,0.6231209135121231,37,Female,Eskisehir,1248.6200000000001,416.2066666666667,1028.14,8,2.6666666666666665,77.18666666666667,0.3333333333333333,0.3333333333333333,1.0,0.18545273937918805
CUST_02599,72.33333333333333,43.93555887129847,4,217,0.01834862385321101,197,0,0.6074040312980798,49,Female,Bursa,4888.37,1222.0925,2049.9,14,3.5,66.61,0.5,0.5,0.5,0.054504875813815336
CUST_02600,95.5,7.7781745930520225,3,191,0.015625,196,0,0.08144685352466145,29,Female,Istanbul,3774.13,1258.0433333333333,3140.21,3,1.0,293.4266666666667,0.3333333333333333,1.0,0.6666666666666666,0.23324050822316095
CUST_02601,294.0,0.0,2,294,0.006779661016949152,41,1,0.0,18,Male,Antalya,611.11,305.555,517.23,5,2.5,11.06,0.5,0.5,1.0,0.036196429329592286
CUST_02602,63.25,57.9734134467401,5,253,0.01968503937007874,159,0,0.9165756921765125,42,Female,Adana,2812.4900000000002,562.498,1146.13,14,2.8,51.372,0.2,0.4,0.6,0.0913283245605703
CUST_02603,37.1,35.11394151742138,11,371,0.02956989247311828,25,0,0.9464674008343391,27,Male,Izmir,9637.13,876.1027272727272,3150.94,32,2.909090909090909,12.569090909090908,0.2727272727272727,0.36363636363636365,0.6363636363636364,0.014346594872351775
CUST_02604,83.4,64.60495337046534,6,417,0.014354066985645933,17,0,0.7746397193744079,20,Male,Konya,1811.73,301.955,966.18,16,2.6666666666666665,28.811666666666667,0.3333333333333333,0.3333333333333333,0.6666666666666666,0.09541708721912066
CUST_02605,83.75,113.74349798266859,5,335,0.01488095238095238,29,0,1.3581313029795496,27,Male,Istanbul,1813.58,362.716,702.06,13,2.6,1.484,0.6,0.4,0.6,0.004091355208782201
CUST_02606,128.33333333333334,96.02777376016446,4,385,0.010362694300518135,2,0,0.748268361131658,32,Male,Ankara,1061.43,265.3575,867.53,7,1.75,21.017500000000002,0.25,0.75,0.75,0.07920446914368552
CUST_02607,52.666666666666664,31.262330900515614,4,158,0.025157232704402517,181,0,0.5935885501315266,27,Female,Istanbul,2607.61,651.9025,1819.4,10,2.5,3.435,0.5,0.5,0.5,0.005269192854346788
CUST_02608,85.66666666666667,83.56035742703195,4,257,0.015503875968992248,191,0,0.9754127212251271,18,Female,Istanbul,12814.26,3203.565,11244.84,14,3.5,8.3025,0.25,0.75,0.75,0.002591643995801039
CUST_02609,79.75,51.97034410764149,5,319,0.015625,47,0,0.6516657486642726,45,Male,Istanbul,8018.35,1603.67,4311.3,17,3.4,8.138,0.4,0.4,0.8,0.005074610109888811
CUST_02610,37.0,37.16180835212409,4,111,0.03571428571428571,196,0,1.0043731715608357,50,Female,Kayseri,1340.94,335.235,538.1,10,2.5,18.69,0.25,0.75,0.5,0.05575193504332204
CUST_02611,63.666666666666664,14.364307617610164,4,191,0.020833333333333332,16,0,0.2256173935915095,42,Female,Istanbul,4599.4400000000005,1149.8600000000001,2154.75,14,3.5,95.5375,0.5,0.75,0.75,0.08308620172622212
CUST_02612,73.6,95.26436899491856,6,368,0.016260162601626018,65,0,1.2943528220185563,21,Female,Izmir,3869.59,644.9316666666667,2197.8,20,3.3333333333333335,7.236666666666667,0.3333333333333333,0.5,0.5,0.011220826995282455
CUST_02613,66.4,64.45385946551222,6,332,0.018018018018018018,103,0,0.9706906399822527,32,Male,Bursa,3086.4300000000003,514.4050000000001,1409.65,23,3.8333333333333335,13.921666666666667,0.5,0.5,0.6666666666666666,0.02706363009613638
CUST_02614,36.55555555555556,34.9145782987247,10,329,0.030303030303030304,42,0,0.9551100185183348,34,Female,Konya,18422.21,1842.221,6896.03,32,3.2,284.65999999999997,0.5,0.5,0.7,0.15452000593060222
CUST_02615,73.5,68.58935777509511,3,147,0.02027027027027027,160,0,0.9331885284613141,42,Male,Eskisehir,1962.26,654.0866666666667,1827.04,7,2.3333333333333335,2.7566666666666664,0.3333333333333333,0.3333333333333333,0.6666666666666666,0.004214528139673853
CUST_02616,105.0,0.0,2,105,0.018867924528301886,314,1,0.0,43,Female,Adana,393.37,196.685,239.19,5,2.5,0.0,1.0,0.5,0.5,0.0
CUST_02617,47.25,46.743092181269596,5,189,0.02631578947368421,36,0,0.9892717712592133,26,Male,Eskisehir,6933.83,1386.766,4354.76,14,2.8,112.276,0.4,0.6,0.6,0.08096246945702268
CUST_02618,11.0,0.0,2,11,0.16666666666666666,397,1,0.0,35,Female,Gaziantep,417.81,208.905,246.28,5,2.5,19.695,0.5,0.5,0.5,0.09427730262905483
CUST_02619,43.5,30.405591591021544,3,87,0.03409090909090909,78,0,0.698979100966493,40,Male,Eskisehir,681.9200000000001,227.3066666666667,283.62,8,2.6666666666666665,5.6933333333333325,0.3333333333333333,0.3333333333333333,0.6666666666666666,0.025046926215478674
CUST_02620,87.0,86.2670273047588,3,174,0.017142857142857144,233,0,0.9915750150940665,52,Male,Adana,1672.43,557.4766666666667,1290.94,5,1.6666666666666667,0.0,0.3333333333333333,0.6666666666666666,1.0,0.0
CUST_02621,69.75,63.819406661819315,5,279,0.017857142857142856,160,0,0.9149735590945628,43,Female,Istanbul,3422.1400000000003,684.4280000000001,1168.44,14,2.8,49.696,0.4,0.4,0.6,0.07260953661654762
CUST_02622,85.0,32.526911934581186,3,170,0.017543859649122806,60,0,0.3826695476695487,44,Female,Izmir,1888.8600000000001,629.62,1312.2,11,3.6666666666666665,15.393333333333333,0.3333333333333333,0.6666666666666666,0.6666666666666666,0.024448609175192534
CUST_02623,46.833333333333336,66.20095668996534,7,281,0.024822695035460994,94,0,1.4135435290339176,36,Female,Antalya,19292.5,2756.0714285714284,14524.77,17,2.4285714285714284,46.27285714285714,0.2857142857142857,0.2857142857142857,0.7142857142857143,0.01678942593663206
CUST_02624,53.0,73.53910524340094,3,106,0.028037383177570093,29,0,1.3875302614315224,51,Female,Ankara,10971.24,3657.08,7733.02,10,3.3333333333333335,341.99666666666667,0.3333333333333333,0.3333333333333333,0.3333333333333333,0.09351632082786003
CUST_02625,94.0,35.369478367654786,4,282,0.014134275618374558,76,0,0.3762710424615292,39,Male,Ankara,1760.48,440.12,469.77,13,3.25,0.0,0.5,0.5,1.0,0.0
CUST_02626,95.0,73.53910524340094,3,190,0.015706806282722512,128,0,0.7740958365190012,24,Female,Bursa,537.98,179.32666666666668,293.72,10,3.3333333333333335,22.3,0.3333333333333333,0.3333333333333333,0.6666666666666666,0.12435406451343507
CUST_02627,82.5,24.748737341529164,3,165,0.018072289156626505,235,0,0.29998469141266026,51,Male,Kayseri,4866.73,1622.243333333333,4479.62,8,2.6666666666666665,80.18333333333334,0.3333333333333333,0.6666666666666666,1.0,0.049427438927517595
CUST_02628,37.111111111111114,46.90534203170371,10,334,0.029850746268656716,100,0,1.2639163679942698,43,Male,Istanbul,24335.81,2433.581,12908.45,29,2.9,11.432,0.3,0.5,0.7,0.004697604063847637
CUST_02629,195.0,176.7766952966369,3,390,0.0076726342710997444,8,0,0.906547150718409,29,Female,Adana,1364.3899999999999,454.7966666666666,723.65,9,3.0,0.0,0.3333333333333333,0.6666666666666666,0.6666666666666666,0.0
CUST_02630,84.0,68.40321629865075,6,420,0.014251781472684086,17,0,0.8143239938610328,29,Female,Adana,8705.93,1450.9883333333335,5476.26,16,2.6666666666666665,285.0783333333333,0.3333333333333333,0.5,0.5,0.19647182998498364
CUST_02631,86.66666666666667,85.33072912692903,4,260,0.01532567049808429,107,0,0.9845853247193505,38,Female,Eskisehir,9936.910000000002,2484.2275000000004,9474.45,10,2.5,0.0,0.5,0.25,1.0,0.0
CUST_02632,222.0,0.0,2,222,0.008968609865470852,112,1,0.0,40,Female,Kayseri,7260.46,3630.23,6839.84,6,3.0,0.0,0.5,1.0,0.5,0.0
CUST_02633,95.66666666666667,98.16992071573316,4,287,0.013888888888888888,102,0,1.026166407904879,37,Female,Adana,1663.52,415.88,1196.42,7,1.75,10.685,0.5,0.5,0.75,0.025692507392294638
CUST_02634,75.0,91.92388155425118,3,150,0.019867549668874173,294,0,1.2256517377146592,38,Male,Bursa,145.25,48.416666666666664,75.16,3,1.0,0.0,0.6666666666666666,0.6666666666666666,0.6666666666666666,0.0
CUST_02635,47.333333333333336,22.5905584998099,4,142,0.027972027972027972,80,0,0.4772653103354491,55,Male,Istanbul,5604.610000000001,1401.1525000000001,3804.15,13,3.25,32.355000000000004,0.25,0.5,0.75,0.023091704847907915
CUST_02636,50.875,49.11629784792125,9,407,0.022058823529411766,4,0,0.9654308969531274,47,Female,Bursa,11916.73,1324.081111111111,5269.72,23,2.5555555555555554,26.726666666666667,0.2222222222222222,0.3333333333333333,0.5555555555555556,0.020185067532648166
CUST_02637,69.4,58.03705712732168,6,347,0.017241379310344827,83,0,0.8362688226376492,37,Male,Adana,7326.23,1221.0383333333332,4715.42,20,3.3333333333333335,0.0,0.16666666666666666,0.5,0.8333333333333334,0.0
CUST_02638,150.0,42.42640687119285,3,300,0.009966777408637873,112,0,0.28284271058900096,46,Male,Konya,542.97,180.99,216.51,11,3.6666666666666665,15.013333333333335,0.6666666666666666,0.3333333333333333,0.6666666666666666,0.08295117548141974
CUST_02639,332.0,0.0,2,332,0.006006006006006006,33,1,0.0,22,Male,Gaziantep,4050.0600000000004,2025.0300000000002,3392.82,5,2.5,408.63,0.5,0.5,1.0,0.2017896030173431
CUST_02640,246.0,0.0,2,246,0.008097165991902834,97,1,0.0,39,Female,Istanbul,5896.24,2948.12,5881.96,5,2.5,1.865,0.5,1.0,0.5,0.0006326065422599465
CUST_02641,102.0,0.0,2,102,0.019417475728155338,121,1,0.0,56,Male,Bursa,653.54,326.77,359.4,6,3.0,35.61,0.5,0.5,0.5,0.10897573183286186
CUST_02642,59.5,39.46728603117608,5,238,0.02092050209205021,142,0,0.6633157204682414,32,Female,Ankara,3161.8900000000003,632.378,2562.03,20,4.0,57.524,0.4,0.6,0.8,0.0909645811667
CUST_02643,48.5,23.33452377915607,3,97,0.030612244897959183,222,0,0.4811241917119975,24,Female,Istanbul,637.35,212.45000000000002,382.45,11,3.6666666666666665,0.0,0.3333333333333333,0.6666666666666666,0.6666666666666666,0.0
CUST_02644,49.333333333333336,44.27565169857281,4,148,0.026845637583892617,281,0,0.8974794081302716,27,Male,Istanbul,1789.77,447.4425,932.99,12,3.0,21.985,0.75,0.5,0.75,0.04913480492100146
CUST_02645,237.0,0.0,2,237,0.008403361344537815,78,1,0.0,21,Female,Istanbul,1156.24,578.12,917.08,6,3.0,6.63,1.0,1.0,1.0,0.011468207272766541
CUST_02646,123.66666666666667,127.44148984272482,4,371,0.010752688172043012,5,0,1.0305241682927275,25,Female,Gaziantep,1893.8200000000002,473.45500000000004,1147.72,12,3.0,15.015,0.5,0.25,0.5,0.031713679163355164
CUST_02647,121.0,144.2497833620557,3,242,0.012345679012345678,28,0,1.1921469600818904,30,Female,Ankara,2018.59,672.8633333333333,1544.5,8,2.6666666666666665,19.80333333333333,0.3333333333333333,0.6666666666666666,1.0,0.029431434769668773
CUST_02648,42.1,35.8932057947214,11,421,0.026066350710900472,16,0,0.8525701886496726,18,Female,Ankara,14373.5,1306.6818181818182,4270.87,32,2.909090909090909,78.2009090909091,0.45454545454545453,0.6363636363636364,0.5454545454545454,0.05984694050451759
CUST_02649,58.0,72.12489168102785,3,116,0.02564102564102564,112,0,1.2435325937499182,35,Male,Kayseri,2170.4,723.4666666666667,1774.77,9,3.0,0.0,0.6666666666666666,0.6666666666666666,0.6666666666666666,0.0
CUST_02650,122.33333333333333,146.94329972248934,4,367,0.010869565217391304,19,0,1.2011713775584576,45,Female,Ankara,1991.9199999999998,497.97999999999996,1049.07,7,1.75,7.95,0.25,0.5,1.0,0.015964496534068645
CUST_02651,89.0,42.42640687119285,3,178,0.01675977653631285,64,0,0.4767011954437265,24,Male,Istanbul,836.2,278.73333333333335,526.48,4,1.3333333333333333,27.113333333333333,0.3333333333333333,0.3333333333333333,0.6666666666666666,0.09727337922528087
CUST_02652,75.4,64.94074221934949,6,377,0.015873015873015872,42,0,0.8612830418841704,53,Female,Ankara,2967.97,494.66166666666663,1143.35,18,3.0,3.5483333333333333,0.3333333333333333,0.6666666666666666,0.8333333333333334,0.007173253084418132
CUST_02653,74.0,32.58066911528982,6,370,0.016172506738544475,75,0,0.44027930641906105,41,Female,Istanbul,1656.44,276.0733333333333,547.74,16,2.6666666666666665,1.745,0.3333333333333333,0.6666666666666666,0.5,0.006320784309769925
CUST_02654,93.0,97.58073580374356,3,186,0.016042780748663103,250,0,1.0492552124138532,47,Female,Istanbul,10052.46,3350.8199999999997,8352.75,6,2.0,54.01666666666667,0.3333333333333333,0.3333333333333333,1.0,0.016120432207801745
CUST_02655,84.0,0.0,2,84,0.023529411764705882,107,1,0.0,27,Male,Istanbul,6390.3,3195.15,6369.33,6,3.0,72.315,0.5,0.5,0.5,0.022632740239853295
CUST_02656,60.833333333333336,54.39638468378819,7,365,0.01912568306010929,62,0,0.8941871307879626,45,Male,Bursa,24898.0,3556.8571428571427,20928.25,22,3.142857142857143,2.0785714285714287,0.2857142857142857,0.5714285714285714,0.42857142857142855,0.0005843842877303122
CUST_02657,20.5,24.748737341529164,3,41,0.07142857142857142,243,0,1.207255421184085,21,Male,Istanbul,559.52,186.50666666666666,218.34,10,3.3333333333333335,17.406666666666666,0.3333333333333333,0.6666666666666666,0.6666666666666666,0.09332999663999501
CUST_02658,27.25,14.885675440951054,5,109,0.045454545454545456,179,0,0.546263298887624,45,Male,Ankara,4775.6900000000005,955.1380000000001,3075.78,10,2.0,1.492,0.4,0.4,0.8,0.0015620779389343966
CUST_02659,61.666666666666664,47.43767841424508,4,185,0.021505376344086023,3,0,0.7692596374862505,37,Male,Konya,239.06,59.765,75.3,9,2.25,1.305,0.5,0.5,0.5,0.02183552209762366
CUST_02660,128.33333333333334,84.12688828985257,4,385,0.010362694300518135,40,0,0.6555341893583251,41,Female,Izmir,2672.3999999999996,668.0999999999999,1378.12,10,2.5,57.83,0.5,0.5,0.5,0.08655889823894793
CUST_02661,164.5,166.17009357883867,3,329,0.00909090909090909,20,0,1.0101525384114658,20,Male,Kayseri,4398.14,1466.0466666666669,3258.1,12,4.0,0.0,0.6666666666666666,0.6666666666666666,1.0,0.0
CUST_02662,85.0,103.23759005323593,3,170,0.017543859649122806,103,0,1.2145598686903067,24,Female,Izmir,8782.27,2927.4233333333336,5421.64,8,2.6666666666666665,22.45,0.6666666666666666,1.0,0.6666666666666666,0.007668860098470375
CUST_02663,151.5,2.1213203435596424,3,303,0.009868421052631578,66,0,0.014002114386518338,42,Male,Ankara,7743.870000000001,2581.2900000000004,4913.85,9,3.0,0.0,0.3333333333333333,0.3333333333333333,1.0,0.0
CUST_02664,382.0,0.0,2,382,0.005221932114882507,53,1,0.0,23,Female,Adana,755.6600000000001,377.83000000000004,479.25,7,3.5,15.915,0.5,1.0,1.0,0.042122118301558584
CUST_02665,68.0,0.0,2,68,0.028985507246376812,309,1,0.0,40,Female,Istanbul,309.52,154.76,216.08,4,2.0,8.21,0.5,1.0,1.0,0.05304988334808813
CUST_02666,72.5,75.7385854986303,5,290,0.01718213058419244,16,0,1.0446701303994506,18,Female,Istanbul,6745.889999999999,1349.1779999999999,2580.04,8,1.6,141.55,0.6,0.4,0.6,0.10491573379871616
CUST_02667,64.25,40.74616546375867,5,257,0.01937984496124031,58,0,0.6341815537677373,45,Female,Antalya,17084.61,3416.922,11307.55,12,2.4,223.81800000000004,0.6,0.4,0.8,0.06550281216091478
CUST_02668,38.7,34.66041610316363,11,387,0.028350515463917526,10,0,0.8956179640192677,20,Male,Izmir,2802.44,254.76727272727274,520.5,31,2.8181818181818183,17.936363636363637,0.5454545454545454,0.7272727272727273,0.5454545454545454,0.07040293430923328
CUST_02669,123.0,181.36427432104702,4,369,0.010810810810810811,50,0,1.4745062833052092,41,Female,Gaziantep,12706.74,3176.685,4807.83,17,4.25,246.4175,0.5,0.5,0.75,0.07757064358676713
CUST_02670,69.5,21.702534414210707,5,278,0.017921146953405017,149,0,0.3122666777258134,42,Male,Kayseri,5007.03,1001.406,1691.58,20,4.0,49.9,0.4,0.8,0.6,0.049829939055857524
CUST_02671,118.66666666666667,163.46355353207434,4,356,0.011204481792717087,77,0,1.3775018439992064,26,Male,Ankara,1045.42,261.355,873.03,5,1.25,6.727500000000001,0.5,0.5,0.75,0.02574085046874615
CUST_02672,78.0,82.52878285786117,4,234,0.01702127659574468,152,0,1.0580613051256393,41,Female,Bursa,6385.620000000001,1596.4050000000002,2528.07,10,2.5,0.0,0.5,0.25,0.5,0.0
CUST_02673,78.4,37.058062550543575,6,392,0.015267175572519083,24,0,0.4726793632380639,38,Female,Izmir,1982.8799999999999,330.47999999999996,787.8,16,2.6666666666666665,17.688333333333333,0.5,0.5,0.6666666666666666,0.0535231580725314
CUST_02674,111.66666666666667,56.69509091035425,4,335,0.011904761904761904,85,0,0.5077172274863017,28,Female,Eskisehir,2177.89,544.4725,1909.6,10,2.5,40.895,0.5,0.5,1.0,0.07510939473507039
CUST_02675,119.0,117.04272724095249,4,357,0.0111731843575419,52,0,0.9835523214907577,22,Male,Gaziantep,11219.279999999999,2804.8199999999997,5325.15,11,2.75,124.4125,0.75,0.5,1.0,0.04435667884414805
CUST_02676,107.66666666666667,132.92604460124934,4,323,0.012345679012345678,58,0,1.2346072139316606,18,Male,Kayseri,11332.25,2833.0625,4529.16,10,2.5,316.74249999999995,0.5,0.5,0.5,0.11180215751971508
CUST_02677,150.0,0.0,2,150,0.013245033112582781,263,1,0.0,39,Male,Ankara,143.92000000000002,71.96000000000001,113.0,3,1.5,3.255,0.5,0.5,1.0,0.0452334624064277
CUST_02678,115.5,57.27564927611035,3,231,0.01293103448275862,190,0,0.49589306303218433,18,Male,Adana,2041.85,680.6166666666667,1588.1,8,2.6666666666666665,0.0,0.3333333333333333,1.0,0.6666666666666666,0.0
CUST_02679,47.5,48.05899152777414,5,190,0.02617801047120419,64,0,1.0117682213895984,36,Male,Ankara,4389.24,877.848,2403.18,14,2.8,53.92,0.4,0.4,0.6,0.06142293419655461
CUST_02680,53.5,6.363961030678928,3,107,0.027777777777777776,160,0,0.1189525404061007,31,Male,Istanbul,15451.12,5150.373333333334,15279.28,10,3.3333333333333335,2.4533333333333336,0.3333333333333333,0.3333333333333333,0.6666666666666666,0.000476340873578807
CUST_02681,3.0,0.0,2,3,0.5,431,1,0.0,43,Male,Kayseri,1224.04,612.02,650.68,6,3.0,0.0,0.5,0.5,1.0,0.0
CUST_02682,188.5,112.42997820866105,3,377,0.007936507936507936,32,0,0.5964455045740878,31,Female,Istanbul,3840.1099999999997,1280.0366666666666,2446.83,9,3.0,74.50666666666667,0.3333333333333333,0.3333333333333333,0.3333333333333333,0.05820666590940885
CUST_02683,301.0,0.0,2,301,0.006622516556291391,71,1,0.0,31,Male,Eskisehir,1276.77,638.385,1008.72,7,3.5,25.62,0.5,0.5,0.5,0.04013252184789348
CUST_02684,78.25,80.71090384824097,5,313,0.01592356687898089,100,0,1.0314492372752937,43,Female,Istanbul,7648.0199999999995,1529.6039999999998,2908.24,22,4.4,27.636000000000003,0.4,0.4,0.6,0.018067421359994208
CUST_02685,74.66666666666667,35.16153201061258,4,224,0.017777777777777778,118,0,0.4709133688352573,39,Male,Gaziantep,1067.58,266.895,694.99,9,2.25,34.7025,0.25,0.5,0.5,0.13002304228245926
CUST_02686,65.0,63.41135544995076,4,195,0.02040816326530612,66,0,0.9755592996060225,38,Female,Ankara,5044.07,1261.0175,3224.44,9,2.25,87.20750000000001,0.5,0.75,0.5,0.06915645495073902
CUST_02687,87.0,93.33809511662427,3,174,0.017142857142857144,260,0,1.0728516556755474,40,Female,Ankara,7617.98,2539.3266666666664,7219.15,5,1.6666666666666667,377.2366666666667,0.3333333333333333,0.6666666666666666,0.3333333333333333,0.14855775409679822
CUST_02688,136.5,45.96194077712559,3,273,0.010948905109489052,54,0,0.336717512383942,18,Male,Istanbul,1192.78,397.5933333333333,755.14,5,1.6666666666666667,92.88666666666667,0.3333333333333333,0.6666666666666666,1.0,0.2336222935487962
CUST_02689,54.0,38.31448812133603,9,432,0.020785219399538105,16,0,0.7095275446631202,44,Female,Bursa,29389.29,3265.476666666667,17648.05,25,2.7777777777777777,78.48555555555555,0.2222222222222222,0.3333333333333333,0.5555555555555556,0.024034946056324783
CUST_02690,288.0,0.0,2,288,0.006920415224913495,123,1,0.0,42,Male,Ankara,13525.449999999999,6762.724999999999,9453.56,8,4.0,97.495,1.0,1.0,0.5,0.01441652588055606
CUST_02691,17.0,0.0,2,17,0.1111111111111111,140,1,0.0,22,Female,Antalya,721.4,360.7,586.04,4,2.0,0.0,0.5,1.0,0.5,0.0
CUST_02692,92.66666666666667,59.13825608972024,4,278,0.014336917562724014,102,0,0.6381826127863772,32,Male,Istanbul,1547.9,386.975,611.05,11,2.75,48.51,0.5,0.75,0.5,0.12535693487859179
CUST_02693,66.0,68.01470429252781,5,264,0.018867924528301886,161,0,1.0305258070000305,34,Other,Istanbul,4924.46,984.892,2193.02,12,2.4,91.50399999999999,0.4,0.4,0.6,0.09290764866309437
CUST_02694,39.0,11.313708498984761,3,78,0.0379746835443038,185,0,0.29009508227922254,33,Male,Istanbul,3044.84,1014.9466666666667,1858.13,7,2.3333333333333335,58.373333333333335,0.6666666666666666,0.6666666666666666,1.0,0.057513695244235795
CUST_02695,91.25,56.239813892532275,5,365,0.01366120218579235,31,0,0.6163267208351294,39,Male,Izmir,5415.55,1083.1100000000001,2958.29,15,3.0,68.014,0.2,0.4,0.6,0.06279509923941694
CUST_02696,69.5,23.33452377915607,3,139,0.02142857142857143,204,0,0.3357485387540652,52,Female,Gaziantep,1633.12,544.3733333333333,724.32,9,3.0,0.0,0.6666666666666666,0.6666666666666666,1.0,0.0
CUST_02697,60.333333333333336,37.09267672555685,7,362,0.01928374655647383,50,0,0.6147957366424494,47,Male,Konya,7977.23,1139.6042857142857,4768.19,20,2.857142857142857,141.9142857142857,0.2857142857142857,0.5714285714285714,0.5714285714285714,0.1245294418148021
CUST_02698,83.33333333333333,111.43308904151108,4,250,0.01593625498007968,96,0,1.3371970524517685,19,Female,Istanbul,7532.160000000001,1883.0400000000002,5514.81,12,3.0,198.64999999999998,0.25,0.5,0.5,0.10549430702189314
CUST_02699,5.0,0.0,2,5,0.3333333333333333,323,1,0.0,42,Male,Bursa,681.64,340.82,429.99,4,2.0,34.84,0.5,0.5,1.0,0.10222404758457825
CUST_02700,198.0,0.0,2,198,0.010050251256281407,194,1,0.0,50,Female,Adana,476.88,238.44,379.17,4,2.0,0.0,0.5,0.5,1.0,0.0
CUST_02701,52.5,59.47148176106883,9,420,0.021377672209026127,17,0,1.132790107205309,39,Male,Ankara,6521.3099999999995,724.5899999999999,4586.83,24,2.6666666666666665,128.76555555555558,0.3333333333333333,0.6666666666666666,0.6666666666666666,0.17770815961833233
CUST_02702,118.0,128.69343417595164,3,236,0.012658227848101266,74,0,1.0906223142824518,48,Female,Izmir,2114.6099999999997,704.8699999999999,1093.04,11,3.6666666666666665,83.90333333333332,0.3333333333333333,0.3333333333333333,1.0,0.11903376965156634
CUST_02703,154.0,209.30360723121808,3,308,0.009708737864077669,53,0,1.3591143238448296,59,Female,Bursa,1800.55,600.1833333333333,1546.6,11,3.6666666666666665,15.823333333333332,0.3333333333333333,0.3333333333333333,0.6666666666666666,0.02636416646075227
CUST_02704,5.0,2.8284271247461903,3,10,0.2727272727272727,192,0,0.5656853118121756,47,Male,Istanbul,4497.77,1499.256666666667,3462.92,4,1.3333333333333333,2.8866666666666667,0.6666666666666666,0.6666666666666666,0.6666666666666666,0.0019253985851263632
CUST_02705,67.0,86.01744009211156,4,201,0.019801980198019802,148,0,1.2838423702726744,37,Male,Istanbul,2902.6600000000003,725.6650000000001,2309.84,8,2.0,54.980000000000004,0.25,0.5,0.75,0.07576498787213798
CUST_02706,69.5,31.81980515339464,3,139,0.02142857142857143,252,0,0.45783891648281616,47,Male,Istanbul,3568.0699999999997,1189.3566666666666,3071.4,6,2.0,0.0,0.3333333333333333,0.6666666666666666,0.3333333333333333,0.0
CUST_02707,84.25,27.87322490611136,5,337,0.014792899408284023,99,0,0.33083946083408783,36,Female,Antalya,12792.25,2558.45,7481.4,16,3.2,80.01,0.4,0.4,0.6,0.03127284096571251
CUST_02708,77.6,63.56335422238194,6,388,0.015424164524421594,11,0,0.8191153789080743,35,Male,Istanbul,2771.44,461.9066666666667,1260.16,21,3.5,1.4066666666666665,0.3333333333333333,0.3333333333333333,0.5,0.0030453482600120907
CUST_02709,60.0,0.0,2,60,0.03278688524590164,316,1,0.0,30,Male,Istanbul,2458.28,1229.14,2228.96,5,2.5,0.0,0.5,1.0,1.0,0.0
CUST_02710,288.0,0.0,2,288,0.006920415224913495,54,1,0.0,53,Male,Ankara,246.07,123.035,136.2,6,3.0,6.48,0.5,0.5,1.0,0.052667939588995495
CUST_02711,145.0,97.58073580374356,3,290,0.010309278350515464,27,0,0.6729705871087792,25,Male,Istanbul,3385.04,1128.3466666666666,2297.47,8,2.6666666666666665,140.74666666666667,0.3333333333333333,0.3333333333333333,0.6666666666666666,0.1247370783287018
CUST_02712,90.66666666666667,45.72016331262754,4,272,0.014652014652014652,49,0,0.5042665015628056,53,Female,Istanbul,1546.71,386.6775,830.6,14,3.5,16.27,0.5,0.5,0.5,0.042076407233220425
CUST_02713,64.66666666666667,63.86443976632588,7,388,0.017994858611825194,45,0,0.9875944141040948,40,Female,Kayseri,4269.91,609.9871428571429,1390.72,19,2.7142857142857144,17.762857142857143,0.2857142857142857,0.5714285714285714,0.5714285714285714,0.029120051662953
CUST_02714,45.77777777777778,44.180815343816874,10,412,0.024213075060532687,4,0,0.9651148772046553,18,Female,Istanbul,10310.400000000001,1031.0400000000002,4788.8,38,3.8,26.306,0.4,0.5,0.5,0.02551404404725903
CUST_02715,13.333333333333334,11.503622617824933,4,40,0.0975609756097561,137,0,0.8627716316289976,39,Female,Antalya,2488.36,622.09,989.14,10,2.5,0.0,0.5,0.5,0.5,0.0
CUST_02716,198.0,120.20815280171308,3,396,0.007556675062972292,21,0,0.6071118797707131,18,Female,Ankara,859.48,286.49333333333334,447.84,13,4.333333333333333,6.346666666666667,0.6666666666666666,0.6666666666666666,0.3333333333333333,0.022152929601085787
CUST_02717,64.0,0.0,2,64,0.03076923076923077,31,1,0.0,42,Male,Antalya,974.6500000000001,487.32500000000005,571.45,7,3.5,33.925,0.5,0.5,0.5,0.06961473335122405
CUST_02718,89.66666666666667,36.018513757973594,4,269,0.014814814814814815,108,0,0.4016934575049829,45,Male,Bursa,1273.02,318.255,875.8,10,2.5,9.605,0.5,0.5,0.75,0.03018020131598812
CUST_02719,163.0,169.7056274847714,3,326,0.009174311926605505,22,0,1.0411388125376233,27,Female,Istanbul,13590.49,4530.163333333333,12539.76,8,2.6666666666666665,5.1466666666666665,0.3333333333333333,0.6666666666666666,0.6666666666666666,0.0011360885440180402
CUST_02720,27.0,21.213203435596427,3,54,0.05454545454545454,376,0,0.7856741722193428,36,Female,Gaziantep,5975.93,1991.9766666666667,3942.68,12,4.0,0.0,0.3333333333333333,0.6666666666666666,0.6666666666666666,0.0
CUST_02721,172.0,91.92388155425118,3,344,0.008695652173913044,37,0,0.5344411687198256,58,Female,Izmir,725.44,241.81333333333336,309.69,8,2.6666666666666665,3.0700000000000003,0.6666666666666666,0.6666666666666666,0.6666666666666666,0.012695743220545834
CUST_02722,71.5,95.45941546018392,3,143,0.020833333333333332,14,0,1.3350967010501709,28,Male,Gaziantep,1788.4,596.1333333333333,631.8,11,3.6666666666666665,14.913333333333334,0.3333333333333333,0.3333333333333333,0.6666666666666666,0.025016774728779737
CUST_02723,90.0,63.63961030678928,3,180,0.016574585635359115,233,0,0.7071067733298056,22,Male,Izmir,788.83,262.9433333333333,485.82,7,2.3333333333333335,5.0200000000000005,0.3333333333333333,0.6666666666666666,0.6666666666666666,0.019091565917530143
CUST_02724,175.5,44.54772721475249,3,351,0.008522727272727272,12,0,0.25383320205652016,52,Male,Eskisehir,8907.58,2969.193333333333,6031.04,9,3.0,194.98333333333335,0.3333333333333333,0.6666666666666666,1.0,0.06566878992981189
CUST_02725,62.25,70.40063920164363,5,249,0.02,185,0,1.130933944910999,58,Female,Adana,3842.3,768.46,1990.08,11,2.2,0.0,0.4,0.4,0.6,0.0
CUST_02726,157.0,130.10764773832474,3,314,0.009523809523809525,20,0,0.8287111268128255,35,Female,Eskisehir,3677.84,1225.9466666666667,2011.6,7,2.3333333333333335,208.29999999999998,0.6666666666666666,1.0,0.6666666666666666,0.16990951196633658
CUST_02727,96.0,0.0,2,96,0.020618556701030927,223,1,0.0,47,Female,Izmir,8889.25,4444.625,8605.91,8,4.0,828.47,0.5,0.5,1.0,0.18639817753209817
CUST_02728,59.0,69.29646455628166,3,118,0.025210084033613446,288,0,1.1745163285044973,51,Male,Izmir,1279.0,426.3333333333333,1048.5,9,3.0,58.88,0.6666666666666666,0.6666666666666666,0.6666666666666666,0.13810789647042715
CUST_02729,127.5,125.15790027001891,3,255,0.01171875,36,0,0.9816305826540261,26,Female,Adana,6842.54,2280.846666666667,6687.15,9,3.0,86.77666666666666,0.3333333333333333,0.6666666666666666,0.6666666666666666,0.038045813380098985
CUST_02730,36.333333333333336,26.539279065817393,4,109,0.03636363636363636,101,0,0.7304388532672993,29,Male,Konya,1290.69,322.6725,375.22,14,3.5,36.505,0.5,0.5,0.5,0.11313328494639834
CUST_02731,104.0,48.29078587059855,5,416,0.011990407673860911,18,0,0.46433447506023146,49,Male,Eskisehir,5665.709999999999,1133.1419999999998,2519.08,10,2.0,0.0,0.2,0.4,0.4,0.0
CUST_02732,54.0,27.91654228828014,5,216,0.02304147465437788,150,0,0.5169729957649472,55,Female,Ankara,13377.56,2675.5119999999997,7023.55,21,4.2,15.693999999999999,0.4,0.4,0.6,0.0058657931618823645
CUST_02733,54.0,79.77468270071653,4,162,0.024539877300613498,93,0,1.4773089115445854,41,Male,Gaziantep,1232.17,308.0425,497.55,7,1.75,24.590000000000003,0.25,1.0,0.75,0.07982664703790339
CUST_02734,175.0,0.0,2,175,0.011363636363636364,98,1,0.0,24,Male,Istanbul,208.71,104.355,161.71,4,2.0,13.379999999999999,1.0,1.0,0.5,0.12821618390861783
CUST_02735,185.0,0.0,2,185,0.010752688172043012,87,1,0.0,58,Female,Bursa,629.3,314.65,480.38,4,2.0,0.0,0.5,0.5,1.0,0.0
CUST_02736,205.5,277.8929650063132,3,411,0.007281553398058253,6,0,1.352277195396769,28,Female,Istanbul,788.6800000000001,262.8933333333334,383.55,9,3.0,21.013333333333332,0.6666666666666666,0.3333333333333333,1.0,0.07993102368540715
CUST_02737,47.5,10.606601717798213,3,95,0.03125,74,0,0.22329687356844927,30,Male,Ankara,847.71,282.57,391.96,9,3.0,19.743333333333336,0.3333333333333333,0.3333333333333333,0.3333333333333333,0.06987059229027408
CUST_02738,241.0,0.0,2,241,0.008264462809917356,173,1,0.0,39,Female,Kayseri,2566.3599999999997,1283.1799999999998,2013.84,7,3.5,0.0,0.5,0.5,0.5,0.0
CUST_02739,55.5,30.405591591021544,3,111,0.026785714285714284,302,0,0.5478484872643794,53,Male,Istanbul,1513.7800000000002,504.5933333333334,683.5,14,4.666666666666667,28.38,0.6666666666666666,0.6666666666666666,1.0,0.05624331133405782
CUST_02740,71.66666666666667,59.7857285088451,4,215,0.018518518518518517,82,0,0.8342194559250089,45,Female,Antalya,867.35,216.8375,444.76,5,1.25,28.5925,0.25,0.5,0.75,0.13186141635159318
CUST_02741,139.0,99.45350672550465,4,417,0.009569377990430622,15,0,0.7154928489928907,39,Female,Bursa,2447.7000000000003,611.9250000000001,971.48,14,3.5,55.50249999999999,0.5,0.5,0.5,0.0907014747057213
CUST_02742,32.875,25.08521192142608,9,263,0.03409090909090909,170,0,0.7630482481635843,40,Female,Istanbul,5342.33,593.5922222222222,2766.28,22,2.4444444444444446,16.88111111111111,0.3333333333333333,0.5555555555555556,0.6666666666666666,0.028438902079064732
CUST_02743,53.833333333333336,51.75873517259349,7,323,0.021604938271604937,86,0,0.9614625550055282,35,Female,Ankara,1640.18,234.3114285714286,450.63,16,2.2857142857142856,1.8128571428571427,0.42857142857142855,0.42857142857142855,0.42857142857142855,0.007736955666964179
CUST_02744,58.666666666666664,79.60067001393057,7,352,0.019830028328611898,43,0,1.3568295793824032,41,Male,Bursa,8415.880000000001,1202.2685714285715,6079.6,18,2.5714285714285716,57.75857142857143,0.42857142857142855,0.42857142857142855,0.5714285714285714,0.0480413218420071
CUST_02745,69.25,81.0241733476292,5,277,0.017985611510791366,50,0,1.170024146969026,18,Male,Istanbul,10599.96,2119.9919999999997,8121.48,14,2.8,34.5,0.4,0.4,0.8,0.0162736463079702
CUST_02746,75.5,79.90306627407988,3,151,0.019736842105263157,124,0,1.0583187445796176,31,Male,Gaziantep,1011.1500000000001,337.05,702.22,6,2.0,6.023333333333333,0.3333333333333333,0.3333333333333333,0.6666666666666666,0.017870741182206176
CUST_02747,49.333333333333336,18.23001188516709,4,148,0.026845637583892617,259,0,0.3695272604521587,37,Male,Eskisehir,1724.87,431.2175,890.4,15,3.75,1.95,0.25,0.25,0.75,0.0045220799143771305
CUST_02748,128.0,109.77704678119193,4,384,0.01038961038961039,44,0,0.8576331712778028,21,Female,Istanbul,3132.84,783.21,1193.72,8,2.0,24.6375,0.25,0.5,0.5,0.03145708043633626
CUST_02749,51.2,65.58353451896292,6,256,0.023346303501945526,9,0,1.280928383555362,39,Male,Istanbul,6084.07,1014.0116666666667,4325.49,15,2.5,137.56333333333333,0.3333333333333333,0.6666666666666666,0.8333333333333334,0.1356624758074817
CUST_02750,71.5,0.7071067811865476,3,143,0.020833333333333332,190,0,0.009889605192964229,32,Male,Izmir,1552.82,517.6066666666667,778.25,14,4.666666666666667,5.739999999999999,0.3333333333333333,0.6666666666666666,0.6666666666666666,0.011089501659388398
CUST_02751,143.0,0.0,2,143,0.013888888888888888,193,1,0.0,56,Male,Adana,654.8499999999999,327.42499999999995,372.2,2,1.0,26.1,0.5,0.5,1.0,0.07971291111029119
CUST_02752,86.33333333333333,123.75109427125619,4,259,0.015384615384615385,129,0,1.4334103417511104,53,Female,Ankara,2018.48,504.62,1559.2,13,3.25,12.82,0.5,0.5,0.75,0.025405255389391514
CUST_02753,72.5,73.30529767122337,5,290,0.01718213058419244,58,0,1.0111075401395286,29,Male,Istanbul,8989.51,1797.902,4687.08,15,3.0,157.99200000000002,0.4,0.4,0.8,0.08787575736170505
CUST_02754,21.5,30.405591591021544,3,43,0.06818181818181818,2,0,1.4142134965957232,33,Female,Bursa,434.78,144.92666666666665,275.37,6,2.0,22.063333333333333,0.3333333333333333,0.6666666666666666,0.3333333333333333,0.15223791237703269
CUST_02755,91.5,74.24621202458749,3,183,0.016304347826086956,235,0,0.8114340023295463,34,Male,Kayseri,1392.5700000000002,464.19000000000005,1057.74,4,1.3333333333333333,0.0,0.6666666666666666,0.3333333333333333,0.6666666666666666,0.0
CUST_02756,57.5,12.020815280171307,3,115,0.02586206896551724,214,0,0.20905765341067226,29,Male,Ankara,1601.13,533.71,642.42,10,3.3333333333333335,57.04666666666666,0.3333333333333333,0.6666666666666666,0.6666666666666666,0.10688701084817531
CUST_02757,74.5,9.192388155425117,3,149,0.02,46,0,0.12338775881929341,37,Female,Izmir,3720.27,1240.09,2988.12,12,4.0,0.0,0.3333333333333333,1.0,0.6666666666666666,0.0
CUST_02758,62.5,55.018178813915675,5,250,0.0199203187250996,198,0,0.8802908469379973,25,Female,Eskisehir,9915.939999999999,1983.1879999999996,6087.48,18,3.6,63.694,0.4,0.4,0.6,0.03211697527812948
CUST_02759,62.0,51.73329037798904,8,434,0.01839080459770115,3,0,0.834407895864212,21,Female,Antalya,10178.77,1272.34625,6129.0,26,3.25,30.775,0.25,0.625,0.625,0.024187598286089493
CUST_02760,73.66666666666667,62.38162122505848,7,442,0.01580135440180587,6,0,0.8468093264015722,42,Female,Adana,8513.69,1216.2414285714287,2993.08,24,3.4285714285714284,104.83571428571429,0.42857142857142855,0.2857142857142857,0.5714285714285714,0.08619646703093777
CUST_02761,54.5,58.642987645583,5,218,0.0228310502283105,136,0,1.0760181021938513,42,Male,Bursa,4318.12,863.624,1602.15,13,2.6,62.684000000000005,0.2,0.4,1.0,0.07258251267613856
CUST_02762,48.0,0.0,2,48,0.04081632653061224,157,1,0.0,25,Male,Eskisehir,490.49,245.245,406.67,2,1.0,12.425,0.5,0.5,1.0,0.050663621885609814
CUST_02763,130.0,41.012193308819754,3,260,0.011494252873563218,103,0,0.3154784076410873,45,Female,Antalya,11692.650000000001,3897.5500000000006,9366.16,11,3.6666666666666665,78.91333333333334,0.3333333333333333,0.3333333333333333,0.6666666666666666,0.020246907239954953
CUST_02764,116.5,108.18733752154178,3,233,0.01282051282051282,18,0,0.9286466660334345,27,Male,Konya,7682.08,2560.693333333333,5413.8,14,4.666666666666667,1.5466666666666666,0.3333333333333333,1.0,0.3333333333333333,0.0006040030822626152
CUST_02765,33.4,27.84560607668251,11,334,0.03283582089552239,39,0,0.8337007557778969,38,Female,Antalya,25188.54,2289.867272727273,13944.5,40,3.6363636363636362,41.407272727272726,0.2727272727272727,0.36363636363636365,0.45454545454545453,0.01808282654735403
CUST_02766,73.0,0.0,2,73,0.02702702702702703,95,1,0.0,44,Female,Adana,370.27,185.135,274.69,5,2.5,9.355,0.5,1.0,0.5,0.05053069354508498
CUST_02767,67.5,76.38258963926269,7,405,0.017241379310344827,22,0,1.1315939038173155,34,Male,Ankara,10564.42,1509.202857142857,4931.65,20,2.857142857142857,2.2314285714285713,0.2857142857142857,0.2857142857142857,0.5714285714285714,0.0014785478038217114
CUST_02768,42.1,26.921490795768847,11,421,0.026066350710900472,3,0,0.6394653243777559,40,Female,Ankara,19114.84,1737.7127272727273,7841.4,41,3.727272727272727,79.68363636363637,0.2727272727272727,0.36363636363636365,0.6363636363636364,0.04585547142929733
CUST_02769,110.33333333333333,70.94598884597588,4,331,0.012048192771084338,75,0,0.6430149988183765,28,Male,Gaziantep,1408.49,352.1225,909.72,8,2.0,62.262499999999996,0.5,0.25,0.75,0.1768205662040325
CUST_02770,181.5,238.2949852598665,3,363,0.008241758241758242,67,0,1.3129200217462615,32,Male,Ankara,1694.26,564.7533333333333,993.0,10,3.3333333333333335,64.02666666666667,0.6666666666666666,1.0,0.6666666666666666,0.11337102903915983
CUST_02771,34.0,21.213203435596427,3,68,0.043478260869565216,292,0,0.6239177297552558,32,Male,Bursa,1459.98,486.66,836.34,5,1.6666666666666667,0.0,0.3333333333333333,0.6666666666666666,0.3333333333333333,0.0
CUST_02772,49.0,29.223278392404914,6,245,0.024390243902439025,119,0,0.5963934244083978,26,Female,Istanbul,4375.77,729.2950000000001,1470.91,12,2.0,39.43,0.3333333333333333,0.6666666666666666,0.5,0.05406591289661122
CUST_02773,27.0,17.4928556845359,5,108,0.045871559633027525,80,0,0.6478835198760141,32,Male,Gaziantep,2138.4500000000003,427.69000000000005,1043.95,11,2.2,5.3839999999999995,0.4,0.4,0.6,0.012588557103068675
CUST_02774,279.0,0.0,2,279,0.007142857142857143,82,1,0.0,18,Female,Istanbul,2044.0500000000002,1022.0250000000001,1498.88,6,3.0,21.935,0.5,1.0,0.5,0.02146229297574688
CUST_02775,48.0,4.242640687119285,3,96,0.030927835051546393,109,0,0.08838834580689457,29,Female,Gaziantep,800.72,266.9066666666667,515.95,6,2.0,3.83,0.3333333333333333,0.6666666666666666,1.0,0.014349585319401592
CUST_02776,168.0,0.0,2,168,0.011834319526627219,181,1,0.0,31,Female,Bursa,99.16,49.58,73.07,2,1.0,9.765,0.5,0.5,1.0,0.19695441313121395
CUST_02777,82.5,55.86143571373726,3,165,0.018072289156626505,75,0,0.6771083034742904,31,Female,Istanbul,1361.0700000000002,453.69000000000005,583.32,11,3.6666666666666665,0.0,0.6666666666666666,1.0,1.0,0.0
CUST_02778,109.33333333333333,136.30969640246923,4,328,0.0121580547112462,57,0,1.2467350166683009,32,Male,Bursa,6082.79,1520.6975,3378.5,14,3.5,135.7825,0.25,1.0,0.75,0.08928961868531406
CUST_02779,115.0,5.656854249492381,3,230,0.012987012987012988,130,0,0.04919003652436821,34,Male,Ankara,7389.879999999999,2463.293333333333,6653.4,9,3.0,0.0,0.3333333333333333,0.6666666666666666,0.3333333333333333,0.0
CUST_02780,52.5,12.020815280171307,3,105,0.02830188679245283,29,0,0.22896790573720766,40,Male,Ankara,7000.8099999999995,2333.603333333333,6690.95,10,3.3333333333333335,223.49,0.3333333333333333,0.6666666666666666,0.6666666666666666,0.09577034653314247
CUST_02781,91.5,123.58667673607324,5,366,0.013623978201634877,60,0,1.35067404792786,45,Female,Ankara,4814.37,962.874,2698.73,13,2.6,70.602,0.4,0.4,0.6,0.0733242354936116
CUST_02782,116.0,104.65180361560904,3,232,0.012875536480686695,181,0,0.9021707130468821,27,Other,Istanbul,1201.8799999999999,400.6266666666666,817.04,12,4.0,2.27,0.3333333333333333,0.6666666666666666,0.6666666666666666,0.005666123059707818
CUST_02783,50.833333333333336,54.68607379092658,7,305,0.02287581699346405,118,0,1.075791594396098,20,Female,Eskisehir,3644.9900000000002,520.7128571428572,1738.46,15,2.142857142857143,58.15857142857143,0.42857142857142855,0.42857142857142855,0.8571428571428571,0.11169029248864
CUST_02784,50.75,48.45186614913128,5,203,0.024509803921568627,191,0,0.9547165555549699,22,Female,Istanbul,7423.61,1484.722,2162.24,11,2.2,17.98,0.6,0.8,1.0,0.012110011158917284
CUST_02785,61.833333333333336,45.203613424887465,7,371,0.01881720430107527,11,0,0.7310557308975483,29,Female,Antalya,9344.16,1334.8799999999999,4961.04,28,4.0,52.18714285714286,0.2857142857142857,0.42857142857142855,0.8571428571428571,0.03909500690552548
CUST_02786,164.0,0.0,2,164,0.012121212121212121,249,1,0.0,30,Male,Ankara,3642.57,1821.285,3018.69,4,2.0,32.45,0.5,1.0,0.5,0.017817090670698386
CUST_02787,147.0,0.0,2,147,0.013513513513513514,73,1,0.0,25,Female,Antalya,1284.71,642.355,1262.4,5,2.5,73.16,0.5,0.5,0.5,0.11389340767349299
CUST_02788,62.333333333333336,43.84442191811101,4,187,0.02127659574468085,47,0,0.7033864365998594,19,Female,Ankara,6472.099999999999,1618.0249999999999,5786.24,10,2.5,1.69,0.25,0.5,0.5,0.0010444832428148619
CUST_02789,96.66666666666667,11.015141094572202,4,290,0.013745704467353952,102,0,0.11394973428230139,29,Male,Antalya,8663.66,2165.915,7529.06,11,2.75,251.5225,0.5,0.5,0.75,0.11612759498127694
CUST_02790,86.0,55.24490926773253,4,258,0.015444015444015444,32,0,0.6423826584343009,37,Female,Adana,621.82,155.455,298.79,8,2.0,18.4575,0.75,0.5,0.75,0.11873210820667003
CUST_02791,38.333333333333336,32.05074102107469,10,345,0.028901734104046242,30,0,0.8361062656948285,42,Male,Antalya,8637.529999999999,863.7529999999999,5007.2,30,3.0,2.504,0.3,0.5,0.6,0.002898976903236253
CUST_02792,326.0,0.0,2,326,0.0061162079510703364,59,1,0.0,28,Female,Istanbul,1538.2199999999998,769.1099999999999,1388.1,4,2.0,0.0,0.5,0.5,0.5,0.0
CUST_02793,72.25,21.09304782781916,5,289,0.017241379310344827,1,0,0.2919452946141711,30,Female,Antalya,3359.54,671.908,1769.85,14,2.8,22.381999999999998,0.4,0.6,0.6,0.03331110801878961
CUST_02794,104.0,0.0,2,104,0.01904761904761905,26,1,0.0,23,Female,Ankara,7409.38,3704.69,7292.68,6,3.0,0.0,0.5,0.5,0.5,0.0
CUST_02795,148.0,173.9482681718907,3,296,0.010101010101010102,51,0,1.1753261283551661,34,Male,Istanbul,6594.58,2198.193333333333,6354.6,8,2.6666666666666665,0.0,0.3333333333333333,0.6666666666666666,0.6666666666666666,0.0
CUST_02796,130.0,55.154328932550705,3,260,0.011494252873563218,77,0,0.42426406544835876,24,Female,Izmir,2317.33,772.4433333333333,1351.6,7,2.3333333333333335,197.92,0.3333333333333333,0.3333333333333333,0.6666666666666666,0.25622591483790497
CUST_02797,28.0,32.526911934581186,3,56,0.05263157894736842,67,0,1.1616753847466357,41,Female,Izmir,1132.75,377.5833333333333,534.94,7,2.3333333333333335,69.50333333333333,0.3333333333333333,0.6666666666666666,0.6666666666666666,0.18407415532798724
CUST_02798,81.66666666666667,41.04063027456247,4,245,0.016260162601626018,21,0,0.5025383237390711,18,Male,Izmir,752.04,188.01,309.95,12,3.0,1.6975,0.5,0.75,0.5,0.009028775017133265
CUST_02799,228.0,0.0,2,228,0.008733624454148471,129,1,0.0,30,Female,Adana,3692.65,1846.325,3278.25,7,3.5,0.0,0.5,0.5,1.0,0.0
CUST_02800,114.5,13.435028842544403,3,229,0.013043478260869565,57,0,0.11733649541666295,38,Female,Ankara,4644.85,1548.2833333333335,2986.11,9,3.0,30.03,0.6666666666666666,0.6666666666666666,0.3333333333333333,0.01939567476706739
CUST_02801,27.714285714285715,33.13967554515426,8,194,0.041025641025641026,194,0,1.1957614455966479,37,Female,Ankara,12852.56,1606.57,6568.66,22,2.75,74.53875,0.375,0.375,0.5,0.04639620430706647
CUST_02802,72.33333333333333,82.37313477908518,4,217,0.01834862385321101,62,0,1.1387990825846006,67,Male,Istanbul,8249.01,2062.2525,7331.47,13,3.25,288.0625,0.25,0.5,1.0,0.1396834286103746
CUST_02803,67.0,59.58187643906493,5,268,0.01858736059479554,172,0,0.88928172462363,39,Female,Antalya,3122.7799999999997,624.5559999999999,1501.38,17,3.4,0.0,0.4,0.4,0.4,0.0
CUST_02804,48.111111111111114,35.869361732697605,10,433,0.02304147465437788,6,0,0.745552537839043,22,Female,Bursa,15895.859999999999,1589.5859999999998,8607.82,22,2.2,126.19299999999998,0.4,0.4,0.9,0.07938733728191659
CUST_02805,79.33333333333333,74.54081655934105,4,238,0.016736401673640166,197,0,0.9395901128540035,33,Male,Ankara,1228.8200000000002,307.20500000000004,471.85,12,3.0,21.725,0.5,0.5,1.0,0.07071824979828371
CUST_02806,74.8,87.02700730233116,6,374,0.016,25,0,1.1634626489153546,18,Male,Adana,9816.29,1636.0483333333334,4910.35,19,3.1666666666666665,243.79166666666666,0.3333333333333333,0.5,0.6666666666666666,0.1490125087080684
CUST_02807,39.4,27.305677065401618,11,394,0.027848101265822784,55,0,0.6930374713798008,34,Female,Bursa,28478.61,2588.9645454545457,16932.4,39,3.5454545454545454,9.951818181818181,0.36363636363636365,0.36363636363636365,0.6363636363636364,0.003843937606425197
CUST_02808,39.75,28.1232406857152,5,159,0.03125,120,0,0.707502892533643,25,Female,Izmir,4845.8,969.1600000000001,1956.69,14,2.8,14.796000000000001,0.4,0.4,0.6,0.015266828990809743
CUST_02809,42.57142857142857,38.71200133833238,8,298,0.026755852842809364,134,0,0.909342291956143,45,Female,Izmir,6202.06,775.2575,3229.4,25,3.125,26.365000000000002,0.25,0.375,0.875,0.0340080553441817
CUST_02810,87.0,0.0,2,87,0.022727272727272728,208,1,0.0,28,Male,Antalya,5296.83,2648.415,5047.05,6,3.0,0.0,0.5,0.5,0.5,0.0
CUST_02811,101.66666666666667,89.27672335683772,4,305,0.013071895424836602,61,0,0.8781316965118625,33,Male,Antalya,6208.11,1552.0275,4392.72,8,2.0,14.524999999999999,0.75,0.75,0.75,0.009358725918607287
CUST_02812,120.0,9.16515138991168,4,360,0.0110803324099723,8,0,0.0763762609461285,27,Male,Ankara,2979.01,744.7525,1776.22,13,3.25,54.155,0.25,0.5,0.5,0.0727154322104116
CUST_02813,59.0,0.0,2,59,0.03333333333333333,226,1,0.0,55,Male,Istanbul,123.31,61.655,85.92,3,1.5,0.0,0.5,0.5,0.5,0.0
CUST_02814,140.5,85.55992052357225,3,281,0.010638297872340425,7,0,0.6089674015274367,31,Female,Istanbul,1036.19,345.3966666666667,561.71,9,3.0,43.38999999999999,0.3333333333333333,0.3333333333333333,0.6666666666666666,0.1256236786912911
CUST_02815,175.0,197.9898987322333,3,350,0.008547008547008548,20,0,1.1313708434335,56,Female,Antalya,624.64,208.21333333333334,471.14,5,1.6666666666666667,23.563333333333333,0.6666666666666666,0.6666666666666666,0.3333333333333333,0.11316918490729451
CUST_02816,87.75,58.88618966560269,5,351,0.014204545454545454,98,0,0.6710676808494018,44,Female,Konya,6314.989999999999,1262.9979999999998,5394.9,11,2.2,3.928,0.4,0.4,1.0,0.0031100603460100015
CUST_02817,39.75,26.60043859287537,5,159,0.03125,91,0,0.6691934068850809,40,Male,Izmir,7739.42,1547.884,6686.43,11,2.2,18.474,0.4,0.6,0.8,0.011935002873642337
CUST_02818,93.33333333333333,105.81272765283643,4,280,0.014234875444839857,88,0,1.1337077841335212,39,Female,Istanbul,18331.06,4582.765,14846.9,14,3.5,467.74,0.5,0.5,0.5,0.10206501967653478
CUST_02819,0.0,0.0,2,0,2.0,17,1,0.0,39,Male,Adana,3044.6800000000003,1522.3400000000001,1769.28,3,1.5,0.0,0.5,0.5,1.0,0.0
CUST_02820,20.0,0.0,2,20,0.09523809523809523,410,1,0.0,18,Male,Gaziantep,592.55,296.275,306.22,5,2.5,2.535,0.5,1.0,0.5,0.00855623995086916
CUST_02821,175.0,82.02438661763951,3,350,0.008547008547008548,89,0,0.46871077799387845,31,Female,Konya,4079.5499999999997,1359.85,3713.37,10,3.3333333333333335,0.0,0.3333333333333333,0.3333333333333333,0.6666666666666666,0.0
CUST_02822,38.0,0.0,2,38,0.05128205128205128,312,1,0.0,45,Female,Bursa,653.8,326.9,554.52,9,4.5,15.150000000000002,1.0,0.5,0.5,0.04634444770160769
CUST_02823,316.0,0.0,2,316,0.006309148264984227,125,1,0.0,34,Female,Konya,2062.38,1031.19,1356.83,2,1.0,0.0,0.5,0.5,0.5,0.0
CUST_02824,41.666666666666664,28.209041103873062,10,375,0.026595744680851064,31,0,0.6770169702445463,18,Male,Istanbul,13510.57,1351.057,5085.93,27,2.7,50.422999999999995,0.3,0.6,0.5,0.03732114926511527
CUST_02825,84.8,50.977445993301785,6,424,0.01411764705882353,9,0,0.6011491201904796,34,Female,Istanbul,1093.84,182.30666666666664,541.29,10,1.6666666666666667,16.25,0.3333333333333333,0.3333333333333333,0.6666666666666666,0.08913552207378307
CUST_02826,42.0,35.08560958569767,4,126,0.031496062992125984,260,0,0.8353716369125246,55,Female,Istanbul,8120.49,2030.1225,6258.56,13,3.25,44.285,0.25,0.5,0.75,0.021813954565887545
CUST_02827,47.0,34.83293460696835,8,329,0.024242424242424242,17,0,0.7411262524647255,49,Female,Adana,9957.380000000001,1244.6725000000001,6617.64,22,2.75,46.36875,0.375,0.375,0.625,0.03725377556164068
CUST_02828,47.8,34.31763395107536,6,239,0.025,160,0,0.7179421178479758,34,Male,Istanbul,9109.029999999999,1518.1716666666664,4234.86,18,3.0,75.92999999999999,0.3333333333333333,0.6666666666666666,0.5,0.05001410684781095
CUST_02829,111.0,0.0,2,111,0.017857142857142856,136,1,0.0,46,Female,Izmir,10305.73,5152.865,7603.29,8,4.0,774.0749999999999,0.5,1.0,0.5,0.15022225496879457
CUST_02830,52.0,36.03701800463888,5,208,0.023923444976076555,41,0,0.693019563684987,30,Female,Izmir,2848.7,569.74,1185.12,14,2.8,7.458,0.6,0.4,0.4,0.013090181463316282
CUST_02831,41.333333333333336,49.492086909592594,7,248,0.028112449799196786,155,0,1.1973891704565345,18,Female,Ankara,3234.49,462.07,1411.95,17,2.4285714285714284,20.83142857142857,0.42857142857142855,0.7142857142857143,0.5714285714285714,0.0450828414014018
CUST_02832,140.0,0.0,2,140,0.014184397163120567,53,1,0.0,23,Male,Konya,681.0799999999999,340.53999999999996,619.3,6,3.0,0.0,0.5,0.5,0.5,0.0
CUST_02833,45.333333333333336,40.67349669420289,4,136,0.029197080291970802,18,0,0.8972094661101491,53,Male,Istanbul,750.44,187.61,425.44,14,3.5,22.0525,0.5,0.5,0.5,0.11754437334073677
CUST_02834,72.6,54.820616559830846,6,363,0.016483516483516484,1,0,0.755104900891542,31,Male,Ankara,1139.89,189.98166666666668,391.35,17,2.8333333333333335,6.47,0.3333333333333333,0.3333333333333333,0.5,0.03405591749700804
CUST_02835,126.5,95.45941546018392,3,253,0.011811023622047244,147,0,0.7546198790953679,32,Male,Adana,1346.29,448.7633333333333,845.52,5,1.6666666666666667,0.0,0.3333333333333333,0.3333333333333333,1.0,0.0
CUST_02836,96.66666666666667,89.94072121866343,4,290,0.013745704467353952,63,0,0.930421244361126,31,Female,Istanbul,2569.64,642.41,2123.62,13,3.25,70.655,0.5,0.25,0.75,0.10998427778212626
CUST_02837,43.333333333333336,28.76629972728505,10,390,0.02557544757033248,7,0,0.6638376706949395,57,Male,Antalya,7232.74,723.274,1657.22,33,3.3,38.761,0.4,0.6,0.6,0.05359103181700016
CUST_02838,157.0,185.26197667087544,3,314,0.009523809523809525,49,0,1.1800125827443495,54,Male,Gaziantep,12619.53,4206.51,11837.16,8,2.6666666666666665,16.636666666666667,0.3333333333333333,0.6666666666666666,0.6666666666666666,0.003954980889790274
CUST_02839,64.0,25.45584412271571,3,128,0.023255813953488372,31,0,0.3977475582026274,61,Male,Kayseri,7081.97,2360.6566666666668,3739.37,6,2.0,508.51666666666665,0.6666666666666666,0.6666666666666666,0.3333333333333333,0.21541322532484045
CUST_02840,63.5,28.991378028648448,3,127,0.0234375,47,0,0.4565571271195484,33,Male,Konya,3108.19,1036.0633333333333,1573.2,9,3.0,0.0,0.3333333333333333,0.6666666666666666,0.6666666666666666,0.0
CUST_02841,142.5,163.3416664540925,3,285,0.01048951048951049,82,0,1.146257300405861,38,Male,Ankara,1687.04,562.3466666666667,1169.06,8,2.6666666666666665,28.333333333333332,0.3333333333333333,0.3333333333333333,0.3333333333333333,0.05038410461450095
CUST_02842,41.0,0.0,2,41,0.047619047619047616,141,1,0.0,18,Female,Bursa,4075.79,2037.895,3883.35,9,4.5,0.0,0.5,0.5,0.5,0.0
CUST_02843,114.5,68.58935777509511,3,229,0.013043478260869565,115,0,0.599033687127174,52,Female,Istanbul,2465.37,821.79,1753.02,7,2.3333333333333335,27.150000000000002,0.3333333333333333,0.6666666666666666,0.6666666666666666,0.03303763731240629
CUST_02844,136.0,137.65173446055812,4,408,0.009779951100244499,19,0,1.01214509888539,20,Male,Ankara,3002.06,750.515,1144.52,14,3.5,35.199999999999996,0.5,1.0,0.5,0.04690112782968877
CUST_02845,43.0,42.42640687119285,3,86,0.034482758620689655,76,0,0.9866606019658664,37,Male,Istanbul,3711.24,1237.08,3310.18,4,1.3333333333333333,6.16,0.3333333333333333,0.6666666666666666,1.0,0.004979467774938187
CUST_02846,266.0,0.0,2,266,0.00749063670411985,163,1,0.0,21,Male,Ankara,1865.47,932.735,1620.75,6,3.0,12.14,0.5,0.5,1.0,0.013015486699849919
CUST_02847,46.333333333333336,37.15171597651985,10,417,0.023923444976076555,28,0,0.8018355793097325,27,Male,Konya,6612.85,661.2850000000001,2309.2,23,2.3,22.301,0.2,0.5,0.6,0.0337237347985759
CUST_02848,97.0,46.130250378683186,4,291,0.0136986301369863,8,0,0.4755695866300371,24,Female,Ankara,3931.1099999999997,982.7774999999999,2726.74,10,2.5,55.879999999999995,0.5,0.5,1.0,0.05685925852305404
CUST_02849,86.33333333333333,38.01753981168867,4,259,0.015384615384615385,177,0,0.44035759889572673,27,Female,Bursa,1666.9099999999999,416.72749999999996,620.02,14,3.5,24.3875,0.5,0.5,0.5,0.05852145572701237
CUST_02850,48.25,47.291648311303334,9,386,0.023255813953488372,23,0,0.9801377685215662,28,Female,Izmir,22906.829999999998,2545.203333333333,16105.48,27,3.0,162.17,0.2222222222222222,0.4444444444444444,0.6666666666666666,0.0637159309876817
CUST_02851,124.66666666666667,134.01989902000872,4,374,0.010666666666666666,63,0,1.0750259193447818,28,Female,Izmir,2223.26,555.815,1975.26,6,1.5,6.047499999999999,0.5,0.5,0.5,0.01088041882482405
CUST_02852,139.5,157.6848122046001,3,279,0.010714285714285714,122,0,1.1303570686325666,45,Male,Eskisehir,3105.83,1035.2766666666666,2053.35,7,2.3333333333333335,8.89,0.3333333333333333,0.6666666666666666,1.0,0.00858707655417031
CUST_02853,127.0,96.16652224137046,3,254,0.011764705882352941,56,0,0.7572167045996359,21,Female,Ankara,1322.3600000000001,440.7866666666667,552.52,4,1.3333333333333333,44.300000000000004,0.6666666666666666,0.3333333333333333,0.6666666666666666,0.10050213232288757
CUST_02854,30.75,23.59908190304586,5,123,0.04032258064516129,32,0,0.7674497930275144,37,Female,Antalya,2409.18,481.83599999999996,955.11,14,2.8,42.544,0.4,0.4,0.6,0.08829560246993666
CUST_02855,146.0,104.65180361560904,3,292,0.010238907849829351,23,0,0.7167931705398347,49,Female,Izmir,2144.59,714.8633333333333,1334.22,7,2.3333333333333335,29.99,0.6666666666666666,0.3333333333333333,0.6666666666666666,0.041952074696862234
CUST_02856,137.5,95.45941546018392,3,275,0.010869565217391304,117,0,0.69425028920679,28,Male,Istanbul,29270.73,9756.91,23923.92,10,3.3333333333333335,277.8066666666667,0.3333333333333333,0.6666666666666666,0.6666666666666666,0.02847281225697417
CUST_02857,28.666666666666668,32.28002478313795,10,258,0.03861003861003861,85,0,1.1260473368752537,26,Female,Izmir,13130.82,1313.0819999999999,6285.52,26,2.6,31.761000000000003,0.3,0.5,0.5,0.024188131415868827
CUST_02858,256.0,0.0,2,256,0.007782101167315175,58,1,0.0,32,Female,Gaziantep,317.04999999999995,158.52499999999998,253.89,6,3.0,23.275,1.0,0.5,0.5,0.14682226685492972
CUST_02859,68.2,97.99336712247417,6,341,0.017543859649122806,97,0,1.4368528692906348,49,Female,Istanbul,6399.99,1066.665,4928.19,22,3.6666666666666665,55.83833333333334,0.3333333333333333,0.5,0.6666666666666666,0.05234851924548459
CUST_02860,43.4,30.710837754049557,11,434,0.02528735632183908,11,0,0.7076229734199674,37,Male,Istanbul,15503.14,1409.3763636363635,9038.76,36,3.272727272727273,59.68545454545454,0.36363636363636365,0.6363636363636364,0.45454545454545453,0.042348840269401083
CUST_02861,152.5,157.6848122046001,3,305,0.00980392156862745,93,0,1.033998761774435,28,Female,Istanbul,861.5,287.1666666666667,673.95,8,2.6666666666666665,4.82,0.6666666666666666,0.6666666666666666,0.6666666666666666,0.016784677828956433
CUST_02862,92.5,60.45108215187991,5,370,0.013477088948787063,78,0,0.6535252053876185,40,Female,Adana,12333.880000000001,2466.7760000000003,7862.89,19,3.8,172.732,0.4,0.4,0.4,0.0700233827189727
CUST_02863,169.0,214.96046148071045,3,338,0.008849557522123894,97,0,1.2719553858506216,21,Female,Adana,1811.51,603.8366666666667,743.1,11,3.6666666666666665,6.9433333333333325,0.3333333333333333,0.6666666666666666,0.6666666666666666,0.011498694440275743
CUST_02864,71.0,86.34427215127435,5,284,0.017543859649122806,8,0,1.216116492044477,43,Female,Bursa,8465.17,1693.034,3801.9,17,3.4,74.164,0.2,0.6,0.4,0.043805381319096136
CUST_02865,54.2,45.61469061607236,6,271,0.022058823529411766,70,0,0.8415994423334486,39,Female,Izmir,6449.449999999999,1074.908333333333,5300.65,16,2.6666666666666665,1.3550000000000002,0.3333333333333333,0.5,0.8333333333333334,0.0012605726057937602
CUST_02866,61.666666666666664,35.97035816706121,7,370,0.018867924528301886,77,0,0.5833030959528342,31,Male,Konya,2624.21,374.88714285714286,1283.13,27,3.857142857142857,50.917142857142856,0.42857142857142855,0.5714285714285714,0.8571428571428571,0.13581992258594416
CUST_02867,52.0,41.627600733853775,9,416,0.02158273381294964,5,0,0.8005307679485194,24,Female,Adana,4009.3,445.4777777777778,1465.92,27,3.0,42.79666666666667,0.3333333333333333,0.2222222222222222,0.5555555555555556,0.09606913903558668
CUST_02868,94.5,143.2538539330327,5,378,0.013192612137203167,71,0,1.5159137821917346,24,Male,Gaziantep,3680.16,736.0319999999999,1315.34,16,3.2,26.482,0.4,0.4,0.6,0.035979413889641466
CUST_02869,145.0,0.0,2,145,0.0136986301369863,296,1,0.0,41,Female,Gaziantep,348.40999999999997,174.20499999999998,265.75,7,3.5,0.0,0.5,1.0,0.5,0.0
CUST_02870,43.0,42.17988687920888,9,344,0.02608695652173913,83,0,0.9809275790297978,49,Male,Antalya,8425.18,936.1311111111112,3237.1,23,2.5555555555555554,126.41222222222223,0.3333333333333333,0.3333333333333333,0.4444444444444444,0.13503687740614065
CUST_02871,44.333333333333336,41.12258098255345,7,266,0.026217228464419477,59,0,0.9275769937212734,27,Female,Izmir,10881.81,1554.5442857142857,3090.6,17,2.4285714285714284,52.14999999999999,0.5714285714285714,0.42857142857142855,0.42857142857142855,0.0335468088273157
CUST_02872,84.75,73.58158737075466,5,339,0.014705882352941176,38,0,0.868219309764429,40,Female,Konya,1195.59,239.118,498.9,18,3.6,16.924,0.4,0.4,0.6,0.07077677100520759
CUST_02873,84.25,112.9819307087052,5,337,0.014792899408284023,37,0,1.3410318025836607,18,Female,Kayseri,9804.449999999999,1960.8899999999999,6181.98,19,3.8,74.434,0.2,0.4,0.6,0.037959293974695524
CUST_02874,277.0,0.0,2,277,0.007194244604316547,100,1,0.0,27,Female,Istanbul,652.5799999999999,326.28999999999996,372.7,6,3.0,0.0,0.5,0.5,1.0,0.0
CUST_02875,43.0,0.0,2,43,0.045454545454545456,243,1,0.0,34,Female,Istanbul,373.67,186.835,252.22,3,1.5,0.0,0.5,0.5,0.5,0.0
CUST_02876,59.5,28.991378028648448,3,119,0.025,179,0,0.48725004271257827,24,Female,Kayseri,1267.4099999999999,422.46999999999997,594.15,8,2.6666666666666665,0.0,0.6666666666666666,0.3333333333333333,1.0,0.0
CUST_02877,74.0,48.09019304043878,5,296,0.016835016835016835,35,0,0.6498674647374502,23,Male,Ankara,10916.91,2183.382,8764.08,18,3.6,36.612,0.4,0.8,0.8,0.016768481183426227
CUST_02878,70.75,75.3585872125179,5,283,0.017605633802816902,130,0,1.065139026818076,26,Male,Konya,2413.91,482.782,768.39,13,2.6,55.612,0.2,0.4,0.6,0.11519070695429676
CUST_02879,54.0,4.358898943540674,4,162,0.024539877300613498,98,0,0.0807203493114875,38,Male,Ankara,1445.6599999999999,361.41499999999996,653.54,7,1.75,9.425,0.25,0.25,0.75,0.02607805424213701
CUST_02880,44.125,40.919563955224575,9,353,0.025423728813559324,67,0,0.9273555360423579,32,Male,Istanbul,7739.820000000001,859.98,4656.6,35,3.888888888888889,38.77333333333333,0.3333333333333333,0.5555555555555556,0.5555555555555556,0.04508631978446826
CUST_02881,77.2,54.16825638692831,6,386,0.015503875968992248,7,0,0.7016613430734063,18,Female,Istanbul,4083.2400000000002,680.5400000000001,1415.39,14,2.3333333333333335,109.32666666666667,0.3333333333333333,0.3333333333333333,0.3333333333333333,0.16064693700005836
CUST_02882,85.5,96.87362902255701,3,171,0.01744186046511628,71,0,1.133024887596867,18,Female,Istanbul,1741.13,580.3766666666667,1217.5,13,4.333333333333333,0.0,0.3333333333333333,0.6666666666666666,0.3333333333333333,0.0
CUST_02883,81.0,0.0,2,81,0.024390243902439025,238,1,0.0,27,Female,Istanbul,5952.44,2976.22,5784.24,6,3.0,0.0,0.5,0.5,1.0,0.0
CUST_02884,35.0,30.058276730378275,10,315,0.03164556962025317,26,0,0.8588078820448685,40,Male,Izmir,12540.580000000002,1254.0580000000002,6682.92,33,3.3,17.145,0.5,0.4,0.5,0.013671616453408359
CUST_02885,166.0,0.0,2,166,0.011976047904191617,47,1,0.0,18,Male,Adana,1127.1299999999999,563.5649999999999,1043.81,8,4.0,48.7,0.5,0.5,1.0,0.08641416680167477
CUST_02886,50.6,34.20964776199837,6,253,0.023622047244094488,99,0,0.676079981935146,29,Female,Eskisehir,1742.6100000000001,290.435,1263.44,8,1.3333333333333333,0.64,0.5,0.5,0.5,0.0022035911573894634
CUST_02887,50.5,6.363961030678928,3,101,0.029411764705882353,175,0,0.12601902781504754,28,Female,Izmir,845.71,281.90333333333336,554.91,7,2.3333333333333335,42.89666666666667,0.6666666666666666,0.3333333333333333,0.6666666666666666,0.1521680003115678
CUST_02888,67.0,0.0,2,67,0.029411764705882353,140,1,0.0,51,Male,Izmir,1585.63,792.815,921.43,6,3.0,0.0,0.5,0.5,0.5,0.0
CUST_02889,57.5,62.56996084384263,5,230,0.021645021645021644,192,0,1.088173213142077,30,Female,Bursa,2239.25,447.85,1659.2,15,3.0,13.197999999999999,0.4,0.4,0.6,0.029469688445975906
CUST_02890,47.857142857142854,36.621617347447355,8,335,0.023809523809523808,108,0,0.765227809180707,39,Female,Bursa,14154.1,1769.2625,4621.87,19,2.375,57.528749999999995,0.25,0.375,0.5,0.03251566682020578
CUST_02891,59.333333333333336,31.069813860616115,4,178,0.0223463687150838,9,0,0.523648539387094,36,Male,Izmir,6100.43,1525.1075,3967.12,14,3.5,43.7825,0.25,0.5,0.75,0.02870781238128603
CUST_02892,9.0,4.242640687119285,3,18,0.15789473684210525,83,0,0.4714044684127574,18,Female,Istanbul,1793.64,597.88,993.08,6,2.0,0.0,0.3333333333333333,0.6666666666666666,0.6666666666666666,0.0
CUST_02893,75.66666666666667,36.8284310463171,4,227,0.017543859649122806,217,0,0.48671934660261346,44,Male,Istanbul,528.09,132.0225,166.96,7,1.75,8.2675,0.25,0.75,0.75,0.06262190109548069
CUST_02894,55.0,59.83867199952441,5,220,0.02262443438914027,41,0,1.0879758347554287,37,Female,Istanbul,6721.3099999999995,1344.262,2207.16,17,3.4,126.46199999999999,0.8,0.6,0.4,0.09407541082461944
CUST_02895,49.8,27.398905087612533,6,249,0.024,10,0,0.5501788059725649,41,Male,Istanbul,6088.76,1014.7933333333334,4525.55,18,3.0,117.07333333333332,0.3333333333333333,0.5,0.6666666666666666,0.115366675531274
CUST_02896,65.5,32.60368077380221,5,262,0.019011406844106463,12,0,0.4977661110845206,75,Male,Adana,9091.9,1818.3799999999999,4087.92,10,2.0,0.0,0.4,0.4,0.8,0.0
CUST_02897,55.0,45.81484475582123,8,385,0.02072538860103627,45,0,0.8329971622331649,18,Female,Istanbul,9850.85,1231.35625,5408.64,23,2.875,143.00125,0.25,0.625,0.5,0.1161331254735312
CUST_02898,88.5,123.32747733845311,5,354,0.014084507042253521,30,0,1.3935308016375403,55,Male,Konya,8649.46,1729.8919999999998,3820.23,17,3.4,50.284,0.8,0.8,0.6,0.029067710568597513
CUST_02899,179.5,13.435028842544403,3,359,0.008333333333333333,61,0,0.07484695692310556,31,Female,Kayseri,3845.24,1281.7466666666667,2966.85,9,3.0,0.0,0.6666666666666666,0.3333333333333333,1.0,0.0
CUST_02900,64.5,40.55490106016781,7,387,0.01804123711340206,52,0,0.6287581462234056,38,Male,Eskisehir,7182.34,1026.0485714285714,2617.4,23,3.2857142857142856,7.581428571428572,0.5714285714285714,0.5714285714285714,0.5714285714285714,0.007388956795177797
CUST_02901,12.5,17.67766952966369,3,25,0.11538461538461539,187,0,1.4142134492360192,34,Male,Kayseri,4332.12,1444.04,2048.4,8,2.6666666666666665,0.0,0.3333333333333333,1.0,0.6666666666666666,0.0
CUST_02902,56.0,12.935738607954836,5,224,0.022222222222222223,73,0,0.23099532815999121,29,Male,Ankara,6236.4400000000005,1247.288,4347.6,15,3.0,7.151999999999999,0.4,0.4,0.6,0.005734040569833076
CUST_02903,87.0,103.73363324720997,5,348,0.014326647564469915,48,0,1.1923405983318318,28,Female,Izmir,1957.1100000000001,391.422,730.72,12,2.4,18.842,0.2,0.4,0.4,0.048137304371912396
CUST_02904,89.5,43.09292285283048,5,358,0.013927576601671309,9,0,0.48148516616028286,38,Female,Istanbul,18451.940000000002,3690.3880000000004,14654.76,17,3.4,19.375999999999998,0.2,0.8,0.6,0.005250396433857253
CUST_02905,60.8,80.23527902363149,6,304,0.019672131147540985,23,0,1.3196591727627027,18,Male,Gaziantep,7127.55,1187.925,3493.92,15,2.5,5.161666666666666,0.3333333333333333,0.5,0.6666666666666666,0.004345111570445571
CUST_02906,60.666666666666664,36.555893277737496,4,182,0.02185792349726776,93,0,0.6025696594807886,44,Female,Konya,1375.1299999999999,343.78249999999997,1125.35,8,2.0,3.77,0.5,0.25,0.5,0.010966235887614304
CUST_02907,166.5,185.969083452062,3,333,0.008982035928143712,55,0,1.1169314254362197,30,Female,Konya,1912.36,637.4533333333333,1299.06,12,4.0,80.17999999999999,0.3333333333333333,0.6666666666666666,0.6666666666666666,0.125781756375711
CUST_02908,68.0,0.0,2,68,0.028985507246376812,246,1,0.0,21,Female,Izmir,449.39,224.695,251.44,6,3.0,9.705,0.5,0.5,1.0,0.04319188213715534
CUST_02909,53.0,46.57610259922284,8,371,0.021505376344086023,46,0,0.878794372083556,29,Female,Adana,6992.96,874.12,3480.1,28,3.5,15.212499999999999,0.25,0.375,0.875,0.017403216929708486
CUST_02910,123.0,140.0071426749364,3,246,0.012145748987854251,78,0,1.1382694433875362,50,Female,Istanbul,613.49,204.49666666666667,273.95,7,2.3333333333333335,0.0,0.6666666666666666,0.6666666666666666,0.6666666666666666,0.0
CUST_02911,144.5,106.77312395916867,3,289,0.010344827586206896,158,0,0.7389143475450126,28,Female,Istanbul,1894.2400000000002,631.4133333333334,1089.4,9,3.0,0.0,0.6666666666666666,0.6666666666666666,0.3333333333333333,0.0
CUST_02912,64.25,49.79541478221999,5,257,0.01937984496124031,144,0,0.7750258989446552,39,Male,Adana,5121.099999999999,1024.2199999999998,3504.5,18,3.6,32.448,0.4,0.4,0.6,0.03168069357005263
CUST_02913,100.5,85.53556765073424,5,402,0.01240694789081886,23,0,0.851100167160538,26,Male,Izmir,6540.639999999999,1308.128,3610.45,16,3.2,136.64,0.4,1.0,1.0,0.1044546098665768
CUST_02914,56.5,53.77421934967227,5,226,0.022026431718061675,114,0,0.9517560778392247,44,Male,Eskisehir,2147.53,429.50600000000003,1558.68,15,3.0,28.682,0.4,0.4,0.6,0.06677904367627217
CUST_02915,81.5,43.8520238985614,5,326,0.01529051987767584,85,0,0.5380616363251505,43,Male,Istanbul,824.24,164.848,244.93,8,1.6,11.868,0.6,0.4,1.0,0.07199359366207904
CUST_02916,269.0,0.0,2,269,0.007407407407407408,8,1,0.0,57,Female,Konya,215.22,107.61,120.61,4,2.0,8.615,0.5,0.5,0.5,0.08005761471928619
CUST_02917,76.0,63.63961030678928,3,152,0.0196078431372549,104,0,0.8373632824924474,32,Male,Izmir,8243.97,2747.99,7658.21,10,3.3333333333333335,342.1933333333333,0.3333333333333333,1.0,0.3333333333333333,0.12452495577087559
CUST_02918,98.0,77.31106001084191,4,294,0.013559322033898305,50,0,0.7888883594076893,43,Male,Gaziantep,13797.19,3449.2975,6843.26,12,3.0,16.0325,0.5,0.75,0.5,0.004648047898261009
CUST_02919,40.857142857142854,31.86130658248116,8,286,0.027874564459930314,119,0,0.7798221699951502,36,Female,Gaziantep,17039.920000000002,2129.9900000000002,7166.8,29,3.625,92.85875,0.25,0.375,0.75,0.043595861931935896
CUST_02920,95.75,83.95385637360562,5,383,0.013020833333333334,7,0,0.8768026683739212,50,Male,Kayseri,25936.63,5187.326,12242.0,20,4.0,634.9179999999999,0.4,0.4,0.6,0.12239793679394777
CUST_02921,124.5,74.24621202458749,3,249,0.012,192,0,0.5963551118733524,26,Male,Ankara,1428.5,476.1666666666667,912.6,9,3.0,47.15333333333333,0.3333333333333333,0.6666666666666666,0.6666666666666666,0.09902695113960037
CUST_02922,53.142857142857146,58.01846996554508,8,372,0.021447721179624665,34,0,1.0917453820338652,43,Male,Kayseri,5135.01,641.87625,2117.75,26,3.25,6.42125,0.25,0.625,0.625,0.010003875342008875
CUST_02923,56.285714285714285,23.091948710277684,8,394,0.020253164556962026,15,0,0.41026304086320436,32,Female,Istanbul,6849.6900000000005,856.2112500000001,2283.05,26,3.25,27.5225,0.5,0.5,0.5,0.032144520371410065
CUST_02924,196.0,0.0,2,196,0.01015228426395939,155,1,0.0,34,Male,Istanbul,2500.15,1250.075,1885.91,4,2.0,255.125,0.5,0.5,1.0,0.20408775457145548
CUST_02925,177.0,189.50461735799473,3,354,0.008450704225352112,81,0,1.0706475496460293,36,Male,Izmir,1701.97,567.3233333333334,940.76,6,2.0,0.0,0.3333333333333333,0.3333333333333333,0.3333333333333333,0.0
CUST_02926,210.0,0.0,2,210,0.009478672985781991,80,1,0.0,38,Female,Gaziantep,1803.4,901.7,1123.05,6,3.0,0.0,0.5,1.0,0.5,0.0
CUST_02927,82.0,65.95832017266662,6,410,0.014598540145985401,29,0,0.8043697483938643,33,Female,Izmir,5585.900000000001,930.9833333333335,2689.84,25,4.166666666666667,61.19499999999999,0.16666666666666666,0.5,0.8333333333333334,0.06573157407143172
CUST_02928,34.5,26.742600222616097,11,345,0.031791907514450865,36,0,0.7751478100715447,37,Female,Gaziantep,11445.89,1040.5354545454545,4496.2,40,3.6363636363636362,25.25,0.2727272727272727,0.45454545454545453,0.5454545454545454,0.024266352352946788
CUST_02929,99.33333333333333,102.0016339738405,4,298,0.013377926421404682,71,0,1.026862076647434,53,Female,Adana,2730.6400000000003,682.6600000000001,1651.75,11,2.75,37.4675,0.25,0.75,0.5,0.05488456910484784
CUST_02930,48.0,32.14031735997639,4,144,0.027586206896551724,195,0,0.669589931049718,46,Male,Istanbul,1922.62,480.655,904.06,11,2.75,37.559999999999995,0.25,0.5,0.5,0.07814336670139005
CUST_02931,160.0,0.0,2,160,0.012422360248447204,187,1,0.0,45,Male,Kayseri,877.24,438.62,527.46,5,2.5,36.01,0.5,1.0,0.5,0.0820983993386111
CUST_02932,109.0,114.5512985522207,3,218,0.0136986301369863,211,0,1.0509293348742328,29,Male,Istanbul,739.75,246.58333333333334,392.62,4,1.3333333333333333,7.083333333333333,0.6666666666666666,0.6666666666666666,0.6666666666666666,0.028725920802733677
CUST_02933,230.0,0.0,2,230,0.008658008658008658,195,1,0.0,24,Male,Konya,214.59,107.295,162.3,3,1.5,22.09,1.0,1.0,0.5,0.20588098041958172
CUST_02934,110.0,30.309514457784815,5,440,0.011337868480725623,0,0,0.275541038020398,46,Male,Ankara,4802.43,960.4860000000001,4035.8,11,2.2,3.428,0.4,0.4,0.8,0.0035690265099449373
CUST_02935,177.0,0.0,2,177,0.011235955056179775,116,1,0.0,45,Male,Izmir,519.47,259.735,283.54,5,2.5,2.395,1.0,1.0,0.5,0.009220936688467334
CUST_02936,18.5,2.1213203435596424,3,37,0.07894736842105263,179,0,0.11466595831857751,52,Female,Izmir,929.18,309.72666666666663,640.16,8,2.6666666666666665,3.5500000000000003,0.3333333333333333,0.3333333333333333,1.0,0.01146171889796901
CUST_02937,212.0,233.3452377915607,3,424,0.007058823529411765,15,0,1.1006850787305453,27,Female,Istanbul,4824.46,1608.1533333333334,2063.98,5,1.6666666666666667,183.91333333333333,0.6666666666666666,0.3333333333333333,1.0,0.11436305817789157
CUST_02938,192.5,61.518289963229634,3,385,0.007772020725388601,19,0,0.31957553061638494,32,Male,Ankara,4122.39,1374.13,2706.86,3,1.0,58.669999999999995,0.6666666666666666,0.6666666666666666,0.6666666666666666,0.04269610586866154
CUST_02939,69.66666666666667,17.009801096230767,4,209,0.01904761904761905,186,0,0.24415982084312363,18,Female,Istanbul,1759.56,439.89,974.24,10,2.5,48.6225,0.5,0.5,0.75,0.11053331489569367
CUST_02940,165.5,9.192388155425117,3,331,0.009036144578313253,20,0,0.055543130512882094,30,Male,Istanbul,2388.54,796.18,1774.75,10,3.3333333333333335,10.216666666666667,0.6666666666666666,0.6666666666666666,0.6666666666666666,0.012832106626434426
CUST_02941,177.0,70.71067811865476,3,354,0.008450704225352112,89,0,0.39949535434553335,46,Male,Istanbul,315.56,105.18666666666667,209.58,7,2.3333333333333335,16.87,0.6666666666666666,0.6666666666666666,0.6666666666666666,0.16038154239718397
CUST_02942,260.0,0.0,2,260,0.007662835249042145,67,1,0.0,29,Female,Izmir,253.57,126.785,220.2,2,1.0,1.92,0.5,0.5,0.5,0.015143747169272807
CUST_02943,12.5,3.5355339059327378,3,25,0.11538461538461539,315,0,0.28284268984720384,42,Male,Gaziantep,2251.71,750.57,1882.4,11,3.6666666666666665,22.55333333333333,0.6666666666666666,0.6666666666666666,0.6666666666666666,0.03004827438251603
CUST_02944,146.5,72.8319984622144,3,293,0.01020408163265306,152,0,0.49714674378885776,32,Male,Bursa,2835.23,945.0766666666667,2658.54,8,2.6666666666666665,1.33,0.3333333333333333,0.6666666666666666,0.6666666666666666,0.0014072932339803544
CUST_02945,28.75,15.649813630413195,5,115,0.04310344827586207,270,0,0.5443413247329346,38,Male,Konya,5561.45,1112.29,3585.81,15,3.0,61.34400000000001,0.4,0.8,0.4,0.055151084649550854
CUST_02946,172.0,0.0,2,172,0.011560693641618497,254,1,0.0,21,Female,Antalya,1285.99,642.995,1210.2,6,3.0,0.0,1.0,0.5,0.5,0.0
CUST_02947,107.33333333333333,108.63854441832942,4,322,0.01238390092879257,103,0,1.0121603422935008,36,Female,Antalya,2140.38,535.095,858.76,12,3.0,44.2475,0.5,0.75,0.75,0.0826909238869903
CUST_02948,98.0,54.644304369257,5,392,0.01272264631043257,10,0,0.5575949368536945,18,Male,Antalya,2254.58,450.916,967.54,14,2.8,49.022000000000006,0.4,0.4,0.8,0.10871647910316673
CUST_02949,57.857142857142854,41.81478435286006,8,405,0.019704433497536946,28,0,0.7227246553356738,32,Female,Izmir,4733.3099999999995,591.6637499999999,2355.98,20,2.5,11.23625,0.375,0.625,0.75,0.018990938655628408
CUST_02950,251.0,0.0,2,251,0.007936507936507936,145,1,0.0,18,Female,Antalya,1554.1399999999999,777.0699999999999,1271.3,8,4.0,0.0,0.5,0.5,0.5,0.0
CUST_02951,198.0,39.59797974644666,3,396,0.007556675062972292,19,0,0.1999897956891761,49,Female,Istanbul,10996.579999999998,3665.526666666666,9050.22,8,2.6666666666666665,64.75,0.3333333333333333,0.6666666666666666,0.6666666666666666,0.017664582983710053
CUST_02952,103.66666666666667,81.57409719594409,4,311,0.01282051282051282,2,0,0.7868883897979649,44,Female,Konya,15170.289999999997,3792.5724999999993,12389.96,11,2.75,135.56,0.25,0.75,0.75,0.03574354872959093
CUST_02953,148.5,163.3416664540925,3,297,0.010067114093959731,106,0,1.0999438744387113,40,Male,Adana,1897.67,632.5566666666667,1606.23,8,2.6666666666666665,86.24333333333334,0.3333333333333333,0.3333333333333333,1.0,0.13634088097033592
CUST_02954,55.333333333333336,52.880368127815956,4,166,0.023952095808383235,44,0,0.9556692862436145,53,Male,Istanbul,2080.38,520.095,1054.8,10,2.5,21.9375,0.25,0.5,0.75,0.04217979399498208
CUST_02955,36.42857142857143,20.419411865976475,8,255,0.03125,129,0,0.5605328593651189,23,Female,Adana,7897.1,987.1375,4611.87,21,2.625,137.9025,0.25,0.5,0.75,0.13969938317640715
CUST_02956,61.8,32.07335342616983,6,309,0.01935483870967742,114,0,0.5189862929964975,55,Female,Istanbul,14186.330000000002,2364.388333333334,9665.52,24,4.0,247.0533333333333,0.16666666666666666,0.3333333333333333,0.5,0.10448932171837703
CUST_02957,32.0,33.40230958652838,9,256,0.03501945525291829,190,0,1.0438221419595701,46,Female,Istanbul,13581.45,1509.0500000000002,6939.0,33,3.6666666666666665,7.904444444444445,0.3333333333333333,0.4444444444444444,0.4444444444444444,0.005238026864057796
CUST_02958,103.5,56.6186070710563,5,414,0.012048192771084338,17,0,0.5470396765605471,32,Female,Istanbul,5130.2300000000005,1026.046,3054.46,14,2.8,116.096,0.6,0.8,0.6,0.11314892303741846
CUST_02959,77.0,67.75691846593969,4,231,0.017241379310344827,164,0,0.8799599686490873,48,Female,Gaziantep,10450.359999999999,2612.5899999999997,9671.96,8,2.0,44.9225,0.25,0.75,0.5,0.0171946229537759
CUST_02960,166.0,0.0,2,166,0.011976047904191617,64,1,0.0,21,Female,Adana,391.32,195.66,238.62,6,3.0,16.895,0.5,1.0,1.0,0.08634876783017087
CUST_02961,28.0,0.0,2,28,0.06896551724137931,354,1,0.0,25,Female,Gaziantep,2368.6,1184.3,2132.7,2,1.0,0.0,0.5,1.0,1.0,0.0
CUST_02962,32.4,32.84509095740184,6,162,0.03680981595092025,180,0,1.0137373439402622,27,Female,Istanbul,13577.400000000001,2262.9,8703.08,18,3.0,24.69,0.3333333333333333,0.3333333333333333,0.5,0.01091077820013665
CUST_02963,55.5,16.941074346097416,5,222,0.02242152466367713,78,0,0.3052445773126638,28,Female,Izmir,916.5,183.3,294.0,13,2.6,4.986,0.4,0.4,0.8,0.02720130918057114
CUST_02964,60.666666666666664,56.12783029240782,4,182,0.02185792349726776,81,0,0.9251840005586345,22,Male,Adana,5169.01,1292.2525,2127.4,15,3.75,109.7425,0.25,0.25,0.5,0.08492341853861886
CUST_02965,181.5,14.849242404917497,3,363,0.008241758241758242,59,0,0.0818140072898264,49,Male,Istanbul,3787.2499999999995,1262.4166666666665,2414.24,8,2.6666666666666665,69.09,0.6666666666666666,0.6666666666666666,0.6666666666666666,0.05472836486522276
CUST_02966,78.5,70.34439091593113,5,314,0.015873015873015872,27,0,0.8961068792334299,31,Female,Antalya,7980.0599999999995,1596.012,6346.61,16,3.2,163.74,0.2,0.6,0.6,0.10259321352057929
CUST_02967,50.714285714285715,36.42670396707287,8,355,0.02247191011235955,15,0,0.7182730218073209,39,Female,Istanbul,13696.39,1712.04875,6897.45,23,2.875,76.0925,0.375,0.375,0.625,0.04444528811200891
CUST_02968,319.0,0.0,2,319,0.00625,108,1,0.0,28,Female,Istanbul,5589.92,2794.96,4765.45,10,5.0,71.815,0.5,0.5,1.0,0.025694464312299832
CUST_02969,21.5,24.748737341529164,3,43,0.06818181818181818,241,0,1.151104008856984,18,Female,Izmir,7194.58,2398.193333333333,5496.54,11,3.6666666666666665,73.80666666666666,0.3333333333333333,0.6666666666666666,0.6666666666666666,0.03077594521260062
CUST_02970,94.0,55.154328932550705,3,188,0.015873015873015872,236,0,0.5867481738915163,38,Male,Antalya,4167.360000000001,1389.1200000000001,3236.8,13,4.333333333333333,40.693333333333335,0.3333333333333333,0.6666666666666666,0.6666666666666666,0.029294325403160997
CUST_02971,107.75,87.99763254391185,5,431,0.011574074074074073,11,0,0.8166833570972482,18,Male,Istanbul,1239.6,247.92,688.11,12,2.4,2.6399999999999997,0.4,0.4,0.6,0.010648596278442253
CUST_02972,52.5,29.760152329359247,5,210,0.023696682464454975,36,0,0.5668600335714136,34,Female,Istanbul,29448.94,5889.788,18121.8,19,3.8,175.22199999999998,0.4,0.8,0.6,0.029750137011765085
CUST_02973,234.0,0.0,2,234,0.00851063829787234,117,1,0.0,18,Male,Istanbul,1286.53,643.265,1228.53,4,2.0,3.885,0.5,0.5,0.5,0.0060395015957039454
CUST_02974,179.0,0.0,2,179,0.011111111111111112,86,1,0.0,58,Male,Istanbul,5370.07,2685.035,5192.79,10,5.0,72.94,0.5,0.5,1.0,0.02716538144673519
CUST_02975,123.0,0.0,2,123,0.016129032258064516,167,1,0.0,45,Male,Istanbul,363.81,181.905,269.55,6,3.0,4.645,0.5,0.5,0.5,0.025535306750582406
CUST_02976,65.8,60.20963378065008,6,329,0.01818181818181818,119,0,0.9150400131551683,36,Male,Ankara,2628.0699999999997,438.0116666666666,1391.84,15,2.5,0.0,0.3333333333333333,0.5,0.5,0.0
CUST_02977,89.0,110.42946466711983,5,356,0.014005602240896359,70,0,1.240780487936397,50,Female,Antalya,2804.3599999999997,560.872,1323.84,9,1.8,5.032,0.4,0.4,0.8,0.008971743982634641
CUST_02978,204.5,12.020815280171307,3,409,0.007317073170731708,40,0,0.058781492525133566,24,Male,Izmir,5741.17,1913.7233333333334,3338.29,8,2.6666666666666665,148.94666666666666,0.3333333333333333,0.6666666666666666,0.3333333333333333,0.07783082538341618
CUST_02979,45.0,26.870057685088806,3,90,0.03296703296703297,128,0,0.5971123797328095,41,Female,Adana,2409.4399999999996,803.1466666666665,1817.58,5,1.6666666666666667,244.66333333333333,0.3333333333333333,0.6666666666666666,1.0,0.30463095121111433
CUST_02980,56.8,62.64343541026466,6,284,0.021052631578947368,127,0,1.1028773645666778,37,Male,Adana,8510.22,1418.37,4401.02,19,3.1666666666666665,257.63,0.5,0.5,0.5,0.18163807738344856
CUST_02981,49.0,17.349351572897472,4,147,0.02702702702702703,14,0,0.35406839222100167,38,Female,Istanbul,3313.99,828.4975,1849.28,11,2.75,38.3525,0.5,0.25,0.5,0.0462916302749355
CUST_02982,73.0,52.81098370604357,6,365,0.01639344262295082,51,0,0.7234381230493897,50,Male,Istanbul,5072.3099999999995,845.3849999999999,1685.1,18,3.0,55.830000000000005,0.3333333333333333,0.3333333333333333,0.3333333333333333,0.06604091619079958
CUST_02983,62.333333333333336,47.584311139982546,7,374,0.018666666666666668,39,0,0.7633846584480944,43,Female,Konya,7408.41,1058.3442857142857,2630.22,19,2.7142857142857144,26.78857142857143,0.42857142857142855,0.7142857142857143,0.7142857142857143,0.025311774027465758
CUST_02984,105.33333333333333,62.002688113769175,4,316,0.012618296529968454,28,0,0.5886331094158488,38,Female,Istanbul,2983.0899999999997,745.7724999999999,2742.74,6,1.5,15.6425,0.5,0.5,0.5,0.020974895130921437
CUST_02985,26.666666666666668,22.810816147900834,4,80,0.04938271604938271,104,0,0.8554055734685722,18,Male,Istanbul,8932.43,2233.1075,5932.11,12,3.0,162.34,0.5,0.5,0.75,0.07269690327371302
CUST_02986,144.5,96.87362902255701,3,289,0.010344827586206896,102,0,0.6704057325408393,23,Female,Istanbul,10250.4,3416.7999999999997,8997.96,12,4.0,744.88,0.3333333333333333,0.6666666666666666,0.6666666666666666,0.21800515095469297
CUST_02987,113.0,60.654760736483,4,339,0.011764705882352941,58,0,0.5367677893780107,33,Female,Antalya,1990.1,497.525,887.41,6,1.5,31.0125,0.5,0.75,0.75,0.062333550952548014
CUST_02988,162.5,77.07463914933368,3,325,0.009202453987730062,65,0,0.4743054687694044,36,Male,Bursa,163.5,54.5,127.0,4,1.3333333333333333,3.2066666666666666,0.6666666666666666,0.6666666666666666,0.6666666666666666,0.05883791940970178
CUST_02989,62.666666666666664,16.041612554021285,4,188,0.021164021164021163,197,0,0.2559831749686933,21,Male,Eskisehir,9572.86,2393.215,9234.6,12,3.0,1.1075,0.25,0.25,0.75,0.00046276661291912066
CUST_02990,93.25,71.10731326663947,5,373,0.013368983957219251,75,0,0.7625449062101294,63,Female,Konya,988.56,197.712,368.85,10,2.0,11.406,0.4,0.6,0.8,0.05768997300270104
CUST_02991,199.0,0.0,2,199,0.01,50,1,0.0,53,Female,Izmir,2689.08,1344.54,2202.41,6,3.0,174.095,1.0,0.5,1.0,0.12948294574391023
CUST_02992,39.5,25.17273657484753,5,158,0.031446540880503145,215,0,0.6372844541155209,42,Male,Ankara,3452.99,690.598,1326.75,13,2.6,0.0,0.6,0.4,0.8,0.0
CUST_02993,12.0,0.0,2,12,0.15384615384615385,44,1,0.0,35,Male,Ankara,325.92999999999995,162.96499999999997,260.9,2,1.0,0.0,0.5,1.0,1.0,0.0
CUST_02994,58.4,46.97126781341973,6,292,0.020477815699658702,130,0,0.8043025172794044,32,Female,Istanbul,2510.8100000000004,418.4683333333334,1278.9,14,2.3333333333333335,12.103333333333333,0.5,0.5,0.6666666666666666,0.028922937150346845
CUST_02995,78.0,108.89444430272832,3,156,0.01910828025477707,165,0,1.3960826013672527,23,Female,Istanbul,3421.46,1140.4866666666667,2566.2,10,3.3333333333333335,48.81666666666666,0.6666666666666666,0.6666666666666666,0.6666666666666666,0.04280336460797141
CUST_02996,125.5,144.95689014324225,3,251,0.011904761904761904,35,0,1.1550349720175879,35,Female,Istanbul,1193.19,397.73,573.42,12,4.0,56.54999999999999,0.3333333333333333,0.6666666666666666,0.3333333333333333,0.14218188182389588
CUST_02997,4.0,0.0,2,4,0.4,64,1,0.0,38,Male,Istanbul,4279.51,2139.755,4202.0,5,2.5,319.78,0.5,0.5,0.5,0.1494470160605083
CUST_02998,51.0,61.15787532514283,9,408,0.022004889975550123,34,0,1.199174002469977,20,Female,Istanbul,12961.18,1440.131111111111,6092.47,26,2.888888888888889,72.68666666666667,0.2222222222222222,0.4444444444444444,0.5555555555555556,0.05047225634901681
CUST_02999,130.0,0.0,2,130,0.015267175572519083,219,1,0.0,39,Male,Ankara,541.93,270.965,421.52,6,3.0,45.725,0.5,1.0,1.0,0.1687487307632029
CUST_03000,80.33333333333333,46.45786621588785,4,241,0.01652892561983471,142,0,0.5783136801357781,33,Male,Eskisehir,13186.83,3296.7075,12175.17,14,3.5,4.695,0.25,0.5,0.5,0.0014241481837790743
CUST_03001,54.75,45.17650569340957,5,219,0.022727272727272728,85,0,0.8251416414295512,18,Female,Bursa,1861.94,372.38800000000003,1196.27,17,3.4,23.279999999999998,0.4,0.8,0.6,0.06251544071636185
CUST_03002,58.0,62.652480663843896,8,406,0.019656019656019656,27,0,1.080215165234978,24,Female,Eskisehir,4938.820000000001,617.3525000000001,2569.15,27,3.375,32.96125,0.25,0.5,0.625,0.05339129581010638
CUST_03003,129.0,25.15949125081825,4,387,0.010309278350515464,52,0,0.1950348143859181,30,Male,Ankara,861.5699999999999,215.39249999999998,336.99,10,2.5,20.5425,0.25,0.75,0.5,0.09537240110323061
CUST_03004,149.5,123.74368670764582,3,299,0.01,131,0,0.8277169624075509,57,Male,Izmir,3695.92,1231.9733333333334,2899.47,9,3.0,0.0,0.3333333333333333,0.6666666666666666,1.0,0.0
CUST_03005,399.0,0.0,2,399,0.005,28,1,0.0,41,Female,Ankara,187.99,93.995,114.64,6,3.0,0.0,0.5,1.0,0.5,0.0
CUST_03006,69.0,76.36753236814714,3,138,0.02158273381294964,308,0,1.1067758153821932,18,Female,Istanbul,1056.1799999999998,352.05999999999995,505.52,6,2.0,1.4433333333333334,0.3333333333333333,0.6666666666666666,0.6666666666666666,0.0040996799671466615
CUST_03007,57.5,45.96194077712559,3,115,0.02586206896551724,290,0,0.7993380865702175,40,Female,Istanbul,668.9200000000001,222.97333333333336,444.04,7,2.3333333333333335,0.0,0.6666666666666666,0.6666666666666666,0.6666666666666666,0.0
CUST_03008,96.25,97.38369131088291,5,385,0.012953367875647668,14,0,1.0117786005101748,18,Female,Kayseri,5429.29,1085.858,3838.65,11,2.2,0.0,0.4,0.6,0.6,0.0
CUST_03009,79.5,68.58935777509511,3,159,0.01875,280,0,0.8627592064444768,47,Male,Eskisehir,1995.9,665.3000000000001,1272.64,10,3.3333333333333335,0.0,0.6666666666666666,0.3333333333333333,0.6666666666666666,0.0
CUST_03010,52.875,63.23750582413212,9,423,0.02122641509433962,15,0,1.1959811750004907,29,Other,Istanbul,11854.17,1317.13,7655.8,24,2.6666666666666665,197.21666666666667,0.2222222222222222,0.5555555555555556,0.6666666666666666,0.14973211946955464
CUST_03011,21.0,0.0,2,21,0.09090909090909091,208,1,0.0,33,Female,Istanbul,1015.96,507.98,942.08,6,3.0,0.0,0.5,1.0,1.0,0.0
CUST_03012,30.0,39.59797974644666,3,60,0.04918032786885246,185,0,1.3199326142171348,50,Female,Izmir,4306.67,1435.5566666666666,3108.71,9,3.0,243.13666666666666,0.6666666666666666,0.6666666666666666,0.3333333333333333,0.1693675158514345
CUST_03013,61.0,49.54593827954013,7,366,0.01907356948228883,29,0,0.8122284830706827,19,Female,Istanbul,6032.13,861.7328571428571,5046.13,18,2.5714285714285716,59.19,0.42857142857142855,0.5714285714285714,0.5714285714285714,0.06868718007058697
CUST_03014,157.0,4.242640687119285,3,314,0.009523809523809525,60,0,0.02702318891780953,18,Female,Ankara,5968.77,1989.5900000000001,5501.0,10,3.3333333333333335,26.72,0.6666666666666666,0.6666666666666666,0.6666666666666666,0.01342990263650807
CUST_03015,135.66666666666666,50.33222956847167,4,407,0.00980392156862745,11,0,0.3709992324138018,27,Male,Istanbul,10382.4,2595.6,5447.84,12,3.0,211.7475,0.5,0.5,0.75,0.08157940357467276
CUST_03016,111.0,125.86103447850729,4,333,0.011976047904191617,109,0,1.133883183284902,47,Male,Izmir,1814.39,453.5975,960.4,10,2.5,45.0675,0.25,0.5,0.75,0.09935570610650256
CUST_03017,96.66666666666667,79.38723658960132,4,290,0.013745704467353952,94,0,0.8212472665691798,18,Female,Ankara,1781.82,445.455,1260.48,8,2.0,93.89,0.25,0.75,0.5,0.21077325383984186
CUST_03018,78.0,65.05382386916237,3,156,0.01910828025477707,283,0,0.8340233722453718,18,Male,Ankara,724.11,241.37,377.09,6,2.0,16.656666666666666,0.3333333333333333,0.6666666666666666,0.6666666666666666,0.06900885196030083
CUST_03019,44.0,32.26065715387708,10,396,0.02518891687657431,49,0,0.7331967368336442,29,Male,Istanbul,4553.58,455.358,1391.05,30,3.0,10.956,0.3,0.5,0.9,0.024060189951510262
CUST_03020,104.0,0.0,2,104,0.01904761904761905,183,1,0.0,41,Female,Izmir,8060.11,4030.055,7382.04,4,2.0,0.0,0.5,0.5,0.5,0.0
CUST_03021,83.0,0.0,2,83,0.023809523809523808,284,1,0.0,49,Female,Eskisehir,250.48000000000002,125.24000000000001,154.52,4,2.0,8.015,0.5,0.5,1.0,0.06399712500800762
CUST_03022,137.0,84.8528137423857,3,274,0.01090909090909091,172,0,0.6193635994381176,29,Male,Ankara,3029.62,1009.8733333333333,2715.24,10,3.3333333333333335,7.41,0.6666666666666666,0.6666666666666666,0.6666666666666666,0.0073375538773797835
CUST_03023,166.5,137.88582233137677,3,333,0.008982035928143712,66,0,0.8281430720914937,30,Female,Konya,3182.76,1060.92,1497.02,11,3.6666666666666665,70.92333333333333,0.3333333333333333,0.6666666666666666,0.6666666666666666,0.06685078353361473
CUST_03024,86.0,80.63187955145285,6,430,0.013921113689095127,18,0,0.9375799838822427,48,Female,Gaziantep,3459.06,576.51,1460.39,10,1.6666666666666667,127.87666666666667,0.16666666666666666,0.6666666666666666,0.5,0.22181170568568623
CUST_03025,33.333333333333336,23.544284515213736,4,100,0.039603960396039604,19,0,0.7063285142665566,18,Female,Kayseri,1543.76,385.94,550.04,10,2.5,63.01,0.5,0.5,0.5,0.16326371932615505
CUST_03026,68.75,42.35071821508265,5,275,0.018115942028985508,22,0,0.6160104378046868,30,Female,Gaziantep,2785.87,557.174,1099.8,16,3.2,2.9219999999999997,0.4,0.4,0.6,0.0052443222310367636
CUST_03027,102.0,87.01723967122837,4,306,0.013029315960912053,47,0,0.8531101844913548,37,Male,Antalya,7240.259999999999,1810.0649999999998,5730.15,11,2.75,0.0,0.25,0.25,0.5,0.0
CUST_03028,32.0,36.76955262170047,3,64,0.046153846153846156,278,0,1.1490484835203747,40,Male,Konya,891.01,297.00333333333333,342.7,9,3.0,17.233333333333334,0.6666666666666666,0.6666666666666666,0.6666666666666666,0.058024039938864756
CUST_03029,96.5,101.1162697096763,3,193,0.015463917525773196,191,0,1.0478369809517027,28,Male,Istanbul,2750.3199999999997,916.7733333333332,1693.77,11,3.6666666666666665,0.0,0.3333333333333333,0.6666666666666666,0.6666666666666666,0.0
CUST_03030,143.0,104.65180361560904,3,286,0.010452961672473868,26,0,0.7318307893970507,35,Female,Izmir,1643.01,547.67,944.21,9,3.0,111.94333333333334,0.6666666666666666,1.0,0.6666666666666666,0.20439924247984026
CUST_03031,69.4,70.33704571561134,6,347,0.017241379310344827,72,0,1.013502085044802,18,Female,Eskisehir,6546.78,1091.1299999999999,3360.87,21,3.5,68.29166666666667,0.5,0.5,0.5,0.06258802031295872
CUST_03032,50.25,40.27317434010598,9,402,0.022332506203473945,46,0,0.8014561898238765,27,Female,Adana,10143.75,1127.0833333333333,5500.9,24,2.6666666666666665,64.35444444444444,0.2222222222222222,0.5555555555555556,0.4444444444444444,0.05709821313479887
CUST_03033,137.0,0.0,2,137,0.014492753623188406,200,1,0.0,40,Female,Eskisehir,357.84000000000003,178.92000000000002,264.18,5,2.5,0.0,1.0,1.0,0.5,0.0
CUST_03034,95.66666666666667,109.20317455703078,4,287,0.013888888888888888,43,0,1.141496586225096,23,Female,Adana,3351.8999999999996,837.9749999999999,2578.96,9,2.25,0.0,0.5,1.0,0.75,0.0
CUST_03035,154.0,0.0,2,154,0.012903225806451613,162,1,0.0,35,Female,Konya,3537.65,1768.825,3128.0,7,3.5,27.245,1.0,0.5,1.0,0.015402880434524115
CUST_03036,154.0,0.0,2,154,0.012903225806451613,143,1,0.0,40,Male,Adana,523.8,261.9,420.8,7,3.5,0.0,1.0,0.5,0.5,0.0
CUST_03037,155.5,4.949747468305833,3,311,0.009615384615384616,48,0,0.03183117322491742,30,Male,Adana,6100.360000000001,2033.4533333333336,5634.6,9,3.0,1.42,0.6666666666666666,0.6666666666666666,0.6666666666666666,0.0006983194430992664
CUST_03038,6.0,8.660254037844387,4,18,0.21052631578947367,15,0,1.4433754324114925,37,Female,Bursa,1522.71,380.6775,985.44,10,2.5,8.190000000000001,0.25,0.5,0.75,0.021514273836740358
CUST_03039,67.8,21.498837177856853,6,339,0.01764705882352941,103,0,0.3170919890968269,23,Male,Kayseri,1797.5700000000002,299.595,780.88,15,2.5,11.13,0.5,0.5,0.5,0.03715015258215206
CUST_03040,28.166666666666668,16.117278513032733,7,169,0.041176470588235294,186,0,0.5722110511534325,32,Male,Gaziantep,9735.4,1390.7714285714285,4703.2,20,2.857142857142857,10.411428571428571,0.2857142857142857,0.42857142857142855,0.7142857142857143,0.007486081716991333
CUST_03041,44.5,21.097393203900808,7,267,0.026119402985074626,14,0,0.4740987130292606,42,Female,Gaziantep,28649.37,4092.7671428571425,17081.46,27,3.857142857142857,90.19571428571429,0.2857142857142857,0.5714285714285714,0.5714285714285714,0.022037831891093426
CUST_03042,15.0,0.0,2,15,0.125,106,1,0.0,36,Male,Antalya,343.35,171.675,289.1,3,1.5,7.585,1.0,0.5,0.5,0.04418232098918118
CUST_03043,155.0,0.0,2,155,0.01282051282051282,239,1,0.0,27,Female,Ankara,543.9,271.95,397.89,6,3.0,0.0,0.5,0.5,1.0,0.0
CUST_03044,56.714285714285715,60.11298885075861,8,397,0.020100502512562814,7,0,1.0599267368660532,37,Male,Istanbul,6520.88,815.11,3057.96,25,3.125,63.892500000000005,0.25,0.375,0.5,0.07838512583775795
CUST_03045,45.77777777777778,43.335256367586474,10,412,0.024213075060532687,23,0,0.9466439290982596,43,Male,Kayseri,8237.460000000001,823.7460000000001,1706.92,28,2.8,60.613,0.3,0.4,0.6,0.07358214780577732
CUST_03046,90.33333333333333,93.15220519844569,4,271,0.014705882352941176,22,0,1.031205212183474,18,Male,Bursa,7316.92,1829.23,3580.65,16,4.0,58.86,0.25,0.25,0.5,0.03217747356418959
CUST_03047,86.0,122.62408681277374,5,344,0.014492753623188406,43,0,1.425861457987352,48,Female,Ankara,9747.08,1949.416,4413.22,13,2.6,21.218,0.4,0.4,0.8,0.010884285339360976
CUST_03048,158.0,0.0,2,158,0.012578616352201259,79,1,0.0,30,Male,Istanbul,2506.7,1253.35,1742.01,8,4.0,134.415,0.5,0.5,0.5,0.10724458442793745
CUST_03049,78.8,48.06453994370486,6,394,0.015189873417721518,4,0,0.6099560829155937,40,Female,Gaziantep,20107.61,3351.2683333333334,17534.91,17,2.8333333333333335,0.0,0.3333333333333333,0.5,0.6666666666666666,0.0
CUST_03050,55.0,41.97618372363071,6,275,0.021739130434782608,98,0,0.7632033265532252,49,Female,Gaziantep,2783.6900000000005,463.94833333333344,1985.64,12,2.0,9.761666666666665,0.3333333333333333,0.3333333333333333,0.5,0.02104041752988209
CUST_03051,98.0,137.17871555019022,3,196,0.015228426395939087,128,0,1.399782797453137,18,Female,Gaziantep,5205.51,1735.17,4822.08,5,1.6666666666666667,346.50666666666666,0.3333333333333333,0.6666666666666666,0.6666666666666666,0.19969609114206133
CUST_03052,60.714285714285715,58.89457894043753,8,425,0.018779342723004695,12,0,0.9700283430420338,26,Male,Antalya,11338.829999999998,1417.3537499999998,5082.87,14,1.75,234.34875,0.25,0.375,0.625,0.16534245585102347
CUST_03053,57.0,26.166135875720485,5,228,0.021834061135371178,68,0,0.45905500730992066,31,Male,Ankara,10220.49,2044.098,3360.54,16,3.2,106.74000000000001,0.4,0.6,0.6,0.052218631370796006
CUST_03054,48.0,33.441491194821644,8,336,0.02373887240356083,85,0,0.6966977187109151,25,Female,Ankara,27087.09,3385.88625,11992.53,23,2.875,90.86125,0.25,0.375,0.5,0.026835293115108256
CUST_03055,79.66666666666667,110.11963191608176,4,239,0.016666666666666666,105,0,1.382254776575234,55,Female,Istanbul,1183.58,295.895,729.25,12,3.0,1.1375,0.5,0.5,0.5,0.0038442690689458455
CUST_03056,96.0,134.35028842544403,3,192,0.015544041450777202,115,0,1.3994821565204363,24,Other,Gaziantep,1729.25,576.4166666666666,1393.46,5,1.6666666666666667,52.42666666666667,0.6666666666666666,0.3333333333333333,0.6666666666666666,0.09095272501208145
CUST_03057,47.375,30.895850391736612,9,379,0.02368421052631579,50,0,0.6521551396217725,28,Male,Istanbul,13061.0,1451.2222222222222,4894.68,29,3.2222222222222223,0.0,0.3333333333333333,0.3333333333333333,0.5555555555555556,0.0
CUST_03058,84.5,96.49352309870336,5,338,0.014749262536873156,53,0,1.1419351710860142,37,Female,Antalya,3546.75,709.35,1573.2,10,2.0,4.997999999999999,0.8,0.6,0.6,0.007045887069787992
CUST_03059,3.0,4.242640687119285,3,6,0.42857142857142855,148,0,1.4142130909687312,20,Male,Izmir,2504.98,834.9933333333333,2040.6,7,2.3333333333333335,18.296666666666667,0.3333333333333333,0.6666666666666666,0.6666666666666666,0.021912350571367017
CUST_03060,86.8,89.32356911812246,6,434,0.013793103448275862,9,0,1.029073365081211,30,Male,Bursa,5231.44,871.9066666666666,1816.85,17,2.8333333333333335,55.94,0.5,0.3333333333333333,0.5,0.06415824316345987
CUST_03061,84.0,0.0,2,84,0.023529411764705882,250,1,0.0,38,Male,Kayseri,5615.34,2807.67,5581.34,3,1.5,0.64,0.5,0.5,0.5,0.00022794701648414984
CUST_03062,102.0,0.0,2,102,0.019417475728155338,81,1,0.0,31,Male,Istanbul,6193.85,3096.925,6096.09,5,2.5,0.0,0.5,1.0,0.5,0.0
CUST_03063,122.0,137.22609081366414,4,366,0.010899182561307902,74,0,1.124804013843116,33,Female,Adana,7162.070000000001,1790.5175000000002,5256.7,19,4.75,44.290000000000006,0.25,0.5,0.75,0.024735865455246392
CUST_03064,86.0,0.0,2,86,0.022988505747126436,66,1,0.0,28,Male,Istanbul,308.05,154.025,263.51,3,1.5,0.92,0.5,0.5,0.5,0.005973056283245861
CUST_03065,69.0,84.8528137423857,3,138,0.02158273381294964,67,0,1.2297509059802145,18,Female,Istanbul,12566.119999999999,4188.706666666666,11225.38,9,3.0,150.25,0.3333333333333333,0.6666666666666666,0.6666666666666666,0.035870260660600825
CUST_03066,97.33333333333333,37.43438704364389,4,292,0.013651877133105802,71,0,0.38459986293538384,38,Male,Izmir,2546.38,636.595,818.3,11,2.75,38.2325,0.5,0.25,0.5,0.06005780745991123
CUST_03067,18.75,14.660036380127666,5,75,0.06578947368421052,107,0,0.7818685652404853,56,Female,Istanbul,11638.279999999999,2327.656,6679.8,16,3.2,34.962,0.2,0.4,0.4,0.015020260719358764
CUST_03068,151.5,127.9863273947651,3,303,0.009868421052631578,128,0,0.8447942346532731,35,Male,Gaziantep,7375.41,2458.47,6932.12,6,2.0,0.0,0.3333333333333333,0.3333333333333333,0.6666666666666666,0.0
CUST_03069,95.25,112.96422737604443,5,381,0.013089005235602094,20,0,1.1859761279797199,37,Male,Bursa,3851.6400000000003,770.3280000000001,1578.48,21,4.2,67.788,0.4,0.4,0.8,0.08799887828561484
CUST_03070,77.0,66.07949757678247,6,385,0.015544041450777202,5,0,0.8581752820598336,43,Male,Istanbul,2063.41,343.90166666666664,663.57,20,3.3333333333333335,6.366666666666667,0.5,0.5,0.8333333333333334,0.018513043887992083
CUST_03071,104.66666666666667,59.36609582357032,4,314,0.012698412698412698,54,0,0.5671919928953343,19,Male,Istanbul,2124.55,531.1375,1447.74,9,2.25,7.62,0.25,0.75,1.0,0.014346567481402521
CUST_03072,136.66666666666666,87.68884383622203,4,410,0.009732360097323601,20,0,0.6416256819116807,55,Female,Bursa,1705.71,426.4275,578.04,12,3.0,53.735,0.5,0.5,0.75,0.12601204161079657
CUST_03073,101.25,85.86568969423507,5,405,0.012315270935960592,13,0,0.8480561861351001,37,Male,Gaziantep,1557.37,311.474,565.51,15,3.0,10.306000000000001,0.4,0.4,0.6,0.033087833870281844
CUST_03074,58.0,0.0,2,58,0.03389830508474576,317,1,0.0,54,Female,Izmir,1879.0,939.5,1826.8,7,3.5,0.0,0.5,0.5,1.0,0.0
CUST_03075,93.0,37.15732319027659,5,372,0.013404825737265416,30,0,0.3995411052767257,26,Male,Bursa,13031.35,2606.27,9490.34,19,3.8,165.762,0.4,0.4,0.8,0.06360123852724345
CUST_03076,111.0,0.0,2,111,0.017857142857142856,102,1,0.0,56,Female,Gaziantep,646.37,323.185,575.16,4,2.0,0.0,0.5,0.5,0.5,0.0
CUST_03077,97.25,111.86114904946518,5,389,0.01282051282051282,26,0,1.1502431660588384,44,Female,Bursa,4029.0,805.8,1820.87,13,2.6,62.217999999999996,0.4,0.4,0.4,0.07721270777213612
CUST_03078,69.66666666666667,32.54944956011801,7,418,0.016706443914081145,16,0,0.46721697262537376,41,Male,Istanbul,8601.58,1228.797142857143,3403.24,21,3.0,74.77999999999999,0.2857142857142857,0.2857142857142857,0.42857142857142855,0.06085626124200507
CUST_03079,116.66666666666667,84.5596436447868,4,350,0.011396011396011397,44,0,0.7247969393141989,37,Male,Bursa,2048.74,512.185,751.8,10,2.5,6.92,0.25,0.25,0.5,0.013510743162117707
CUST_03080,67.5,83.19655441583303,5,270,0.01845018450184502,37,0,1.2325415286413557,32,Male,Antalya,4569.11,913.8219999999999,3072.41,14,2.8,138.134,0.4,0.4,0.6,0.15116072916699233
CUST_03081,64.66666666666667,90.85336170628655,4,194,0.020512820512820513,225,0,1.4049488706392423,49,Female,Adana,12009.529999999999,3002.3824999999997,11682.33,7,1.75,335.41499999999996,0.5,1.0,1.0,0.11171627861815865
CUST_03082,78.0,22.627416997969522,3,156,0.01910828025477707,291,0,0.29009508599839023,36,Male,Antalya,2053.12,684.3733333333333,1938.66,4,1.3333333333333333,2.3366666666666664,0.6666666666666666,0.3333333333333333,0.6666666666666666,0.0034143157680783646
CUST_03083,99.5,98.6086541164956,5,398,0.012531328320802004,43,0,0.9910417399543102,18,Female,Eskisehir,1990.98,398.196,1334.58,15,3.0,64.37,0.4,0.4,0.8,0.1616540594037759
CUST_03084,130.5,62.932503525602726,3,261,0.011450381679389313,139,0,0.48224140263112125,21,Female,Istanbul,29481.059999999998,9827.019999999999,29045.35,9,3.0,38.75,0.3333333333333333,0.6666666666666666,0.6666666666666666,0.003943209639957667
CUST_03085,37.42857142857143,39.7988992429738,8,262,0.030418250950570342,95,0,1.0633293406775237,32,Female,Kayseri,2760.29,345.03625,1324.52,21,2.625,0.405,0.5,0.625,0.625,0.0011737897070995013
CUST_03086,91.66666666666667,104.30883631473095,4,275,0.014492753623188406,24,0,1.1379145655652696,38,Female,Bursa,1265.71,316.4275,719.64,8,2.0,3.2975,0.25,0.5,0.75,0.010421028480707181
CUST_03087,50.666666666666664,63.87748690527308,4,152,0.026143790849673203,250,0,1.2607398482473666,34,Female,Antalya,3616.11,904.0275,2816.52,13,3.25,201.3075,0.5,0.5,0.75,0.22267851340509165
CUST_03088,46.75,21.97888597202844,9,374,0.024,61,0,0.47013658827576155,49,Male,Istanbul,18609.33,2067.7033333333334,8581.32,34,3.7777777777777777,71.10777777777778,0.2222222222222222,0.3333333333333333,0.6666666666666666,0.034389738893903884
CUST_03089,108.5,94.04520189781083,3,217,0.013761467889908258,55,0,0.8667760463689842,18,Female,Ankara,1815.88,605.2933333333334,1259.22,10,3.3333333333333335,88.47666666666665,0.3333333333333333,0.6666666666666666,1.0,0.14617155294484505
CUST_03090,20.0,0.0,2,20,0.09523809523809523,326,1,0.0,36,Female,Adana,1095.3200000000002,547.6600000000001,943.2,6,3.0,0.0,0.5,1.0,1.0,0.0
CUST_03091,141.0,0.0,2,141,0.014084507042253521,240,1,0.0,18,Male,Adana,244.43,122.215,148.17,2,1.0,6.57,0.5,0.5,0.5,0.053757721607349984
CUST_03092,64.0,43.0,4,192,0.02072538860103627,194,0,0.6718749895019533,44,Female,Istanbul,4543.700000000001,1135.9250000000002,2518.88,7,1.75,187.97500000000002,0.25,0.5,1.0,0.16548187585845728
CUST_03093,132.0,39.1279950930277,4,396,0.010075566750629723,54,0,0.29642420300457195,33,Male,Bursa,4104.51,1026.1275,3415.76,14,3.5,218.6975,0.5,0.75,0.5,0.21312897255640356
CUST_03094,59.0,40.60377650744653,5,236,0.02109704641350211,78,0,0.6881995901567278,40,Female,Istanbul,2666.32,533.264,1675.24,15,3.0,76.69399999999999,0.4,0.4,0.8,0.14381994632335962
CUST_03095,77.6,61.86921690146078,6,388,0.015424164524421594,7,0,0.7972837126826943,24,Female,Eskisehir,3537.4900000000002,589.5816666666667,1484.38,20,3.3333333333333335,25.005,0.5,0.6666666666666666,0.5,0.042411427239520516
CUST_03096,148.33333333333334,76.9696910045333,4,445,0.008968609865470852,4,0,0.5188967897908079,50,Male,Konya,1203.92,300.98,734.65,11,2.75,44.885,0.5,0.5,0.75,0.14912950977098308
CUST_03097,49.0,31.09126351029605,8,343,0.023255813953488372,16,0,0.6345155688934793,47,Female,Istanbul,4108.0,513.5,1521.8,19,2.375,1.42625,0.375,0.5,0.625,0.002777507297414786
CUST_03098,83.0,54.41200847852123,5,332,0.015015015015015015,74,0,0.6555663593127093,42,Male,Konya,10003.06,2000.6119999999999,4581.04,15,3.0,163.70999999999998,0.4,0.6,0.8,0.08182995999132767
CUST_03099,125.0,57.982756057296896,3,250,0.01195219123505976,78,0,0.46386204474747883,33,Male,Kayseri,3868.84,1289.6133333333335,3318.03,13,4.333333333333333,94.21666666666665,0.3333333333333333,0.6666666666666666,0.6666666666666666,0.07305807419816422
CUST_03100,102.0,88.89319434017432,5,408,0.012224938875305624,11,0,0.8715018967516904,41,Male,Ankara,2140.3900000000003,428.0780000000001,1194.68,13,2.6,44.974000000000004,0.4,0.6,0.8,0.10506029250496335
CUST_03101,70.25,50.979571071819215,5,281,0.01773049645390071,89,0,0.7256878341086318,26,Female,Adana,1150.26,230.052,456.1,13,2.6,20.438,0.6,0.4,0.8,0.08884078343661092
CUST_03102,97.66666666666667,111.13205358191368,4,293,0.013605442176870748,87,0,1.1378708441369574,45,Male,Izmir,3850.31,962.5775,2010.45,14,3.5,5.665,0.25,0.75,0.75,0.00588524040309976
CUST_03103,42.25,31.711872495058646,9,338,0.02654867256637168,100,0,0.7505768460232379,54,Male,Antalya,6505.46,722.8288888888889,2173.0,35,3.888888888888889,14.815555555555555,0.2222222222222222,0.4444444444444444,0.4444444444444444,0.02049662895714221
CUST_03104,39.833333333333336,46.87607776538761,7,239,0.029166666666666667,122,0,1.1768052700062512,47,Female,Ankara,3667.91,523.9871428571429,1545.24,22,3.142857142857143,10.569999999999999,0.5714285714285714,0.5714285714285714,0.7142857142857143,0.02017225064377104
CUST_03105,8.6,7.092249290598858,6,43,0.13636363636363635,162,0,0.8246800541766052,26,Male,Ankara,3008.36,501.3933333333334,1863.16,16,2.6666666666666665,17.459999999999997,0.3333333333333333,0.6666666666666666,0.6666666666666666,0.03482295994863056
CUST_03106,106.0,147.07821048680188,3,212,0.014084507042253521,72,0,1.3875302745214302,39,Male,Izmir,1042.2,347.40000000000003,465.16,11,3.6666666666666665,12.06,0.6666666666666666,0.6666666666666666,0.6666666666666666,0.03471502580680764
CUST_03107,218.5,164.75588001646557,3,437,0.00684931506849315,9,0,0.7540314840386,19,Male,Istanbul,302.14,100.71333333333332,178.58,10,3.3333333333333335,8.44,0.3333333333333333,0.6666666666666666,0.6666666666666666,0.08380221006352476
CUST_03108,53.5,50.204581464244875,3,107,0.027777777777777776,206,0,0.9384033743147945,41,Male,Gaziantep,12989.68,4329.893333333333,11757.4,9,3.0,0.0,0.3333333333333333,0.6666666666666666,0.3333333333333333,0.0
CUST_03109,52.5,19.091883092036785,3,105,0.02830188679245283,76,0,0.36365490911203574,40,Male,Ankara,4204.879999999999,1401.6266666666663,2696.56,11,3.6666666666666665,140.15666666666667,0.3333333333333333,0.6666666666666666,1.0,0.09999571918818442
CUST_03110,225.0,0.0,2,225,0.008849557522123894,33,1,0.0,18,Male,Izmir,204.35,102.175,143.32,5,2.5,10.16,1.0,1.0,1.0,0.09943723905615622
CUST_03111,44.333333333333336,42.89910643980051,4,133,0.029850746268656716,290,0,0.9676489956124402,21,Female,Konya,1916.6399999999999,479.15999999999997,1414.96,8,2.0,18.2075,0.25,0.25,0.5,0.0379987894690734
CUST_03112,126.0,41.012193308819754,3,252,0.011857707509881422,110,0,0.32549359510576314,31,Female,Izmir,697.27,232.42333333333332,338.68,10,3.3333333333333335,0.0,0.3333333333333333,0.6666666666666666,1.0,0.0
CUST_03113,69.5,13.546217184144068,7,417,0.01674641148325359,10,0,0.19490959696740245,31,Male,Bursa,15109.18,2158.4542857142856,9661.4,22,3.142857142857143,0.0,0.14285714285714285,0.42857142857142855,0.5714285714285714,0.0
CUST_03114,175.5,3.5355339059327378,3,351,0.008522727272727272,5,0,0.020145492226707952,20,Male,Kayseri,1939.55,646.5166666666667,1222.8,5,1.6666666666666667,137.83333333333334,0.6666666666666666,1.0,0.6666666666666666,0.21319378173309206
CUST_03115,65.5,67.17514421272202,3,131,0.022727272727272728,144,0,1.0255747051472872,39,Male,Konya,1067.61,355.86999999999995,671.8,5,1.6666666666666667,5.57,0.3333333333333333,0.6666666666666666,0.6666666666666666,0.01565178291046792
CUST_03116,64.4,33.70163200796068,6,322,0.018575851393188854,70,0,0.5233172590783141,38,Female,Istanbul,10161.86,1693.6433333333334,8105.46,17,2.8333333333333335,13.21,0.3333333333333333,0.6666666666666666,0.6666666666666666,0.007799753190183832
CUST_03117,34.0,45.909330932465856,8,238,0.03347280334728033,33,0,1.3502743994762194,32,Male,Izmir,5938.46,742.3075,2560.08,21,2.625,5.1175,0.25,0.375,0.75,0.006894043227511451
CUST_03118,31.22222222222222,35.860067546568345,10,281,0.03546099290780142,98,0,1.1485430518940485,25,Male,Eskisehir,6335.25,633.525,1695.92,31,3.1,50.548,0.2,0.6,0.5,0.07978848493778702
CUST_03119,55.0,49.49747468305833,3,110,0.02702702702702703,55,0,0.8999540687837139,47,Female,Ankara,1435.37,478.45666666666665,810.96,9,3.0,11.503333333333332,0.3333333333333333,0.3333333333333333,0.6666666666666666,0.024042581305079705
CUST_03120,408.0,0.0,2,408,0.004889975550122249,6,1,0.0,54,Male,Ankara,441.65999999999997,220.82999999999998,225.45,5,2.5,21.380000000000003,0.5,0.5,0.5,0.09681655528317461
CUST_03121,87.0,65.87108622149782,4,261,0.015267175572519083,81,0,0.7571389133834358,29,Male,Istanbul,3273.5,818.375,1907.08,8,2.0,0.0,0.5,0.5,0.5,0.0
CUST_03122,44.666666666666664,40.09322469777988,7,268,0.026022304832713755,102,0,0.8976094880635164,27,Female,Istanbul,5801.37,828.7671428571429,3084.87,18,2.5714285714285716,18.964285714285715,0.2857142857142857,0.42857142857142855,0.5714285714285714,0.02288252599641504
CUST_03123,32.44444444444444,29.82914309492946,10,292,0.034129692832764506,121,0,0.9193913684241194,40,Female,Adana,35115.2,3511.5199999999995,13080.64,29,2.9,105.33600000000001,0.4,0.4,0.5,0.029997266132615722
CUST_03124,94.25,60.999316936066315,5,377,0.013227513227513227,39,0,0.6472075998817901,30,Male,Adana,1846.42,369.284,1114.5,10,2.0,2.16,0.4,0.4,0.8,0.0058491567307298546
CUST_03125,316.0,0.0,2,316,0.006309148264984227,96,1,0.0,33,Female,Eskisehir,2254.45,1127.225,1604.04,7,3.5,12.25,0.5,0.5,1.0,0.01086739558573719
CUST_03126,213.0,0.0,2,213,0.009345794392523364,102,1,0.0,43,Male,Adana,265.21,132.605,181.42,3,1.5,0.0,0.5,1.0,0.5,0.0
CUST_03127,73.5,43.162483709814474,5,294,0.01694915254237288,27,0,0.5872446683342831,18,Female,Istanbul,9432.640000000001,1886.5280000000002,4450.68,19,3.8,0.0,0.2,0.6,0.6,0.0
CUST_03128,64.5,48.79036790187178,3,129,0.023076923076923078,104,0,0.7564398007043719,50,Female,Istanbul,27526.82,9175.606666666667,26363.5,9,3.0,0.0,0.3333333333333333,0.3333333333333333,1.0,0.0
CUST_03129,62.0,68.78468821862415,5,248,0.020080321285140562,104,0,1.10943043724506,35,Female,Eskisehir,5910.37,1182.074,4361.24,11,2.2,48.924,0.4,0.4,0.6,0.04138827176522935
CUST_03130,30.5,36.062445840513924,3,61,0.04838709677419355,263,0,1.1823752346930718,30,Female,Ankara,2977.64,992.5466666666666,2346.2,12,4.0,0.0,0.3333333333333333,0.6666666666666666,0.6666666666666666,0.0
CUST_03131,111.0,0.0,2,111,0.017857142857142856,308,1,0.0,33,Female,Ankara,1156.1599999999999,578.0799999999999,669.41,6,3.0,56.755,0.5,0.5,1.0,0.09817845263946436
CUST_03132,93.33333333333333,61.25629219380923,4,280,0.014234875444839857,165,0,0.6563174093302696,34,Female,Konya,4647.61,1161.9025,2510.13,14,3.5,105.61999999999999,0.25,0.5,0.75,0.09090263590025613
CUST_03133,62.833333333333336,36.82616823220503,7,377,0.018518518518518517,38,0,0.5860928537842787,18,Female,Bursa,8890.75,1270.107142857143,4611.78,25,3.5714285714285716,85.93571428571428,0.2857142857142857,0.42857142857142855,0.5714285714285714,0.06766020859054393
CUST_03134,143.33333333333334,59.54270176380421,4,430,0.009280742459396751,11,0,0.4154141954538838,52,Male,Istanbul,457.80999999999995,114.45249999999999,229.1,9,2.25,2.205,0.25,0.25,0.75,0.019265634046738745
CUST_03135,34.4,30.973824074172338,11,344,0.03188405797101449,105,0,0.900401836446817,35,Male,Konya,24437.260000000002,2221.5690909090913,7598.19,40,3.6363636363636362,204.0845454545455,0.2727272727272727,0.45454545454545453,0.5454545454545454,0.09186504538518167
CUST_03136,134.5,68.58935777509511,3,269,0.011111111111111112,56,0,0.5099580465809447,40,Female,Eskisehir,2008.1999999999998,669.4,1877.61,5,1.6666666666666667,2.1733333333333333,0.3333333333333333,0.6666666666666666,1.0,0.0032466885719848295
CUST_03137,43.7,48.57537098846149,11,437,0.02511415525114155,5,0,1.1115645280754454,46,Female,Istanbul,4790.34,435.48545454545456,1800.4,35,3.1818181818181817,45.015454545454546,0.2727272727272727,0.45454545454545453,0.45454545454545453,0.10336844542620087
CUST_03138,23.333333333333332,16.862186493255653,4,70,0.056338028169014086,20,0,0.7226651044538807,22,Male,Konya,3939.77,984.9425,2878.35,9,2.25,59.339999999999996,0.25,0.75,0.75,0.06024717172804791
CUST_03139,158.5,173.24116139070415,3,317,0.009433962264150943,27,0,1.0930041659160883,40,Female,Ankara,1950.92,650.3066666666667,977.48,10,3.3333333333333335,41.300000000000004,0.6666666666666666,0.3333333333333333,0.6666666666666666,0.06350849845686882
CUST_03140,40.888888888888886,22.662989897873384,10,368,0.02710027100271003,10,0,0.5542578915558137,31,Female,Bursa,8927.86,892.7860000000001,2421.19,28,2.8,27.488,0.3,0.4,0.6,0.030789013234090796
CUST_03141,73.0,55.62823024328565,6,365,0.01639344262295082,10,0,0.7620305408391111,45,Female,Kayseri,9408.0,1568.0,7333.83,19,3.1666666666666665,35.335,0.3333333333333333,0.3333333333333333,0.5,0.022535076516240385
CUST_03142,102.75,72.01562330494683,5,411,0.012135922330097087,23,0,0.7008819718157164,18,Female,Eskisehir,3596.9900000000002,719.398,1460.68,15,3.0,5.386,0.4,0.6,0.6,0.007486815354662071
CUST_03143,80.66666666666667,38.083242158898884,4,242,0.01646090534979424,83,0,0.47210630190238734,33,Male,Ankara,4189.86,1047.465,2097.52,12,3.0,25.35,0.5,0.5,1.0,0.02420128593871749
CUST_03144,64.5,44.54772721475249,3,129,0.023076923076923078,76,0,0.6906624267300786,27,Male,Istanbul,4436.64,1478.88,3840.52,11,3.6666666666666665,319.93666666666667,0.3333333333333333,0.6666666666666666,0.6666666666666666,0.21633713786806874
CUST_03145,64.25,51.53882032022076,5,257,0.01937984496124031,168,0,0.8021606150670839,40,Male,Istanbul,6394.38,1278.876,4922.16,12,2.4,0.0,0.4,0.6,0.8,0.0
CUST_03146,159.5,125.15790027001891,3,319,0.009375,93,0,0.7846890249863943,40,Male,Bursa,6707.96,2235.9866666666667,4054.88,10,3.3333333333333335,48.64000000000001,0.3333333333333333,0.6666666666666666,1.0,0.021753260295937996
CUST_03147,100.0,71.42128534267638,4,300,0.013289036544850499,22,0,0.7142128462846354,26,Female,Istanbul,9523.96,2380.99,8521.88,11,2.75,1.26,0.5,0.5,0.5,0.0005291916385498505
CUST_03148,222.0,0.0,2,222,0.008968609865470852,81,1,0.0,26,Female,Izmir,127.93,63.965,74.93,2,1.0,3.83,0.5,1.0,1.0,0.05987649402209812
CUST_03149,36.666666666666664,34.84632931409946,7,220,0.03167420814479638,196,0,0.9503544099203196,33,Female,Istanbul,39936.3,5705.185714285714,28638.86,17,2.4285714285714284,646.9357142857143,0.2857142857142857,0.42857142857142855,0.5714285714285714,0.11339433045139985
CUST_03150,57.5,44.15502991355194,5,230,0.021645021645021644,185,0,0.7679135503589286,24,Female,Izmir,4113.55,822.71,3283.29,14,2.8,0.0,0.6,0.6,0.4,0.0
CUST_03151,35.5,27.85498160114273,7,213,0.03271028037383177,175,0,0.7846473469435319,45,Male,Istanbul,9446.97,1349.5671428571427,4265.9,21,3.0,88.26571428571428,0.2857142857142857,0.42857142857142855,0.5714285714285714,0.06540298101319038
CUST_03152,8.0,0.0,2,8,0.2222222222222222,157,1,0.0,30,Male,Gaziantep,355.73,177.865,326.37,4,2.0,26.355,0.5,0.5,0.5,0.14817417621131657
CUST_03153,48.8,27.13300573102803,6,244,0.024489795918367346,104,0,0.556004204406226,18,Male,Istanbul,1325.47,220.91166666666666,506.28,14,2.3333333333333335,16.495,0.3333333333333333,0.5,0.3333333333333333,0.07466785332900246
CUST_03154,98.5,54.738773582656506,5,394,0.012658227848101266,41,0,0.5557235840297758,30,Male,Ankara,9462.01,1892.402,7912.12,14,2.8,465.9440000000001,0.4,0.6,0.4,0.24621829809616652
CUST_03155,85.0,32.449961479175904,4,255,0.015625,122,0,0.381764248204843,22,Female,Konya,1443.7099999999998,360.92749999999995,1135.62,12,3.0,53.69499999999999,0.25,0.25,0.75,0.14876948930527742
CUST_03156,78.0,0.0,2,78,0.02531645569620253,248,1,0.0,18,Male,Adana,232.2,116.1,125.95,6,3.0,0.0,0.5,0.5,1.0,0.0
CUST_03157,67.2,81.26007629826591,6,336,0.017804154302670624,31,0,1.2092273078725984,20,Male,Istanbul,2446.17,407.695,1345.94,11,1.8333333333333333,10.42,0.5,0.5,0.5,0.02555832172197765
CUST_03158,52.0,52.71305973538879,8,364,0.021917808219178082,35,0,1.013712667724541,36,Male,Istanbul,6782.42,847.8025,3073.45,28,3.5,26.745,0.375,0.375,0.625,0.0315462622113685
CUST_03159,44.333333333333336,33.04164039511355,10,399,0.025,32,0,0.7453001424769943,50,Female,Adana,12223.82,1222.382,4172.24,30,3.0,125.351,0.3,0.4,0.7,0.1025465033822925
CUST_03160,115.0,0.0,2,115,0.017241379310344827,39,1,0.0,38,Male,Ankara,694.45,347.225,604.59,5,2.5,64.265,0.5,0.5,1.0,0.18508171881321414
CUST_03161,77.0,77.78174593052023,3,154,0.01935483870967742,244,0,1.0101525314333468,27,Female,Adana,15012.83,5004.276666666667,14477.83,10,3.3333333333333335,274.80333333333334,0.3333333333333333,0.3333333333333333,0.6666666666666666,0.05491369714006346
CUST_03162,77.6,73.89045946534641,6,388,0.015424164524421594,46,0,0.9521966303240952,40,Male,Izmir,9936.74,1656.1233333333332,7287.12,19,3.1666666666666665,82.87166666666667,0.3333333333333333,0.5,0.6666666666666666,0.05003955016431573
CUST_03163,77.8,39.7328579389905,6,389,0.015384615384615385,40,0,0.5107051083327171,29,Female,Ankara,4127.0599999999995,687.8433333333332,1704.75,24,4.0,52.56333333333333,0.5,0.3333333333333333,0.5,0.07641759498080825
CUST_03164,66.0,70.73895673530957,5,264,0.018867924528301886,39,0,1.071802358537988,26,Male,Izmir,2878.64,575.728,1175.36,16,3.2,16.747999999999998,0.4,0.6,0.6,0.02909012584225515
CUST_03165,180.0,16.97056274847714,3,360,0.008310249307479225,85,0,0.09428090363442353,21,Female,Adana,1903.8500000000001,634.6166666666667,1097.94,5,1.6666666666666667,0.0,0.6666666666666666,0.6666666666666666,0.6666666666666666,0.0
CUST_03166,120.5,2.1213203435596424,3,241,0.012396694214876033,169,0,0.017604318057720534,18,Female,Konya,12259.32,4086.44,12047.1,8,2.6666666666666665,3.5066666666666664,0.3333333333333333,0.3333333333333333,0.3333333333333333,0.0008581226362820802
CUST_03167,39.25,50.22200712834962,5,157,0.03164556962025317,273,0,1.2795415502881038,30,Female,Istanbul,6759.9400000000005,1351.988,3522.0,14,2.8,7.132,0.4,0.6,0.6,0.005275194746347456
CUST_03168,66.33333333333333,36.018513757973594,4,199,0.02,25,0,0.5429926615323759,36,Female,Bursa,1514.63,378.6575,1186.78,13,3.25,50.945,0.5,0.25,0.75,0.1345411086944241
CUST_03169,73.0,36.76955262170047,3,146,0.02040816326530612,68,0,0.5036924947672325,33,Male,Istanbul,21956.77,7318.923333333333,20173.36,10,3.3333333333333335,0.0,0.3333333333333333,0.6666666666666666,1.0,0.0
CUST_03170,44.625,33.53436403793236,9,357,0.025139664804469275,17,0,0.7514703257470485,30,Male,Izmir,3666.98,407.4422222222222,1750.59,24,2.6666666666666665,16.014444444444443,0.2222222222222222,0.4444444444444444,0.6666666666666666,0.039304822945927326
CUST_03171,162.0,0.0,2,162,0.012269938650306749,68,1,0.0,23,Male,Konya,2948.65,1474.325,2862.56,3,1.5,9.345,0.5,1.0,0.5,0.006338493882733797
CUST_03172,65.0,49.49747468305833,3,130,0.022900763358778626,105,0,0.7614995987932113,42,Female,Ankara,4561.42,1520.4733333333334,2535.0,9,3.0,16.74,0.3333333333333333,0.6666666666666666,0.6666666666666666,0.011009729419121853
CUST_03173,46.375,44.34261897027348,9,371,0.024193548387096774,8,0,0.9561750515169473,19,Male,Kayseri,9798.3,1088.6999999999998,4309.57,27,3.0,48.373333333333335,0.3333333333333333,0.5555555555555556,0.5555555555555556,0.04443219738118962
CUST_03174,164.5,231.22391744800103,3,329,0.00909090909090909,18,0,1.4056165108959546,44,Male,Antalya,18788.65,6262.883333333334,18728.68,7,2.3333333333333335,1.24,0.3333333333333333,0.6666666666666666,1.0,0.00019799187272135166
CUST_03175,78.5,63.084599282762085,5,314,0.015873015873015872,27,0,0.8036254583329506,22,Female,Kayseri,20648.09,4129.618,7051.34,14,2.8,428.342,0.8,0.4,0.6,0.10372436382645454
CUST_03176,28.11111111111111,23.824590471005184,10,253,0.03937007874015748,153,0,0.8475150458949061,25,Female,Adana,7436.8,743.6800000000001,2788.28,30,3.0,18.497999999999998,0.3,0.4,0.5,0.024873601515606705
CUST_03177,59.0,55.310035255819535,7,354,0.01971830985915493,80,0,0.9374582087857852,18,Male,Istanbul,7393.870000000001,1056.267142857143,2170.64,22,3.142857142857143,129.63,0.2857142857142857,0.7142857142857143,0.5714285714285714,0.12272463529125172
CUST_03178,75.6,51.03724130475706,6,378,0.0158311345646438,41,0,0.6750957755246202,28,Female,Istanbul,7707.18,1284.53,3211.1,23,3.8333333333333335,84.24833333333333,0.3333333333333333,0.5,0.8333333333333334,0.0655868942475041
CUST_03179,58.0,65.5972560401729,4,174,0.022857142857142857,51,0,1.1309871536066507,46,Female,Ankara,1788.0500000000002,447.01250000000005,1513.14,10,2.5,89.7775,0.25,0.5,0.75,0.20083890226595696
CUST_03180,134.5,61.518289963229634,3,269,0.011111111111111112,42,0,0.4573850520880638,41,Male,Istanbul,2912.24,970.7466666666666,2182.74,6,2.0,0.0,0.6666666666666666,0.6666666666666666,0.6666666666666666,0.0
CUST_03181,50.75,52.10486221713542,5,203,0.024509803921568627,203,0,1.0266967722253921,46,Male,Izmir,1677.13,335.42600000000004,982.35,17,3.4,46.814,0.4,0.4,0.4,0.13956580545465821
CUST_03182,107.0,94.75230867899737,3,214,0.013953488372093023,221,0,0.885535586854783,41,Female,Izmir,3771.79,1257.2633333333333,2008.2,7,2.3333333333333335,0.0,0.3333333333333333,0.6666666666666666,0.6666666666666666,0.0
CUST_03183,30.0,35.35533905932738,3,60,0.04918032786885246,135,0,1.1785112626938705,21,Female,Kayseri,4612.03,1537.3433333333332,2442.6,10,3.3333333333333335,0.0,0.3333333333333333,1.0,0.6666666666666666,0.0
CUST_03184,78.5,77.93373253390772,5,314,0.015873015873015872,71,0,0.9927863890588704,31,Male,Izmir,4342.05,868.4100000000001,3051.27,13,2.6,100.85600000000001,0.4,0.4,0.6,0.11613869011625996
CUST_03185,28.0,0.0,2,28,0.06896551724137931,122,1,0.0,25,Male,Gaziantep,2191.25,1095.625,1497.6,9,4.5,0.0,0.5,1.0,0.5,0.0
CUST_03186,237.0,0.0,2,237,0.008403361344537815,91,1,0.0,50,Female,Kayseri,18913.510000000002,9456.755000000001,12876.52,8,4.0,300.725,1.0,0.5,0.5,0.03180002019384027
CUST_03187,64.0,47.53244505948893,5,256,0.019455252918287938,189,0,0.7426944424499139,20,Female,Konya,3513.52,702.704,3123.9,10,2.0,82.57000000000001,0.4,0.4,0.4,0.11750324444217874
CUST_03188,184.0,42.42640687119285,3,368,0.008130081300813009,57,0,0.23057829695986173,45,Female,Istanbul,1909.03,636.3433333333334,1488.84,5,1.6666666666666667,70.63333333333333,0.3333333333333333,0.6666666666666666,0.6666666666666666,0.11099877931043704
CUST_03189,113.66666666666667,72.56950691119054,4,341,0.011695906432748537,65,0,0.6384414041590833,45,Male,Izmir,3246.16,811.54,2320.6,12,3.0,40.03,0.5,0.5,0.5,0.049325972780976945
CUST_03190,82.5,61.518289963229634,3,165,0.018072289156626505,140,0,0.7456762329400413,56,Male,Ankara,1319.28,439.76,619.04,10,3.3333333333333335,0.0,0.6666666666666666,0.3333333333333333,0.6666666666666666,0.0
CUST_03191,274.0,0.0,2,274,0.007272727272727273,61,1,0.0,30,Female,Ankara,4231.56,2115.78,3980.9,5,2.5,158.05,0.5,0.5,1.0,0.07470058320113596
CUST_03192,210.0,0.0,2,210,0.009478672985781991,124,1,0.0,43,Male,Ankara,2832.28,1416.14,2796.8,6,3.0,0.0,0.5,0.5,0.5,0.0
CUST_03193,117.0,150.69173832695674,4,351,0.011363636363636364,11,0,1.2879635644358391,62,Other,Gaziantep,1291.95,322.9875,924.35,9,2.25,44.0075,0.25,0.75,0.75,0.13625140249622228
CUST_03194,163.5,173.24116139070415,3,327,0.009146341463414634,97,0,1.0595789622698788,27,Female,Izmir,2174.84,724.9466666666667,1063.68,8,2.6666666666666665,24.956666666666667,0.3333333333333333,0.6666666666666666,0.6666666666666666,0.034425520910376595
CUST_03195,98.75,62.96758425306363,5,395,0.012626262626262626,4,0,0.6376464163586553,18,Male,Bursa,4141.35,828.2700000000001,2326.92,15,3.0,28.77,0.2,0.4,1.0,0.03473505012286446
CUST_03196,102.5,13.435028842544403,3,205,0.014563106796116505,127,0,0.13107345084361904,18,Female,Eskisehir,2074.37,691.4566666666666,1382.52,8,2.6666666666666665,58.22,0.3333333333333333,0.6666666666666666,0.6666666666666666,0.08419905790548593
CUST_03197,75.6,75.79116043444644,6,378,0.0158311345646438,20,0,1.0025285639142578,43,Male,Istanbul,3862.0800000000004,643.6800000000001,2872.53,18,3.0,14.825000000000001,0.5,0.6666666666666666,0.5,0.023031630588131322
CUST_03198,51.285714285714285,52.81954905056235,8,359,0.022222222222222223,83,0,1.029907621572655,18,Female,Izmir,7191.72,898.965,2678.28,25,3.125,65.5725,0.25,0.5,0.5,0.07294221680160828
CUST_03199,153.0,0.0,2,153,0.012987012987012988,209,1,0.0,30,Male,Adana,14277.39,7138.695,10180.3,6,3.0,254.955,1.0,1.0,1.0,0.03571451084046671
CUST_03200,60.0,82.02438661763951,3,120,0.024793388429752067,281,0,1.3670730875094403,40,Male,Istanbul,634.62,211.54,293.35,10,3.3333333333333335,2.5466666666666664,0.3333333333333333,0.6666666666666666,0.6666666666666666,0.012038700267693894
CUST_03201,293.0,0.0,2,293,0.006802721088435374,102,1,0.0,37,Female,Bursa,7441.7,3720.85,6448.94,3,1.5,0.0,0.5,1.0,1.0,0.0
CUST_03202,145.5,2.1213203435596424,3,291,0.010273972602739725,56,0,0.014579521161375404,40,Female,Istanbul,1879.01,626.3366666666667,758.66,14,4.666666666666667,66.03,0.6666666666666666,0.3333333333333333,1.0,0.10542253616730746
CUST_03203,113.0,97.53460924205315,4,339,0.011764705882352941,41,0,0.8631381272470356,37,Male,Konya,5092.99,1273.2475,4125.2,13,3.25,26.73,0.25,0.5,0.75,0.020993561722293927
CUST_03204,97.0,76.49400847996746,5,388,0.012853470437017995,60,0,0.7885980174367985,50,Female,Ankara,5184.79,1036.958,3670.65,11,2.2,47.006,0.4,0.6,0.4,0.045330669086567944
CUST_03205,46.5,30.610455730027933,5,186,0.026737967914438502,107,0,0.6582893563814748,23,Male,Ankara,7617.120000000001,1523.4240000000002,5938.6,15,3.0,29.639999999999997,0.2,0.4,0.6,0.019456172398848788
CUST_03206,188.0,250.31580054003783,3,376,0.007957559681697613,5,0,1.331467017066866,26,Male,Bursa,12865.25,4288.416666666667,9477.92,12,4.0,819.2933333333334,0.6666666666666666,0.3333333333333333,0.6666666666666666,0.19104797803593834
CUST_03207,74.5,24.879710609249454,5,298,0.016722408026755852,20,0,0.3339558426213908,25,Male,Istanbul,3280.26,656.052,1715.82,18,3.6,117.93199999999999,0.4,0.6,0.6,0.17976014069043283
CUST_03208,53.25,31.03089857974897,5,213,0.02336448598130841,41,0,0.5827398684884338,44,Male,Ankara,2357.48,471.496,773.95,11,2.2,16.782,0.4,0.6,0.8,0.03559309085211096
CUST_03209,74.0,80.55432949258531,4,222,0.017937219730941704,0,0,1.0885720054596393,45,Male,Izmir,2383.81,595.9525,1512.64,11,2.75,40.39,0.5,0.5,0.5,0.06777385770212584
CUST_03210,103.75,46.29164791478768,5,415,0.01201923076923077,1,0,0.446184553914247,40,Male,Ankara,4949.459999999999,989.8919999999998,2616.16,23,4.6,24.936,0.4,0.8,0.6,0.025190626830815258
CUST_03211,105.5,86.1877794895154,5,422,0.01182033096926714,19,0,0.816945769408243,49,Male,Bursa,1665.81,333.162,857.8,15,3.0,54.122,0.4,0.4,0.4,0.16244949855490873
CUST_03212,175.0,0.0,2,175,0.011363636363636364,206,1,0.0,20,Male,Bursa,1536.01,768.005,1157.28,5,2.5,5.345,0.5,0.5,0.5,0.0069595900977733344
CUST_03213,86.0,0.0,2,86,0.022988505747126436,117,1,0.0,55,Male,Bursa,660.65,330.325,628.03,4,2.0,65.86,0.5,0.5,0.5,0.19937939847308137
CUST_03214,58.5,67.17514421272202,3,117,0.025423728813559324,231,0,1.1482930438363927,53,Female,Antalya,523.99,174.66333333333333,412.28,7,2.3333333333333335,8.893333333333333,0.3333333333333333,0.6666666666666666,0.6666666666666666,0.05091700194135192
CUST_03215,275.0,0.0,2,275,0.007246376811594203,63,1,0.0,43,Male,Ankara,5574.41,2787.205,5557.78,5,2.5,178.26,0.5,1.0,0.5,0.06395654425707598
CUST_03216,297.0,0.0,2,297,0.006711409395973154,6,1,0.0,56,Female,Istanbul,4977.85,2488.925,4068.76,5,2.5,36.865,0.5,0.5,0.5,0.014811615450521162
CUST_03217,78.0,36.207733980463345,6,390,0.015345268542199489,20,0,0.464201711746944,18,Female,Adana,3593.95,598.9916666666667,1659.35,16,2.6666666666666665,27.37,0.3333333333333333,0.3333333333333333,0.5,0.04569345698349706
CUST_03218,149.0,2.8284271247461903,3,298,0.010033444816053512,6,0,0.018982732253446027,28,Female,Konya,6311.63,2103.8766666666666,4197.04,7,2.3333333333333335,11.133333333333333,1.0,1.0,0.3333333333333333,0.005291818434243539
CUST_03219,55.0,63.77564843522435,8,385,0.02072538860103627,13,0,1.1595572231939477,26,Female,Ankara,2237.16,279.645,647.16,19,2.375,12.0075,0.25,0.375,0.75,0.04293836813481962
CUST_03220,46.8,24.72245942457991,6,234,0.02553191489361702,186,0,0.5282576687248343,43,Female,Izmir,2207.98,367.99666666666667,1361.52,11,1.8333333333333333,0.0,0.3333333333333333,0.5,0.6666666666666666,0.0
CUST_03221,29.75,29.691469032928186,5,119,0.041666666666666664,47,0,0.998032538988089,22,Male,Izmir,10814.5,2162.9,6109.16,21,4.2,6.7780000000000005,0.4,0.4,0.6,0.0031337556044506196
CUST_03222,60.0,74.35052118176442,7,360,0.019390581717451522,64,0,1.239175332376485,44,Female,Bursa,7751.96,1107.422857142857,4739.88,23,3.2857142857142856,140.62142857142857,0.2857142857142857,0.5714285714285714,0.5714285714285714,0.12698078925989484
CUST_03223,125.33333333333333,142.12787669325584,4,376,0.010610079575596816,30,0,1.13399900712173,51,Female,Antalya,2609.69,652.4225,905.85,13,3.25,0.0,0.25,0.5,0.75,0.0
CUST_03224,41.333333333333336,51.24776417887256,4,124,0.032,157,0,1.2398652323953385,43,Female,Istanbul,2846.0299999999997,711.5074999999999,2416.56,11,2.75,8.7575,0.5,0.5,0.5,0.012308373401111903
CUST_03225,95.33333333333333,110.61796116966418,4,286,0.013937282229965157,74,0,1.1603282518461813,38,Female,Adana,1305.52,326.38,517.2,15,3.75,1.16,0.5,0.5,0.75,0.0035541393358841248
CUST_03226,109.33333333333333,90.12398866746486,4,328,0.0121580547112462,48,0,0.8243047668581717,23,Male,Istanbul,10895.26,2723.815,7070.75,16,4.0,22.37,0.25,0.5,0.5,0.00821274572310794
CUST_03227,30.666666666666668,29.9874973947477,10,276,0.036101083032490974,72,0,0.9778531440291702,24,Female,Izmir,10473.31,1047.331,3515.72,31,3.1,125.37100000000001,0.3,0.6,0.7,0.11970523156508761
CUST_03228,55.5,4.949747468305833,3,111,0.026785714285714284,80,0,0.08918463746164317,49,Female,Gaziantep,1446.0,482.0,675.35,12,4.0,31.30333333333333,0.6666666666666666,0.3333333333333333,0.6666666666666666,0.06494467483068186
CUST_03229,413.0,0.0,2,413,0.004830917874396135,15,1,0.0,44,Male,Izmir,741.87,370.935,499.2,5,2.5,0.0,1.0,0.5,1.0,0.0
CUST_03230,53.375,42.62104610903598,9,427,0.02102803738317757,14,0,0.7985207552321354,34,Male,Istanbul,5082.97,564.7744444444445,1837.58,28,3.111111111111111,46.761111111111106,0.2222222222222222,0.3333333333333333,0.5555555555555556,0.08279608167170674
CUST_03231,91.66666666666667,78.41768508017394,4,275,0.014492753623188406,86,0,0.8554656460877268,29,Female,Eskisehir,12146.75,3036.6875,9879.5,10,2.5,77.31,0.25,0.5,0.75,0.025458661773574445
CUST_03232,122.33333333333333,95.50043629917788,4,367,0.010869565217391304,19,0,0.7806575110505752,18,Female,Konya,7717.16,1929.29,3714.7,12,3.0,153.5875,0.5,0.5,0.5,0.07960830145825236
CUST_03233,125.5,127.9863273947651,3,251,0.011904761904761904,22,0,1.0198113655374799,22,Female,Adana,1042.92,347.64000000000004,667.59,8,2.6666666666666665,15.763333333333334,0.3333333333333333,0.6666666666666666,0.3333333333333333,0.04534384215852459
CUST_03234,35.5,20.506096654409877,3,71,0.041666666666666664,310,0,0.5776365092048836,57,Female,Izmir,5724.15,1908.05,2949.98,11,3.6666666666666665,68.33333333333333,0.3333333333333333,0.3333333333333333,1.0,0.03581317748356707
CUST_03235,187.5,229.80970388562795,3,375,0.007978723404255319,57,0,1.2256517475198732,19,Male,Istanbul,5212.8,1737.6000000000001,5067.55,7,2.3333333333333335,0.0,0.3333333333333333,0.6666666666666666,0.6666666666666666,0.0
CUST_03236,279.0,0.0,2,279,0.007142857142857143,22,1,0.0,37,Male,Kayseri,556.3199999999999,278.15999999999997,464.64,6,3.0,0.0,0.5,0.5,0.5,0.0
CUST_03237,58.0,16.97056274847714,3,116,0.02564102564102564,131,0,0.29259590441174543,47,Male,Bursa,4217.91,1405.97,2784.45,11,3.6666666666666665,27.209999999999997,0.3333333333333333,0.3333333333333333,0.6666666666666666,0.019353186754089213
CUST_03238,127.5,111.01576464628796,3,255,0.01171875,47,0,0.8707118727496164,19,Male,Konya,5692.83,1897.61,4452.15,7,2.3333333333333335,195.5,0.3333333333333333,0.3333333333333333,0.3333333333333333,0.10302433055104877
CUST_03239,71.0,87.68124086713189,3,142,0.02097902097902098,197,0,1.2349470370730262,37,Male,Ankara,1906.18,635.3933333333333,1239.19,8,2.6666666666666665,2.9033333333333338,0.3333333333333333,0.6666666666666666,0.6666666666666666,0.00456934811313305
CUST_03240,62.4,34.88982659744814,6,312,0.019169329073482427,43,0,0.5591318275371204,46,Male,Ankara,2131.5699999999997,355.2616666666666,1191.12,10,1.6666666666666667,9.084999999999999,0.5,0.5,0.5,0.025572699862807136
CUST_03241,19.333333333333332,12.013880860626733,4,58,0.06779661016949153,16,0,0.6214075985803,35,Female,Eskisehir,2107.6400000000003,526.9100000000001,1742.91,7,1.75,3.605,0.5,0.25,0.5,0.006841775622323023
CUST_03242,130.33333333333334,104.00641005886769,4,391,0.01020408163265306,4,0,0.7980031401089351,69,Female,Bursa,2986.6,746.65,1582.07,10,2.5,86.52,0.5,0.5,1.0,0.11587758639807462
CUST_03243,129.33333333333334,84.10905619095564,4,388,0.010282776349614395,10,0,0.6503277490254734,18,Male,Istanbul,2986.94,746.735,1918.56,6,1.5,109.1,0.5,0.5,0.75,0.14610270022685062
CUST_03244,184.5,7.7781745930520225,3,369,0.008108108108108109,2,0,0.04215812764712138,47,Male,Istanbul,2516.62,838.8733333333333,1417.42,10,3.3333333333333335,210.78999999999996,0.3333333333333333,0.3333333333333333,0.6666666666666666,0.2512775068330409
CUST_03245,62.2,50.42519211663947,6,311,0.019230769230769232,120,0,0.8106943939862553,32,Male,Izmir,2260.5299999999997,376.75499999999994,1002.8,14,2.3333333333333335,0.0,0.3333333333333333,0.6666666666666666,0.5,0.0
CUST_03246,180.5,91.21677477306463,3,361,0.008287292817679558,85,0,0.5053560901258091,44,Female,Istanbul,1613.15,537.7166666666667,612.4,5,1.6666666666666667,25.896666666666665,0.6666666666666666,0.6666666666666666,0.6666666666666666,0.048160431364422836
CUST_03247,129.0,0.0,2,129,0.015384615384615385,169,1,0.0,40,Male,Izmir,1598.6399999999999,799.3199999999999,1387.52,4,2.0,104.84,0.5,0.5,0.5,0.13116148710008324
CUST_03248,41.125,43.139102249086534,9,329,0.02727272727272727,110,0,1.0489751051698828,26,Male,Izmir,4058.5,450.94444444444446,1304.7,21,2.3333333333333335,52.64111111111111,0.3333333333333333,0.4444444444444444,0.5555555555555556,0.11673524675357466
CUST_03249,128.33333333333334,56.58032638058333,4,385,0.010362694300518135,23,0,0.44088565667296886,37,Female,Adana,6876.2,1719.05,6579.83,12,3.0,191.375,0.75,0.5,1.0,0.11132602302939064
CUST_03250,313.0,0.0,2,313,0.006369426751592357,83,1,0.0,18,Female,Ankara,604.87,302.435,509.3,5,2.5,8.01,0.5,1.0,0.5,0.02648502975355025
CUST_03251,130.0,91.92388155425118,3,260,0.011494252873563218,84,0,0.7071067757472647,42,Male,Eskisehir,398.67,132.89000000000001,159.08,6,2.0,8.97,0.6666666666666666,0.3333333333333333,0.6666666666666666,0.06749943511551332
CUST_03252,86.25,84.3697220571456,5,345,0.014450867052023121,47,0,0.9781996646834311,38,Male,Istanbul,738.9799999999999,147.796,279.59,9,1.8,13.272,0.4,0.4,0.4,0.08979945269290474
CUST_03253,86.0,76.99675317829967,6,430,0.013921113689095127,12,0,0.895311073058007,42,Male,Bursa,3642.5200000000004,607.0866666666667,1442.49,13,2.1666666666666665,71.88166666666666,0.3333333333333333,0.6666666666666666,0.6666666666666666,0.11840429133939531
CUST_03254,217.0,0.0,2,217,0.009174311926605505,122,1,0.0,47,Female,Istanbul,8905.48,4452.74,4864.0,5,2.5,0.0,0.5,0.5,0.5,0.0
CUST_03255,70.0,76.36753236814714,3,140,0.02127659574468085,172,0,1.0909647325311773,39,Female,Adana,1332.5,444.1666666666667,798.8,7,2.3333333333333335,0.0,0.3333333333333333,0.6666666666666666,0.6666666666666666,0.0
CUST_03256,42.57142857142857,15.262777629002558,8,298,0.026755852842809364,137,0,0.3585216137361296,36,Male,Eskisehir,10075.07,1259.38375,5798.78,21,2.625,109.655,0.25,0.5,0.625,0.08707036271742401
CUST_03257,43.666666666666664,41.04063027456247,4,131,0.030303030303030304,198,0,0.9398617404893297,24,Female,Gaziantep,18102.35,4525.5875,15166.48,11,2.75,446.88499999999993,0.5,0.5,0.75,0.098746295348671
CUST_03258,61.0,41.70931151034103,8,427,0.018691588785046728,7,0,0.6837591938783908,26,Male,Bursa,15278.59,1909.82375,4892.7,27,3.375,33.129999999999995,0.5,0.25,0.75,0.01734715048058903
CUST_03259,142.0,0.0,2,142,0.013986013986013986,15,1,0.0,49,Male,Izmir,264.07,132.035,193.62,5,2.5,5.91,0.5,1.0,1.0,0.0447608585241727
CUST_03260,66.33333333333333,64.16645021608514,4,199,0.02,131,0,0.9673334057600764,52,Male,Gaziantep,12777.1,3194.275,7242.1,16,4.0,338.975,0.25,0.75,0.5,0.10611954195987525
CUST_03261,225.0,0.0,2,225,0.008849557522123894,211,1,0.0,32,Female,Kayseri,8674.48,4337.24,5341.51,6,3.0,466.255,1.0,0.5,1.0,0.10750039192954496
CUST_03262,54.5,62.782694006124544,5,218,0.0228310502283105,93,0,1.1519760156724501,35,Male,Eskisehir,3332.49,666.4979999999999,2717.91,9,1.8,0.0,0.4,0.4,0.4,0.0
CUST_03263,40.857142857142854,31.67769231614245,8,286,0.027874564459930314,132,0,0.775328114635316,24,Male,Ankara,9695.2,1211.9,7937.72,22,2.75,18.314999999999998,0.375,0.5,0.5,0.015112633043062432
CUST_03264,121.33333333333333,79.12226825194873,4,364,0.010958904109589041,6,0,0.6521066010976,49,Male,Eskisehir,5459.89,1364.9725,2623.38,12,3.0,45.9975,0.5,0.25,0.75,0.033698481080242655
CUST_03265,88.33333333333333,56.358968526165675,4,265,0.015037593984962405,128,0,0.6380260515638448,42,Male,Istanbul,2859.39,714.8475,1948.03,13,3.25,55.0525,0.25,1.0,0.5,0.07701292922334774
CUST_03266,85.0,60.09991680526688,4,255,0.015625,115,0,0.7070578364495181,58,Female,Ankara,15652.17,3913.0425,13373.49,8,2.0,187.2975,0.5,0.5,0.5,0.04786492862066668
CUST_03267,113.0,134.81468762712763,4,339,0.011764705882352941,51,0,1.193050322425463,24,Male,Istanbul,1139.74,284.935,737.79,12,3.0,35.9275,0.25,0.5,0.5,0.12609016047137012
CUST_03268,196.0,0.0,2,196,0.01015228426395939,76,1,0.0,30,Male,Ankara,762.01,381.005,524.15,7,3.5,0.0,1.0,0.5,0.5,0.0
CUST_03269,38.0,18.35755975068582,4,114,0.034782608695652174,216,0,0.4830936649366357,37,Female,Adana,14640.68,3660.17,8105.42,13,3.25,198.9575,0.5,0.5,1.0,0.05435744786325295
CUST_03270,134.5,130.8147545195113,3,269,0.011111111111111112,77,0,0.9726003981182967,42,Female,Konya,1583.0,527.6666666666666,1473.94,8,2.6666666666666665,28.313333333333333,0.3333333333333333,1.0,0.6666666666666666,0.05365761202718078
CUST_03271,109.66666666666667,139.729500583568,4,329,0.012121212121212121,50,0,1.2741291730343967,32,Female,Adana,4024.28,1006.07,3203.38,10,2.5,16.3925,0.5,0.75,0.75,0.016293597844788534
CUST_03272,78.0,92.81881993073029,5,312,0.01597444089456869,57,0,1.1899848556505825,24,Female,Antalya,4657.14,931.4280000000001,3121.5,10,2.0,9.72,0.2,0.6,0.6,0.010435589213084007
CUST_03273,136.5,178.89801564019652,3,273,0.010948905109489052,82,0,1.310608163586728,45,Male,Izmir,895.13,298.37666666666667,546.12,6,2.0,0.0,0.3333333333333333,0.6666666666666666,0.6666666666666666,0.0
CUST_03274,212.5,252.43712088359746,3,425,0.007042253521126761,18,0,1.1879393868030967,43,Female,Adana,1470.92,490.3066666666667,968.28,9,3.0,16.183333333333334,0.3333333333333333,0.6666666666666666,1.0,0.03300655365416225
CUST_03275,125.0,0.0,2,125,0.015873015873015872,73,1,0.0,24,Female,Ankara,1478.61,739.305,1199.1,4,2.0,0.0,0.5,0.5,1.0,0.0
CUST_03276,82.0,0.0,2,82,0.024096385542168676,278,1,0.0,51,Male,Gaziantep,3009.9399999999996,1504.9699999999998,2492.68,6,3.0,28.36,0.5,0.5,0.5,0.018844229440557466
CUST_03277,152.0,0.0,2,152,0.013071895424836602,46,1,0.0,49,Female,Antalya,1017.9399999999999,508.96999999999997,928.4,6,3.0,18.23,0.5,1.0,1.0,0.0358174351419191
CUST_03278,50.833333333333336,40.405032689835394,7,305,0.02287581699346405,112,0,0.7948530864586684,36,Male,Antalya,2544.94,363.5628571428571,696.75,21,3.0,15.48857142857143,0.2857142857142857,0.7142857142857143,0.42857142857142855,0.042602183038415335
CUST_03279,186.0,0.0,2,186,0.0106951871657754,160,1,0.0,35,Other,Bursa,12429.45,6214.725,12355.92,5,2.5,0.0,0.5,0.5,1.0,0.0
CUST_03280,72.6,60.060802525440835,6,363,0.016483516483516484,69,0,0.8272837699470671,41,Female,Konya,1918.4899999999998,319.7483333333333,1095.81,13,2.1666666666666665,10.165,0.3333333333333333,0.6666666666666666,0.6666666666666666,0.03179062690410492
CUST_03281,89.5,59.61263848100222,5,358,0.013927576601671309,63,0,0.6660629923456898,24,Female,Ankara,1579.31,315.86199999999997,868.74,9,1.8,4.762,0.4,0.6,0.6,0.015076204117379729
CUST_03282,87.5,65.30186316892753,5,350,0.014245014245014245,20,0,0.7463069991156632,35,Female,Ankara,6243.629999999999,1248.7259999999999,4154.15,9,1.8,234.22600000000003,0.4,0.4,1.0,0.18757197320503302
CUST_03283,52.75,68.66039615382364,5,211,0.02358490566037736,150,0,1.3016188597574367,18,Female,Adana,7560.25,1512.05,4494.8,17,3.4,0.0,0.2,0.4,0.6,0.0
CUST_03284,45.0,52.53298283663594,9,360,0.024930747922437674,84,0,1.1673995926496967,45,Male,Izmir,20525.949999999997,2280.6611111111106,12560.8,32,3.5555555555555554,66.45222222222222,0.3333333333333333,0.4444444444444444,0.5555555555555556,0.029137262817933628
CUST_03285,41.9,23.28781274019143,11,419,0.02619047619047619,6,0,0.5557950402003913,18,Male,Konya,13976.560000000001,1270.5963636363638,3822.51,33,3.0,77.3,0.2727272727272727,0.5454545454545454,0.6363636363636364,0.06083757371848198
CUST_03286,96.66666666666667,85.2193248819382,4,290,0.013745704467353952,23,0,0.8815792137968171,53,Male,Ankara,8325.29,2081.3225,4972.8,13,3.25,0.0,0.25,0.75,0.75,0.0
CUST_03287,152.0,0.0,2,152,0.013071895424836602,91,1,0.0,31,Male,Ankara,473.97999999999996,236.98999999999998,366.9,7,3.5,0.0,0.5,0.5,1.0,0.0
CUST_03288,84.66666666666667,76.55934517309649,4,254,0.01568627450980392,13,0,0.9042442236478614,32,Female,Konya,9444.75,2361.1875,5870.45,9,2.25,276.3125,0.5,0.5,1.0,0.11702268451064446
CUST_03289,93.0,49.49747468305833,3,186,0.016042780748663103,174,0,0.5322309048476067,27,Male,Izmir,1596.6000000000001,532.2,1075.88,6,2.0,17.463333333333335,0.3333333333333333,0.3333333333333333,0.3333333333333333,0.0328134785804582
CUST_03290,97.25,37.668510279365535,5,389,0.01282051282051282,44,0,0.38733686264296835,31,Male,Izmir,22401.510000000002,4480.302000000001,13342.32,15,3.0,2.548,0.4,0.4,0.8,0.000568711662613656
CUST_03291,96.33333333333333,49.08496035786658,4,289,0.013793103448275862,43,0,0.5095324551730186,52,Female,Ankara,10026.44,2506.61,4625.41,7,1.75,245.5275,0.5,0.5,0.5,0.09795201483359915
CUST_03292,31.0,0.0,2,31,0.0625,406,1,0.0,18,Female,Ankara,1754.0,877.0,941.28,4,2.0,87.775,0.5,0.5,1.0,0.10008551870001652
CUST_03293,8.0,0.0,2,8,0.2222222222222222,245,1,0.0,50,Male,Antalya,345.03000000000003,172.51500000000001,320.42,2,1.0,0.0,0.5,0.5,0.5,0.0
CUST_03294,51.5,19.091883092036785,3,103,0.028846153846153848,108,0,0.37071616934603135,39,Male,Istanbul,800.8299999999999,266.9433333333333,476.96,10,3.3333333333333335,40.88333333333333,0.6666666666666666,0.6666666666666666,0.3333333333333333,0.15315360256301486
CUST_03295,121.33333333333333,159.00104821457415,4,364,0.010958904109589041,38,0,1.310448188770269,20,Male,Konya,13606.829999999998,3401.7074999999995,6080.12,14,3.5,0.0,0.5,0.75,0.75,0.0
CUST_03296,95.0,89.09545442950498,3,190,0.015706806282722512,166,0,0.937846878859559,22,Female,Adana,2804.4700000000003,934.8233333333334,1244.16,8,2.6666666666666665,41.236666666666665,0.6666666666666666,0.6666666666666666,1.0,0.04411172159718764
CUST_03297,37.375,51.939353370747966,9,299,0.03,80,0,1.3896816583562892,55,Male,Istanbul,11803.81,1311.5344444444445,4018.94,35,3.888888888888889,166.9811111111111,0.2222222222222222,0.4444444444444444,0.7777777777777778,0.12731736607537256
CUST_03298,189.0,0.0,2,189,0.010526315789473684,206,1,0.0,23,Female,Antalya,3221.31,1610.655,2315.7,8,4.0,0.0,0.5,1.0,0.5,0.0
CUST_03299,18.0,0.0,2,18,0.10526315789473684,285,1,0.0,21,Male,Bursa,205.55,102.775,151.5,6,3.0,0.0,0.5,0.5,0.5,0.0
CUST_03300,93.0,0.0,2,93,0.02127659574468085,230,1,0.0,48,Male,Istanbul,11765.490000000002,5882.745000000001,10639.53,7,3.5,0.0,0.5,0.5,1.0,0.0
CUST_03301,114.0,140.92906016858268,4,342,0.011661807580174927,105,0,1.2362198151961654,39,Female,Ankara,2687.96,671.99,1374.62,10,2.5,60.585,0.25,0.5,0.5,0.09015759149666276
CUST_03302,50.166666666666664,52.20121326814796,7,301,0.023178807947019868,16,0,1.0405557254669549,23,Male,Izmir,1076.66,153.80857142857144,501.15,20,2.857142857142857,4.314285714285715,0.5714285714285714,0.8571428571428571,0.5714285714285714,0.028049709103757953
CUST_03303,60.333333333333336,60.155354430563094,7,362,0.01928374655647383,23,0,0.9970500569090559,37,Male,Antalya,4449.13,635.59,1977.96,18,2.5714285714285716,37.87428571428571,0.42857142857142855,0.2857142857142857,0.5714285714285714,0.05958917801522449
CUST_03304,75.0,0.0,2,75,0.02631578947368421,255,1,0.0,22,Male,Antalya,670.3,335.15,412.2,7,3.5,0.0,0.5,0.5,1.0,0.0
CUST_03305,36.666666666666664,41.28760911782936,7,220,0.03167420814479638,160,0,1.1260256725037372,48,Female,Bursa,5442.21,777.4585714285714,3419.84,18,2.5714285714285716,6.1814285714285715,0.2857142857142857,0.42857142857142855,0.42857142857142855,0.007950814089192498
CUST_03306,75.33333333333333,79.60108876977333,4,226,0.01762114537444934,4,0,1.0566516068113503,47,Female,Adana,7973.03,1993.2575,5948.2,14,3.5,0.0,0.25,0.25,0.75,0.0
CUST_03307,107.33333333333333,148.76939649448516,4,322,0.01238390092879257,35,0,1.3860502649854185,41,Male,Adana,2161.21,540.3025,908.49,8,2.0,36.5025,0.25,0.5,0.5,0.06755937633536883
CUST_03308,44.57142857142857,36.27146326823675,8,312,0.025559105431309903,47,0,0.8137828114781334,39,Male,Bursa,7731.09,966.38625,3007.32,24,3.0,5.025,0.125,0.375,0.625,0.0051997842423774305
CUST_03309,182.0,39.59797974644666,3,364,0.00821917808219178,86,0,0.21757131609272168,56,Male,Gaziantep,669.66,223.22,450.4,10,3.3333333333333335,7.116666666666667,0.6666666666666666,0.3333333333333333,1.0,0.03188185034846706
CUST_03310,92.0,136.12126946219684,4,276,0.01444043321299639,152,0,1.4795789998110636,34,Female,Ankara,4665.83,1166.4575,3339.62,8,2.0,36.0525,0.5,0.5,0.5,0.030907684136877955
CUST_03311,51.25,48.6026160377637,9,410,0.021897810218978103,8,0,0.9483437090618536,20,Female,Konya,10134.650000000001,1126.0722222222223,3130.56,23,2.5555555555555554,59.04,0.3333333333333333,0.4444444444444444,1.0,0.05243002960419251
CUST_03312,49.333333333333336,30.631138840511085,7,296,0.02356902356902357,127,0,0.6209014503974926,40,Female,Bursa,5488.67,784.0957142857143,3417.88,16,2.2857142857142856,104.61285714285714,0.42857142857142855,0.5714285714285714,0.5714285714285714,0.13341847825904465
CUST_03313,401.0,0.0,2,401,0.004975124378109453,44,1,0.0,60,Female,Gaziantep,3283.46,1641.73,2668.6,10,5.0,30.62,0.5,0.5,0.5,0.018651057105217632
CUST_03314,73.75,89.80488108486458,5,295,0.016891891891891893,80,0,1.217693286334526,22,Male,Bursa,3302.1600000000003,660.432,1216.2,11,2.2,43.914,0.2,0.6,0.6,0.06649284094881405
CUST_03315,90.0,114.37219941926448,4,270,0.014760147601476014,65,0,1.2708022016495808,30,Male,Istanbul,1338.3600000000001,334.59000000000003,673.36,14,3.5,28.495,0.5,0.5,0.75,0.08516393172191658
CUST_03316,89.0,0.0,2,89,0.022222222222222223,177,1,0.0,39,Male,Bursa,1584.61,792.305,1292.53,5,2.5,9.435,0.5,0.5,1.0,0.011908292877227467
CUST_03317,71.0,100.96534058774823,5,284,0.017543859649122806,33,0,1.4220470305028339,34,Male,Ankara,9618.57,1923.714,4703.85,16,3.2,0.0,0.4,0.4,0.6,0.0
CUST_03318,58.6,56.051761792114974,6,293,0.02040816326530612,86,0,0.9565146900273086,23,Male,Antalya,5320.030000000001,886.6716666666667,2586.11,11,1.8333333333333333,5.043333333333333,0.3333333333333333,0.3333333333333333,0.8333333333333334,0.005687937843559598
CUST_03319,45.77777777777778,42.40807051074647,10,412,0.024213075060532687,7,0,0.9263898695611879,48,Female,Izmir,8419.19,841.9190000000001,4477.28,30,3.0,7.897999999999999,0.3,0.3,0.7,0.00938094993772447
CUST_03320,131.5,133.64318164425748,3,263,0.011363636363636364,72,0,1.0162979515434185,62,Female,Gaziantep,6707.990000000001,2235.996666666667,5899.52,10,3.3333333333333335,0.0,0.3333333333333333,0.6666666666666666,1.0,0.0
CUST_03321,45.857142857142854,49.69382447021149,8,321,0.024844720496894408,69,0,1.0836659305477225,37,Female,Antalya,27772.89,3471.61125,13408.53,22,2.75,276.00625,0.375,0.375,0.5,0.07950378946389698
CUST_03322,159.0,0.0,2,159,0.0125,212,1,0.0,24,Male,Antalya,204.19,102.095,150.36,5,2.5,0.0,1.0,0.5,1.0,0.0
CUST_03323,51.0,45.73838650411709,6,255,0.0234375,62,0,0.8968310903389412,18,Female,Istanbul,1975.1100000000001,329.185,1264.68,15,2.5,43.48666666666667,0.5,0.3333333333333333,0.8333333333333334,0.13210403431068438
CUST_03324,38.2,24.37621791829077,6,191,0.03125,235,0,0.6381208712086361,38,Female,Eskisehir,3167.37,527.895,1680.01,15,2.5,18.183333333333334,0.5,0.5,0.5,0.03444498110209104
CUST_03325,41.857142857142854,40.12243167866978,8,293,0.027210884353741496,121,0,0.9585563653269417,48,Female,Gaziantep,11935.83,1491.97875,4315.26,29,3.625,153.7575,0.25,0.25,0.75,0.10305609238532645
CUST_03326,145.5,153.4421715174808,3,291,0.010273972602739725,62,0,1.0545853640061542,40,Male,Gaziantep,190.7,63.56666666666666,83.52,6,2.0,4.46,0.3333333333333333,0.3333333333333333,0.6666666666666666,0.07016255788941965
CUST_03327,37.0,30.033314835362415,5,148,0.03355704697986577,45,0,0.8117111898284115,34,Male,Ankara,1547.32,309.464,788.4,17,3.4,16.194,0.2,0.6,0.8,0.052329188363334056
CUST_03328,67.0,0.0,2,67,0.029411764705882353,23,1,0.0,27,Male,Bursa,3461.5299999999997,1730.7649999999999,1739.6,5,2.5,47.795,0.5,1.0,0.5,0.02761495637616028
CUST_03329,77.2,99.35391285701839,6,386,0.015503875968992248,56,0,1.286967766451433,21,Male,Istanbul,5641.820000000001,940.3033333333334,4360.35,16,2.6666666666666665,73.83999999999999,0.5,0.5,0.5,0.07852785085820406
CUST_03330,58.5,36.35244145858707,7,351,0.019886363636363636,71,0,0.6214092450799629,45,Female,Bursa,2177.36,311.0514285714286,586.79,25,3.5714285714285716,13.83,0.42857142857142855,0.8571428571428571,0.5714285714285714,0.04446210074988302
CUST_03331,169.5,212.83914113715082,3,339,0.008823529411764706,78,0,1.2556881408935852,45,Male,Istanbul,862.7099999999999,287.57,706.55,7,2.3333333333333335,44.876666666666665,0.3333333333333333,0.3333333333333333,1.0,0.1560547571395205
CUST_03332,14.0,0.0,2,14,0.13333333333333333,390,1,0.0,18,Male,Bursa,468.24,234.12,280.98,6,3.0,0.0,0.5,0.5,0.5,0.0
CUST_03333,103.5,68.53466276272175,5,414,0.012048192771084338,35,0,0.6621706483145035,54,Female,Antalya,3587.18,717.4359999999999,2192.25,13,2.6,0.0,0.4,0.4,1.0,0.0
CUST_03334,164.0,0.0,2,164,0.012121212121212121,135,1,0.0,41,Female,Ankara,1095.68,547.84,868.44,5,2.5,23.165,0.5,1.0,0.5,0.04228424349758279
CUST_03335,91.5,81.79853299418028,5,366,0.013623978201634877,15,0,0.8939730284175655,51,Male,Izmir,9163.65,1832.73,4221.3,16,3.2,7.5280000000000005,0.6,0.6,0.6,0.004107533567897326
CUST_03336,52.2,38.08149156742682,6,261,0.022900763358778626,53,0,0.7295304758217691,18,Female,Konya,2401.24,400.20666666666665,1257.6,13,2.1666666666666665,15.079999999999998,0.3333333333333333,0.5,0.6666666666666666,0.03768053163112259
CUST_03337,99.0,101.32620588969075,4,297,0.013422818791946308,80,0,1.0234970188504418,18,Male,Istanbul,2081.32,520.33,730.72,12,3.0,28.93,0.5,0.5,0.5,0.055599331086811574
CUST_03338,92.0,71.52621896899066,4,276,0.01444043321299639,62,0,0.7774588933862149,33,Male,Gaziantep,3620.7200000000003,905.1800000000001,2627.96,8,2.0,3.36,0.5,0.5,0.75,0.0037119688860646842
CUST_03339,160.5,218.4959953866432,3,321,0.009316770186335404,67,0,1.3613457571669623,41,Male,Istanbul,4513.59,1504.53,4130.25,7,2.3333333333333335,204.86333333333334,0.6666666666666666,0.3333333333333333,0.6666666666666666,0.13616433916051457
CUST_03340,75.33333333333333,71.93283904680347,4,226,0.01762114537444934,48,0,0.9548606826364087,56,Female,Istanbul,982.73,245.6825,422.76,12,3.0,0.0,0.5,0.5,0.5,0.0
CUST_03341,33.875,32.09556044065908,9,271,0.03308823529411765,179,0,0.9474703909428396,43,Female,Istanbul,12044.43,1338.27,6062.96,29,3.2222222222222223,142.23444444444445,0.2222222222222222,0.5555555555555556,0.5555555555555556,0.10628232295288852
CUST_03342,59.5,50.52722038663912,5,238,0.02092050209205021,185,0,0.8491969670158346,32,Male,Adana,2104.31,420.86199999999997,683.77,13,2.6,27.222,0.2,0.4,0.6,0.06468153441108598
CUST_03343,120.5,123.74368670764582,3,241,0.012396694214876033,68,0,1.0269185533670313,22,Female,Izmir,5054.200000000001,1684.7333333333336,4601.1,9,3.0,7.053333333333334,0.3333333333333333,0.3333333333333333,0.6666666666666666,0.004186617068465859
CUST_03344,79.33333333333333,47.384948383778294,4,238,0.016736401673640166,86,0,0.5972892578128871,49,Male,Konya,1577.1,394.275,778.52,6,1.5,91.4275,0.25,0.75,0.75,0.2318876412861895
CUST_03345,100.5,9.192388155425117,3,201,0.01485148514851485,58,0,0.09146654790008527,23,Female,Bursa,2674.52,891.5066666666667,1675.68,7,2.3333333333333335,0.0,0.3333333333333333,0.6666666666666666,0.6666666666666666,0.0
CUST_03346,66.0,93.33809511662427,3,132,0.022556390977443608,106,0,1.4142135409456171,54,Male,Istanbul,4223.0199999999995,1407.6733333333332,2609.22,8,2.6666666666666665,39.416666666666664,0.6666666666666666,0.6666666666666666,0.6666666666666666,0.028001288157762958
CUST_03347,87.33333333333333,79.25486315257464,4,262,0.015209125475285171,91,0,0.9074984226535446,31,Male,Adana,7223.610000000001,1805.9025000000001,4724.13,10,2.5,5.9375,0.25,0.5,0.75,0.003287829767505261
CUST_03348,31.5,7.852812659593164,5,126,0.03937007874015748,102,0,0.2492956320729375,54,Female,Istanbul,8023.22,1604.644,5385.09,14,2.8,6.0280000000000005,0.2,0.4,0.6,0.003756596476379436
CUST_03349,94.0,45.254833995939045,3,188,0.015873015873015872,209,0,0.481434399090475,43,Female,Gaziantep,1813.56,604.52,1143.1,14,4.666666666666667,3.733333333333333,0.6666666666666666,0.6666666666666666,0.6666666666666666,0.006175698615691184
CUST_03350,43.125,50.48461576135277,9,345,0.02601156069364162,63,0,1.1706577296393055,33,Male,Istanbul,7721.97,857.9966666666667,4829.05,23,2.5555555555555554,11.101111111111111,0.3333333333333333,0.3333333333333333,0.6666666666666666,0.012938408189044289
CUST_03351,200.0,0.0,2,200,0.009950248756218905,175,1,0.0,28,Male,Ankara,6204.26,3102.13,5584.26,9,4.5,650.045,0.5,1.0,0.5,0.2095479556918801
CUST_03352,96.25,74.23554853752121,5,385,0.012953367875647668,40,0,0.7712784183505745,30,Male,Adana,1633.45,326.69,830.7,17,3.4,0.0,0.4,0.4,0.6,0.0
CUST_03353,45.833333333333336,51.84367528124011,7,275,0.025362318840579712,26,0,1.1311347087295724,40,Male,Kayseri,9469.63,1352.8042857142857,5320.05,28,4.0,31.148571428571426,0.2857142857142857,0.5714285714285714,0.7142857142857143,0.02302518681710095
CUST_03354,112.66666666666667,93.9272768333743,4,338,0.011799410029498525,28,0,0.8336740473346176,35,Female,Ankara,4156.08,1039.02,3449.58,11,2.75,6.2675,0.5,0.25,0.5,0.006032126421019685
CUST_03355,57.333333333333336,39.272551907577046,4,172,0.023121387283236993,188,0,0.6849863585335585,27,Female,Gaziantep,4506.26,1126.565,2436.25,15,3.75,4.5675,0.5,0.25,0.75,0.004054359931247322
CUST_03356,81.8,117.8757820758785,6,409,0.014634146341463415,27,0,1.4410242131400282,33,Male,Istanbul,3675.96,612.66,1054.15,19,3.1666666666666665,18.3,0.5,0.5,0.6666666666666666,0.029869748261891184
CUST_03357,72.33333333333333,64.45360088208156,7,434,0.016091954022988506,8,0,0.8910635943458706,35,Male,Gaziantep,6619.62,945.66,2150.04,18,2.5714285714285716,106.94571428571429,0.2857142857142857,0.7142857142857143,0.5714285714285714,0.11309108365863335
CUST_03358,41.625,48.396981901177035,9,333,0.02694610778443114,34,0,1.1626902279516351,18,Female,Antalya,19529.62,2169.9577777777777,14970.24,26,2.888888888888889,14.722222222222221,0.2222222222222222,0.4444444444444444,0.6666666666666666,0.006784566209631263
CUST_03359,71.33333333333333,94.98596387537125,4,214,0.018604651162790697,64,0,1.3315789141653134,40,Male,Istanbul,2761.16,690.29,1579.77,14,3.5,26.155,0.5,0.5,0.75,0.03788987231759135
CUST_03360,95.5,9.192388155425117,3,191,0.015625,56,0,0.09625537234732717,23,Female,Ankara,4558.51,1519.5033333333333,3791.94,5,1.6666666666666667,0.0,0.3333333333333333,0.6666666666666666,0.6666666666666666,0.0
CUST_03361,60.57142857142857,41.37574628876657,8,424,0.018823529411764704,3,0,0.6830901397163562,21,Male,Istanbul,7633.48,954.185,1876.93,27,3.375,57.60124999999999,0.25,0.5,0.625,0.06036696231824335
CUST_03362,53.857142857142854,42.6396864099967,8,377,0.021164021164021163,47,0,0.7917183006046388,18,Female,Ankara,2937.22,367.1525,955.62,20,2.5,5.2425,0.375,0.375,0.75,0.014278807813432272
CUST_03363,191.5,267.9934700697015,3,383,0.0078125,26,0,1.399443700627978,18,Female,Istanbul,3252.85,1084.2833333333333,2265.64,10,3.3333333333333335,63.050000000000004,0.6666666666666666,0.3333333333333333,0.3333333333333333,0.05814900773953701
CUST_03364,22.8,13.019643278950124,11,228,0.048034934497816595,79,0,0.5710369608733843,18,Female,Antalya,13084.74,1189.5218181818182,3224.12,30,2.727272727272727,47.62,0.2727272727272727,0.36363636363636365,0.5454545454545454,0.04003289324508077
CUST_03365,88.0,0.0,2,88,0.02247191011235955,222,1,0.0,26,Female,Eskisehir,1068.71,534.355,698.72,5,2.5,0.0,0.5,0.5,1.0,0.0
CUST_03366,56.0,74.83982896827064,4,168,0.023668639053254437,12,0,1.3364254934258062,58,Male,Istanbul,3529.06,882.265,1570.52,13,3.25,7.385,0.25,0.5,0.75,0.008370500917104838
CUST_03367,33.8,29.209587467131406,6,169,0.03529411764705882,90,0,0.8641889527497769,28,Female,Bursa,7624.41,1270.735,2344.69,22,3.6666666666666665,111.05666666666667,0.3333333333333333,0.3333333333333333,0.8333333333333334,0.087395614805031
CUST_03368,87.0,110.30865786510141,3,174,0.017142857142857144,265,0,1.2679155930711015,37,Female,Bursa,6313.85,2104.616666666667,6064.8,7,2.3333333333333335,14.530000000000001,0.3333333333333333,0.6666666666666666,0.6666666666666666,0.006903870060151634
CUST_03369,154.0,0.0,2,154,0.012903225806451613,257,1,0.0,39,Male,Kayseri,412.40000000000003,206.20000000000002,303.72,2,1.0,51.485,0.5,1.0,0.5,0.249684770855069
CUST_03370,60.666666666666664,23.028967265887832,4,182,0.02185792349726776,66,0,0.3795983552685079,36,Male,Izmir,1639.2900000000002,409.82250000000005,1100.14,9,2.25,76.0975,0.5,0.5,1.0,0.1856840456888432
CUST_03371,53.5,32.99350585450762,9,428,0.02097902097902098,1,0,0.6167010324823661,34,Male,Bursa,9002.29,1000.2544444444445,5696.5,32,3.5555555555555554,18.33111111111111,0.2222222222222222,0.4444444444444444,0.5555555555555556,0.018326448029897052
CUST_03372,156.5,140.71424945612296,3,313,0.009554140127388535,106,0,0.8991325786389162,20,Male,Izmir,2744.92,914.9733333333334,2099.8,8,2.6666666666666665,11.38,0.6666666666666666,0.6666666666666666,0.6666666666666666,0.01243752093419387
CUST_03373,334.0,0.0,2,334,0.005970149253731343,26,1,0.0,52,Male,Ankara,649.81,324.905,333.8,6,3.0,0.0,0.5,1.0,0.5,0.0
CUST_03374,56.0,66.00252520421725,8,392,0.020356234096692113,44,0,1.1786165004571563,56,Female,Istanbul,3445.79,430.72375,1239.18,23,2.875,30.32,0.25,0.5,0.5,0.07039314625582373
CUST_03375,127.33333333333333,57.70904030854554,4,382,0.010443864229765013,10,0,0.4532123548848156,18,Male,Izmir,10245.150000000001,2561.2875000000004,5137.8,12,3.0,0.0,0.5,0.75,0.5,0.0
CUST_03376,222.0,171.1198410471445,3,444,0.006741573033707865,4,0,0.7708100913348397,22,Female,Istanbul,1023.1600000000001,341.05333333333334,602.36,7,2.3333333333333335,52.876666666666665,0.3333333333333333,0.6666666666666666,0.6666666666666666,0.1550392895880235
CUST_03377,84.5,106.77312395916867,3,169,0.01764705882352941,148,0,1.2635872508352832,31,Male,Bursa,1446.88,482.29333333333335,859.41,4,1.3333333333333333,24.516666666666666,0.3333333333333333,0.6666666666666666,0.6666666666666666,0.05083351753255242
CUST_03378,52.25,33.059290171851345,5,209,0.023809523809523808,77,0,0.6327136753901946,23,Male,Ankara,7814.889999999999,1562.9779999999998,2937.0,18,3.6,27.089999999999996,0.4,0.4,0.6,0.017332297692397268
CUST_03379,185.0,234.75945135393377,3,370,0.008086253369272238,23,0,1.2689700004592637,41,Female,Bursa,4822.110000000001,1607.3700000000001,2360.87,11,3.6666666666666665,214.40333333333334,0.6666666666666666,1.0,1.0,0.1333876663120163
CUST_03380,103.33333333333333,32.65475973473596,4,310,0.012861736334405145,56,0,0.3160138008263435,26,Female,Istanbul,2980.2999999999997,745.0749999999999,1886.04,9,2.25,70.8175,0.25,0.5,0.75,0.09504747831419995
CUST_03381,134.5,14.849242404917497,3,269,0.011111111111111112,138,0,0.11040328843504989,60,Male,Kayseri,953.2,317.73333333333335,359.43,6,2.0,7.859999999999999,0.6666666666666666,0.3333333333333333,0.6666666666666666,0.02473772547816494
CUST_03382,86.6,57.330620090838025,6,433,0.013824884792626729,13,0,0.6620163906330443,49,Male,Konya,3924.5199999999995,654.0866666666666,2486.64,20,3.3333333333333335,12.788333333333334,0.3333333333333333,0.5,0.6666666666666666,0.01955143555968409
CUST_03383,112.0,18.384776310850235,3,224,0.013333333333333334,184,0,0.16414978702411115,37,Male,Istanbul,2929.14,976.38,1857.04,7,2.3333333333333335,29.09,0.3333333333333333,0.6666666666666666,0.6666666666666666,0.029793727821346476
CUST_03384,169.0,9.899494936611665,3,338,0.008849557522123894,62,0,0.05857689276943653,47,Female,Ankara,714.87,238.29,418.15,8,2.6666666666666665,0.0,0.6666666666666666,0.6666666666666666,0.6666666666666666,0.0
CUST_03385,144.0,159.80613254815975,3,288,0.010380622837370242,103,0,1.1097648016555206,48,Female,Bursa,1696.03,565.3433333333334,1236.45,8,2.6666666666666665,0.0,0.6666666666666666,0.6666666666666666,0.3333333333333333,0.0
CUST_03386,51.833333333333336,59.89796880251171,7,311,0.022435897435897436,100,0,1.1555878002621978,28,Male,Istanbul,4164.4800000000005,594.9257142857143,1111.92,17,2.4285714285714284,35.17,0.2857142857142857,0.7142857142857143,0.7142857142857143,0.059116624305119395
CUST_03387,86.5,115.25840533340725,3,173,0.017241379310344827,177,0,1.3324670982767648,25,Female,Ankara,3332.49,1110.83,1844.07,8,2.6666666666666665,59.666666666666664,0.3333333333333333,0.6666666666666666,0.6666666666666666,0.05371358948979869
CUST_03388,61.5,111.37998024779857,7,369,0.01891891891891892,39,0,1.8110565599470247,35,Female,Ankara,10772.34,1538.9057142857143,3552.76,21,3.0,9.718571428571428,0.2857142857142857,0.42857142857142855,0.7142857142857143,0.006315248122115831
CUST_03389,144.0,175.36248173426378,3,288,0.010380622837370242,152,0,1.2177950035865888,45,Male,Kayseri,1155.23,385.07666666666665,576.4,10,3.3333333333333335,13.549999999999999,0.3333333333333333,0.6666666666666666,0.6666666666666666,0.03518779800943241
CUST_03390,170.0,0.0,2,170,0.011695906432748537,200,1,0.0,36,Female,Konya,1406.46,703.23,937.74,6,3.0,30.48,1.0,0.5,0.5,0.04334286073781997
CUST_03391,71.0,35.35533905932738,3,142,0.02097902097902098,262,0,0.4979625149488009,18,Female,Bursa,9218.31,3072.77,5880.61,10,3.3333333333333335,434.50666666666666,0.6666666666666666,0.3333333333333333,0.6666666666666666,0.1414055287331174
CUST_03392,74.75,39.05018139095728,5,299,0.016666666666666666,15,0,0.5224104464019643,25,Male,Bursa,4038.3399999999997,807.6679999999999,2253.0,19,3.8,73.15200000000002,0.4,0.4,0.6,0.09057186852695434
CUST_03393,116.5,37.476659402887016,3,233,0.01282051282051282,79,0,0.32168806078282364,34,Male,Kayseri,6715.170000000001,2238.3900000000003,5547.38,10,3.3333333333333335,23.766666666666666,0.3333333333333333,0.3333333333333333,0.6666666666666666,0.010617750551087574
CUST_03394,181.5,166.17009357883867,3,363,0.008241758241758242,36,0,0.9155377006242478,34,Male,Kayseri,3502.87,1167.6233333333332,1855.02,3,1.0,0.0,0.3333333333333333,0.6666666666666666,0.6666666666666666,0.0
CUST_03395,290.0,0.0,2,290,0.006872852233676976,132,1,0.0,58,Male,Eskisehir,1806.01,903.005,1263.25,3,1.5,36.1,0.5,1.0,1.0,0.03997763020140793
CUST_03396,57.666666666666664,41.14203041497426,7,346,0.020172910662824207,16,0,0.7134456017606126,18,Female,Istanbul,18347.93,2621.132857142857,9136.15,21,3.0,135.00571428571428,0.42857142857142855,0.5714285714285714,0.7142857142857143,0.051506627703476825
CUST_03397,162.5,3.5355339059327378,3,325,0.009202453987730062,58,0,0.021757131594926808,41,Male,Istanbul,4820.3,1606.7666666666667,4503.25,8,2.6666666666666665,12.536666666666667,0.3333333333333333,0.6666666666666666,0.6666666666666666,0.007802418931724736
CUST_03398,92.5,108.18733752154178,3,185,0.016129032258064516,188,0,1.1695928254264751,52,Female,Antalya,398.39,132.79666666666665,171.14,5,1.6666666666666667,9.563333333333334,0.3333333333333333,0.6666666666666666,0.3333333333333333,0.07201485926844406
CUST_03399,53.0,63.3798075099633,4,159,0.025,91,0,1.195845402153168,62,Female,Bursa,1446.77,361.6925,674.55,10,2.5,17.055,0.25,0.5,0.75,0.04715331380342884
CUST_03400,39.8,18.102486017119308,6,199,0.03,114,0,0.4548363206603766,30,Female,Istanbul,6864.68,1144.1133333333335,4779.24,17,2.8333333333333335,16.386666666666667,0.5,0.3333333333333333,0.8333333333333334,0.01432259040684554
CUST_03401,129.33333333333334,143.1130089591206,4,388,0.010282776349614395,62,0,1.106543875148789,40,Female,Istanbul,2785.69,696.4225,1729.14,10,2.5,2.0075,0.25,0.5,0.5,0.0028825892286900704
CUST_03402,116.33333333333333,131.34052433781943,4,349,0.011428571428571429,72,0,1.1290016321674883,41,Male,Konya,12441.35,3110.3375,11782.52,12,3.0,5.6125,0.25,0.75,0.75,0.0018044665565056955
CUST_03403,59.714285714285715,48.400118063610435,8,418,0.01909307875894988,6,0,0.8105282793578351,37,Male,Konya,3132.75,391.59375,1275.99,17,2.125,10.182500000000001,0.375,0.5,0.5,0.026002713204685435
CUST_03404,111.66666666666667,40.5010287935175,4,335,0.011904761904761904,92,0,0.3626957769924333,33,Female,Ankara,486.15999999999997,121.53999999999999,271.77,6,1.5,14.8125,0.5,0.5,0.5,0.1218734562952653
CUST_03405,114.33333333333333,123.00135500608654,4,343,0.011627906976744186,18,0,1.0758135912268771,40,Male,Konya,1133.15,283.2875,451.06,8,2.0,29.2325,0.25,0.25,0.5,0.10319022158340829
CUST_03406,67.33333333333333,45.52288801617636,4,202,0.019704433497536946,16,0,0.676082485248919,18,Male,Bursa,5001.5599999999995,1250.3899999999999,2578.91,7,1.75,59.62,0.75,0.75,0.5,0.047681123451338285
CUST_03407,45.833333333333336,45.1903382004015,7,275,0.025362318840579712,158,0,0.9859709937693928,43,Female,Gaziantep,7229.11,1032.73,2214.12,25,3.5714285714285716,85.45428571428572,0.42857142857142855,0.42857142857142855,0.5714285714285714,0.08274600876467199
CUST_03408,136.0,16.97056274847714,3,272,0.01098901098901099,80,0,0.12478354870362934,36,Female,Izmir,985.32,328.44,732.24,8,2.6666666666666665,0.0,0.3333333333333333,0.6666666666666666,1.0,0.0
CUST_03409,254.0,0.0,2,254,0.00784313725490196,185,1,0.0,32,Male,Istanbul,805.9799999999999,402.98999999999995,718.18,2,1.0,33.485,0.5,0.5,1.0,0.0830913916397643
CUST_03410,42.833333333333336,48.00590241487672,7,257,0.027131782945736434,17,0,1.1207603414968805,59,Female,Izmir,2956.7599999999998,422.3942857142857,948.16,26,3.7142857142857144,4.222857142857143,0.42857142857142855,0.5714285714285714,0.7142857142857143,0.009997429595238708
CUST_03411,64.33333333333333,28.005951748393294,4,193,0.020618556701030927,255,0,0.43532566807877143,26,Female,Izmir,3413.64,853.41,2135.41,17,4.25,65.6475,0.25,0.5,0.75,0.0769237528539345
CUST_03412,81.33333333333333,32.715949219506584,4,244,0.0163265306122449,32,0,0.4022452723433768,30,Male,Bursa,3765.38,941.345,2152.64,14,3.5,39.8975,0.25,0.5,0.75,0.04238350440870934
CUST_03413,46.75,49.83616013641959,9,374,0.024,75,0,1.0660140977626844,58,Male,Istanbul,11235.38,1248.3755555555554,6648.75,28,3.111111111111111,76.96,0.2222222222222222,0.3333333333333333,0.5555555555555556,0.06164811510115074
CUST_03414,41.5,23.33452377915607,3,83,0.03571428571428571,69,0,0.562277667876588,25,Female,Eskisehir,1874.2600000000002,624.7533333333334,1558.89,4,1.3333333333333333,6.623333333333334,0.3333333333333333,0.6666666666666666,0.6666666666666666,0.010601517381897628
CUST_03415,78.0,0.0,2,78,0.02531645569620253,261,1,0.0,28,Male,Istanbul,1743.3500000000001,871.6750000000001,1624.39,6,3.0,74.275,0.5,0.5,0.5,0.08520951032757677
CUST_03416,30.5,6.363961030678928,3,61,0.04838709677419355,93,0,0.2086544531811303,33,Male,Istanbul,1584.54,528.18,1260.02,10,3.3333333333333335,110.42,0.3333333333333333,0.3333333333333333,0.6666666666666666,0.20905751787447932
CUST_03417,74.8,127.51744978629395,6,374,0.016,41,0,1.7047787176673161,45,Female,Bursa,3582.5,597.0833333333334,1484.25,23,3.8333333333333335,7.5249999999999995,0.5,0.3333333333333333,0.8333333333333334,0.012602930893058592
CUST_03418,122.66666666666667,95.00175436976589,4,368,0.01084010840108401,59,0,0.774470817352949,37,Female,Bursa,2081.35,520.3375,1277.19,12,3.0,17.89,0.25,0.5,0.75,0.03438153115164383
CUST_03419,94.0,0.0,2,94,0.021052631578947368,140,1,0.0,19,Male,Izmir,263.1,131.55,212.84,5,2.5,0.0,0.5,0.5,0.5,0.0
CUST_03420,81.5,78.48885271170677,3,163,0.018292682926829267,274,0,0.9630533956889985,28,Male,Adana,880.04,293.34666666666664,733.16,6,2.0,4.1000000000000005,0.3333333333333333,0.3333333333333333,0.6666666666666666,0.013976637377926107
CUST_03421,48.57142857142857,24.254601919753586,8,340,0.02346041055718475,13,0,0.4993594410081148,27,Male,Izmir,4949.45,618.68125,3063.9,24,3.0,3.43375,0.375,0.5,0.5,0.005550111619593916
CUST_03422,98.33333333333333,84.97254458549145,4,295,0.013513513513513514,123,0,0.8641275632681074,34,Other,Bursa,2571.2,642.8,2093.52,6,1.5,9.2975,0.25,0.5,0.75,0.014464063449806995
CUST_03423,42.0,14.106735979665885,4,126,0.031496062992125984,91,0,0.33587465818550544,40,Male,Adana,3140.46,785.115,2580.25,12,3.0,172.36249999999998,0.5,0.75,0.75,0.21953790181115132
CUST_03424,51.5,41.71930009000631,3,103,0.028846153846153848,317,0,0.81008348116355,40,Female,Istanbul,2233.87,744.6233333333333,2004.32,7,2.3333333333333335,11.06,0.3333333333333333,1.0,0.3333333333333333,0.014853147208853048
CUST_03425,93.0,76.249590162833,5,372,0.013404825737265416,52,0,0.8198880574510209,18,Female,Bursa,15138.829999999998,3027.7659999999996,10957.56,12,2.4,0.914,0.2,0.6,0.6,0.0003018727337905662
CUST_03426,81.0,79.19595949289332,3,162,0.018404907975460124,47,0,0.9777278829032771,47,Male,Konya,1275.9199999999998,425.3066666666666,791.43,11,3.6666666666666665,13.276666666666666,0.3333333333333333,0.6666666666666666,1.0,0.031216690628213313
CUST_03427,47.666666666666664,28.53652630109932,4,143,0.027777777777777776,291,0,0.5986683713796703,38,Female,Istanbul,859.34,214.835,262.06,11,2.75,9.809999999999999,0.25,0.5,0.75,0.045662950423986076
CUST_03428,45.833333333333336,56.09426589827758,7,275,0.025362318840579712,48,0,1.2238748656233318,51,Female,Izmir,18075.85,2582.2642857142855,9403.66,21,3.0,327.5171428571429,0.2857142857142857,0.42857142857142855,0.7142857142857143,0.12683331622646613
CUST_03429,126.0,67.53517601961218,4,378,0.010554089709762533,59,0,0.5359934562191963,40,Female,Kayseri,5918.2,1479.55,4884.0,10,2.5,35.555,0.25,0.75,0.5,0.024030955341805983
CUST_03430,66.33333333333333,67.71508940652248,4,199,0.02,159,0,1.0208304781762614,48,Male,Ankara,5355.26,1338.815,2811.61,11,2.75,193.1575,0.25,0.5,0.5,0.14427497440327827
CUST_03431,83.0,67.7347768875044,4,249,0.016,57,0,0.816081639414732,40,Female,Izmir,1495.62,373.905,489.98,10,2.5,35.79,0.5,1.0,0.5,0.09571950068675332
CUST_03432,101.66666666666667,19.03505538035898,4,305,0.013071895424836602,76,0,0.18723005107995666,51,Female,Eskisehir,1270.63,317.6575,385.32,12,3.0,0.0,0.5,0.5,0.5,0.0
CUST_03433,260.0,0.0,2,260,0.007662835249042145,58,1,0.0,41,Other,Istanbul,1107.8,553.9,1023.7,6,3.0,0.0,0.5,0.5,1.0,0.0
CUST_03434,60.857142857142854,41.71901473520427,8,426,0.01873536299765808,2,0,0.6855237050416995,33,Male,Istanbul,3102.22,387.7775,1354.56,23,2.875,7.427499999999999,0.375,0.5,0.625,0.019154025132572094
CUST_03435,160.0,35.35533905932738,3,320,0.009345794392523364,77,0,0.22097086773972818,62,Female,Konya,1584.05,528.0166666666667,796.65,10,3.3333333333333335,19.853333333333335,0.3333333333333333,0.3333333333333333,0.6666666666666666,0.03759982316669331
CUST_03436,88.25,57.285105684927686,5,353,0.014124293785310734,24,0,0.64912300323858,45,Male,Konya,1731.1,346.21999999999997,811.97,11,2.2,31.076,0.2,0.6,0.6,0.08975795710889621
CUST_03437,102.0,39.59797974644666,3,204,0.014634146341463415,31,0,0.3882154839042272,41,Male,Izmir,19647.75,6549.25,17781.58,9,3.0,1168.1566666666665,0.3333333333333333,0.3333333333333333,0.6666666666666666,0.17836495270272193
CUST_03438,66.5,54.396691075836586,5,266,0.018726591760299626,114,0,0.8179953422231766,19,Male,Izmir,11460.13,2292.026,7366.15,13,2.6,111.672,0.4,0.6,0.8,0.04872196037535266
CUST_03439,106.5,37.476659402887016,3,213,0.014018691588785047,42,0,0.3518935122159014,19,Female,Gaziantep,1807.54,602.5133333333333,1060.27,7,2.3333333333333335,14.843333333333334,0.3333333333333333,0.6666666666666666,0.6666666666666666,0.024635692668540075
CUST_03440,75.75,50.625257200992735,5,303,0.01644736842105263,64,0,0.6683202182531025,38,Male,Adana,3147.43,629.486,2079.81,12,2.4,0.0,0.4,0.6,0.8,0.0
CUST_03441,55.0,12.727922061357855,3,110,0.02702702702702703,5,0,0.23141676054438354,36,Female,Ankara,1636.1599999999999,545.3866666666667,1052.46,11,3.6666666666666665,3.1533333333333338,0.3333333333333333,0.3333333333333333,1.0,0.00578183061721012
CUST_03442,56.4,39.66484589658707,6,282,0.02120141342756184,114,0,0.7032773970444978,27,Other,Istanbul,4593.69,765.6149999999999,2259.23,16,2.6666666666666665,87.26666666666667,0.3333333333333333,0.5,0.5,0.11398244098232693
CUST_03443,51.25,58.32115519138096,9,410,0.021897810218978103,25,0,1.1379737376274581,36,Male,Izmir,3934.62,437.18,1315.25,22,2.4444444444444446,40.535555555555554,0.3333333333333333,0.3333333333333333,0.7777777777777778,0.09272051663579084
CUST_03444,77.0,81.29575634681062,4,231,0.017241379310344827,178,0,1.0557890297535273,54,Female,Konya,989.23,247.3075,478.29,15,3.75,46.199999999999996,0.5,0.5,0.5,0.18681196410617565
CUST_03445,27.0,0.0,2,27,0.07142857142857142,74,1,0.0,43,Male,Konya,187.32,93.66,141.42,2,1.0,0.0,0.5,0.5,1.0,0.0
CUST_03446,100.0,0.0,2,100,0.019801980198019802,112,1,0.0,21,Male,Kayseri,665.52,332.76,369.05,6,3.0,40.22,0.5,0.5,0.5,0.12086789241234555
CUST_03447,86.0,83.86894538504703,6,430,0.013921113689095127,3,0,0.9752202838351948,33,Female,Konya,2446.33,407.72166666666664,1426.6,13,2.1666666666666665,12.298333333333334,0.3333333333333333,0.3333333333333333,0.5,0.030163551041363472
CUST_03448,60.5,79.90306627407988,3,121,0.02459016393442623,174,0,1.3207118174110424,25,Female,Bursa,2006.65,668.8833333333333,1175.46,7,2.3333333333333335,107.13666666666667,0.3333333333333333,0.6666666666666666,1.0,0.1601724264418223
CUST_03449,160.5,129.4005409571382,3,321,0.009316770186335404,61,0,0.8062338950212106,30,Female,Izmir,8751.6,2917.2000000000003,8115.45,11,3.6666666666666665,0.0,0.3333333333333333,0.6666666666666666,0.6666666666666666,0.0
CUST_03450,21.0,0.0,2,21,0.09090909090909091,116,1,0.0,30,Female,Adana,324.4,162.2,277.24,4,2.0,0.0,0.5,1.0,0.5,0.0
CUST_03451,151.0,203.64675298172568,3,302,0.009900990099009901,10,0,1.348653984324978,29,Male,Adana,3451.92,1150.64,3182.05,8,2.6666666666666665,185.5,0.3333333333333333,0.3333333333333333,0.6666666666666666,0.16121462824061855
CUST_03452,96.0,51.02940328869229,4,288,0.01384083044982699,156,0,0.5315562787201669,19,Male,Bursa,2555.75,638.9375,1542.55,12,3.0,20.89,0.5,0.5,0.75,0.03269490359746469
CUST_03453,45.857142857142854,26.09871370667254,8,321,0.024844720496894408,125,0,0.5691308160834645,33,Female,Istanbul,6838.83,854.85375,3397.75,31,3.875,27.665,0.25,0.5,0.5,0.03236226075821477
CUST_03454,38.4,58.86679879184871,6,192,0.031088082901554404,167,0,1.5329895119494583,28,Male,Kayseri,9442.14,1573.6899999999998,7624.12,15,2.5,9.941666666666666,0.3333333333333333,0.6666666666666666,0.5,0.006317423800335036
CUST_03455,62.5,28.918851982746478,7,375,0.018617021276595744,46,0,0.46270162432071765,18,Male,Izmir,7346.4400000000005,1049.4914285714287,3442.85,15,2.142857142857143,59.08714285714286,0.2857142857142857,0.7142857142857143,0.42857142857142855,0.05630073880762583
CUST_03456,34.888888888888886,26.886076528774353,10,314,0.031746031746031744,80,0,0.7706200058069719,59,Female,Ankara,9752.42,975.242,3525.03,32,3.2,56.75899999999999,0.2,0.5,0.7,0.05819991339770035
CUST_03457,89.0,0.0,2,89,0.022222222222222223,91,1,0.0,48,Male,Antalya,297.72,148.86,277.91,2,1.0,0.0,0.5,0.5,0.5,0.0
CUST_03458,81.5,98.78765105011861,5,326,0.01529051987767584,59,0,1.212118402920248,30,Male,Antalya,3106.99,621.3979999999999,1383.48,11,2.2,79.45400000000001,0.2,0.4,0.4,0.1278633015750561
CUST_03459,109.0,0.0,2,109,0.01818181818181818,78,1,0.0,35,Female,Istanbul,934.77,467.385,892.25,7,3.5,1.56,0.5,0.5,1.0,0.0033377194318651234
CUST_03460,122.66666666666667,103.60662784461877,4,368,0.01084010840108401,3,0,0.8446192418478222,20,Female,Gaziantep,4979.98,1244.995,4053.18,14,3.5,91.685,0.25,0.5,0.5,0.07364286597645543
CUST_03461,140.66666666666666,124.1222515640662,4,422,0.009456264775413711,23,0,0.8823856683531792,55,Female,Ankara,8478.27,2119.5675,7773.25,14,3.5,24.96,0.75,0.25,0.5,0.011775987312611659
CUST_03462,68.66666666666667,92.95339333952975,4,206,0.01932367149758454,243,0,1.3536901745510619,57,Female,Istanbul,7665.629999999999,1916.4074999999998,6647.9,15,3.75,13.76,0.25,0.5,0.5,0.007180101305604314
CUST_03463,74.8,82.3207142826154,6,374,0.016,34,0,1.100544293877956,36,Male,Izmir,10946.140000000001,1824.3566666666668,8622.44,13,2.1666666666666665,272.12,0.3333333333333333,0.3333333333333333,0.6666666666666666,0.14915942963501683
CUST_03464,40.22222222222222,47.607188999608496,10,362,0.027548209366391185,77,0,1.1836041169724847,47,Female,Adana,5907.22,590.722,2425.9,24,2.4,50.261,0.3,0.3,0.6,0.0850840156874401
CUST_03465,277.0,0.0,2,277,0.007194244604316547,21,1,0.0,37,Female,Eskisehir,464.5,232.25,278.52,3,1.5,0.0,0.5,1.0,1.0,0.0
CUST_03466,48.833333333333336,52.00160253940898,7,293,0.023809523809523808,62,0,1.064879211082521,18,Male,Gaziantep,4591.09,655.87,1199.15,21,3.0,48.89,0.2857142857142857,0.42857142857142855,0.7142857142857143,0.07454221099525483
CUST_03467,56.0,0.0,2,56,0.03508771929824561,50,1,0.0,30,Male,Kayseri,15813.24,7906.62,15729.15,6,3.0,0.0,0.5,0.5,0.5,0.0
CUST_03468,141.5,135.0573952066306,3,283,0.01056338028169014,36,0,0.9544692173297623,36,Female,Istanbul,5834.18,1944.7266666666667,4057.92,9,3.0,57.70333333333334,0.3333333333333333,0.3333333333333333,1.0,0.029671693350391132
CUST_03469,127.0,0.0,2,127,0.015625,172,1,0.0,29,Female,Istanbul,432.3,216.15,330.12,5,2.5,0.0,0.5,0.5,0.5,0.0
CUST_03470,54.0,35.85387008399512,6,270,0.02214022140221402,126,0,0.6639605448154551,32,Female,Bursa,13517.95,2252.991666666667,5385.95,18,3.0,29.331666666666667,0.5,0.3333333333333333,0.5,0.01301898586116135
CUST_03471,266.0,0.0,2,266,0.00749063670411985,178,1,0.0,33,Female,Ankara,859.44,429.72,453.36,3,1.5,32.525,0.5,1.0,1.0,0.07568882045125006
CUST_03472,143.0,0.0,2,143,0.013888888888888888,113,1,0.0,34,Female,Gaziantep,1351.35,675.675,965.67,5,2.5,0.0,0.5,0.5,0.5,0.0
CUST_03473,191.0,199.4041122946064,3,382,0.007832898172323759,29,0,1.0440005824639047,35,Other,Antalya,8707.32,2902.44,7161.9,9,3.0,48.24,0.3333333333333333,0.6666666666666666,0.3333333333333333,0.01662049860923206
CUST_03474,64.0,67.88225099390856,3,128,0.023255813953488372,221,0,1.0606601552070063,22,Female,Eskisehir,2736.56,912.1866666666666,2533.02,6,2.0,0.0,0.3333333333333333,0.3333333333333333,0.6666666666666666,0.0
CUST_03475,25.0,0.0,2,25,0.07692307692307693,299,1,0.0,26,Male,Ankara,388.36,194.18,295.32,4,2.0,11.38,1.0,0.5,0.5,0.0586054173519136
CUST_03476,166.5,4.949747468305833,3,333,0.008982035928143712,45,0,0.02972821284431003,19,Female,Izmir,3533.6499999999996,1177.8833333333332,3119.2,7,2.3333333333333335,0.0,0.3333333333333333,0.6666666666666666,0.6666666666666666,0.0
CUST_03477,27.2,15.193565889693058,11,272,0.040293040293040296,171,0,0.5585869607024301,46,Male,Izmir,18876.41,1716.0372727272727,6510.48,34,3.090909090909091,9.413636363636364,0.2727272727272727,0.45454545454545453,0.6363636363636364,0.005485682920621956
CUST_03478,132.0,154.14927829866735,3,264,0.011320754716981131,107,0,1.167797554021741,18,Female,Istanbul,6854.2,2284.733333333333,4877.95,8,2.6666666666666665,0.0,0.3333333333333333,0.6666666666666666,0.6666666666666666,0.0
CUST_03479,64.0,37.83516882478523,6,320,0.018691588785046728,9,0,0.5911745036501675,48,Female,Bursa,2188.56,364.76,598.03,18,3.0,41.445,0.6666666666666666,0.3333333333333333,0.5,0.11362265568148192
CUST_03480,82.5,0.7071067811865476,3,165,0.018072289156626505,272,0,0.008570991183218865,51,Female,Izmir,2986.0699999999997,995.3566666666666,2154.72,7,2.3333333333333335,0.0,0.6666666666666666,0.3333333333333333,0.6666666666666666,0.0
CUST_03481,51.142857142857146,58.23924384647799,8,358,0.022284122562674095,2,0,1.1387561423297567,31,Female,Izmir,33801.24,4225.155,14218.7,25,3.125,11.48375,0.375,0.25,0.5,0.0027179476249467897
CUST_03482,95.75,98.23568598019764,5,383,0.013020833333333334,58,0,1.025960156180026,18,Male,Ankara,1856.48,371.296,1044.32,15,3.0,25.786,0.4,0.8,0.8,0.06944863378692841
CUST_03483,125.0,175.36248173426378,3,250,0.01195219123505976,59,0,1.4028998426509116,30,Male,Istanbul,1419.94,473.31333333333333,1177.91,9,3.0,62.21666666666666,0.6666666666666666,0.6666666666666666,0.6666666666666666,0.13144921588634192
CUST_03484,194.0,0.0,2,194,0.010256410256410256,199,1,0.0,34,Male,Bursa,1673.83,836.915,1414.09,5,2.5,36.085,0.5,1.0,0.5,0.04311668443854312
CUST_03485,327.0,0.0,2,327,0.006097560975609756,107,1,0.0,22,Female,Ankara,404.44,202.22,234.69,6,3.0,0.0,0.5,0.5,0.5,0.0
CUST_03486,73.33333333333333,19.655363983740756,4,220,0.01809954751131222,36,0,0.26802768703245095,28,Female,Istanbul,7522.530000000001,1880.6325000000002,4647.63,10,2.5,94.4825,0.25,0.5,0.75,0.05023974644156168
CUST_03487,47.25,34.22092091939416,9,378,0.023746701846965697,59,0,0.7242522792622621,53,Female,Ankara,7593.2300000000005,843.6922222222223,3114.92,30,3.3333333333333335,110.66222222222221,0.3333333333333333,0.6666666666666666,0.6666666666666666,0.1311642079615028
CUST_03488,89.0,83.43860018001261,3,178,0.01675977653631285,236,0,0.9375123510393288,42,Male,Ankara,2835.1400000000003,945.0466666666667,1675.47,10,3.3333333333333335,72.32000000000001,0.3333333333333333,0.6666666666666666,0.6666666666666666,0.07652532141990309
CUST_03489,61.2,66.72855460745421,6,306,0.019543973941368076,136,0,1.09033584178298,23,Female,Ankara,2493.2000000000003,415.53333333333336,1366.46,13,2.1666666666666665,37.98833333333334,0.3333333333333333,0.3333333333333333,0.5,0.09142066398663405
CUST_03490,287.0,0.0,2,287,0.006944444444444444,58,1,0.0,18,Female,Istanbul,1574.03,787.015,1549.31,2,1.0,0.0,0.5,0.5,1.0,0.0
CUST_03491,112.5,123.74368670764582,3,225,0.01327433628318584,217,0,1.0999438720684618,31,Male,Izmir,762.15,254.04999999999998,526.8,9,3.0,0.0,0.3333333333333333,0.6666666666666666,0.6666666666666666,0.0
CUST_03492,73.66666666666667,77.95083920865339,4,221,0.018018018018018018,107,0,1.05815617398865,32,Female,Antalya,4660.13,1165.0325,1492.26,15,3.75,80.1,0.5,0.5,1.0,0.06875344673324267
CUST_03493,110.0,142.8355697996826,3,220,0.013574660633484163,125,0,1.298505168192522,40,Female,Antalya,3514.13,1171.3766666666668,2114.25,12,4.0,0.0,0.3333333333333333,1.0,0.6666666666666666,0.0
CUST_03494,166.0,26.870057685088806,3,332,0.009009009009009009,84,0,0.1618678164049457,28,Female,Gaziantep,21136.71,7045.57,18014.55,10,3.3333333333333335,44.46666666666667,0.3333333333333333,1.0,0.6666666666666666,0.00631129442477406
CUST_03495,82.66666666666667,102.27577099847908,4,248,0.01606425702811245,151,0,1.2372068922734538,41,Male,Izmir,3014.17,753.5425,2437.55,11,2.75,14.075000000000001,0.5,0.5,0.75,0.018678442133418564
CUST_03496,113.0,0.0,2,113,0.017543859649122806,33,1,0.0,58,Female,Izmir,1287.3600000000001,643.6800000000001,652.96,4,2.0,73.61,0.5,1.0,0.5,0.11435806594214816
CUST_03497,182.0,0.0,2,182,0.01092896174863388,251,1,0.0,44,Male,Gaziantep,5167.5199999999995,2583.7599999999998,3505.7,7,3.5,89.49,0.5,0.5,1.0,0.03463556985376522
CUST_03498,195.0,0.0,2,195,0.01020408163265306,27,1,0.0,34,Other,Izmir,1781.01,890.505,1727.79,5,2.5,60.584999999999994,0.5,0.5,1.0,0.06803442982573435
CUST_03499,39.2,25.572554732672987,11,392,0.027989821882951654,10,0,0.6523610734773447,32,Male,Adana,9265.09,842.2809090909091,2424.15,37,3.3636363636363638,26.220909090909085,0.2727272727272727,0.36363636363636365,0.7272727272727273,0.03113083625281144
CUST_03500,72.0,0.0,2,72,0.0273972602739726,106,1,0.0,30,Male,Izmir,6608.01,3304.005,6584.76,5,2.5,0.0,0.5,0.5,1.0,0.0
CUST_03501,58.142857142857146,51.336889178018865,8,407,0.0196078431372549,23,0,0.8829440247310169,49,Female,Izmir,3166.9300000000003,395.86625000000004,962.04,20,2.5,3.49,0.25,0.5,0.75,0.008816108953930504
CUST_03502,178.0,22.627416997969522,3,356,0.008403361344537815,4,0,0.12712031949915284,27,Male,Adana,3194.2200000000003,1064.74,2864.34,11,3.6666666666666665,5.283333333333333,0.3333333333333333,1.0,1.0,0.0049620877663760585
CUST_03503,140.66666666666666,116.09191760554795,4,422,0.009456264775413711,4,0,0.8252979865894547,35,Female,Istanbul,3196.06,799.015,1438.79,5,1.25,0.0,0.5,0.5,0.5,0.0
CUST_03504,63.8,55.93478345358995,6,319,0.01875,6,0,0.8767207300449722,35,Female,Ankara,3718.44,619.74,939.41,20,3.3333333333333335,49.98333333333333,0.3333333333333333,0.5,0.8333333333333334,0.08065210128873596
CUST_03505,148.0,12.727922061357855,3,296,0.010101010101010102,71,0,0.08599947280647556,28,Female,Istanbul,11744.91,3914.97,11348.75,10,3.3333333333333335,556.6533333333333,0.6666666666666666,0.6666666666666666,0.6666666666666666,0.1421858489825331
CUST_03506,175.5,136.47160876900367,3,351,0.008522727272727272,77,0,0.7776159999509269,18,Other,Ankara,1372.2900000000002,457.43000000000006,1134.88,11,3.6666666666666665,16.796666666666667,0.3333333333333333,1.0,0.6666666666666666,0.03671964372679322
CUST_03507,79.2,31.15605880081754,6,396,0.015113350125944584,54,0,0.39338457585142633,38,Male,Istanbul,6728.3,1121.3833333333334,4433.97,17,2.8333333333333335,29.650000000000002,0.3333333333333333,0.5,0.8333333333333334,0.02644055702649356
CUST_03508,144.0,0.0,2,144,0.013793103448275862,82,1,0.0,34,Female,Bursa,600.45,300.225,429.75,8,4.0,30.405,0.5,0.5,0.5,0.10127404412932285
CUST_03509,109.0,32.526911934581186,3,218,0.0136986301369863,199,0,0.29841203335935,41,Male,Gaziantep,1160.32,386.7733333333333,949.48,10,3.3333333333333335,9.886666666666667,0.3333333333333333,0.3333333333333333,1.0,0.025561913888680933
CUST_03510,116.66666666666667,90.16281569102273,4,350,0.011396011396011397,98,0,0.7728241278702737,28,Male,Gaziantep,1473.97,368.4925,755.37,7,1.75,21.7075,0.5,0.5,0.75,0.05890893285776798
CUST_03511,127.0,41.012193308819754,3,254,0.011764705882352941,183,0,0.3229306534321976,49,Female,Ankara,2788.1499999999996,929.3833333333332,2365.64,7,2.3333333333333335,8.313333333333334,0.3333333333333333,0.6666666666666666,0.6666666666666666,0.00894499936271901
CUST_03512,103.5,26.16295090390226,3,207,0.014423076923076924,64,0,0.25278213189488047,24,Male,Eskisehir,17127.19,5709.063333333333,9621.64,9,3.0,0.0,0.6666666666666666,0.3333333333333333,0.6666666666666666,0.0
CUST_03513,337.0,0.0,2,337,0.005917159763313609,8,1,0.0,55,Female,Bursa,176.17000000000002,88.08500000000001,116.26,3,1.5,0.0,0.5,1.0,1.0,0.0
CUST_03514,179.0,166.87720036002523,3,358,0.008356545961002786,53,0,0.9322748571382702,18,Female,Ankara,764.9100000000001,254.97000000000003,454.93,3,1.0,0.0,0.3333333333333333,0.3333333333333333,0.6666666666666666,0.0
CUST_03515,70.2,78.76991811599146,6,351,0.017045454545454544,92,0,1.1220785896568786,40,Female,Gaziantep,1960.53,326.755,792.69,11,1.8333333333333333,13.531666666666666,0.3333333333333333,0.5,0.8333333333333334,0.041412271044832964
CUST_03516,147.0,86.2670273047588,3,294,0.010169491525423728,85,0,0.5868505218905326,40,Female,Adana,1743.69,581.23,854.61,8,2.6666666666666665,24.813333333333333,0.6666666666666666,0.6666666666666666,0.3333333333333333,0.042691074601521356
CUST_03517,49.666666666666664,39.80368492154129,4,149,0.02666666666666667,61,0,0.8014164587944598,25,Male,Adana,2132.29,533.0725,1784.7,6,1.5,44.2525,0.25,0.5,0.75,0.08301403639652385
CUST_03518,256.0,0.0,2,256,0.007782101167315175,46,1,0.0,40,Female,Istanbul,5114.959999999999,2557.4799999999996,4561.9,7,3.5,0.0,0.5,0.5,1.0,0.0
CUST_03519,109.66666666666667,112.0104161823057,4,329,0.012121212121212121,48,0,1.0213715668170287,50,Female,Izmir,1419.21,354.8025,684.9,12,3.0,19.89,0.75,0.5,0.5,0.05605935680819792
CUST_03520,78.66666666666667,23.18045153428495,4,236,0.016877637130801686,33,0,0.294666753045994,18,Female,Konya,6842.1,1710.525,4033.94,6,1.5,128.27499999999998,0.5,0.5,0.5,0.07499159610354035
CUST_03521,104.5,41.71930009000631,3,209,0.014285714285714285,76,0,0.3992277482371154,41,Male,Izmir,5264.9,1754.9666666666665,4920.71,6,2.0,131.48333333333332,0.3333333333333333,0.3333333333333333,0.6666666666666666,0.07492070120519628
CUST_03522,134.0,0.0,2,134,0.014814814814814815,22,1,0.0,18,Female,Antalya,684.94,342.47,398.85,10,5.0,33.93,0.5,0.5,1.0,0.09907437118850008
CUST_03523,36.888888888888886,33.60596838526025,10,332,0.03003003003003003,51,0,0.9110051423743856,23,Male,Bursa,9639.24,963.924,4541.63,38,3.8,106.821,0.3,0.5,0.6,0.11081890262010397
CUST_03524,32.5,31.81980515339464,3,65,0.045454545454545456,155,0,0.9790708976714998,54,Male,Gaziantep,953.4,317.8,518.65,8,2.6666666666666665,1.6966666666666665,0.3333333333333333,0.6666666666666666,1.0,0.0053387874805786
CUST_03525,91.66666666666667,73.24160930327332,4,275,0.014492753623188406,144,0,0.7989993655011705,28,Female,Ankara,1576.0500000000002,394.01250000000005,816.84,8,2.0,81.695,0.25,0.25,0.5,0.20734113712803234
CUST_03526,72.25,76.76533505864914,5,289,0.017241379310344827,52,0,1.0624959722650957,20,Female,Bursa,6859.92,1371.984,3060.05,15,3.0,1.7420000000000002,0.4,0.4,0.6,0.0012696941062944657
CUST_03527,85.66666666666667,69.71609092120221,4,257,0.015503875968992248,106,0,0.8138064993081211,32,Female,Istanbul,8583.1,2145.775,7494.45,12,3.0,1.9025,0.5,0.5,0.75,0.0008866260437899472
CUST_03528,377.0,0.0,2,377,0.005291005291005291,31,1,0.0,59,Female,Antalya,283.65999999999997,141.82999999999998,159.81,4,2.0,4.39,0.5,1.0,1.0,0.030952548607822403
CUST_03529,41.142857142857146,53.111293750101055,8,288,0.02768166089965398,24,0,1.2908994694944829,18,Female,Adana,5784.93,723.11625,2108.64,27,3.375,0.0,0.25,0.375,0.5,0.0
CUST_03530,125.5,54.44722215136416,3,251,0.011904761904761904,165,0,0.4338424041236793,22,Male,Istanbul,801.71,267.2366666666667,522.56,9,3.0,0.0,0.6666666666666666,0.3333333333333333,0.6666666666666666,0.0
CUST_03531,77.5,65.77486855428396,5,310,0.01607717041800643,40,0,0.8487079703945288,52,Male,Antalya,4905.4,981.0799999999999,1627.24,18,3.6,0.0,0.6,0.6,0.8,0.0
CUST_03532,66.8,52.93108727392627,6,334,0.01791044776119403,2,0,0.7923815341548615,57,Male,Izmir,3546.0499999999997,591.0083333333333,1246.62,16,2.6666666666666665,19.625,0.3333333333333333,0.6666666666666666,0.6666666666666666,0.033205961506680454
CUST_03533,44.0,50.91168824543142,3,88,0.033707865168539325,297,0,1.1570837974624462,33,Female,Istanbul,2277.42,759.14,1968.09,6,2.0,3.7066666666666666,0.3333333333333333,0.6666666666666666,1.0,0.004882718157104024
CUST_03534,83.5,83.59625190960018,5,334,0.014925373134328358,92,0,1.001152705490389,20,Male,Izmir,4250.66,850.132,1813.85,19,3.8,33.153999999999996,0.4,0.4,0.4,0.03899864957559691
CUST_03535,120.0,0.0,2,120,0.01652892561983471,64,1,0.0,60,Male,Istanbul,2111.42,1055.71,1256.14,5,2.5,49.16,0.5,0.5,1.0,0.04656581822037697
CUST_03536,20.333333333333332,0.5773502691896263,4,61,0.06451612903225806,316,0,0.028394274137476336,54,Female,Izmir,1095.62,273.905,436.38,14,3.5,0.0,0.25,0.75,1.0,0.0
CUST_03537,95.0,63.88009601328623,5,380,0.013123359580052493,64,0,0.6724220562196229,43,Male,Ankara,7012.24,1402.4479999999999,2228.73,20,4.0,47.96,0.8,0.8,0.6,0.0341973463299906
CUST_03538,83.66666666666667,119.8262631201246,4,251,0.015873015873015872,46,0,1.432186394676552,25,Male,Adana,1362.42,340.605,652.06,9,2.25,16.595,0.75,0.5,0.5,0.048722126660729795
CUST_03539,60.666666666666664,28.842098860288697,7,364,0.019178082191780823,79,0,0.4754192041462005,34,Female,Adana,11702.64,1671.8057142857142,8308.95,22,3.142857142857143,34.68,0.2857142857142857,0.5714285714285714,0.5714285714285714,0.02074403723047037
CUST_03540,158.0,0.0,2,158,0.012578616352201259,261,1,0.0,33,Male,Bursa,1209.26,604.63,1122.08,4,2.0,0.0,0.5,0.5,1.0,0.0
CUST_03541,273.0,0.0,2,273,0.0072992700729927005,165,1,0.0,38,Male,Istanbul,1601.88,800.94,1486.0,5,2.5,0.0,0.5,0.5,1.0,0.0
CUST_03542,85.0,101.82337649086284,3,170,0.017543859649122806,148,0,1.1979220622698916,52,Male,Kayseri,1307.92,435.97333333333336,960.85,7,2.3333333333333335,90.64666666666666,0.3333333333333333,0.6666666666666666,1.0,0.20791791499193088
CUST_03543,110.0,74.2563128629479,5,440,0.011337868480725623,0,0,0.6750573835262774,45,Female,Antalya,3789.4600000000005,757.892,2201.28,13,2.6,63.99799999999999,0.6,0.6,0.8,0.08444211037398189
CUST_03544,146.0,0.0,2,146,0.013605442176870748,74,1,0.0,22,Female,Istanbul,6569.67,3284.835,3915.41,5,2.5,242.85,0.5,0.5,1.0,0.07393065402861007
CUST_03545,50.0,48.03867489548693,9,400,0.022443890274314215,15,0,0.960773478694269,51,Male,Gaziantep,12179.65,1353.2944444444445,6376.36,20,2.2222222222222223,132.81444444444443,0.3333333333333333,0.4444444444444444,0.5555555555555556,0.0981415721401457
CUST_03546,87.0,0.0,2,87,0.022727272727272728,130,1,0.0,38,Female,Istanbul,854.84,427.42,637.84,9,4.5,0.0,0.5,1.0,1.0,0.0
CUST_03547,127.0,154.14927829866735,3,254,0.011764705882352941,85,0,1.2137738353141223,43,Male,Bursa,1597.13,532.3766666666667,573.63,10,3.3333333333333335,30.53333333333333,0.3333333333333333,0.3333333333333333,0.3333333333333333,0.057352876614891315
CUST_03548,37.6,36.64302267978327,11,376,0.029177718832891247,66,0,0.9745484496073091,52,Female,Izmir,20409.1,1855.3727272727272,5803.8,39,3.5454545454545454,25.904545454545453,0.2727272727272727,0.5454545454545454,0.5454545454545454,0.013961909140844966
CUST_03549,85.33333333333333,35.697805721547276,4,256,0.01556420233463035,33,0,0.41833365589703464,21,Male,Izmir,910.02,227.505,451.58,6,1.5,29.9925,0.5,0.5,0.5,0.13183226684322424
CUST_03550,61.5,38.890872965260115,3,123,0.024193548387096774,197,0,0.6323719078518408,34,Female,Konya,6187.66,2062.5533333333333,3655.71,10,3.3333333333333335,116.94666666666666,0.3333333333333333,0.6666666666666666,0.6666666666666666,0.05669994793345144
CUST_03551,126.33333333333333,77.02164198024691,4,379,0.010526315789473684,47,0,0.6096699844636696,28,Female,Izmir,13726.64,3431.66,12577.4,14,3.5,11.33,0.25,0.75,0.5,0.003301609132809891
CUST_03552,78.75,58.40876075841135,5,315,0.015822784810126583,93,0,0.7416985398947659,18,Female,Istanbul,9394.75,1878.95,6090.4,18,3.6,0.0,0.4,0.8,0.8,0.0
CUST_03553,59.0,57.4151547938347,6,295,0.02027027027027027,83,0,0.9731382003507882,39,Male,Kayseri,16092.900000000001,2682.15,9085.6,24,4.0,5.903333333333333,0.3333333333333333,0.5,0.8333333333333334,0.002200970613549713
CUST_03554,94.75,82.3827449571005,5,379,0.013157894736842105,16,0,0.8694748716372098,65,Male,Kayseri,3550.59,710.118,1539.35,14,2.8,2.7199999999999998,0.2,0.6,0.6,0.003830349316831358
CUST_03555,59.666666666666664,48.25626038833373,7,358,0.019498607242339833,35,0,0.8087641270318928,18,Female,Antalya,5778.92,825.5600000000001,4101.12,18,2.5714285714285716,15.751428571428573,0.2857142857142857,0.42857142857142855,0.8571428571428571,0.019079689607477204
CUST_03556,189.0,49.49747468305833,3,378,0.0079155672823219,48,0,0.2618913990537933,34,Male,Izmir,710.16,236.72,437.94,5,1.6666666666666667,0.0,1.0,0.3333333333333333,0.6666666666666666,0.0
CUST_03557,38.0,15.556349186104045,3,76,0.03896103896103896,106,0,0.4093775993875381,42,Female,Istanbul,13522.640000000001,4507.546666666667,13349.04,6,2.0,2.486666666666667,0.3333333333333333,0.3333333333333333,0.6666666666666666,0.0005516674257648652
CUST_03558,41.0,0.0,2,41,0.047619047619047616,287,1,0.0,36,Female,Gaziantep,1887.42,943.71,1404.78,4,2.0,57.75,0.5,0.5,1.0,0.06119464659567595
CUST_03559,153.5,191.6259377015544,3,307,0.00974025974025974,76,0,1.2483774361770485,33,Female,Istanbul,1370.9,456.9666666666667,676.35,12,4.0,22.793333333333333,0.3333333333333333,0.6666666666666666,0.6666666666666666,0.04987964100252467
CUST_03560,85.0,12.727922061357855,3,170,0.017543859649122806,161,0,0.14974025778373645,19,Male,Istanbul,3997.74,1332.58,3017.16,8,2.6666666666666665,31.060000000000002,0.6666666666666666,0.6666666666666666,0.6666666666666666,0.023308169098059276
CUST_03561,62.0,0.0,2,62,0.031746031746031744,179,1,0.0,37,Female,Bursa,264.77,132.385,183.85,6,3.0,0.0,1.0,0.5,1.0,0.0
CUST_03562,49.0,38.903727327853815,10,441,0.02262443438914027,3,0,0.7939536027326575,25,Female,Istanbul,11338.88,1133.888,5910.28,29,2.9,17.669,0.4,0.4,0.5,0.015582667762968946
CUST_03563,104.0,0.0,2,104,0.01904761904761905,297,1,0.0,18,Female,Istanbul,1159.81,579.905,952.41,9,4.5,24.415,0.5,0.5,1.0,0.04210172348556794
CUST_03564,116.33333333333333,112.51814668458299,4,349,0.011428571428571429,23,0,0.9672046909803292,49,Male,Izmir,8824.68,2206.17,7868.56,11,2.75,53.447500000000005,0.5,0.5,1.0,0.024226374203154624
CUST_03565,172.0,0.0,2,172,0.011560693641618497,184,1,0.0,46,Male,Istanbul,653.2,326.6,350.6,6,3.0,0.0,1.0,0.5,0.5,0.0
CUST_03566,81.25,74.74567991975634,5,325,0.015337423312883436,64,0,0.9199468184591941,35,Male,Istanbul,5703.65,1140.73,3754.22,13,2.6,120.006,0.6,0.6,0.6,0.10520105537226068
CUST_03567,43.0,38.21866908549625,5,172,0.028901734104046242,11,0,0.888806237132326,37,Male,Istanbul,15116.099999999999,3023.22,8284.83,14,2.8,204.41000000000003,0.4,0.4,0.8,0.06761333939719462
CUST_03568,102.5,45.96194077712559,3,205,0.014563106796116505,3,0,0.4484091739386968,47,Female,Istanbul,313.78,104.59333333333332,150.47,4,1.3333333333333333,16.87666666666667,0.6666666666666666,0.6666666666666666,0.6666666666666666,0.1613550880105002
CUST_03569,60.833333333333336,55.29345952883276,7,365,0.01912568306010929,70,0,0.9089335663545074,37,Female,Adana,6438.26,919.7514285714286,2998.93,20,2.857142857142857,144.47,0.2857142857142857,0.7142857142857143,0.5714285714285714,0.1570750480565362
CUST_03570,147.0,24.041630560342615,3,294,0.010169491525423728,16,0,0.1635485061006402,45,Male,Gaziantep,4460.5,1486.8333333333333,3977.28,13,4.333333333333333,3.34,0.3333333333333333,0.3333333333333333,0.3333333333333333,0.00224638493291354
CUST_03571,214.0,0.0,2,214,0.009302325581395349,121,1,0.0,31,Female,Izmir,211.89,105.945,118.5,3,1.5,10.725,0.5,0.5,1.0,0.10123177024652631
CUST_03572,287.0,0.0,2,287,0.006944444444444444,10,1,0.0,50,Male,Izmir,202.43,101.215,140.6,6,3.0,2.315,0.5,0.5,1.0,0.022872103711188026
CUST_03573,48.666666666666664,31.740615410963077,7,292,0.023890784982935155,11,0,0.6522044128512055,38,Male,Istanbul,19988.29,2855.4700000000003,10535.48,22,3.142857142857143,306.64285714285717,0.2857142857142857,0.7142857142857143,0.7142857142857143,0.10738787556355671
CUST_03574,16.0,0.0,2,16,0.11764705882352941,88,1,0.0,37,Male,Istanbul,2243.73,1121.865,2176.36,6,3.0,35.345,0.5,0.5,1.0,0.03150557328064823
CUST_03575,172.5,109.60155108391487,3,345,0.008670520231213872,32,0,0.6353713069480786,19,Male,Ankara,1914.99,638.33,923.68,11,3.6666666666666665,95.44666666666667,0.3333333333333333,0.6666666666666666,1.0,0.14952558475575498
CUST_03576,406.0,0.0,2,406,0.004914004914004914,38,1,0.0,38,Female,Bursa,667.91,333.955,403.09,6,3.0,51.675,0.5,1.0,1.0,0.15473641611972747
CUST_03577,106.5,95.45941546018392,3,213,0.014018691588785047,213,0,0.8963325311159756,25,Male,Adana,993.0,331.0,504.99,5,1.6666666666666667,0.0,0.6666666666666666,0.3333333333333333,0.6666666666666666,0.0
CUST_03578,81.66666666666667,68.73378596682518,4,245,0.016260162601626018,176,0,0.8416381852063713,27,Female,Bursa,3551.2,887.8,1405.86,13,3.25,82.855,0.5,0.5,0.5,0.09332619948938253
CUST_03579,53.0,0.0,2,53,0.037037037037037035,163,1,0.0,25,Male,Ankara,16275.5,8137.75,14501.2,9,4.5,0.0,0.5,0.5,0.5,0.0
CUST_03580,37.7,42.1295620675079,11,377,0.0291005291005291,14,0,1.117494985411483,22,Female,Istanbul,17675.68,1606.88,6389.84,30,2.727272727272727,5.424545454545455,0.18181818181818182,0.6363636363636364,0.45454545454545453,0.003375824860082663
CUST_03581,94.5,103.94469683442249,3,189,0.015789473684210527,48,0,1.099943870206123,60,Male,Gaziantep,1793.93,597.9766666666667,1530.97,7,2.3333333333333335,6.6066666666666665,0.3333333333333333,0.6666666666666666,0.6666666666666666,0.01104836864696777
CUST_03582,51.333333333333336,27.50151510977774,4,154,0.025806451612903226,86,0,0.5357437904032587,50,Male,Ankara,2006.62,501.655,1214.1,9,2.25,0.0,0.25,0.5,0.5,0.0
CUST_03583,94.66666666666667,105.2156515606558,4,284,0.014035087719298246,110,0,1.1114329272805232,58,Male,Adana,3702.59,925.6475,1859.05,15,3.75,42.3625,0.25,0.75,0.75,0.045765261564726024
CUST_03584,41.2,67.78528191609476,11,412,0.026634382566585957,9,0,1.6452737929810914,20,Male,Izmir,16532.6,1502.9636363636362,10454.31,33,3.0,13.735454545454546,0.36363636363636365,0.36363636363636365,0.5454545454545454,0.00913891341346624
CUST_03585,149.0,0.0,2,149,0.013333333333333334,252,1,0.0,35,Male,Adana,1054.02,527.01,1031.34,4,2.0,2.195,0.5,0.5,0.5,0.004165006348712536
CUST_03586,268.0,0.0,2,268,0.007434944237918215,58,1,0.0,19,Female,Konya,206.70999999999998,103.35499999999999,135.48,7,3.5,6.005,0.5,1.0,0.5,0.05810072025445581
CUST_03587,43.0,0.0,2,43,0.045454545454545456,277,1,0.0,26,Female,Kayseri,6503.01,3251.505,6437.71,6,3.0,777.995,0.5,1.0,0.5,0.23927227538039392
CUST_03588,93.5,120.91525958289962,3,187,0.015957446808510637,159,0,1.2932113186062921,23,Female,Bursa,5468.76,1822.92,3859.02,9,3.0,0.0,0.6666666666666666,0.6666666666666666,0.3333333333333333,0.0
CUST_03589,44.2,29.080921580995334,6,221,0.02702702702702703,87,0,0.6579393873994558,49,Female,Izmir,2923.21,487.20166666666665,1829.07,12,2.0,10.82,0.3333333333333333,0.5,0.6666666666666666,0.022208462569144615
CUST_03590,63.666666666666664,61.23180001709352,4,191,0.020833333333333332,61,0,0.9617560061047777,30,Male,Ankara,2479.47,619.8675,1644.48,7,1.75,80.4825,0.25,0.25,0.5,0.12983823134808936
CUST_03591,135.0,148.49242404917499,3,270,0.01107011070110701,170,0,1.0999438736980083,47,Male,Kayseri,739.65,246.54999999999998,459.52,6,2.0,0.0,0.3333333333333333,0.6666666666666666,0.6666666666666666,0.0
CUST_03592,92.5,97.71216232724903,5,370,0.013477088948787063,39,0,1.0563476894151498,42,Other,Izmir,7474.21,1494.842,3530.25,15,3.0,0.0,0.4,0.6,0.4,0.0
CUST_03593,103.75,91.8163928718614,5,415,0.01201923076923077,17,0,0.8849772721627386,62,Female,Istanbul,9656.949999999999,1931.3899999999999,7892.9,15,3.0,14.428,0.4,0.4,0.4,0.007470267523664166
CUST_03594,112.0,15.556349186104045,3,224,0.013333333333333334,138,0,0.13889597363578635,18,Female,Izmir,4167.14,1389.0466666666669,3704.31,9,3.0,10.596666666666666,0.3333333333333333,0.3333333333333333,0.6666666666666666,0.007628733370396433
CUST_03595,114.33333333333333,97.37213838328361,4,343,0.011627906976744186,60,0,0.8516513486731685,50,Female,Istanbul,1967.48,491.87,1590.55,14,3.5,1.4125,0.5,1.0,1.0,0.0028716937343775924
CUST_03596,23.6,18.367846302105693,11,236,0.046413502109704644,5,0,0.7782985391443709,48,Male,Izmir,11117.15,1010.65,3727.03,37,3.3636363636363638,57.94454545454546,0.36363636363636365,0.36363636363636365,0.45454545454545453,0.05733393894742149
CUST_03597,97.75,92.29075432205185,5,391,0.012755102040816327,27,0,0.9441509296971962,23,Male,Bursa,4669.88,933.976,3425.25,17,3.4,42.45,0.4,0.6,0.6,0.045450846654035176
CUST_03598,328.0,0.0,2,328,0.0060790273556231,26,1,0.0,47,Male,Ankara,562.25,281.125,449.54,2,1.0,19.16,0.5,0.5,0.5,0.06815473519553673
CUST_03599,37.0,15.556349186104045,3,74,0.04,353,0,0.4204418585314105,39,Male,Istanbul,2770.87,923.6233333333333,2174.17,11,3.6666666666666665,121.67,0.3333333333333333,0.3333333333333333,0.6666666666666666,0.13173118897848202
CUST_03600,105.5,96.61780374237452,5,422,0.01182033096926714,2,0,0.9158085575977817,32,Male,Kayseri,8683.48,1736.696,3188.37,17,3.4,63.794000000000004,0.6,0.6,0.6,0.03673296878858881
CUST_03601,60.333333333333336,40.8207463593371,4,181,0.02197802197802198,223,0,0.6765869450179584,25,Male,Adana,1967.4,491.85,885.96,10,2.5,12.7475,0.25,0.75,0.75,0.02591745445579454
CUST_03602,125.0,97.58073580374356,3,250,0.01195219123505976,7,0,0.7806458801847815,26,Female,Gaziantep,4585.49,1528.4966666666667,4179.3,12,4.0,0.0,0.3333333333333333,0.6666666666666666,0.6666666666666666,0.0
CUST_03603,114.66666666666667,100.55015332327113,4,344,0.011594202898550725,66,0,0.8768908643579675,59,Female,Ankara,5074.570000000001,1268.6425000000002,3782.42,7,1.75,97.97,0.5,0.25,0.75,0.0772242770699986
CUST_03604,146.0,31.11269837220809,3,292,0.010238907849829351,141,0,0.21310067232265356,35,Female,Adana,2874.44,958.1466666666666,2607.84,8,2.6666666666666665,0.9966666666666667,0.3333333333333333,0.3333333333333333,0.6666666666666666,0.0010402026122929657
CUST_03605,50.0,38.839412971876904,6,250,0.02390438247011952,47,0,0.7767882439017733,44,Female,Izmir,8605.82,1434.3033333333333,4227.52,18,3.0,177.44833333333335,0.3333333333333333,0.6666666666666666,0.5,0.12371743764774251
CUST_03606,16.0,0.0,2,16,0.11764705882352941,430,1,0.0,25,Male,Istanbul,5537.85,2768.925,4843.92,6,3.0,0.0,0.5,1.0,0.5,0.0
CUST_03607,200.0,0.0,2,200,0.009950248756218905,3,1,0.0,25,Male,Istanbul,407.07,203.535,220.98,3,1.5,0.0,0.5,0.5,1.0,0.0
CUST_03608,71.5,46.116157689035624,7,429,0.01627906976744186,12,0,0.6449812173993623,47,Female,Ankara,13371.810000000001,1910.2585714285717,5377.72,24,3.4285714285714284,76.11571428571429,0.2857142857142857,0.7142857142857143,0.5714285714285714,0.03984576506255171
CUST_03609,101.5,60.10407640085654,3,203,0.014705882352941176,151,0,0.592158382351706,18,Male,Istanbul,13073.63,4357.876666666666,9816.15,14,4.666666666666667,0.0,0.3333333333333333,0.6666666666666666,0.6666666666666666,0.0
CUST_03610,67.33333333333333,51.636550362445135,4,202,0.019704433497536946,18,0,0.7668794494390945,30,Male,Eskisehir,1102.99,275.7475,484.28,10,2.5,0.0,0.25,0.5,0.75,0.0
CUST_03611,262.0,0.0,2,262,0.0076045627376425855,61,1,0.0,35,Male,Istanbul,508.64,254.32,476.17,5,2.5,21.075,0.5,0.5,1.0,0.08286803993839242
CUST_03612,29.666666666666668,17.03917055884274,4,89,0.044444444444444446,100,0,0.5743540444209673,36,Male,Izmir,8876.58,2219.145,5857.31,12,3.0,252.6175,0.5,0.5,0.75,0.11383550866940399
CUST_03613,84.5,116.67261889578035,3,169,0.01764705882352941,80,0,1.3807410356809386,32,Female,Izmir,6060.87,2020.29,4076.45,6,2.0,27.906666666666666,0.6666666666666666,0.6666666666666666,0.6666666666666666,0.01381319842837091
CUST_03614,91.0,70.53367989832942,4,273,0.014598540145985401,107,0,0.775095374980594,39,Male,Ankara,7603.34,1900.835,5024.6,13,3.25,6.67,0.25,0.5,0.5,0.003508984207725034
CUST_03615,152.0,0.0,2,152,0.013071895424836602,12,1,0.0,43,Female,Bursa,524.71,262.355,421.37,2,1.0,0.0,0.5,0.5,1.0,0.0
CUST_03616,36.25,34.54913685090927,9,290,0.030927835051546393,71,0,0.9530796109746114,43,Female,Istanbul,17145.11,1905.0122222222224,6039.81,27,3.0,214.89555555555555,0.3333333333333333,0.5555555555555556,0.4444444444444444,0.11280534210540216
CUST_03617,105.5,34.64823227814083,3,211,0.014150943396226415,205,0,0.32841926018693435,23,Male,Gaziantep,5877.37,1959.1233333333332,3510.01,11,3.6666666666666665,149.53,1.0,0.3333333333333333,0.6666666666666666,0.07632495483031103
CUST_03618,58.5,63.2099675684144,7,351,0.019886363636363636,58,0,1.080512247656447,31,Male,Ankara,6575.05,939.2928571428572,4204.76,18,2.5714285714285716,130.38714285714286,0.2857142857142857,0.42857142857142855,0.7142857142857143,0.13881415335675026
CUST_03619,241.0,0.0,2,241,0.008264462809917356,5,1,0.0,49,Male,Bursa,912.1999999999999,456.09999999999997,689.8,10,5.0,0.0,1.0,1.0,0.5,0.0
CUST_03620,65.0,69.29646455628166,3,130,0.022900763358778626,264,0,1.0660994383104958,45,Male,Adana,14252.400000000001,4750.8,7715.64,7,2.3333333333333335,62.25333333333333,1.0,0.6666666666666666,0.6666666666666666,0.013103757960812824
CUST_03621,102.33333333333333,145.30771945541412,4,307,0.012987012987012988,1,0,1.4199451273824333,18,Female,Konya,4720.73,1180.1825,3788.68,14,3.5,102.07499999999999,0.25,0.5,0.5,0.08649086045040418
CUST_03622,193.5,236.88077169749343,3,387,0.007731958762886598,56,0,1.2241900282858058,39,Female,Gaziantep,1541.6999999999998,513.9,904.27,7,2.3333333333333335,8.483333333333333,0.6666666666666666,0.6666666666666666,0.6666666666666666,0.01650775115163569
CUST_03623,96.0,0.0,2,96,0.020618556701030927,342,1,0.0,18,Female,Bursa,1672.0,836.0,1567.94,4,2.0,61.46,0.5,1.0,0.5,0.07351674632354456
CUST_03624,275.0,0.0,2,275,0.007246376811594203,78,1,0.0,35,Male,Ankara,800.69,400.345,406.8,8,4.0,70.78999999999999,0.5,1.0,0.5,0.1768224901601806
CUST_03625,148.0,110.30865786510141,3,296,0.010101010101010102,71,0,0.7453287643227882,57,Female,Izmir,3185.6899999999996,1061.8966666666665,1420.04,13,4.333333333333333,34.67333333333333,0.3333333333333333,0.3333333333333333,0.6666666666666666,0.03265226682509698
CUST_03626,110.0,106.40958603434186,4,330,0.012084592145015106,60,0,0.9673598642452909,23,Female,Adana,3570.39,892.5975,2227.01,12,3.0,118.705,0.5,0.5,1.0,0.13298827284079523
CUST_03627,55.5,66.48558741060602,5,222,0.02242152466367713,51,0,1.1979384903183339,24,Female,Konya,2922.66,584.5319999999999,1320.84,12,2.4,69.894,0.2,0.4,0.6,0.11957258093727535
CUST_03628,50.0,32.60368077380221,4,150,0.026490066225165563,64,0,0.6520736024345722,44,Female,Istanbul,6044.54,1511.135,5198.55,13,3.25,3.5575,0.5,0.5,0.75,0.0023541907226328615
CUST_03629,50.833333333333336,53.52538338645195,7,305,0.02287581699346405,140,0,1.0529583409867596,18,Female,Ankara,3117.06,445.2942857142857,1718.39,18,2.5714285714285716,51.214285714285715,0.2857142857142857,0.42857142857142855,0.42857142857142855,0.11501222279805794
CUST_03630,33.0,0.0,2,33,0.058823529411764705,293,1,0.0,27,Female,Adana,301.23,150.615,205.09,6,3.0,16.315,0.5,1.0,1.0,0.10832254351610036
CUST_03631,95.0,118.79393923933998,3,190,0.015706806282722512,94,0,1.2504625051460787,42,Female,Izmir,1463.9099999999999,487.96999999999997,1015.17,9,3.0,0.0,0.3333333333333333,0.3333333333333333,0.6666666666666666,0.0
CUST_03632,45.0,42.42640687119285,3,90,0.03296703296703297,141,0,0.9428090206307519,27,Male,Ankara,3931.2099999999996,1310.4033333333332,3453.99,8,2.6666666666666665,213.91,0.3333333333333333,0.6666666666666666,0.6666666666666666,0.1632398166239607
CUST_03633,180.0,199.4041122946064,3,360,0.008310249307479225,90,0,1.1078006177044766,32,Female,Izmir,945.7900000000001,315.2633333333334,742.71,9,3.0,65.96,0.3333333333333333,0.6666666666666666,0.6666666666666666,0.2092219196357904
CUST_03634,165.5,219.9102089490163,3,331,0.009036144578313253,15,0,1.3287625838081796,43,Male,Bursa,700.3299999999999,233.4433333333333,353.08,11,3.6666666666666665,20.493333333333332,0.3333333333333333,0.6666666666666666,0.6666666666666666,0.08778718566481294
CUST_03635,60.0,51.112620750652184,6,300,0.019933554817275746,107,0,0.8518769983129197,40,Male,Eskisehir,3239.06,539.8433333333334,1125.4,22,3.6666666666666665,47.711666666666666,0.5,0.5,0.6666666666666666,0.08838057938714211
CUST_03636,67.33333333333333,30.500273222819935,7,404,0.01728395061728395,26,0,0.4529743480670137,38,Female,Izmir,7420.23,1060.032857142857,2511.72,24,3.4285714285714284,45.06857142857143,0.14285714285714285,0.42857142857142855,0.5714285714285714,0.04251620228785181
CUST_03637,171.0,65.05382386916237,3,342,0.008746355685131196,43,0,0.3804317163083664,30,Female,Istanbul,651.13,217.04333333333332,297.56,6,2.0,13.89,0.3333333333333333,0.3333333333333333,0.6666666666666666,0.06399643666857724
CUST_03638,52.6,28.218788067526926,6,263,0.022727272727272728,104,0,0.5364788504001535,39,Male,Istanbul,6308.11,1051.3516666666667,5285.69,12,2.0,198.04666666666665,0.3333333333333333,0.6666666666666666,0.5,0.188373379486052
CUST_03639,69.25,63.44748484639351,5,277,0.017985611510791366,53,0,0.9162091542264889,33,Male,Istanbul,498.7,99.74,251.71,11,2.2,15.095999999999998,0.6,0.6,0.6,0.1513535176323088
CUST_03640,43.0,1.4142135623730951,3,86,0.034482758620689655,220,0,0.03288868673219555,40,Male,Bursa,6166.77,2055.59,5279.8,10,3.3333333333333335,41.75,0.3333333333333333,0.6666666666666666,0.6666666666666666,0.02031047046331687
CUST_03641,156.0,0.0,2,156,0.012738853503184714,100,1,0.0,29,Female,Bursa,299.25,149.625,193.89,5,2.5,0.0,0.5,1.0,0.5,0.0
CUST_03642,60.0,67.37358532837628,7,360,0.019390581717451522,55,0,1.1228930700913868,32,Female,Istanbul,6090.45,870.0642857142857,3087.16,21,3.0,53.201428571428565,0.42857142857142855,0.42857142857142855,0.5714285714285714,0.06114654903528871
CUST_03643,182.0,0.0,2,182,0.01092896174863388,177,1,0.0,23,Female,Antalya,13760.82,6880.41,13182.78,7,3.5,417.41,0.5,0.5,0.5,0.060666442833978436
CUST_03644,109.33333333333333,88.1608378665569,4,328,0.0121580547112462,118,0,0.80634911945312,34,Female,Adana,2537.2,634.3,1500.24,8,2.0,0.0,0.25,0.5,0.75,0.0
CUST_03645,104.75,99.52009847262009,5,419,0.011904761904761904,27,0,0.9500725300481868,25,Male,Ankara,1855.81,371.162,625.3,11,2.2,10.326,0.4,1.0,0.4,0.02782073588400554
CUST_03646,46.0,0.0,2,46,0.0425531914893617,247,1,0.0,21,Female,Ankara,6767.04,3383.52,6659.88,5,2.5,0.0,0.5,0.5,0.5,0.0
CUST_03647,98.5,45.96194077712559,3,197,0.015151515151515152,251,0,0.4666186833554001,38,Male,Eskisehir,1725.96,575.32,986.6,10,3.3333333333333335,6.483333333333333,0.3333333333333333,0.3333333333333333,0.6666666666666666,0.011269090805228815
CUST_03648,96.0,18.520259177452136,4,288,0.01384083044982699,149,0,0.19291936442221638,37,Female,Ankara,4012.03,1003.0075,2781.4,9,2.25,27.994999999999997,0.5,0.5,0.5,0.027911057466757663
CUST_03649,40.666666666666664,50.46120622154541,4,122,0.032520325203252036,185,0,1.2408493028040029,44,Female,Adana,6733.16,1683.29,6006.68,14,3.5,0.0,0.25,0.75,0.75,0.0
CUST_03650,132.0,0.0,2,132,0.015037593984962405,64,1,0.0,29,Female,Izmir,596.3299999999999,298.16499999999996,403.58,7,3.5,0.0,0.5,0.5,0.5,0.0
CUST_03651,60.0,0.0,2,60,0.03278688524590164,152,1,0.0,39,Male,Gaziantep,2036.6999999999998,1018.3499999999999,1948.6,6,3.0,211.52,0.5,0.5,0.5,0.20770854793763585
CUST_03652,56.714285714285715,39.0244123838497,8,397,0.020100502512562814,3,0,0.6880878636532314,41,Male,Adana,10729.16,1341.145,7537.64,17,2.125,47.958749999999995,0.25,0.625,0.75,0.035759556173449135
CUST_03653,109.5,150.61374439273462,3,219,0.013636363636363636,39,0,1.375467972760426,40,Male,Antalya,11366.45,3788.816666666667,6717.75,11,3.6666666666666665,14.663333333333334,0.3333333333333333,0.6666666666666666,0.3333333333333333,0.0038701617469297372
CUST_03654,70.6,45.014442126944104,6,353,0.01694915254237288,81,0,0.6375983213788355,25,Female,Konya,1814.53,302.4216666666667,1039.84,10,1.6666666666666667,14.49,0.5,0.3333333333333333,0.6666666666666666,0.04791323357151472
CUST_03655,61.833333333333336,54.722633952201775,7,371,0.01881720430107527,50,0,0.8850021520301826,36,Male,Kayseri,2428.87,346.9814285714286,1698.56,18,2.5714285714285716,63.040000000000006,0.2857142857142857,0.5714285714285714,0.5714285714285714,0.18168119278851141
CUST_03656,73.0,49.23413450036468,5,292,0.017064846416382253,61,0,0.674440189396226,39,Male,Bursa,6391.28,1278.2559999999999,3058.03,15,3.0,141.366,0.2,0.6,0.8,0.11059287019924581
CUST_03657,103.0,103.53260356042439,4,309,0.012903225806451613,20,0,1.005170898594694,35,Male,Istanbul,3202.61,800.6525,2188.75,11,2.75,69.9,0.5,0.5,0.5,0.08730379273492084
CUST_03658,51.5,20.506096654409877,3,103,0.028846153846153848,287,0,0.39817662633462625,18,Female,Ankara,2002.17,667.39,1644.14,7,2.3333333333333335,26.790000000000003,0.3333333333333333,1.0,0.6666666666666666,0.040141446470367485
CUST_03659,116.33333333333333,98.0832979325906,4,349,0.011428571428571429,13,0,0.8431228976172009,36,Male,Adana,974.92,243.73,572.16,7,1.75,12.3,0.25,1.0,0.75,0.05046567902816363
CUST_03660,93.0,14.142135623730951,3,186,0.016042780748663103,178,0,0.15206597281360193,61,Female,Antalya,12397.210000000001,4132.403333333334,8865.45,10,3.3333333333333335,0.0,0.3333333333333333,0.3333333333333333,0.6666666666666666,0.0
CUST_03661,118.5,37.476659402887016,3,237,0.012605042016806723,53,0,0.31625872646943703,30,Female,Istanbul,1093.77,364.59,684.84,10,3.3333333333333335,16.913333333333334,0.6666666666666666,0.3333333333333333,0.6666666666666666,0.04639000874117043
CUST_03662,110.0,97.0,4,330,0.012084592145015106,32,0,0.881818173801653,26,Female,Istanbul,1824.13,456.0325,1341.05,9,2.25,2.91,0.25,0.5,0.75,0.006381124138342938
CUST_03663,102.33333333333333,84.91368166163409,4,307,0.012987012987012988,120,0,0.8297753827217463,39,Male,Antalya,6635.3,1658.825,5281.05,9,2.25,2.855,0.5,0.25,0.5,0.0017210977639467104
CUST_03664,51.0,58.32666628567075,7,306,0.02280130293159609,110,0,1.1436601008237381,38,Male,Ankara,1994.83,284.9757142857143,1023.65,22,3.142857142857143,2.5285714285714285,0.2857142857142857,0.42857142857142855,0.42857142857142855,0.008872936509822614
CUST_03665,105.75,51.951098801340734,5,423,0.01179245283018868,8,0,0.49126334099363966,49,Male,Izmir,3843.7,768.74,1904.8,14,2.8,2.884,0.4,0.4,0.6,0.003751593511783446
CUST_03666,40.333333333333336,30.004444115275103,7,242,0.02880658436213992,160,0,0.7439118191247095,19,Male,Adana,4928.1900000000005,704.027142857143,1523.16,14,2.0,31.237142857142857,0.2857142857142857,0.8571428571428571,0.5714285714285714,0.04436923083107903
CUST_03667,80.33333333333333,62.851677251552594,4,241,0.01652892561983471,71,0,0.7823860141390031,43,Male,Bursa,390.58,97.645,145.8,12,3.0,8.26,0.5,0.5,0.75,0.08459214414878238
CUST_03668,40.4,25.38306522073329,6,202,0.029556650246305417,176,0,0.6282936780306835,42,Female,Istanbul,12155.37,2025.8950000000002,8887.12,16,2.6666666666666665,246.46333333333334,0.5,0.5,0.5,0.12165651882830886
CUST_03669,43.25,36.91770126465984,5,173,0.028735632183908046,269,0,0.8535884488108992,33,Male,Istanbul,2816.75,563.35,1328.36,10,2.0,50.578,0.2,0.4,0.6,0.08978077555732533
CUST_03670,70.0,57.982756057296896,3,140,0.02127659574468085,206,0,0.8283250746995975,39,Female,Istanbul,1782.45,594.15,924.23,8,2.6666666666666665,0.0,0.3333333333333333,0.3333333333333333,0.6666666666666666,0.0
CUST_03671,81.66666666666667,32.00520790954705,4,245,0.016260162601626018,71,0,0.39190050021608025,47,Male,Ankara,4066.97,1016.7425,3102.99,11,2.75,9.2875,0.25,0.25,1.0,0.00913456454398772
CUST_03672,69.5,53.24471804789655,5,278,0.017921146953405017,13,0,0.7661110400256907,45,Female,Bursa,7947.06,1589.412,2749.32,16,3.2,146.14000000000001,0.4,0.8,0.8,0.09194595228175832
CUST_03673,40.0,0.0,2,40,0.04878048780487805,114,1,0.0,21,Female,Izmir,2381.31,1190.655,2061.65,6,3.0,0.0,0.5,0.5,1.0,0.0
CUST_03674,35.875,36.2390377513374,9,287,0.03125,40,0,1.0101473656080846,44,Female,Istanbul,10532.53,1170.2811111111112,2862.84,29,3.2222222222222223,39.51444444444444,0.3333333333333333,0.5555555555555556,0.5555555555555556,0.03376491685246714
CUST_03675,13.0,0.0,2,13,0.14285714285714285,237,1,0.0,34,Female,Istanbul,384.99,192.495,326.88,2,1.0,39.985,0.5,1.0,0.5,0.20771967995158483
CUST_03676,57.5,9.192388155425117,3,115,0.02586206896551724,184,0,0.15986761731404348,35,Female,Istanbul,6570.9,2190.2999999999997,6522.48,6,2.0,4.546666666666667,0.3333333333333333,0.6666666666666666,0.6666666666666666,0.0020758191410267307
CUST_03677,156.5,14.849242404917497,3,313,0.009554140127388535,59,0,0.09488333744430773,35,Female,Eskisehir,3912.59,1304.1966666666667,3467.84,6,2.0,74.17333333333333,0.6666666666666666,0.6666666666666666,0.3333333333333333,0.05687281310573853
CUST_03678,49.0,43.40046082704652,7,294,0.023728813559322035,134,0,0.885723672271895,33,Male,Izmir,11539.58,1648.5114285714285,4720.88,21,3.0,106.29571428571428,0.42857142857142855,0.5714285714285714,0.7142857142857143,0.06447981638401408
CUST_03679,71.8,80.10118600869777,6,359,0.016666666666666666,87,0,1.1156153884830415,49,Female,Konya,10976.85,1829.4750000000001,4845.9,21,3.5,221.6866666666667,0.3333333333333333,0.5,0.5,0.12117501826780451
CUST_03680,111.66666666666667,112.11749789097745,4,335,0.011904761904761904,92,0,1.004037285554688,33,Male,Gaziantep,2998.52,749.63,1331.6,14,3.5,16.5475,0.25,0.5,0.75,0.022074223254039696
CUST_03681,42.857142857142854,38.66707717351878,8,300,0.026578073089700997,72,0,0.9022317796633634,21,Male,Izmir,3776.07,472.00875,1234.28,27,3.375,26.75375,0.375,0.375,0.5,0.056680622855655484
CUST_03682,60.5,23.33452377915607,3,121,0.02459016393442623,82,0,0.38569460154481766,30,Male,Adana,4212.93,1404.3100000000002,3069.18,9,3.0,67.30999999999999,0.3333333333333333,0.6666666666666666,0.6666666666666666,0.0479310123491743
CUST_03683,207.0,0.0,2,207,0.009615384615384616,24,1,0.0,37,Male,Istanbul,5432.29,2716.145,5235.29,10,5.0,296.78,0.5,0.5,1.0,0.10926515332971355
CUST_03684,238.0,0.0,2,238,0.008368200836820083,87,1,0.0,49,Male,Antalya,5249.68,2624.84,4833.35,7,3.5,25.635,0.5,0.5,0.5,0.009766309561814698
CUST_03685,55.375,57.05370277203751,9,443,0.02027027027027027,1,0,1.0303151556067243,42,Male,Ankara,29390.3,3265.588888888889,21310.7,30,3.3333333333333335,28.082222222222224,0.3333333333333333,0.4444444444444444,0.5555555555555556,0.008599435865663335
CUST_03686,132.0,42.42640687119285,3,264,0.011320754716981131,67,0,0.32141217083167184,24,Male,Gaziantep,1707.51,569.17,906.6,8,2.6666666666666665,0.0,0.3333333333333333,0.3333333333333333,0.6666666666666666,0.0
CUST_03687,106.66666666666667,72.21034090304056,4,320,0.012461059190031152,74,0,0.6769719396193933,64,Female,Istanbul,4297.96,1074.49,2450.98,10,2.5,123.7175,0.5,0.5,0.75,0.11514067128112808
CUST_03688,113.0,130.10764773832474,3,226,0.013215859030837005,100,0,1.1513951025392004,38,Male,Adana,1606.25,535.4166666666666,1239.15,3,1.0,14.15,0.6666666666666666,1.0,0.3333333333333333,0.02642801551484262
CUST_03689,57.5,43.1335136523794,3,115,0.02586206896551724,278,0,0.7501480504735887,50,Female,Istanbul,929.35,309.78333333333336,404.55,11,3.6666666666666665,0.0,0.3333333333333333,0.6666666666666666,0.6666666666666666,0.0
CUST_03690,48.2,51.11457717716151,6,241,0.024793388429752067,78,0,1.0604683841637577,33,Male,Konya,16111.179999999998,2685.1966666666663,14246.0,16,2.6666666666666665,5.808333333333334,0.3333333333333333,0.5,0.5,0.002163094198377862
CUST_03691,77.25,83.22409506867588,5,309,0.016129032258064516,40,0,1.077334550049726,41,Female,Ankara,21104.93,4220.986,15277.28,14,2.8,76.348,0.4,0.6,1.0,0.01808771694147109
CUST_03692,100.5,67.10439627923047,5,402,0.01240694789081886,30,0,0.6677054289703984,45,Female,Antalya,7195.880000000001,1439.1760000000002,3977.76,15,3.0,60.346000000000004,0.6,0.8,0.8,0.04193093822997955
CUST_03693,40.111111111111114,42.04891331664959,10,361,0.027624309392265192,87,0,1.0483108321746504,49,Female,Izmir,5671.01,567.101,1374.75,30,3.0,0.0,0.3,0.5,0.5,0.0
CUST_03694,46.833333333333336,20.43934115050352,7,281,0.024822695035460994,4,0,0.43642720385928074,47,Female,Ankara,4852.38,693.1971428571429,1689.72,19,2.7142857142857144,11.178571428571429,0.42857142857142855,0.42857142857142855,0.5714285714285714,0.016126107165373948
CUST_03695,66.33333333333333,43.934800177839286,7,398,0.017543859649122806,29,0,0.6623336610377734,45,Male,Antalya,9425.22,1346.4599999999998,3694.76,14,2.0,180.73,0.2857142857142857,0.42857142857142855,0.8571428571428571,0.13422604449131348
CUST_03696,82.0,15.556349186104045,3,164,0.01818181818181818,72,0,0.18971157312673748,31,Other,Kayseri,1033.76,344.58666666666664,660.11,11,3.6666666666666665,39.84666666666667,0.3333333333333333,1.0,0.6666666666666666,0.11563612410336215
CUST_03697,48.0,0.0,2,48,0.04081632653061224,199,1,0.0,28,Female,Istanbul,569.52,284.76,381.06,10,5.0,19.465,0.5,1.0,1.0,0.06835580816000911
CUST_03698,78.2,77.97563722086534,6,391,0.015306122448979591,40,0,0.9971308980017192,38,Female,Kayseri,3702.75,617.125,1327.75,17,2.8333333333333335,21.545,0.3333333333333333,0.3333333333333333,0.6666666666666666,0.034911889755054666
CUST_03699,4.0,2.8284271247461903,3,8,0.3333333333333333,356,0,0.7071066044098965,46,Female,Bursa,237.97000000000003,79.32333333333334,103.31,9,3.0,3.2133333333333334,0.6666666666666666,0.6666666666666666,0.6666666666666666,0.040509307385267375
CUST_03700,35.2,25.827633779861962,11,352,0.031161473087818695,75,0,0.7337395751739314,32,Male,Gaziantep,8371.33,761.03,2341.44,33,3.0,66.17636363636365,0.18181818181818182,0.6363636363636364,0.45454545454545453,0.08695631387646655
CUST_03701,144.5,70.0035713374682,3,289,0.010344827586206896,43,0,0.4844537775295116,47,Female,Ankara,1714.23,571.41,1613.82,3,1.0,34.78333333333333,0.3333333333333333,1.0,1.0,0.06087281159318269
CUST_03702,55.75,51.13625589214238,5,223,0.022321428571428572,198,0,0.9172422417022447,52,Male,Izmir,2347.73,469.546,1774.87,12,2.4,32.559999999999995,0.4,0.4,0.8,0.0693435785432235
CUST_03703,164.5,34.64823227814083,3,329,0.00909090909090909,35,0,0.21062755056239077,24,Female,Konya,4886.8,1628.9333333333334,3031.2,9,3.0,16.98,1.0,0.6666666666666666,0.6666666666666666,0.010423999338775476
CUST_03704,320.0,0.0,2,320,0.006230529595015576,59,1,0.0,24,Male,Izmir,1072.8799999999999,536.4399999999999,853.56,7,3.5,10.58,0.5,0.5,1.0,0.019722615726413737
CUST_03705,141.5,174.65537495307723,3,283,0.01056338028169014,82,0,1.2343135951856088,33,Female,Bursa,721.91,240.63666666666666,462.89,5,1.6666666666666667,5.013333333333333,0.3333333333333333,0.3333333333333333,0.6666666666666666,0.020833621833052783
CUST_03706,58.0,85.85646937379461,5,232,0.02145922746781116,169,0,1.48028392919846,38,Male,Istanbul,18662.87,3732.5739999999996,10434.15,18,3.6,71.40599999999999,0.4,0.2,0.4,0.01913049814440906
CUST_03707,161.0,0.0,2,161,0.012345679012345678,200,1,0.0,28,Male,Istanbul,5726.88,2863.44,4224.16,9,4.5,470.145,0.5,0.5,0.5,0.16418887765617968
CUST_03708,231.0,0.0,2,231,0.008620689655172414,125,1,0.0,51,Female,Antalya,2587.98,1293.99,2326.67,9,4.5,117.82,0.5,0.5,1.0,0.09105170821177001
CUST_03709,64.5,74.24621202458749,3,129,0.023076923076923078,173,0,1.151104044550131,40,Female,Adana,2047.8,682.6,1451.52,8,2.6666666666666665,41.68333333333333,0.3333333333333333,0.6666666666666666,0.6666666666666666,0.061065533654069436
CUST_03710,82.0,80.18728078691782,5,328,0.015197568389057751,119,0,0.9778936562076118,35,Female,Bursa,2267.69,453.538,1049.64,11,2.2,50.3,0.4,0.4,0.6,0.11090581139638615
CUST_03711,10.0,0.0,2,10,0.18181818181818182,410,1,0.0,18,Male,Istanbul,1257.45,628.725,1121.28,4,2.0,10.925,0.5,0.5,1.0,0.017376436411187027
CUST_03712,29.4,9.91463564635635,6,147,0.04054054054054054,182,0,0.3372324935076142,19,Male,Izmir,6217.48,1036.2466666666667,4629.75,20,3.3333333333333335,23.111666666666665,0.3333333333333333,0.6666666666666666,0.5,0.02230324823983036
CUST_03713,93.33333333333333,128.14965209993093,4,280,0.014234875444839857,153,0,1.3730319720739175,38,Female,Ankara,6216.9400000000005,1554.2350000000001,2823.58,11,2.75,184.1775,0.5,0.5,0.75,0.11850041974443991
CUST_03714,139.0,141.4213562373095,3,278,0.010752688172043012,21,0,1.017419821725825,18,Other,Izmir,10911.61,3637.2033333333334,9314.7,12,4.0,105.51,0.3333333333333333,1.0,0.6666666666666666,0.029008551434020678
CUST_03715,125.66666666666667,200.5899631919138,4,377,0.010582010582010581,17,0,1.5962065909472722,47,Female,Konya,3395.07,848.7675,1985.32,9,2.25,4.835,0.5,0.75,0.5,0.00569649520546381
CUST_03716,97.0,72.54653678846427,4,291,0.0136986301369863,121,0,0.747902433407854,33,Male,Adana,1442.94,360.735,447.43,7,1.75,24.564999999999998,0.25,0.75,0.5,0.0680970793848751
CUST_03717,170.0,0.0,2,170,0.011695906432748537,32,1,0.0,73,Female,Istanbul,1166.8899999999999,583.4449999999999,1099.6,3,1.5,9.2,0.5,0.5,1.0,0.015768410020193146
CUST_03718,49.142857142857146,44.89405517968042,8,344,0.02318840579710145,67,0,0.9135418019272393,62,Male,Konya,6545.62,818.2025,1651.72,19,2.375,47.925,0.375,0.625,0.375,0.05857351932000511
CUST_03719,80.8,78.92528112081705,6,404,0.014814814814814815,27,0,0.976798021584394,32,Female,Izmir,2763.55,460.5916666666667,781.95,18,3.0,9.478333333333333,0.5,0.6666666666666666,0.5,0.0205786035629999
CUST_03720,58.0,0.0,2,58,0.03389830508474576,59,1,0.0,33,Male,Adana,83.16,41.58,51.2,4,2.0,2.405,1.0,1.0,0.5,0.05784030644924708
CUST_03721,42.5,4.949747468305833,3,85,0.03488372093023256,362,0,0.11646464357273387,46,Male,Istanbul,21496.65,7165.55,19547.2,13,4.333333333333333,490.7866666666667,0.6666666666666666,0.3333333333333333,0.6666666666666666,0.0684925325478399
CUST_03722,235.0,0.0,2,235,0.00847457627118644,4,1,0.0,55,Female,Antalya,504.52,252.26,389.94,5,2.5,44.47,0.5,0.5,0.5,0.17628637050548493
CUST_03723,105.33333333333333,143.109515173986,4,316,0.012618296529968454,64,0,1.3586346248292853,18,Female,Istanbul,4340.09,1085.0225,3042.72,9,2.25,21.725,0.25,0.5,0.75,0.020022626240448812
CUST_03724,117.33333333333333,125.11727831651923,4,352,0.0113314447592068,19,0,1.0663404311094784,18,Male,Izmir,7440.76,1860.19,3312.32,7,1.75,0.0,0.5,0.5,0.5,0.0
CUST_03725,132.0,130.77079184588584,4,396,0.010075566750629723,15,0,0.990687809509076,27,Male,Istanbul,4027.95,1006.9875,2000.25,14,3.5,11.3675,0.25,0.5,0.75,0.011288620751212284
CUST_03726,62.285714285714285,56.20116928117625,8,436,0.018306636155606407,7,0,0.9023123363579069,41,Male,Istanbul,5529.780000000001,691.2225000000001,2837.16,16,2.0,2.98375,0.25,0.375,0.625,0.004316627418354252
CUST_03727,113.0,100.7323185477233,4,339,0.011764705882352941,77,0,0.8914364394361669,40,Female,Istanbul,2515.0099999999998,628.7524999999999,1317.3,14,3.5,67.71,0.5,0.5,0.5,0.10768943247511631
CUST_03728,46.25,29.769351449339396,9,370,0.02425876010781671,29,0,0.6436616390416813,47,Male,Istanbul,6368.73,707.6366666666667,1831.4,27,3.0,31.54555555555556,0.3333333333333333,0.6666666666666666,0.5555555555555556,0.044578746406079596
CUST_03729,155.0,106.06601717798213,3,310,0.00964630225080386,63,0,0.684296880604421,20,Male,Istanbul,13137.429999999998,4379.1433333333325,11766.88,13,4.333333333333333,10.136666666666667,0.3333333333333333,0.3333333333333333,1.0,0.0023147601922945144
CUST_03730,62.833333333333336,61.215738716989,7,377,0.018518518518518517,69,0,0.9742557730938975,18,Female,Antalya,3899.83,557.1185714285714,1695.54,20,2.857142857142857,71.58,0.14285714285714285,0.42857142857142855,0.5714285714285714,0.12848252336656274
CUST_03731,121.5,85.55992052357225,3,243,0.012295081967213115,96,0,0.7041968709413611,45,Female,Istanbul,4635.47,1545.1566666666668,3962.86,9,3.0,332.98,0.3333333333333333,0.3333333333333333,1.0,0.2154991833306013
CUST_03732,91.0,31.11269837220809,3,182,0.01639344262295082,192,0,0.3418977805528606,25,Female,Bursa,3350.98,1116.9933333333333,2228.79,11,3.6666666666666665,67.71,0.3333333333333333,0.6666666666666666,0.6666666666666666,0.060618087788690385
CUST_03733,70.5,23.33452377915607,3,141,0.02112676056338028,217,0,0.3309861482009918,18,Female,Istanbul,573.81,191.26999999999998,326.6,8,2.6666666666666665,0.0,0.6666666666666666,0.6666666666666666,1.0,0.0
CUST_03734,104.0,0.0,2,104,0.01904761904761905,259,1,0.0,36,Female,Kayseri,1007.74,503.87,969.35,2,1.0,0.0,0.5,0.5,1.0,0.0
CUST_03735,156.0,46.66904755831214,3,312,0.009584664536741214,108,0,0.29916055935353575,44,Female,Kayseri,18358.35,6119.45,15743.43,14,4.666666666666667,974.6733333333333,0.6666666666666666,0.3333333333333333,0.6666666666666666,0.15927466245725655
CUST_03736,54.0,53.034579914115156,5,216,0.02304147465437788,134,0,0.9821218320739505,33,Female,Istanbul,5254.1,1050.8200000000002,2948.45,16,3.2,38.812,0.2,0.4,0.8,0.03693496503974517
CUST_03737,50.625,30.382972204838683,9,405,0.022167487684729065,42,0,0.6001574637961723,29,Female,Bursa,15551.439999999999,1727.9377777777777,10335.21,24,2.6666666666666665,68.35888888888888,0.2222222222222222,0.4444444444444444,0.8888888888888888,0.03956096667858097
CUST_03738,38.0,0.0,2,38,0.05128205128205128,71,1,0.0,33,Male,Istanbul,3500.62,1750.31,2450.87,6,3.0,535.895,0.5,1.0,1.0,0.306171478020367
CUST_03739,77.6,43.86114453591014,6,388,0.015424164524421594,60,0,0.5652209274573353,30,Other,Kayseri,7368.04,1228.0066666666667,3078.75,12,2.0,30.173333333333332,0.3333333333333333,0.5,0.8333333333333334,0.024570984936641775
CUST_03740,49.666666666666664,53.200877185750734,4,149,0.02666666666666667,54,0,1.0711585794884328,18,Male,Bursa,8353.949999999999,2088.4874999999997,7305.28,11,2.75,8.2325,0.25,0.25,0.5,0.003941847866486227
CUST_03741,129.5,159.0990257669732,3,259,0.011538461538461539,113,0,1.2285638960494927,26,Male,Istanbul,8523.23,2841.0766666666664,7364.45,9,3.0,21.296666666666667,0.3333333333333333,0.6666666666666666,1.0,0.007495984500888989
CUST_03742,70.8,55.24219401870277,6,354,0.016901408450704224,8,0,0.7802569666447148,41,Male,Ankara,3928.29,654.715,1877.55,21,3.5,79.19666666666667,0.3333333333333333,0.6666666666666666,0.8333333333333334,0.1209635742967598
CUST_03743,46.0,0.0,2,46,0.0425531914893617,396,1,0.0,38,Male,Istanbul,1968.35,984.175,1856.0,10,5.0,11.525,0.5,1.0,0.5,0.011710315734792781
CUST_03744,112.66666666666667,91.8168466749612,4,338,0.011799410029498525,109,0,0.8149424188759063,37,Female,Ankara,2228.33,557.0825,1297.82,9,2.25,49.3675,0.25,0.75,0.75,0.0886179334503993
CUST_03745,26.0,28.284271247461902,3,52,0.05660377358490566,126,0,1.087856544600206,23,Female,Antalya,1026.9499999999998,342.3166666666666,651.3,3,1.0,20.096666666666668,0.3333333333333333,0.6666666666666666,0.6666666666666666,0.058707823967940546
CUST_03746,46.0,21.0,4,138,0.02877697841726619,168,0,0.4565217292060494,32,Female,Izmir,5479.27,1369.8175,3921.44,11,2.75,7.655,0.25,0.5,0.5,0.005588335668373096
CUST_03747,96.5,67.82575715267272,5,386,0.012919896640826873,43,0,0.7028575797908305,18,Female,Ankara,1151.21,230.24200000000002,682.56,9,1.8,33.934000000000005,0.2,0.6,0.6,0.14738405613491867
CUST_03748,125.0,162.63455967290594,3,250,0.01195219123505976,194,0,1.3010764669746357,37,Female,Istanbul,1278.6299999999999,426.21,1026.57,6,2.0,51.803333333333335,0.3333333333333333,0.6666666666666666,0.6666666666666666,0.12154415244079018
CUST_03749,418.0,0.0,2,418,0.00477326968973747,24,1,0.0,52,Male,Istanbul,480.61,240.305,407.41,5,2.5,37.125,0.5,0.5,0.5,0.15449116683177141
CUST_03750,44.77777777777778,33.6629535906231,10,403,0.024752475247524754,25,0,0.7517781031007568,18,Female,Istanbul,11868.41,1186.841,5903.1,26,2.6,89.383,0.3,0.5,0.4,0.0753116886968754
CUST_03751,308.0,0.0,2,308,0.006472491909385114,81,1,0.0,27,Female,Gaziantep,623.61,311.805,474.37,2,1.0,0.0,0.5,1.0,1.0,0.0
CUST_03752,236.0,0.0,2,236,0.008438818565400843,74,1,0.0,38,Male,Istanbul,1533.2,766.6,1154.9,6,3.0,0.0,1.0,0.5,0.5,0.0
CUST_03753,46.0,34.77067730142742,4,138,0.02877697841726619,38,0,0.7558842727291989,50,Female,Bursa,6370.07,1592.5175,4037.0,16,4.0,0.0,0.5,0.75,0.75,0.0
CUST_03754,246.0,0.0,2,246,0.008097165991902834,58,1,0.0,29,Male,Ankara,1504.6200000000001,752.3100000000001,1422.16,5,2.5,0.0,0.5,1.0,0.5,0.0
CUST_03755,70.33333333333333,54.27215369475093,7,422,0.016548463356973995,20,0,0.7716419846887529,26,Male,Istanbul,8183.13,1169.0185714285715,3694.07,20,2.857142857142857,78.61285714285714,0.2857142857142857,0.2857142857142857,0.5714285714285714,0.06724688469195426
CUST_03756,83.5,58.68986283848344,3,167,0.017857142857142856,193,0,0.7028726004264771,18,Male,Antalya,3045.21,1015.07,2777.81,10,3.3333333333333335,125.43666666666667,0.6666666666666666,0.3333333333333333,0.6666666666666666,0.12357440033011739
CUST_03757,63.0,44.130488327232456,6,315,0.0189873417721519,23,0,0.7004839305833099,36,Male,Izmir,4897.4800000000005,816.2466666666668,3283.54,17,2.8333333333333335,22.319999999999997,0.3333333333333333,0.5,0.8333333333333334,0.027344675187225248
CUST_03758,50.0,57.3149195236284,8,350,0.022792022792022793,93,0,1.1462983675466007,59,Female,Izmir,11727.08,1465.885,3989.89,22,2.75,100.89625,0.375,0.375,0.625,0.06882958071824898
CUST_03759,96.25,116.80004280821134,5,385,0.012953367875647668,62,0,1.2135069256592668,38,Female,Bursa,4560.08,912.016,3358.22,14,2.8,58.019999999999996,0.4,0.8,0.4,0.06361730488980752
CUST_03760,100.25,62.718285478266495,5,401,0.012437810945273632,4,0,0.6256188015226702,34,Male,Izmir,5772.24,1154.4479999999999,3463.28,19,3.8,89.398,0.4,0.4,1.0,0.07743787500395177
CUST_03761,62.42857142857143,58.28909887465277,8,437,0.0182648401826484,11,0,0.9336926443632058,38,Female,Ankara,7775.5199999999995,971.9399999999999,2895.56,20,2.5,66.135,0.375,0.5,0.625,0.0680443236536779
CUST_03762,115.66666666666667,18.0092568789868,4,347,0.011494252873563218,12,0,0.15569962584974503,34,Female,Bursa,3058.22,764.555,1420.07,9,2.25,26.757499999999997,0.5,0.5,0.5,0.03499748214975053
CUST_03763,259.0,0.0,2,259,0.007692307692307693,137,1,0.0,25,Male,Antalya,10265.800000000001,5132.900000000001,10095.45,6,3.0,0.0,0.5,0.5,0.5,0.0
CUST_03764,219.0,0.0,2,219,0.00909090909090909,182,1,0.0,44,Male,Istanbul,1010.6600000000001,505.33000000000004,966.44,5,2.5,0.0,1.0,0.5,1.0,0.0
CUST_03765,91.0,124.45079348883236,3,182,0.01639344262295082,179,0,1.3675911222114423,37,Female,Izmir,431.08,143.69333333333333,236.76,6,2.0,0.0,0.3333333333333333,0.6666666666666666,1.0,0.0
CUST_03766,61.0,55.756613957449034,7,366,0.01907356948228883,44,0,0.9140428367771508,35,Female,Istanbul,7386.71,1055.2442857142858,4838.3,22,3.142857142857143,0.3157142857142857,0.2857142857142857,0.5714285714285714,0.7142857142857143,0.0002991859701958921
CUST_03767,204.0,0.0,2,204,0.00975609756097561,123,1,0.0,23,Other,Istanbul,1605.7,802.85,844.2,10,5.0,0.0,1.0,0.5,0.5,0.0
CUST_03768,52.833333333333336,62.130239551016274,7,317,0.0220125786163522,35,0,1.175966656941002,50,Male,Bursa,5196.57,742.3671428571428,1411.48,22,3.142857142857143,86.58714285714287,0.14285714285714285,0.8571428571428571,0.7142857142857143,0.11663655049071682
CUST_03769,146.0,48.08326112068523,3,292,0.010238907849829351,21,0,0.3293374026804646,42,Female,Konya,4221.2,1407.0666666666666,1663.87,6,2.0,35.516666666666666,0.3333333333333333,0.6666666666666666,0.6666666666666666,0.025241637431127423
CUST_03770,34.5,45.96194077712559,3,69,0.04285714285714286,114,0,1.3322301288375498,28,Male,Konya,2270.72,756.9066666666666,1763.34,7,2.3333333333333335,0.0,0.6666666666666666,0.6666666666666666,1.0,0.0
CUST_03771,71.8,35.400564967243106,6,359,0.016666666666666666,20,0,0.49304407345681106,47,Male,Istanbul,11112.58,1852.0966666666666,5435.58,26,4.333333333333333,270.6033333333333,0.3333333333333333,0.5,0.6666666666666666,0.14610648464383255
CUST_03772,154.5,202.93964620053913,3,309,0.00967741935483871,33,0,1.3135252096246857,29,Female,Izmir,2623.8199999999997,874.6066666666666,2359.52,7,2.3333333333333335,0.0,0.6666666666666666,0.3333333333333333,1.0,0.0
CUST_03773,49.75,48.92486951584907,9,398,0.022556390977443608,11,0,0.9834144428630076,25,Male,Bursa,17103.86,1900.4288888888889,5515.83,31,3.4444444444444446,148.31777777777776,0.3333333333333333,0.5555555555555556,0.8888888888888888,0.07804437122951197
CUST_03774,45.285714285714285,27.64485657836002,8,317,0.025157232704402517,96,0,0.6104542327297808,25,Male,Istanbul,5575.73,696.96625,2189.8,19,2.375,8.1775,0.375,0.5,0.5,0.011732992793075717
CUST_03775,116.5,36.062445840513924,3,233,0.01282051282051282,43,0,0.30954888867781144,18,Male,Adana,4582.03,1527.3433333333332,3269.37,5,1.6666666666666667,161.62333333333333,0.3333333333333333,0.3333333333333333,0.6666666666666666,0.10581990944680421
CUST_03776,115.0,12.12435565298214,4,345,0.011560693641618497,3,0,0.10542917867437358,40,Male,Adana,608.9,152.225,257.56,11,2.75,3.4925,0.25,0.75,0.75,0.022943011838114556
CUST_03777,149.5,183.1406563273158,3,299,0.01,111,0,1.2250211043631754,18,Female,Konya,2675.9,891.9666666666667,1815.48,7,2.3333333333333335,20.19333333333333,0.6666666666666666,0.6666666666666666,0.6666666666666666,0.022639112049061123
CUST_03778,149.5,19.091883092036785,3,299,0.01,123,0,0.12770490277145072,20,Female,Istanbul,5748.87,1916.29,4538.0,9,3.0,19.966666666666665,0.3333333333333333,0.3333333333333333,0.6666666666666666,0.010419438945173864
CUST_03779,24.0,18.384776310850235,3,48,0.061224489795918366,243,0,0.7660323143674134,18,Male,Istanbul,1176.08,392.02666666666664,935.46,7,2.3333333333333335,10.15,0.6666666666666666,1.0,0.3333333333333333,0.02589109577777593
CUST_03780,105.0,62.22539674441618,3,210,0.014218009478672985,5,0,0.5926228204932701,33,Male,Gaziantep,1410.29,470.09666666666664,1094.22,9,3.0,65.91333333333334,0.3333333333333333,0.6666666666666666,0.6666666666666666,0.14021229646339628
CUST_03781,49.333333333333336,27.300793639257694,4,148,0.026845637583892617,87,0,0.5533944544431738,33,Male,Antalya,2541.29,635.3225,1034.66,10,2.5,15.3225,0.75,0.75,1.0,0.024117672482687653
CUST_03782,119.66666666666667,137.12889313829282,4,359,0.011111111111111112,9,0,1.1459238885156178,31,Female,Konya,2779.46,694.865,1505.35,19,4.75,0.0,0.5,1.0,0.75,0.0
CUST_03783,66.4,48.60864120709403,6,332,0.018018018018018018,66,0,0.7320578384794607,22,Male,Istanbul,6135.57,1022.5949999999999,3591.07,23,3.8333333333333335,182.26,0.3333333333333333,0.3333333333333333,0.8333333333333334,0.17823282904939608
CUST_03784,205.0,0.0,2,205,0.009708737864077669,130,1,0.0,20,Female,Bursa,2532.48,1266.24,2503.61,2,1.0,133.605,0.5,1.0,0.5,0.10551317277489797
CUST_03785,37.0,30.720966419983892,11,370,0.029649595687331536,42,0,0.830296367288852,40,Male,Bursa,14417.130000000001,1310.648181818182,9207.28,32,2.909090909090909,161.53181818181818,0.45454545454545453,0.6363636363636364,0.6363636363636364,0.12324574992694777
CUST_03786,146.0,169.7056274847714,3,292,0.010238907849829351,100,0,1.1623673035781104,28,Male,Istanbul,6448.59,2149.53,2426.69,14,4.666666666666667,186.42333333333332,0.3333333333333333,0.3333333333333333,0.6666666666666666,0.08672748612329478
CUST_03787,139.0,175.41949720598336,4,417,0.009569377990430622,27,0,1.2620107621868533,38,Female,Izmir,1411.94,352.985,869.14,15,3.75,41.775,0.25,0.5,0.5,0.11834780481225035
CUST_03788,143.66666666666666,136.87342084324968,4,431,0.009259259259259259,16,0,0.9527152196556924,24,Female,Bursa,1092.73,273.1825,572.22,8,2.0,9.77,0.25,0.75,0.5,0.03576363773022197
CUST_03789,176.0,162.63455967290594,3,352,0.0084985835694051,57,0,0.9240599928911701,37,Male,Istanbul,4448.13,1482.71,4343.55,8,2.6666666666666665,2.6266666666666665,0.3333333333333333,0.3333333333333333,0.6666666666666666,0.0017715309567583244
CUST_03790,91.0,0.0,2,91,0.021739130434782608,25,1,0.0,50,Female,Ankara,623.03,311.515,497.96,5,2.5,41.01,1.0,0.5,1.0,0.13164695076754906
CUST_03791,415.0,0.0,2,415,0.004807692307692308,11,1,0.0,42,Female,Antalya,466.83,233.415,379.89,6,3.0,3.435,0.5,0.5,1.0,0.014716277811124917
CUST_03792,99.66666666666667,74.59445913292309,4,299,0.013333333333333334,118,0,0.7484393817841175,30,Female,Izmir,3602.04,900.51,2308.9,16,4.0,46.230000000000004,0.5,0.5,1.0,0.05133757531694532
CUST_03793,60.0,0.0,2,60,0.03278688524590164,62,1,0.0,38,Female,Konya,1170.56,585.28,622.91,8,4.0,12.195,0.5,0.5,0.5,0.020836180937609042
CUST_03794,13.0,0.0,2,13,0.14285714285714285,421,1,0.0,32,Female,Ankara,814.02,407.01,619.61,2,1.0,0.0,1.0,1.0,1.0,0.0
CUST_03795,122.0,121.00826418059222,4,366,0.010899182561307902,48,0,0.9918710097436165,35,Other,Ankara,42804.350000000006,10701.087500000001,37852.05,17,4.25,258.28499999999997,0.5,0.5,0.75,0.024136331935970395
CUST_03796,37.125,50.90169096265018,9,297,0.030201342281879196,21,0,1.3710892819275664,31,Male,Eskisehir,5618.76,624.3066666666667,2467.76,25,2.7777777777777777,94.56222222222222,0.2222222222222222,0.4444444444444444,0.5555555555555556,0.1514675833523396
CUST_03797,84.0,73.32575718440735,5,336,0.01483679525222552,33,0,0.872925670374782,33,Female,Kayseri,5038.3,1007.6600000000001,2174.38,17,3.4,100.928,0.4,0.6,0.6,0.1001607684137896
CUST_03798,40.9,34.346114125990375,11,409,0.026829268292682926,23,0,0.8397582710570197,37,Male,Istanbul,7494.17,681.2881818181818,1946.21,29,2.6363636363636362,110.10363636363637,0.36363636363636365,0.7272727272727273,0.6363636363636364,0.16161095868151903
CUST_03799,81.5,60.10407640085654,3,163,0.018292682926829267,168,0,0.737473321023107,23,Male,Adana,850.35,283.45,455.56,5,1.6666666666666667,35.64,0.3333333333333333,0.6666666666666666,0.6666666666666666,0.125736461013454
CUST_03800,137.66666666666666,80.32641740631368,4,413,0.00966183574879227,20,0,0.5834848679624369,22,Male,Istanbul,3765.31,941.3275,3442.94,8,2.0,6.315,0.5,0.5,0.75,0.006708610970455436
CUST_03801,23.5,14.849242404917497,3,47,0.0625,388,0,0.6318826286397816,18,Male,Istanbul,831.62,277.20666666666665,488.4,10,3.3333333333333335,31.03333333333333,0.6666666666666666,0.6666666666666666,0.6666666666666666,0.11195016914474099
CUST_03802,166.0,0.0,2,166,0.011976047904191617,124,1,0.0,18,Female,Ankara,851.49,425.745,458.01,4,2.0,70.88,0.5,0.5,1.0,0.16648463242907224
CUST_03803,55.142857142857146,74.61105497049029,8,386,0.020671834625323,60,0,1.3530501951349239,20,Female,Ankara,5213.99,651.74875,1772.82,27,3.375,16.5625,0.375,0.375,0.625,0.025412400061507752
CUST_03804,23.0,11.313708498984761,3,46,0.06382978723404255,45,0,0.4919003481341049,36,Female,Gaziantep,1244.74,414.91333333333336,744.12,8,2.6666666666666665,0.0,0.3333333333333333,0.3333333333333333,1.0,0.0
CUST_03805,61.4,66.58303087123625,6,307,0.01948051948051948,56,0,1.0844141659091544,24,Male,Adana,3206.46,534.41,1291.29,15,2.5,8.663333333333332,0.3333333333333333,0.6666666666666666,0.5,0.016211023964975035
CUST_03806,91.0,135.42279473313693,5,364,0.0136986301369863,44,0,1.4881625631315865,41,Male,Eskisehir,5637.1900000000005,1127.438,2361.44,13,2.6,124.232,0.4,0.6,0.6,0.1101896511292065
CUST_03807,64.75,52.576135270672,5,259,0.019230769230769232,177,0,0.8119866325665693,35,Female,Adana,13019.85,2603.9700000000003,8864.9,14,2.8,0.0,0.4,0.4,0.8,0.0
CUST_03808,142.0,4.242640687119285,3,284,0.010526315789473684,18,0,0.029877751107334746,18,Male,Izmir,3374.2999999999997,1124.7666666666667,1535.1,15,5.0,0.0,0.6666666666666666,1.0,0.6666666666666666,0.0
CUST_03809,70.0,58.642987645583,4,210,0.018957345971563982,18,0,0.837756954397515,42,Female,Antalya,17266.87,4316.7175,7883.0,11,2.75,258.145,0.5,0.5,0.5,0.05980122626514215
CUST_03810,70.25,81.24192267542664,5,281,0.01773049645390071,120,0,1.1564686337218222,44,Female,Eskisehir,5770.14,1154.028,4053.98,14,2.8,114.51200000000001,0.2,0.6,0.6,0.09922809489957948
CUST_03811,98.0,186.02329603215472,5,392,0.01272264631043257,49,0,1.898196878917937,23,Female,Adana,13258.96,2651.792,9015.47,11,2.2,163.908,0.6,0.4,0.8,0.06181027770586446
CUST_03812,68.83333333333333,58.680206770824064,7,413,0.016908212560386472,19,0,0.8524969382807815,40,Female,Adana,8091.009999999999,1155.8585714285714,4570.84,21,3.0,28.415714285714284,0.42857142857142855,0.42857142857142855,1.0,0.024584075390824068
CUST_03813,56.666666666666664,34.64486493936246,7,340,0.020527859237536656,55,0,0.6113799587291031,24,Female,Kayseri,1671.68,238.8114285714286,540.88,18,2.5714285714285716,0.51,0.2857142857142857,0.7142857142857143,0.42857142857142855,0.0021355761778874944
CUST_03814,347.0,0.0,2,347,0.005747126436781609,11,1,0.0,36,Male,Istanbul,295.0,147.5,230.62,3,1.5,4.495,0.5,0.5,0.5,0.030474576064579147
CUST_03815,40.8,32.440715158578115,11,408,0.02689486552567237,2,0,0.7951155481240826,19,Female,Adana,21372.7,1942.9727272727273,13269.7,32,2.909090909090909,16.55909090909091,0.2727272727272727,0.6363636363636364,0.6363636363636364,0.008522554469311406
CUST_03816,122.0,0.0,2,122,0.016260162601626018,58,1,0.0,18,Male,Konya,713.15,356.575,563.26,3,1.5,29.1,1.0,1.0,0.5,0.08160975928876181
CUST_03817,59.0,45.254833995939045,3,118,0.025210084033613446,311,0,0.7670310716764064,30,Male,Kayseri,6099.85,2033.2833333333335,3792.35,10,3.3333333333333335,0.0,0.6666666666666666,0.3333333333333333,0.3333333333333333,0.0
CUST_03818,209.0,0.0,2,209,0.009523809523809525,124,1,0.0,33,Male,Istanbul,1595.48,797.74,1160.74,4,2.0,59.35,0.5,1.0,0.5,0.07439767333417195
CUST_03819,86.25,141.14620079902966,5,345,0.014450867052023121,12,0,1.636477671449878,30,Female,Izmir,2998.21,599.642,1708.25,19,3.8,10.074000000000002,0.4,0.4,0.8,0.016800023986311793
CUST_03820,125.0,155.30936868070773,4,375,0.010638297872340425,6,0,1.2424749395058623,20,Male,Antalya,2507.93,626.9825,946.55,11,2.75,0.0,0.5,0.5,0.75,0.0
CUST_03821,172.0,226.27416997969522,3,344,0.008695652173913044,84,0,1.315547492233417,30,Male,Istanbul,594.3,198.1,403.75,4,1.3333333333333333,7.05,0.3333333333333333,1.0,0.3333333333333333,0.03558808664518886
CUST_03822,67.0,58.32666628567074,6,335,0.017857142857142856,51,0,0.8705472450018432,38,Male,Bursa,8221.47,1370.245,6385.04,18,3.0,16.895,0.5,0.3333333333333333,0.5,0.012329911795095102
CUST_03823,111.33333333333333,54.16948710605753,4,334,0.011940298507462687,20,0,0.48655227502549636,34,Female,Ankara,1597.84,399.46,1096.08,8,2.0,31.4125,0.25,0.25,0.75,0.07863741030732137
CUST_03824,93.25,50.241914772428814,5,373,0.013368983957219251,12,0,0.5387872840068797,37,Female,Ankara,10443.67,2088.734,9369.33,13,2.6,296.336,0.4,0.4,0.6,0.14187349842446503
CUST_03825,52.57142857142857,50.54983396892332,8,368,0.02168021680216802,59,0,0.961545736553378,26,Female,Izmir,5751.4400000000005,718.9300000000001,1474.25,21,2.625,58.870000000000005,0.25,0.375,0.875,0.08188557984520665
CUST_03826,57.5,50.149775672479336,5,230,0.021645021645021644,182,0,0.872169996527119,49,Female,Bursa,6644.4,1328.8799999999999,5564.61,14,2.8,19.45,0.4,0.6,0.8,0.014636385516648316
CUST_03827,116.33333333333333,94.16120928138791,4,349,0.011428571428571429,88,0,0.8094086688135752,20,Male,Izmir,570.4599999999999,142.61499999999998,402.96,9,2.25,2.8025,0.5,0.5,0.5,0.019650807981973793
CUST_03828,251.0,0.0,2,251,0.007936507936507936,56,1,0.0,40,Male,Izmir,2733.67,1366.835,2610.15,6,3.0,0.0,0.5,0.5,1.0,0.0
CUST_03829,259.0,0.0,2,259,0.007692307692307693,172,1,0.0,49,Female,Ankara,13252.42,6626.21,11453.2,6,3.0,376.12,1.0,1.0,0.5,0.05676246299819015
CUST_03830,75.5,94.04520189781083,3,151,0.019736842105263157,153,0,1.2456317967176032,40,Male,Istanbul,1652.44,550.8133333333334,1035.58,3,1.0,5.489999999999999,0.3333333333333333,0.6666666666666666,0.6666666666666666,0.009967078968131224
CUST_03831,142.5,164.75588001646557,3,285,0.01048951048951049,114,0,1.1561816060370804,32,Male,Istanbul,4205.41,1401.8033333333333,1507.84,9,3.0,0.0,0.6666666666666666,0.6666666666666666,0.6666666666666666,0.0
CUST_03832,44.4,43.69134162890095,11,444,0.024719101123595506,4,0,0.9840392037131025,28,Male,Istanbul,12484.18,1134.9254545454546,3951.48,27,2.4545454545454546,18.576363636363638,0.2727272727272727,0.36363636363636365,0.45454545454545453,0.01636791521909752
CUST_03833,37.3,33.724537720248215,11,373,0.029411764705882353,53,0,0.9041430781797625,47,Female,Bursa,8865.63,805.9663636363636,2524.18,37,3.3636363636363638,56.8890909090909,0.2727272727272727,0.36363636363636365,0.45454545454545453,0.07058494424237935
CUST_03834,94.0,0.0,2,94,0.021052631578947368,15,1,0.0,18,Male,Gaziantep,1085.3899999999999,542.6949999999999,556.83,2,1.0,48.465,1.0,0.5,0.5,0.08930430520033482
CUST_03835,53.0,55.32088213324151,7,318,0.0219435736677116,119,0,1.0437902092349303,23,Female,Istanbul,11812.76,1687.537142857143,5263.83,24,3.4285714285714284,25.764285714285712,0.2857142857142857,0.42857142857142855,0.5714285714285714,0.015267388814563933
CUST_03836,218.5,252.43712088359746,3,437,0.00684931506849315,5,0,1.1553186257587131,30,Male,Istanbul,1636.42,545.4733333333334,1171.32,7,2.3333333333333335,16.226666666666667,0.6666666666666666,0.3333333333333333,1.0,0.02974786418569585
CUST_03837,83.5,55.86143571373726,3,167,0.017857142857142856,177,0,0.6689992220926712,49,Female,Adana,730.1099999999999,243.36999999999998,453.78,8,2.6666666666666665,6.28,0.3333333333333333,1.0,0.6666666666666666,0.025804330748225624
CUST_03838,141.0,185.26197667087544,3,282,0.01060070671378092,150,0,1.313914718843693,39,Male,Ankara,2033.6,677.8666666666667,1415.88,9,3.0,4.553333333333334,0.6666666666666666,0.6666666666666666,0.3333333333333333,0.0067171518390285925
CUST_03839,58.142857142857146,76.38810677810295,8,407,0.0196078431372549,23,0,1.3138003396808804,23,Male,Kayseri,6137.22,767.1525,3870.4,21,2.625,3.1475,0.25,0.75,0.5,0.004102834828664659
CUST_03840,48.5,25.01332977967281,5,194,0.02564102564102564,65,0,0.5157387477099806,31,Male,Adana,6022.77,1204.554,2733.85,21,4.2,19.578,0.4,0.6,0.6,0.016253318642208383
CUST_03841,89.2,76.53887900929827,6,446,0.013422818791946308,1,0,0.858059172099093,27,Female,Ankara,3875.52,645.92,1830.84,17,2.8333333333333335,32.61,0.3333333333333333,0.3333333333333333,0.5,0.05048612823494221
CUST_03842,104.0,0.0,2,104,0.01904761904761905,86,1,0.0,26,Male,Ankara,613.2,306.6,413.14,4,2.0,15.31,1.0,0.5,0.5,0.04993476826505294
CUST_03843,65.4,41.93804954930546,6,327,0.018292682926829267,23,0,0.6412545704594937,46,Female,Bursa,3772.7599999999998,628.7933333333333,1638.01,20,3.3333333333333335,85.19833333333334,0.3333333333333333,0.5,0.3333333333333333,0.13549496898478308
CUST_03844,39.0,39.75759885439092,8,273,0.029197080291970802,62,0,1.0194255855119316,18,Female,Istanbul,3636.41,454.55125,1057.31,26,3.25,39.3825,0.25,0.625,0.5,0.08664039514435304
CUST_03845,129.0,182.0412041269778,4,387,0.010309278350515464,24,0,1.411172114076013,54,Female,Istanbul,14987.25,3746.8125,14731.95,9,2.25,10.36,0.25,0.5,0.75,0.002765016930320101
CUST_03846,95.5,45.32475409015843,5,382,0.013054830287206266,10,0,0.47460474990108564,44,Male,Istanbul,3877.58,775.516,1666.35,12,2.4,30.351999999999997,0.4,0.4,1.0,0.039137812709037836
CUST_03847,82.0,0.0,2,82,0.024096385542168676,367,1,0.0,48,Male,Adana,384.28,192.14,339.96,5,2.5,0.0,0.5,1.0,0.5,0.0
CUST_03848,37.333333333333336,41.88476254359494,4,112,0.035398230088495575,137,0,1.1219132523664737,29,Male,Izmir,2243.4,560.85,735.01,12,3.0,51.917500000000004,0.5,0.75,1.0,0.09256931426839742
CUST_03849,86.33333333333333,137.46757193365036,4,259,0.015384615384615385,68,0,1.5922884595524547,33,Female,Istanbul,14497.84,3624.46,13473.56,9,2.25,0.0,0.25,0.5,0.5,0.0
CUST_03850,158.0,0.0,2,158,0.012578616352201259,160,1,0.0,18,Female,Antalya,1106.24,553.12,1060.75,6,3.0,5.505,0.5,0.5,1.0,0.009952632322185724
CUST_03851,105.33333333333333,62.74020507882751,4,316,0.012618296529968454,23,0,0.5956348526885379,28,Female,Izmir,8730.34,2182.585,4553.96,14,3.5,264.3775,0.5,0.25,0.5,0.12113044847227923
CUST_03852,178.5,214.2533546995239,3,357,0.008379888268156424,16,0,1.200298899155322,40,Female,Izmir,782.51,260.83666666666664,358.78,11,3.6666666666666665,40.99666666666666,0.6666666666666666,0.3333333333333333,1.0,0.1571737096375495
CUST_03853,35.75,26.06881917796304,5,143,0.034722222222222224,224,0,0.7291977188465825,50,Male,Istanbul,7691.87,1538.374,5572.28,16,3.2,44.513999999999996,0.4,0.4,1.0,0.02893574642516335
CUST_03854,123.0,0.0,2,123,0.016129032258064516,104,1,0.0,21,Male,Bursa,1859.6399999999999,929.8199999999999,1740.6,6,3.0,0.0,0.5,0.5,1.0,0.0
CUST_03855,53.666666666666664,29.81051268708183,7,322,0.021671826625386997,23,0,0.5554753813342816,30,Female,Eskisehir,5852.63,836.09,2343.19,17,2.4285714285714284,52.738571428571426,0.2857142857142857,0.42857142857142855,0.7142857142857143,0.06307762485557034
CUST_03856,76.0,0.0,2,76,0.025974025974025976,281,1,0.0,33,Male,Istanbul,14912.269999999999,7456.134999999999,14532.72,10,5.0,394.54,0.5,0.5,1.0,0.05291481443765238
CUST_03857,67.0,36.345563690772494,4,201,0.019801980198019802,196,0,0.5424710917656926,18,Male,Ankara,1411.31,352.8275,535.47,10,2.5,19.9325,0.5,0.75,0.75,0.05649361215751717
CUST_03858,52.0,37.64571688784795,7,312,0.022364217252396165,20,0,0.7239560800748436,42,Female,Istanbul,2351.6099999999997,335.9442857142857,1368.47,17,2.4285714285714284,28.664285714285715,0.2857142857142857,0.42857142857142855,0.7142857142857143,0.08532452209453453
CUST_03859,203.5,200.11121907579295,3,407,0.007352941176470588,10,0,0.983347509053786,26,Male,Istanbul,12131.089999999998,4043.6966666666663,11469.4,13,4.333333333333333,32.49,0.3333333333333333,0.6666666666666666,1.0,0.008034727297868192
CUST_03860,232.0,0.0,2,232,0.008583690987124463,147,1,0.0,32,Female,Ankara,36.36,18.18,28.49,2,1.0,3.825,1.0,0.5,0.5,0.21039602803102156
CUST_03861,49.0,44.130488327232456,6,245,0.024390243902439025,46,0,0.9006221923798013,29,Female,Gaziantep,4260.0,710.0,3258.16,19,3.1666666666666665,17.279999999999998,0.3333333333333333,0.6666666666666666,0.6666666666666666,0.02433802813473517
CUST_03862,157.5,183.1406563273158,3,315,0.00949367088607595,70,0,1.1627978105683683,25,Female,Kayseri,781.5699999999999,260.5233333333333,373.3,7,2.3333333333333335,2.69,0.3333333333333333,0.3333333333333333,0.6666666666666666,0.01032537068851656
CUST_03863,91.33333333333333,88.22886904711707,4,274,0.014545454545454545,73,0,0.9660095045376742,34,Male,Istanbul,11033.490000000002,2758.3725000000004,9980.12,12,3.0,595.9675,0.25,0.5,0.75,0.2160576571090171
CUST_03864,91.5,69.99761900712528,5,366,0.013623978201634877,44,0,0.7650012922636502,32,Male,Bursa,4663.18,932.6360000000001,1585.26,14,2.8,30.965999999999998,0.4,0.4,0.6,0.03320266424070841
CUST_03865,101.75,90.62514367804702,5,407,0.012254901960784314,18,0,0.8906647939791865,30,Female,Antalya,7719.37,1543.874,5216.7,12,2.4,31.784,0.4,0.4,0.6,0.020587172255904836
CUST_03866,135.33333333333334,139.90830330374726,4,406,0.009828009828009828,43,0,1.0338051891867641,26,Male,Bursa,3882.6400000000003,970.6600000000001,2329.12,11,2.75,23.775,0.25,0.5,0.5,0.024493643475064754
CUST_03867,60.666666666666664,62.57049357857637,7,364,0.019178082191780823,77,0,1.031381745283428,38,Male,Izmir,12673.960000000001,1810.5657142857144,9604.95,21,3.0,12.072857142857144,0.2857142857142857,0.42857142857142855,0.5714285714285714,0.006668002735792442
CUST_03868,134.33333333333334,144.57639272486134,4,403,0.009900990099009901,20,0,1.0762510544561559,54,Male,Istanbul,4395.14,1098.785,1990.39,8,2.0,79.9275,0.75,0.5,0.75,0.07274171009547661
CUST_03869,194.0,227.6883835420683,3,388,0.007712082262210797,12,0,1.1736514555073032,36,Male,Izmir,589.97,196.65666666666667,255.07,12,4.0,26.55,0.6666666666666666,0.3333333333333333,0.3333333333333333,0.13500686406932455
CUST_03870,55.0,0.0,2,55,0.03571428571428571,172,1,0.0,46,Male,Izmir,484.72,242.36,276.5,3,1.5,0.0,1.0,0.5,1.0,0.0
CUST_03871,39.0,42.46959696849814,8,273,0.029197080291970802,146,0,1.088963996911132,18,Female,Gaziantep,10650.8,1331.35,4822.59,16,2.0,0.63875,0.375,0.375,0.5,0.0004797761666881165
CUST_03872,84.0,113.13708498984761,3,168,0.01775147928994083,21,0,1.3468700433687806,36,Male,Adana,1932.84,644.28,1051.52,11,3.6666666666666665,64.42999999999999,0.6666666666666666,0.6666666666666666,0.6666666666666666,0.10000310408517553
CUST_03873,126.66666666666667,74.21814692737439,4,380,0.010498687664041995,32,0,0.5859327342745394,21,Male,Istanbul,2062.49,515.6225,1480.25,12,3.0,85.9875,0.5,0.25,0.75,0.16676444459509732
CUST_03874,49.5,47.878317987721054,5,198,0.02512562814070352,165,0,0.9672387276865116,18,Female,Istanbul,5717.5,1143.5,2036.6,18,3.6,7.9719999999999995,0.4,0.8,0.6,0.006971578481004303
CUST_03875,57.0,11.401754250991381,5,228,0.021834061135371178,141,0,0.20003077282387033,26,Female,Konya,2259.88,451.976,1450.54,10,2.0,8.78,0.2,0.4,0.6,0.019425810177031943
CUST_03876,69.6,99.41981693807327,6,348,0.017191977077363897,14,0,1.4284456251383284,49,Male,Bursa,8303.4,1383.8999999999999,4627.35,15,2.5,0.0,0.5,0.5,0.5,0.0
CUST_03877,288.0,0.0,2,288,0.006920415224913495,136,1,0.0,46,Male,Konya,576.53,288.265,513.12,2,1.0,3.38,0.5,0.5,1.0,0.011725322145507356
CUST_03878,91.5,16.263455967290593,3,183,0.016304347826086956,146,0,0.1777426862245673,37,Female,Istanbul,1920.6100000000001,640.2033333333334,1563.7,8,2.6666666666666665,26.69666666666667,0.3333333333333333,0.6666666666666666,0.6666666666666666,0.04170029307089889
CUST_03879,236.0,0.0,2,236,0.008438818565400843,11,1,0.0,18,Female,Bursa,300.45,150.225,262.02,2,1.0,0.0,0.5,1.0,1.0,0.0
CUST_03880,135.0,79.19595949289332,3,270,0.01107011070110701,54,0,0.5866367326389377,32,Female,Bursa,5715.650000000001,1905.216666666667,3282.84,6,2.0,24.680000000000003,0.3333333333333333,0.6666666666666666,0.6666666666666666,0.012953907247843776
CUST_03881,65.16666666666667,55.25365749583159,7,391,0.017857142857142856,48,0,0.8478821992012694,38,Female,Konya,11839.960000000001,1691.4228571428573,6583.8,20,2.857142857142857,61.93428571428573,0.2857142857142857,0.8571428571428571,0.5714285714285714,0.03661667773739804
CUST_03882,30.11111111111111,20.811321705050624,10,271,0.03676470588235294,164,0,0.6911508823804342,37,Male,Istanbul,10948.96,1094.896,2319.6,37,3.7,60.335,0.3,0.4,0.5,0.05510569035314249
CUST_03883,79.75,43.50766216043637,5,319,0.015625,126,0,0.5455506158606364,18,Female,Istanbul,7915.92,1583.184,5466.52,13,2.6,30.580000000000002,0.6,0.4,0.8,0.019315505955520326
CUST_03884,66.0,43.30819783828461,7,396,0.017632241813602016,6,0,0.6561848057893911,24,Male,Izmir,2865.69,409.38428571428574,1283.64,25,3.5714285714285716,0.0,0.2857142857142857,0.5714285714285714,0.8571428571428571,0.0
CUST_03885,129.5,86.97413408594535,3,259,0.011538461538461539,49,0,0.6716149298403894,34,Female,Konya,4574.04,1524.68,3225.56,8,2.6666666666666665,0.0,0.3333333333333333,0.3333333333333333,0.3333333333333333,0.0
CUST_03886,41.5,44.54772721475249,3,83,0.03571428571428571,137,0,1.0734391841280315,41,Female,Kayseri,464.53999999999996,154.84666666666666,203.53,5,1.6666666666666667,8.67,0.3333333333333333,0.3333333333333333,0.6666666666666666,0.05599087232967534
CUST_03887,168.5,44.54772721475249,3,337,0.008875739644970414,62,0,0.26437820148590085,18,Female,Eskisehir,825.72,275.24,546.64,8,2.6666666666666665,0.0,0.3333333333333333,0.3333333333333333,1.0,0.0
CUST_03888,98.5,125.15790027001891,3,197,0.015151515151515152,137,0,1.270638568521628,33,Male,Kayseri,7279.77,2426.59,6017.85,8,2.6666666666666665,1.9666666666666668,0.3333333333333333,0.6666666666666666,0.6666666666666666,0.0008104651654610797
CUST_03889,78.0,4.242640687119285,3,156,0.01910828025477707,268,0,0.05439282862469816,36,Male,Istanbul,17846.3,5948.766666666666,17064.3,9,3.0,10.053333333333333,0.3333333333333333,0.6666666666666666,0.3333333333333333,0.0016899861593120164
CUST_03890,54.8,57.42995733935382,6,274,0.02181818181818182,43,0,1.0479919031270424,45,Female,Istanbul,3584.02,597.3366666666667,1591.68,20,3.3333333333333335,29.813333333333333,0.5,0.6666666666666666,0.8333333333333334,0.04991043568410259
CUST_03891,85.0,106.06601717798213,3,170,0.017543859649122806,88,0,1.2478354815311372,43,Female,Istanbul,2560.4700000000003,853.4900000000001,1876.97,5,1.6666666666666667,0.0,0.3333333333333333,0.3333333333333333,0.6666666666666666,0.0
CUST_03892,84.25,30.324632451743472,5,337,0.014792899408284023,9,0,0.3599362859561684,41,Female,Ankara,3690.04,738.008,2045.9,15,3.0,89.46799999999999,0.4,0.4,1.0,0.12122903800334271
CUST_03893,206.0,0.0,2,206,0.00966183574879227,149,1,0.0,25,Male,Gaziantep,1149.9,574.95,1022.08,8,4.0,92.205,0.5,0.5,0.5,0.16037046671820077
CUST_03894,110.0,62.23343153000644,4,330,0.012084592145015106,102,0,0.5657584633113453,18,Male,Konya,2108.77,527.1925,1251.64,12,3.0,5.6125,0.5,0.5,0.5,0.01064601637799093
CUST_03895,60.5,9.192388155425117,3,121,0.02459016393442623,151,0,0.1519402975782615,30,Female,Istanbul,2434.95,811.65,1974.72,7,2.3333333333333335,96.36000000000001,0.3333333333333333,0.3333333333333333,1.0,0.11872112349076436
CUST_03896,211.0,0.0,2,211,0.009433962264150943,112,1,0.0,47,Male,Bursa,2460.38,1230.19,2283.1,8,4.0,83.69,0.5,0.5,1.0,0.06803014163013017
CUST_03897,133.0,0.0,2,133,0.014925373134328358,256,1,0.0,51,Female,Kayseri,755.5899999999999,377.79499999999996,729.55,7,3.5,2.64,0.5,0.5,0.5,0.006987916708829084
CUST_03898,89.5,98.23271688529573,5,358,0.013927576601671309,54,0,1.0975722434382513,43,Male,Izmir,10960.56,2192.112,6722.61,18,3.6,46.834,0.4,0.6,0.6,0.021364784271348917
CUST_03899,30.0,0.0,2,30,0.06451612903225806,55,1,0.0,40,Female,Istanbul,1290.85,645.425,1109.21,5,2.5,18.46,0.5,0.5,1.0,0.028601309170544514
CUST_03900,69.5,82.73149339882606,3,139,0.02142857142857143,6,0,1.1903811828553221,39,Female,Izmir,5108.110000000001,1702.7033333333336,2521.03,12,4.0,135.73666666666665,0.6666666666666666,0.6666666666666666,0.6666666666666666,0.07971833021623358
CUST_03901,84.0,0.0,2,84,0.023529411764705882,299,1,0.0,28,Female,Ankara,1378.6699999999998,689.3349999999999,1192.35,10,5.0,1.94,0.5,0.5,0.5,0.0028143065377293965
CUST_03902,95.5,86.97413408594535,3,191,0.015625,42,0,0.9107239075939418,33,Male,Bursa,680.9,226.96666666666667,417.21,8,2.6666666666666665,11.65,0.3333333333333333,0.3333333333333333,0.6666666666666666,0.05132912299311592
CUST_03903,53.5,31.81980515339464,3,107,0.027777777777777776,217,0,0.5947627020305035,55,Female,Izmir,1557.5,519.1666666666666,1079.17,12,4.0,55.24,0.6666666666666666,0.6666666666666666,0.6666666666666666,0.106401283904203
CUST_03904,53.142857142857146,49.89465092047634,8,372,0.021447721179624665,60,0,0.9388778222343807,23,Male,Istanbul,5086.51,635.81375,3230.14,17,2.125,26.26875,0.25,0.375,0.75,0.04131516494993201
CUST_03905,97.0,4.242640687119285,3,194,0.015384615384615385,219,0,0.043738563333821874,54,Female,Eskisehir,1019.73,339.91,764.23,7,2.3333333333333335,34.723333333333336,0.3333333333333333,0.6666666666666666,1.0,0.10215449157476639
CUST_03906,65.66666666666667,67.32508200267317,7,394,0.017721518987341773,14,0,1.0252550402652507,31,Male,Bursa,35741.4,5105.914285714286,32823.53,21,3.0,642.6185714285714,0.2857142857142857,0.5714285714285714,0.42857142857142855,0.12585768881798126
CUST_03907,206.0,0.0,2,206,0.00966183574879227,107,1,0.0,50,Male,Izmir,4248.43,2124.215,3562.36,5,2.5,0.0,1.0,0.5,1.0,0.0
CUST_03908,75.6,41.10109487592757,6,378,0.0158311345646438,71,0,0.5436652689452686,18,Male,Kayseri,1580.76,263.46,617.55,15,2.5,3.3533333333333335,0.3333333333333333,0.3333333333333333,0.8333333333333334,0.0127280548113766
CUST_03909,179.5,23.33452377915607,3,359,0.008333333333333333,60,0,0.12999734623486753,42,Male,Istanbul,594.58,198.19333333333336,483.81,5,1.6666666666666667,2.796666666666667,0.3333333333333333,1.0,0.6666666666666666,0.01411080083027952
CUST_03910,77.0,97.49871794028884,6,385,0.015544041450777202,44,0,1.2662170996632693,26,Female,Istanbul,4352.01,725.335,3612.04,18,3.0,7.741666666666666,0.3333333333333333,0.3333333333333333,0.5,0.01067322913687253
CUST_03911,90.5,103.09057506225614,5,362,0.013774104683195593,49,0,1.1391223637915335,18,Male,Gaziantep,4284.92,856.984,3569.76,12,2.4,0.352,0.4,0.4,0.6,0.000410742790517976
CUST_03912,58.0,0.0,2,58,0.03389830508474576,68,1,0.0,37,Female,Ankara,1687.92,843.96,1206.99,4,2.0,108.355,0.5,0.5,1.0,0.1283887860462714
CUST_03913,71.0,63.72336044706577,5,284,0.017543859649122806,88,0,0.8975121063317418,47,Other,Gaziantep,8074.58,1614.916,3175.65,18,3.6,177.82,0.6,0.6,0.6,0.11011099022480983
CUST_03914,177.0,179.60512242138307,3,354,0.008450704225352112,72,0,1.0147182000376547,24,Male,Ankara,466.96000000000004,155.65333333333334,265.8,7,2.3333333333333335,5.553333333333334,0.6666666666666666,0.6666666666666666,0.6666666666666666,0.035677573867070586
CUST_03915,63.4,56.9236330534164,6,317,0.018867924528301886,14,0,0.8978490876272448,18,Female,Istanbul,2699.73,449.955,791.63,16,2.6666666666666665,78.12,0.5,0.3333333333333333,0.5,0.1736173613503187
CUST_03916,58.4,30.778239065937477,6,292,0.020477815699658702,119,0,0.5270246325156309,33,Male,Izmir,1832.73,305.455,1261.29,12,2.0,44.71333333333333,0.3333333333333333,0.6666666666666666,0.6666666666666666,0.1463827181972815
CUST_03917,22.5,16.010413278030438,5,90,0.054945054945054944,195,0,0.7115738918425131,33,Male,Istanbul,1529.31,305.86199999999997,587.37,17,3.4,4.538,0.4,0.6,0.6,0.014836756397209345
CUST_03918,89.0,35.6931365951495,5,356,0.014005602240896359,40,0,0.4010464740910452,41,Male,Adana,6965.37,1393.074,5503.62,12,2.4,2.428,0.4,0.6,0.6,0.0017429081285395402
CUST_03919,141.0,155.56349186104046,3,282,0.01060070671378092,122,0,1.1032871684947043,46,Female,Antalya,1220.8,406.93333333333334,578.04,7,2.3333333333333335,0.0,0.3333333333333333,0.3333333333333333,0.6666666666666666,0.0
CUST_03920,182.0,181.01933598375618,3,364,0.00821917808219178,84,0,0.9946117307095849,34,Male,Kayseri,1576.22,525.4066666666666,1264.94,9,3.0,22.633333333333336,0.6666666666666666,0.6666666666666666,0.3333333333333333,0.043077742872674366
CUST_03921,47.4,34.12916641232247,6,237,0.025210084033613446,90,0,0.7200245926645122,57,Female,Gaziantep,3728.22,621.37,916.27,16,2.6666666666666665,25.333333333333332,0.3333333333333333,0.5,0.3333333333333333,0.04077012616084331
CUST_03922,124.0,0.0,2,124,0.016,99,1,0.0,37,Female,Istanbul,1799.7199999999998,899.8599999999999,1388.62,6,3.0,172.835,0.5,0.5,1.0,0.19206876603908526
CUST_03923,36.9,38.16761279758883,11,369,0.02972972972972973,25,0,1.0343526223099244,30,Female,Gaziantep,39054.85,3550.440909090909,16088.1,29,2.6363636363636362,69.49363636363637,0.36363636363636365,0.36363636363636365,0.5454545454545454,0.01957324121804832
CUST_03924,76.2,66.39051137022518,6,381,0.015706806282722512,61,0,0.8712665419810846,18,Male,Antalya,7975.620000000001,1329.2700000000002,2799.78,18,3.0,34.36833333333333,0.3333333333333333,0.3333333333333333,0.5,0.0258550432248364
CUST_03925,143.5,81.31727983645297,3,287,0.010416666666666666,25,0,0.5666709356779236,31,Female,Antalya,2797.46,932.4866666666667,1235.6,7,2.3333333333333335,48.35333333333333,0.3333333333333333,0.3333333333333333,0.6666666666666666,0.05185418195235587
CUST_03926,140.0,132.93607486307093,3,280,0.010676156583629894,164,0,0.9495433850966253,30,Female,Gaziantep,8577.5,2859.1666666666665,6983.12,9,3.0,208.18666666666664,0.3333333333333333,0.3333333333333333,1.0,0.07281375689671335
CUST_03927,130.0,141.8062057880402,4,390,0.010230179028132993,28,0,1.0908169592094095,46,Female,Bursa,8045.23,2011.3075,4444.2,12,3.0,0.0,0.25,0.75,0.5,0.0
CUST_03928,57.333333333333336,41.32634349499925,7,344,0.020289855072463767,62,0,0.7208083042010048,40,Female,Izmir,6027.48,861.0685714285713,1927.03,21,3.0,51.43428571428571,0.2857142857142857,0.42857142857142855,0.8571428571428571,0.059733089049133034
CUST_03929,60.333333333333336,87.38611636486274,4,181,0.02197802197802198,174,0,1.4483886450244325,20,Female,Antalya,8639.71,2159.9275,6506.25,17,4.25,78.2225,0.5,0.75,0.5,0.03621533591464745
CUST_03930,111.0,0.0,2,111,0.017857142857142856,230,1,0.0,37,Male,Ankara,132.89,66.445,78.63,3,1.5,4.32,0.5,0.5,1.0,0.06501617781599553
CUST_03931,106.66666666666667,11.676186592091332,4,320,0.012461059190031152,127,0,0.1094642482746289,43,Male,Istanbul,5404.49,1351.1225,2837.37,12,3.0,50.11,0.25,0.5,0.5,0.037087680771293735
CUST_03932,157.0,0.0,2,157,0.012658227848101266,165,1,0.0,53,Male,Bursa,412.77000000000004,206.38500000000002,395.79,2,1.0,0.0,0.5,1.0,0.5,0.0
CUST_03933,58.42857142857143,72.61050691384625,8,409,0.01951219512195122,24,0,1.2427225909483268,45,Male,Istanbul,23977.010000000002,2997.1262500000003,11938.41,30,3.75,227.99874999999997,0.25,0.75,0.625,0.07607245437990058
CUST_03934,65.0,0.0,2,65,0.030303030303030304,123,1,0.0,44,Male,Istanbul,2362.58,1181.29,1733.36,8,4.0,74.52000000000001,0.5,1.0,1.0,0.06308357806882005
CUST_03935,57.4,28.60594343838357,6,287,0.020833333333333332,36,0,0.49836137526171076,35,Male,Istanbul,3592.39,598.7316666666667,2812.3,19,3.1666666666666665,0.0,0.5,0.5,0.5,0.0
CUST_03936,87.0,28.284271247461902,3,174,0.017142857142857144,224,0,0.32510656232592344,39,Male,Bursa,1194.99,398.33,533.24,6,2.0,55.28333333333333,0.6666666666666666,0.6666666666666666,0.6666666666666666,0.13878777193418915
CUST_03937,158.0,0.0,2,158,0.012578616352201259,279,1,0.0,49,Female,Ankara,1519.6000000000001,759.8000000000001,1490.19,4,2.0,0.0,0.5,0.5,0.5,0.0
CUST_03938,402.0,0.0,2,402,0.004962779156327543,3,1,0.0,19,Male,Adana,4596.99,2298.495,3436.95,8,4.0,0.0,0.5,0.5,0.5,0.0
CUST_03939,65.16666666666667,31.511373608058832,7,391,0.017857142857142856,19,0,0.48355048272902834,30,Female,Ankara,3150.65,450.09285714285716,1313.3,19,2.7142857142857144,0.0,0.42857142857142855,0.5714285714285714,0.8571428571428571,0.0
CUST_03940,38.0,44.97777228809804,4,114,0.034782608695652174,142,0,1.1836255553808548,25,Female,Izmir,2643.4,660.85,2171.75,10,2.5,23.3625,0.25,0.5,0.5,0.03535219787341727
CUST_03941,285.0,0.0,2,285,0.006993006993006993,118,1,0.0,39,Female,Izmir,1314.27,657.135,869.88,4,2.0,0.0,0.5,0.5,0.5,0.0
CUST_03942,122.0,48.49742261192856,4,366,0.010899182561307902,51,0,0.39751985421646485,49,Female,Antalya,2725.44,681.36,1582.32,13,3.25,66.64750000000001,0.25,0.5,0.75,0.09781539847097659
CUST_03943,48.714285714285715,30.668736990157072,8,341,0.023391812865497075,46,0,0.629563503003387,27,Male,Ankara,15418.7,1927.3375,8046.24,21,2.625,265.62,0.25,0.375,0.75,0.13781706621812884
CUST_03944,218.0,0.0,2,218,0.0091324200913242,49,1,0.0,18,Male,Eskisehir,1032.62,516.31,858.02,3,1.5,0.0,0.5,1.0,1.0,0.0
CUST_03945,123.5,105.35891039679558,3,247,0.012096774193548387,86,0,0.8531085793011093,30,Male,Kayseri,2079.12,693.04,1888.92,6,2.0,55.03,0.6666666666666666,0.6666666666666666,0.3333333333333333,0.0794037861026726
CUST_03946,185.5,221.32442251138937,3,371,0.008064516129032258,8,0,1.1931235650580367,45,Male,Gaziantep,970.9300000000001,323.6433333333334,437.5,11,3.6666666666666665,0.0,0.3333333333333333,0.6666666666666666,0.6666666666666666,0.0
CUST_03947,80.8,90.10660353159473,6,404,0.014814814814814815,12,0,1.115180722975421,41,Female,Kayseri,13208.439999999999,2201.4066666666663,7508.88,20,3.3333333333333335,121.76666666666667,0.3333333333333333,0.5,0.6666666666666666,0.05531311795095571
CUST_03948,177.0,217.78888860545663,3,354,0.008450704225352112,90,0,1.2304456913842425,40,Female,Izmir,654.48,218.16,433.64,6,2.0,16.506666666666664,0.6666666666666666,0.6666666666666666,0.6666666666666666,0.07566312152091834
CUST_03949,44.333333333333336,37.383151285037485,10,399,0.025,48,0,0.8432289573340269,31,Male,Bursa,12337.95,1233.795,3492.78,27,2.7,31.682,0.3,0.5,0.8,0.02567849600162223
CUST_03950,36.125,21.846460975243954,9,289,0.03103448275862069,64,0,0.6047463078338449,19,Male,Adana,15117.25,1679.6944444444443,6259.52,26,2.888888888888889,61.80555555555556,0.3333333333333333,0.3333333333333333,0.6666666666666666,0.036795713484187836
CUST_03951,138.0,93.33809511662427,3,276,0.010830324909747292,48,0,0.6763630031902991,41,Male,Antalya,9837.539999999999,3279.18,8361.85,8,2.6666666666666665,57.653333333333336,0.3333333333333333,0.3333333333333333,0.3333333333333333,0.01758163117479117
CUST_03952,144.0,169.7056274847714,3,288,0.010380622837370242,52,0,1.178511293793473,24,Male,Konya,4093.52,1364.5066666666667,2689.91,10,3.3333333333333335,150.34333333333333,0.6666666666666666,0.3333333333333333,1.0,0.11018145744236149
CUST_03953,66.8,70.90275029926555,6,334,0.01791044776119403,73,0,1.061418401764179,61,Female,Adana,2747.73,457.955,1021.52,21,3.5,15.416666666666666,0.5,0.5,0.5,0.03366415179002853
CUST_03954,107.0,53.74011537017761,3,214,0.013953488372093023,10,0,0.5022440641862949,41,Male,Eskisehir,2422.4,807.4666666666667,1612.4,7,2.3333333333333335,9.290000000000001,0.3333333333333333,0.6666666666666666,0.6666666666666666,0.011505118876108259
CUST_03955,72.75,54.76236542249309,5,291,0.017123287671232876,27,0,0.7527472806837913,28,Female,Ankara,1115.23,223.046,661.23,14,2.8,0.0,0.4,0.4,0.8,0.0
CUST_03956,243.0,0.0,2,243,0.00819672131147541,83,1,0.0,27,Male,Gaziantep,1071.88,535.94,984.94,5,2.5,69.02,0.5,1.0,0.5,0.1287830724917284
CUST_03957,47.8,57.05436004373373,6,239,0.025,140,0,1.1936058336846842,33,Male,Antalya,5683.2300000000005,947.205,2457.32,14,2.3333333333333335,19.905,0.5,0.3333333333333333,0.5,0.021014458305209056
CUST_03958,66.25,45.183883557451466,5,265,0.018796992481203006,184,0,0.6820208735914052,32,Female,Antalya,30592.670000000002,6118.534000000001,14947.53,13,2.6,446.65200000000004,0.6,0.6,0.6,0.07299983949210712
CUST_03959,352.0,0.0,2,352,0.0056657223796034,12,1,0.0,48,Female,Ankara,2198.98,1099.49,1925.52,6,3.0,0.0,0.5,0.5,0.5,0.0
CUST_03960,60.4,41.05240553244109,6,302,0.019801980198019802,21,0,0.6796755770325417,37,Female,Gaziantep,2956.26,492.71000000000004,1115.48,14,2.3333333333333335,22.913333333333338,0.3333333333333333,0.3333333333333333,0.6666666666666666,0.04650470517511037
CUST_03961,72.75,33.83661724621223,5,291,0.017123287671232876,55,0,0.46510813444816623,26,Female,Konya,20763.91,4152.782,15410.8,17,3.4,8.096,0.4,0.4,0.6,0.0019495364789315843
CUST_03962,127.5,96.87362902255701,3,255,0.01171875,109,0,0.7597931628452067,57,Male,Istanbul,6580.82,2193.6066666666666,4706.88,7,2.3333333333333335,0.0,0.6666666666666666,0.6666666666666666,0.6666666666666666,0.0
CUST_03963,54.833333333333336,59.707341815447336,7,329,0.021212121212121213,82,0,1.0888876728247963,35,Male,Antalya,3824.8199999999997,546.4028571428571,2092.55,20,2.857142857142857,4.252857142857143,0.42857142857142855,0.7142857142857143,0.42857142857142855,0.007783372798070599
CUST_03964,111.5,50.204581464244875,3,223,0.013392857142857142,166,0,0.45026530057380787,44,Female,Ankara,606.51,202.17,325.81,8,2.6666666666666665,6.349999999999999,0.3333333333333333,0.6666666666666666,0.6666666666666666,0.03140920991537216
CUST_03965,69.25,58.18003666780098,5,277,0.017985611510791366,140,0,0.8401449216990045,27,Female,Eskisehir,1796.6200000000001,359.324,631.2,12,2.4,7.132,0.2,0.6,0.6,0.019848381906445486
CUST_03966,26.5,3.5355339059327378,3,53,0.05555555555555555,313,0,0.1334163687742026,39,Female,Izmir,3394.67,1131.5566666666666,2089.5,7,2.3333333333333335,5.723333333333334,0.6666666666666666,0.6666666666666666,0.6666666666666666,0.005057929043125315
CUST_03967,96.5,119.50104602052653,3,193,0.015463917525773196,5,0,1.238352795670194,38,Male,Istanbul,12545.89,4181.963333333333,11921.56,8,2.6666666666666665,21.74333333333333,0.6666666666666666,0.6666666666666666,1.0,0.00519931228349699
CUST_03968,40.3,36.805947587010685,11,403,0.027227722772277228,32,0,0.9132989249059992,18,Other,Ankara,5911.68,537.4254545454546,2329.6,31,2.8181818181818183,88.25636363636363,0.45454545454545453,0.45454545454545453,0.6363636363636364,0.16422066116460507
CUST_03969,98.75,64.9172550251472,5,395,0.012626262626262626,23,0,0.657389917648175,59,Male,Antalya,5915.57,1183.114,3152.1,16,3.2,36.316,0.4,0.2,0.4,0.03069526687141284
CUST_03970,45.5,47.9756882875761,5,182,0.0273224043715847,195,0,1.0544107084212173,50,Female,Istanbul,4681.01,936.202,2081.52,14,2.8,40.50000000000001,0.4,0.6,0.6,0.043259894720092576
CUST_03971,45.75,50.68318966171835,9,366,0.02452316076294278,76,0,1.1078292580085047,30,Female,Bursa,19979.08,2219.897777777778,7087.2,32,3.5555555555555554,194.69555555555556,0.3333333333333333,0.3333333333333333,0.7777777777777778,0.08770473911764992
CUST_03972,124.5,50.204581464244875,3,249,0.012,60,0,0.40324964707626687,21,Male,Kayseri,3920.52,1306.84,3578.55,10,3.3333333333333335,0.0,0.3333333333333333,0.6666666666666666,1.0,0.0
CUST_03973,58.0,89.21322771876378,4,174,0.022857142857142857,227,0,1.5381590720793914,39,Female,Konya,1906.57,476.6425,960.4,10,2.5,17.56,0.5,0.5,0.75,0.036841028576257824
CUST_03974,137.0,130.6560369826056,4,411,0.009708737864077669,11,0,0.9536936936416928,36,Male,Istanbul,3442.17,860.5425,2121.46,17,4.25,107.0225,0.25,0.75,0.75,0.12436631529021945
CUST_03975,49.0,0.0,2,49,0.04,203,1,0.0,39,Female,Eskisehir,233.97000000000003,116.98500000000001,188.8,6,3.0,0.0,0.5,0.5,0.5,0.0
CUST_03976,194.0,186.67619023324855,3,388,0.007712082262210797,50,0,0.9622483983041245,37,Male,Antalya,1455.22,485.0733333333333,1236.52,7,2.3333333333333335,1.1366666666666667,0.3333333333333333,0.6666666666666666,0.6666666666666666,0.0023432882952200596
CUST_03977,64.0,64.05076111959951,6,320,0.018691588785046728,91,0,1.00079312685635,41,Female,Istanbul,4434.99,739.165,1234.85,21,3.5,30.721666666666664,0.3333333333333333,0.5,0.6666666666666666,0.0415626641211421
CUST_03978,43.5,40.30508652763321,3,87,0.03409090909090909,179,0,0.9265536919788395,52,Male,Istanbul,822.0300000000001,274.01000000000005,685.69,9,3.0,16.186666666666667,0.6666666666666666,0.6666666666666666,0.6666666666666666,0.05907326961641325
CUST_03979,73.33333333333333,79.28640068342952,4,220,0.01809954751131222,158,0,1.0811781763943367,41,Female,Istanbul,9083.029999999999,2270.7574999999997,6089.04,11,2.75,9.757499999999999,0.25,0.5,0.5,0.004297024229008592
CUST_03980,35.285714285714285,23.421601750764797,8,247,0.03225806451612903,92,0,0.6637700712913486,22,Female,Gaziantep,7413.0,926.625,4806.83,22,2.75,136.0775,0.25,0.375,0.625,0.1468528259578008
CUST_03981,88.0,146.102703602637,5,352,0.014164305949008499,72,0,1.6602579766179435,51,Male,Istanbul,4331.889999999999,866.3779999999999,3311.5,13,2.6,170.24,0.4,0.4,0.6,0.19649621735951722
CUST_03982,87.6,77.83508206458062,6,438,0.01366742596810934,6,0,0.8885283239275377,54,Male,Istanbul,1370.1,228.35,609.48,14,2.3333333333333335,1.2883333333333333,0.3333333333333333,0.6666666666666666,0.6666666666666666,0.005641923922449789
CUST_03983,47.0,33.1134413795969,6,235,0.025423728813559324,51,0,0.70454129095863,72,Female,Adana,14881.89,2480.315,12117.64,18,3.0,13.615,0.3333333333333333,0.5,0.6666666666666666,0.005489222132878597
CUST_03984,101.33333333333333,70.26616065598954,4,304,0.013114754098360656,20,0,0.6934160522622383,21,Male,Bursa,21112.87,5278.2175,17637.3,13,3.25,0.0,0.25,0.5,0.75,0.0
CUST_03985,45.285714285714285,30.53803249345689,8,317,0.025157232704402517,37,0,0.6743413966366197,37,Female,Gaziantep,14382.04,1797.755,6295.41,20,2.5,145.76625,0.25,0.5,0.625,0.08108237769825011
CUST_03986,120.0,149.90663761154806,3,240,0.012448132780082987,110,0,1.2492219696860507,18,Male,Adana,5392.030000000001,1797.3433333333335,3575.36,9,3.0,0.0,0.3333333333333333,0.3333333333333333,0.6666666666666666,0.0
CUST_03987,98.5,136.47160876900367,3,197,0.015151515151515152,216,0,1.3854985521168033,41,Female,Istanbul,6876.370000000001,2292.1233333333334,4849.64,6,2.0,25.396666666666665,1.0,1.0,0.6666666666666666,0.011079973876734392
CUST_03988,128.0,0.0,2,128,0.015503875968992248,268,1,0.0,28,Male,Konya,3995.01,1997.505,2607.88,7,3.5,42.23,0.5,0.5,1.0,0.021141373853311315
CUST_03989,94.0,61.87891401761993,4,282,0.014134275618374558,140,0,0.6582863123333363,58,Male,Istanbul,2369.7200000000003,592.4300000000001,1436.92,14,3.5,2.96,0.5,0.5,1.0,0.004996370870826307
CUST_03990,68.25,57.82949074650407,5,273,0.01824817518248175,22,0,0.8473185333213998,25,Male,Bursa,3682.7300000000005,736.546,2395.26,15,3.0,12.898000000000001,0.4,0.8,0.8,0.01751146565521846
CUST_03991,65.33333333333333,64.6673539482378,7,392,0.017811704834605598,55,0,0.9898064228331335,18,Male,Antalya,5591.97,798.8528571428571,1437.35,22,3.142857142857143,20.198571428571427,0.42857142857142855,0.7142857142857143,0.7142857142857143,0.025284470378598007
CUST_03992,82.66666666666667,31.182259913824932,4,248,0.01606425702811245,71,0,0.37720475245911506,29,Male,Istanbul,27118.800000000003,6779.700000000001,25579.4,13,3.25,0.0,0.5,0.5,0.5,0.0
CUST_03993,96.0,127.27922061357856,3,192,0.015544041450777202,88,0,1.3258252009140976,18,Female,Eskisehir,2464.18,821.3933333333333,1711.78,8,2.6666666666666665,0.0,0.3333333333333333,1.0,0.6666666666666666,0.0
CUST_03994,88.0,24.041630560342615,3,176,0.01694915254237288,20,0,0.2732003441720713,44,Female,Izmir,3356.26,1118.7533333333333,2671.86,10,3.3333333333333335,0.0,0.3333333333333333,0.3333333333333333,0.3333333333333333,0.0
CUST_03995,55.666666666666664,44.76978147515725,4,167,0.023809523809523808,133,0,0.8042475569624497,18,Female,Istanbul,1815.73,453.9325,841.32,12,3.0,8.8975,0.5,0.5,0.5,0.01960093181342836
CUST_03996,102.0,5.656854249492381,3,204,0.014634146341463415,158,0,0.05545935484346104,35,Female,Kayseri,6789.57,2263.19,4602.66,9,3.0,166.3,0.3333333333333333,0.3333333333333333,1.0,0.07348035292066493
CUST_03997,161.5,13.435028842544403,3,323,0.009259259259259259,39,0,0.08318903256566793,18,Male,Bursa,2876.13,958.71,1606.23,12,4.0,68.65666666666667,0.3333333333333333,0.6666666666666666,0.6666666666666666,0.07161359180049554
CUST_03998,251.0,0.0,2,251,0.007936507936507936,9,1,0.0,31,Female,Antalya,3418.21,1709.105,3188.46,7,3.5,0.0,0.5,0.5,1.0,0.0
CUST_03999,137.5,45.96194077712559,3,275,0.010869565217391304,7,0,0.33426865776623227,54,Male,Bursa,641.59,213.86333333333334,394.49,3,1.0,1.6633333333333333,0.3333333333333333,0.6666666666666666,0.6666666666666666,0.0077775526062864786
CUST_04000,77.5,48.692915295759406,5,310,0.01607717041800643,114,0,0.6282956731285643,39,Female,Gaziantep,6698.259999999999,1339.6519999999998,3468.87,16,3.2,57.517999999999994,0.6,0.4,0.6,0.04293503085656944
CUST_04001,64.33333333333333,90.58623883718026,7,386,0.01808785529715762,31,0,1.4080762294679385,24,Male,Istanbul,13443.830000000002,1920.5471428571432,10671.01,12,1.7142857142857142,86.49571428571427,0.42857142857142855,0.42857142857142855,0.7142857142857143,0.045037016957573894
CUST_04002,77.5,71.4177848998413,3,155,0.019230769230769232,230,0,0.9215197932686645,34,Male,Ankara,1267.29,422.43,772.34,6,2.0,0.0,0.3333333333333333,0.6666666666666666,1.0,0.0
CUST_04003,75.4,85.65804107029298,6,377,0.015873015873015872,7,0,1.1360482749899827,35,Male,Izmir,3109.82,518.3033333333334,1548.4,15,2.5,3.4933333333333336,0.16666666666666666,0.5,0.6666666666666666,0.0067399399192108736
CUST_04004,53.333333333333336,25.835376263307385,7,320,0.021806853582554516,29,0,0.4844132958542642,40,Female,Istanbul,13473.189999999999,1924.7414285714283,7720.91,19,2.7142857142857144,304.4571428571429,0.2857142857142857,0.5714285714285714,0.5714285714285714,0.15818080194020384
CUST_04005,108.0,1.4142135623730951,3,216,0.013824884792626729,10,0,0.013094569900727085,18,Male,Adana,4409.57,1469.8566666666666,3130.71,7,2.3333333333333335,0.0,0.3333333333333333,0.3333333333333333,0.6666666666666666,0.0
CUST_04006,204.5,149.19953083036154,3,409,0.007317073170731708,18,0,0.7295820542825403,42,Female,Ankara,1990.37,663.4566666666666,1317.25,10,3.3333333333333335,12.376666666666667,0.6666666666666666,0.3333333333333333,0.6666666666666666,0.018654822944495515
CUST_04007,77.66666666666667,54.647354312293416,4,233,0.017094017094017096,146,0,0.7036139949615375,18,Male,Ankara,591.7900000000001,147.94750000000002,259.12,8,2.0,5.855,0.5,0.5,0.5,0.03957484891887427
CUST_04008,106.75,171.65153655006995,5,427,0.011682242990654205,18,0,1.6079769081226514,27,Female,Istanbul,5808.88,1161.776,3679.27,17,3.4,165.034,0.2,0.4,0.6,0.14205320118331483
CUST_04009,124.0,112.50333328395207,4,372,0.010723860589812333,60,0,0.9072849385215092,29,Female,Adana,1664.98,416.245,1043.16,12,3.0,14.66,0.25,0.5,0.5,0.03521964219337255
CUST_04010,57.666666666666664,50.14312847572769,4,173,0.022988505747126436,113,0,0.8695340047316825,42,Male,Gaziantep,8162.83,2040.7075,6867.66,14,3.5,0.0,0.25,0.5,0.5,0.0
CUST_04011,47.111111111111114,47.922970599818946,10,424,0.023529411764705882,8,0,1.0172328449133843,35,Female,Ankara,23170.37,2317.037,10087.32,36,3.6,70.64,0.2,0.3,0.8,0.030487212750384563
CUST_04012,272.0,0.0,2,272,0.007326007326007326,95,1,0.0,18,Female,Bursa,1818.42,909.21,1763.67,7,3.5,114.675,0.5,0.5,0.5,0.12612597735822748
CUST_04013,260.0,0.0,2,260,0.007662835249042145,88,1,0.0,23,Female,Istanbul,1658.91,829.455,1424.01,10,5.0,123.57,0.5,0.5,0.5,0.14897734036327787
CUST_04014,47.333333333333336,39.62743157628732,4,142,0.027972027972027972,63,0,0.8371992409666495,37,Female,Antalya,16985.9,4246.475,15168.35,13,3.25,0.0,0.5,0.25,0.5,0.0
CUST_04015,97.33333333333333,79.21068951431576,4,292,0.013651877133105802,117,0,0.8138084455531575,34,Female,Istanbul,2329.02,582.255,1053.13,6,1.5,3.2075,0.25,0.5,0.75,0.005508754745757865
CUST_04016,101.33333333333333,99.8064794155837,4,304,0.013114754098360656,90,0,0.9849323529340593,28,Female,Izmir,2736.67,684.1675,1236.5,18,4.5,74.43,0.25,0.5,0.5,0.108789148697082
CUST_04017,71.66666666666667,49.01360355384343,4,215,0.018518518518518517,32,0,0.683910737719991,29,Male,Antalya,2498.42,624.605,1225.77,7,1.75,46.8875,0.5,0.75,0.75,0.07506744250355434
CUST_04018,53.166666666666664,72.45803383108505,7,319,0.021875,91,0,1.362847005672189,43,Female,Kayseri,28483.64,4069.0914285714284,16667.32,21,3.0,89.48714285714287,0.2857142857142857,0.42857142857142855,0.5714285714285714,0.02199192237530234
CUST_04019,54.0,28.21347195933177,4,162,0.024539877300613498,167,0,0.5224716932751866,28,Male,Ankara,20464.210000000003,5116.052500000001,16137.95,15,3.75,120.33000000000001,0.5,1.0,1.0,0.023520087015619934
CUST_04020,69.0,91.05383023245095,7,414,0.016867469879518072,18,0,1.3196207088815977,33,Male,Adana,8094.780000000001,1156.3971428571429,4699.0,21,3.0,22.08571428571429,0.42857142857142855,0.42857142857142855,0.5714285714285714,0.01909872780561163
CUST_04021,51.6,35.70434147271169,6,258,0.023166023166023165,95,0,0.6919445887745562,61,Female,Bursa,6684.32,1114.0533333333333,3368.05,19,3.1666666666666665,16.886666666666667,0.3333333333333333,0.5,0.8333333333333334,0.015157861967867012
CUST_04022,15.0,4.760952285695233,5,60,0.08196721311475409,66,0,0.3173967978865624,18,Male,Kayseri,2267.47,453.49399999999997,931.08,12,2.4,39.15,0.2,0.8,0.6,0.08632969766671732
CUST_04023,70.5,84.14570696119915,3,141,0.02112676056338028,188,0,1.193556110179334,18,Male,Ankara,2700.11,900.0366666666667,2305.32,9,3.0,0.0,0.3333333333333333,0.3333333333333333,0.6666666666666666,0.0
CUST_04024,59.0,36.851051545376556,6,295,0.02027027027027027,18,0,0.6245940834030927,44,Female,Ankara,3360.7300000000005,560.1216666666668,1407.15,17,2.8333333333333335,72.87333333333332,0.3333333333333333,0.5,0.5,0.13010268579129644
CUST_04025,100.0,46.861498055439924,4,300,0.013289036544850499,50,0,0.4686149758682495,26,Female,Konya,2307.39,576.8475,1298.1,17,4.25,29.825,0.25,0.5,0.75,0.05170343972765169
CUST_04026,127.5,118.08683245815344,3,255,0.01171875,71,0,0.9261712277018213,31,Female,Istanbul,726.77,242.25666666666666,595.45,10,3.3333333333333335,30.396666666666665,0.3333333333333333,0.3333333333333333,0.6666666666666666,0.12547298268170268
CUST_04027,132.0,126.58198924017587,4,396,0.010075566750629723,19,0,0.9589544566759198,25,Female,Istanbul,4090.67,1022.6675,3255.84,8,2.0,27.3175,0.5,0.75,0.75,0.026712005586652546
CUST_04028,95.5,119.50104602052653,3,191,0.015625,78,0,1.2513198405152532,31,Female,Istanbul,1605.9800000000002,535.3266666666667,1367.67,8,2.6666666666666665,8.11,0.3333333333333333,0.3333333333333333,1.0,0.015149628236062163
CUST_04029,41.8,37.85762802923606,6,209,0.02857142857142857,98,0,0.9056848594151006,54,Male,Gaziantep,2126.8,354.4666666666667,822.33,12,2.0,62.343333333333334,0.16666666666666666,0.5,0.5,0.17587925472292856
CUST_04030,34.0,0.0,2,34,0.05714285714285714,32,1,0.0,44,Male,Istanbul,1025.77,512.885,982.21,2,1.0,0.0,0.5,0.5,1.0,0.0
CUST_04031,160.0,164.04877323527901,3,320,0.009345794392523364,48,0,1.0253048263123388,45,Female,Konya,2227.52,742.5066666666667,1421.64,12,4.0,16.919999999999998,0.3333333333333333,0.3333333333333333,0.6666666666666666,0.022787674154053375
CUST_04032,187.0,0.0,2,187,0.010638297872340425,249,1,0.0,18,Male,Izmir,1783.9299999999998,891.9649999999999,1585.8,8,4.0,20.195,0.5,1.0,1.0,0.022641022884708456
CUST_04033,41.375,42.845028049604885,9,331,0.02710843373493976,102,0,1.0355293538145145,21,Female,Istanbul,4773.75,530.4166666666666,1798.15,19,2.111111111111111,3.151111111111111,0.3333333333333333,0.5555555555555556,0.5555555555555556,0.005940822193565353
CUST_04034,72.5,82.73149339882606,3,145,0.02054794520547945,247,0,1.1411240311407176,18,Female,Izmir,1594.53,531.51,1230.64,11,3.6666666666666665,7.81,0.3333333333333333,0.6666666666666666,0.6666666666666666,0.014693985033783023
CUST_04035,36.714285714285715,32.57664953978686,8,257,0.031007751937984496,32,0,0.8873017142700234,25,Male,Istanbul,8233.289999999999,1029.1612499999999,3619.31,21,2.625,2.61625,0.375,0.375,0.5,0.002542118640259611
CUST_04036,42.0,35.35533905932738,3,84,0.03529411764705882,348,0,0.8417937670841337,46,Female,Antalya,853.35,284.45,624.57,7,2.3333333333333335,8.573333333333332,0.3333333333333333,0.6666666666666666,0.6666666666666666,0.030140036221456484
CUST_04037,52.25,14.974979131871937,5,209,0.023809523809523808,147,0,0.2866024659381717,41,Female,Antalya,7815.18,1563.036,3869.6,12,2.4,46.268,0.4,0.4,0.8,0.029601365528624184
CUST_04038,273.0,0.0,2,273,0.0072992700729927005,171,1,0.0,32,Male,Izmir,1144.95,572.475,1011.51,9,4.5,29.009999999999998,0.5,0.5,1.0,0.05067470186353167
CUST_04039,111.33333333333333,103.84764481360824,4,334,0.011940298507462687,101,0,0.9327632683908231,34,Other,Istanbul,2898.4,724.6,2206.8,13,3.25,3.3,0.5,0.5,0.75,0.004554236814029482
CUST_04040,101.0,66.6783323126786,5,404,0.012345679012345678,29,0,0.6601815015098723,26,Female,Antalya,4077.6699999999996,815.5339999999999,3041.6,16,3.2,5.458,0.2,0.8,1.0,0.0066925474514949145
CUST_04041,60.333333333333336,42.71221527073178,4,181,0.02197802197802198,44,0,0.7079372579468706,37,Male,Gaziantep,4674.05,1168.5125,3157.8,12,3.0,40.3875,0.5,0.25,1.0,0.03456317323557671
CUST_04042,75.25,41.33098111586513,5,301,0.016556291390728478,67,0,0.5492489111842687,44,Female,Adana,4711.2300000000005,942.2460000000001,3889.44,16,3.2,13.142000000000001,0.4,0.4,0.8,0.013947525366042917
CUST_04043,190.0,0.0,2,190,0.010471204188481676,247,1,0.0,18,Female,Gaziantep,1016.89,508.445,910.76,5,2.5,0.0,0.5,1.0,1.0,0.0
CUST_04044,59.75,47.20434302053149,5,239,0.020833333333333332,40,0,0.7900308323096344,38,Female,Istanbul,1200.8000000000002,240.16000000000003,666.07,13,2.6,16.192,0.4,0.4,0.6,0.06742171857336059
CUST_04045,51.166666666666664,55.75810852841644,7,307,0.022727272727272728,22,0,1.0897349988015919,46,Female,Konya,2752.25,393.17857142857144,1273.57,19,2.7142857142857144,20.66142857142857,0.42857142857142855,0.42857142857142855,0.8571428571428571,0.05254973190377032
CUST_04046,57.8,44.941072528367634,6,289,0.020689655172413793,88,0,0.7775271929211149,30,Female,Ankara,13559.21,2259.8683333333333,7751.37,17,2.8333333333333335,50.25666666666666,0.3333333333333333,0.3333333333333333,0.8333333333333334,0.02223875873790342
CUST_04047,73.0,50.708316214732804,5,292,0.017064846416382253,69,0,0.6946344591794295,43,Male,Istanbul,8294.51,1658.902,7517.65,20,4.0,16.902,0.2,0.4,0.6,0.010188666955499078
CUST_04048,99.0,46.66904755831214,3,198,0.01507537688442211,160,0,0.47140451602936995,68,Female,Gaziantep,6529.5,2176.5,4758.0,8,2.6666666666666665,102.62333333333333,0.3333333333333333,0.3333333333333333,1.0,0.04715062406900194
CUST_04049,58.75,39.609552719851145,5,235,0.0211864406779661,42,0,0.6742051412024852,33,Female,Kayseri,8304.539999999999,1660.908,3474.33,10,2.0,38.730000000000004,0.2,0.6,0.6,0.023318570310144473
CUST_04050,74.0,0.0,2,74,0.02666666666666667,301,1,0.0,39,Male,Antalya,365.55,182.775,225.65,2,1.0,14.08,1.0,0.5,0.5,0.07703460496766733
CUST_04051,300.0,0.0,2,300,0.006644518272425249,25,1,0.0,26,Male,Istanbul,2120.84,1060.42,2059.11,4,2.0,66.0,0.5,0.5,0.5,0.06223948995469766
CUST_04052,17.0,0.0,2,17,0.1111111111111111,96,1,0.0,37,Female,Ankara,798.02,399.01,683.7,9,4.5,0.0,0.5,0.5,0.5,0.0
CUST_04053,383.0,0.0,2,383,0.005208333333333333,32,1,0.0,40,Female,Izmir,1624.15,812.075,986.98,5,2.5,58.26,1.0,1.0,0.5,0.07174214195518623
CUST_04054,59.5,33.500746260344705,7,357,0.019553072625698324,19,0,0.5630377428118818,37,Female,Konya,11490.17,1641.452857142857,5980.02,26,3.7142857142857144,0.0,0.2857142857142857,0.5714285714285714,0.5714285714285714,0.0
CUST_04055,211.0,91.92388155425118,3,422,0.0070921985815602835,16,0,0.4356582043535212,22,Female,Istanbul,1498.8100000000002,499.6033333333334,1330.14,7,2.3333333333333335,124.46,0.3333333333333333,0.3333333333333333,0.6666666666666666,0.2491176328238049
CUST_04056,81.4,67.65944132196186,6,407,0.014705882352941176,43,0,0.8311970576261033,37,Female,Gaziantep,8247.75,1374.625,6024.24,9,1.5,0.0,0.3333333333333333,0.5,0.8333333333333334,0.0
CUST_04057,105.5,139.30003589374985,3,211,0.014150943396226415,43,0,1.320379474629103,52,Female,Ankara,2389.1699999999996,796.3899999999999,2261.45,10,3.3333333333333335,3.6466666666666665,0.3333333333333333,0.6666666666666666,1.0,0.004578996047272908
CUST_04058,71.33333333333333,53.724606404638585,4,214,0.018604651162790697,27,0,0.7531486773573353,40,Female,Gaziantep,3101.45,775.3625,1609.7,10,2.5,0.0,0.5,0.75,0.75,0.0
CUST_04059,303.0,0.0,2,303,0.006578947368421052,106,1,0.0,46,Male,Kayseri,2063.41,1031.705,2028.03,4,2.0,2.28,0.5,0.5,0.5,0.0022099340390810025
CUST_04060,48.0,35.55980877338909,6,240,0.024896265560165973,71,0,0.7408293340116617,32,Female,Izmir,5035.25,839.2083333333334,4035.49,17,2.8333333333333335,85.52666666666666,0.5,0.5,0.3333333333333333,0.10191350963477858
CUST_04061,100.66666666666667,127.59832809771973,4,302,0.013201320132013201,103,0,1.2675330479819868,43,Female,Ankara,2125.79,531.4475,1054.86,9,2.25,35.92,0.25,0.75,0.75,0.06758899031872577
CUST_04062,36.166666666666664,26.293852259923167,7,217,0.03211009174311927,74,0,0.7270189363936654,38,Female,Gaziantep,1605.29,229.32714285714286,491.41,17,2.4285714285714284,11.221428571428572,0.42857142857142855,0.5714285714285714,0.7142857142857143,0.04893196846518462
CUST_04063,81.5,92.63098833543772,3,163,0.018292682926829267,148,0,1.1365765300473767,23,Female,Bursa,1276.8500000000001,425.61666666666673,1113.4,5,1.6666666666666667,0.0,0.3333333333333333,0.6666666666666666,1.0,0.0
CUST_04064,43.0,22.662744758744473,7,258,0.02702702702702703,120,0,0.5270405635279979,38,Female,Antalya,3771.61,538.8014285714286,1275.0,21,3.0,60.31142857142857,0.2857142857142857,0.5714285714285714,0.42857142857142855,0.1119362816453573
CUST_04065,94.0,19.79898987322333,3,188,0.015873015873015872,241,0,0.21062754960208277,23,Male,Antalya,3485.57,1161.8566666666668,3318.69,6,2.0,11.813333333333333,0.3333333333333333,0.6666666666666666,0.6666666666666666,0.010167633979377
CUST_04066,64.0,0.0,2,64,0.03076923076923077,49,1,0.0,27,Male,Istanbul,1856.25,928.125,1334.47,5,2.5,37.0,0.5,0.5,0.5,0.03986531982236733
CUST_04067,75.25,72.02025178147233,5,301,0.016556291390728478,102,0,0.9570797451746522,37,Male,Gaziantep,19565.2,3913.04,15740.2,18,3.6,0.0,0.4,0.4,0.8,0.0
CUST_04068,11.0,0.0,2,11,0.16666666666666666,84,1,0.0,38,Male,Istanbul,1740.94,870.47,1584.9,5,2.5,152.195,0.5,0.5,1.0,0.17484232635835545
CUST_04069,89.5,79.90306627407988,3,179,0.016666666666666666,55,0,0.8927716802380804,20,Female,Kayseri,2522.15,840.7166666666667,2259.92,12,4.0,0.0,0.3333333333333333,1.0,0.6666666666666666,0.0
CUST_04070,75.25,56.78834974417435,5,301,0.016556291390728478,46,0,0.7546624450433476,47,Male,Ankara,2482.4900000000002,496.49800000000005,955.22,14,2.8,69.65,0.4,0.6,0.6,0.1402825386199289
CUST_04071,43.875,57.057458508319236,9,351,0.02556818181818182,57,0,1.30045486513651,41,Male,Adana,21934.62,2437.18,12642.32,30,3.3333333333333335,135.17222222222225,0.2222222222222222,0.5555555555555556,0.6666666666666666,0.05546255187009565
CUST_04072,207.0,0.0,2,207,0.009615384615384616,206,1,0.0,26,Female,Ankara,1688.25,844.125,1539.25,6,3.0,0.0,0.5,0.5,1.0,0.0
CUST_04073,40.0,18.35755975068582,4,120,0.03305785123966942,154,0,0.45893898229367097,18,Female,Ankara,6599.32,1649.83,2533.35,10,2.5,0.0,0.5,0.75,1.0,0.0
CUST_04074,97.66666666666667,89.66790581547744,4,293,0.013605442176870748,144,0,0.9181014153314951,33,Male,Ankara,7521.13,1880.2825,5489.62,12,3.0,2.6925,0.25,0.75,0.5,0.0014319656746090196
CUST_04075,41.8,38.427854480832,6,209,0.02857142857142857,200,0,0.9193266402274012,29,Female,Adana,18152.84,3025.4733333333334,11843.35,24,4.0,46.083333333333336,0.5,0.3333333333333333,0.8333333333333334,0.015231776400200153
CUST_04076,117.0,0.0,2,117,0.01694915254237288,35,1,0.0,36,Female,Bursa,287.53999999999996,143.76999999999998,148.13,5,2.5,19.295,0.5,1.0,1.0,0.13420741368708763
CUST_04077,106.33333333333333,59.50070027599115,4,319,0.0125,32,0,0.5595677089318819,30,Male,Konya,4159.14,1039.785,2695.23,10,2.5,6.7625,0.5,0.5,0.75,0.00650374836480258
CUST_04078,77.8,38.82267378736297,6,389,0.015384615384615385,32,0,0.4990060833979035,18,Male,Ankara,10321.86,1720.3100000000002,6093.16,15,2.5,142.95333333333335,0.5,0.5,0.8333333333333334,0.08309742619076556
CUST_04079,29.0,0.0,2,29,0.06666666666666667,191,1,0.0,30,Female,Antalya,364.2,182.1,318.18,5,2.5,0.0,1.0,0.5,1.0,0.0
CUST_04080,101.0,113.91224692718514,4,303,0.013157894736842105,5,0,1.1278440178152587,31,Female,Adana,2933.87,733.4675,1298.06,8,2.0,75.39750000000001,0.25,0.5,0.5,0.1027959655979359
CUST_04081,104.33333333333333,81.13158036999732,4,313,0.012738853503184714,78,0,0.777618973728866,42,Female,Istanbul,1414.92,353.73,590.25,13,3.25,11.5375,0.5,0.5,0.5,0.03261668495005601
CUST_04082,142.5,75.66042558696059,3,285,0.01048951048951049,147,0,0.5309503512702473,26,Male,Izmir,2369.17,789.7233333333334,2228.06,7,2.3333333333333335,125.01,0.3333333333333333,0.3333333333333333,0.6666666666666666,0.15829594310459452
CUST_04083,39.0,33.58571124749333,11,390,0.028132992327365727,51,0,0.8611720611877248,55,Male,Izmir,11519.69,1047.2445454545455,3332.2,39,3.5454545454545454,55.94272727272726,0.18181818181818182,0.36363636363636365,0.8181818181818182,0.053418972160916754
CUST_04084,57.666666666666664,48.479548952797266,7,346,0.020172910662824207,86,0,0.8406858054123375,18,Female,Ankara,12148.24,1735.462857142857,6437.32,30,4.285714285714286,0.0,0.2857142857142857,0.2857142857142857,0.5714285714285714,0.0
CUST_04085,79.33333333333333,80.35131195776042,4,238,0.016736401673640166,9,0,1.012831650566329,50,Male,Ankara,5373.32,1343.33,4172.96,14,3.5,227.01999999999998,0.25,0.75,0.5,0.16899793783433859
CUST_04086,65.66666666666667,25.40341184434353,4,197,0.020202020202020204,69,0,0.38685398158613526,32,Male,Antalya,6513.21,1628.3025,3937.75,16,4.0,22.075,0.5,0.5,0.5,0.013557063252339742
CUST_04087,71.5,70.7789987684671,5,286,0.017421602787456445,91,0,0.9899160528468679,45,Female,Istanbul,1810.3999999999999,362.08,1300.25,14,2.8,21.566,0.4,0.4,0.6,0.0595614227254711
CUST_04088,82.75,92.08827286902496,5,331,0.015060240963855422,35,0,1.112849205512698,35,Male,Adana,3183.6500000000005,636.7300000000001,2566.78,12,2.4,99.19200000000001,0.4,0.6,0.8,0.15578345585132872
CUST_04089,55.5,53.033008588991066,3,111,0.026785714285714284,65,0,0.9555496870890339,48,Female,Kayseri,3815.39,1271.7966666666666,2510.16,11,3.6666666666666665,142.94000000000003,0.3333333333333333,0.6666666666666666,0.6666666666666666,0.11239218000330858
CUST_04090,131.0,66.46803743153546,3,262,0.011406844106463879,146,0,0.5073895948408081,30,Female,Bursa,8526.06,2842.02,5219.16,9,3.0,0.0,0.6666666666666666,0.6666666666666666,0.6666666666666666,0.0
CUST_04091,53.875,43.54451745053561,9,431,0.020833333333333332,9,0,0.8082508889519205,21,Male,Bursa,15243.189999999999,1693.6877777777777,11124.48,35,3.888888888888889,8.100000000000001,0.3333333333333333,0.4444444444444444,0.5555555555555556,0.004782463510391056
CUST_04092,47.55555555555556,37.990495887495044,10,428,0.023310023310023312,15,0,0.7988655509291248,52,Female,Istanbul,13199.66,1319.966,3575.86,27,2.7,187.356,0.3,0.5,0.5,0.14194001955964014
CUST_04093,165.0,97.58073580374356,3,330,0.00906344410876133,65,0,0.5913983952263344,33,Male,Konya,5173.72,1724.5733333333335,4590.84,10,3.3333333333333335,0.0,0.3333333333333333,0.6666666666666666,0.6666666666666666,0.0
CUST_04094,36.6,27.264955121506766,11,366,0.02997275204359673,57,0,0.744944108649253,37,Female,Ankara,6740.57,612.7790909090909,1559.25,36,3.272727272727273,12.617272727272727,0.2727272727272727,0.45454545454545453,0.45454545454545453,0.020590246785287786
CUST_04095,97.0,61.93545026880809,5,388,0.012853470437017995,43,0,0.6385097900030753,49,Male,Bursa,21081.39,4216.278,12147.25,18,3.6,10.394,0.2,0.4,0.6,0.002465207464387972
CUST_04096,26.5,17.67766952966369,3,53,0.05555555555555555,114,0,0.667081843871013,22,Male,Eskisehir,4412.84,1470.9466666666667,3345.93,8,2.6666666666666665,184.49333333333334,0.3333333333333333,0.6666666666666666,0.3333333333333333,0.12542489635330656
CUST_04097,63.0,39.17141815150429,7,378,0.018469656992084433,32,0,0.621768532218028,42,Female,Bursa,10245.03,1463.5757142857144,4262.62,28,4.0,132.48,0.2857142857142857,0.8571428571428571,0.7142857142857143,0.0905180364885582
CUST_04098,42.0,29.698484809834994,3,84,0.03529411764705882,185,0,0.7071067643506722,27,Male,Adana,2037.6599999999999,679.2199999999999,1599.95,9,3.0,20.26,0.3333333333333333,0.3333333333333333,0.6666666666666666,0.02982833245512746
CUST_04099,87.5,57.27564927611035,3,175,0.017045454545454544,190,0,0.6545788413889315,33,Female,Izmir,6127.150000000001,2042.3833333333334,5803.18,9,3.0,16.493333333333336,0.3333333333333333,0.3333333333333333,1.0,0.008075532666210784
CUST_04100,52.5,16.263455967290593,3,105,0.02830188679245283,119,0,0.3097801077621045,35,Male,Istanbul,560.61,186.87,269.48,7,2.3333333333333335,3.296666666666667,0.3333333333333333,0.6666666666666666,1.0,0.01764149755993562
CUST_04101,130.0,84.8528137423857,3,260,0.011494252873563218,137,0,0.6527139468436289,18,Male,Gaziantep,4875.860000000001,1625.2866666666669,4019.65,11,3.6666666666666665,41.68666666666667,0.3333333333333333,0.6666666666666666,0.6666666666666666,0.025648808604646883
CUST_04102,53.5,70.0035713374682,3,107,0.027777777777777776,321,0,1.3084779444671077,25,Female,Istanbul,11041.79,3680.596666666667,10135.12,4,1.3333333333333333,0.0,0.3333333333333333,0.6666666666666666,0.6666666666666666,0.0
CUST_04103,101.0,0.0,2,101,0.0196078431372549,61,1,0.0,51,Male,Adana,150.32,75.16,76.44,3,1.5,1.57,0.5,0.5,1.0,0.020888770344747603
CUST_04104,120.5,64.34671708797582,3,241,0.012396694214876033,45,0,0.5339976477508562,45,Male,Istanbul,1005.6000000000001,335.20000000000005,410.35,6,2.0,77.67999999999999,0.6666666666666666,0.3333333333333333,0.3333333333333333,0.23174224274539898
CUST_04105,34.0,32.90896534380867,4,102,0.038834951456310676,25,0,0.9679107169381751,34,Female,Konya,1406.29,351.5725,532.04,7,1.75,1.6775,0.5,0.75,0.75,0.004771419821597481
CUST_04106,72.5,27.147743920996454,5,290,0.01718213058419244,119,0,0.37445163512475615,37,Female,Istanbul,9592.17,1918.434,3603.2,15,3.0,119.492,0.4,0.6,0.6,0.062286218831460335
CUST_04107,42.666666666666664,47.59551799627075,4,128,0.031007751937984496,152,0,1.1155199268925975,31,Female,Izmir,1540.87,385.2175,643.48,10,2.5,10.175,0.5,0.75,0.75,0.026413649363246354
CUST_04108,34.6,25.451915448547286,6,173,0.034482758620689655,65,0,0.7356044714723357,51,Female,Bursa,15885.0,2647.5,10355.5,22,3.6666666666666665,0.0,0.16666666666666666,0.5,0.6666666666666666,0.0
CUST_04109,91.66666666666667,21.385353243127255,4,275,0.014492753623188406,6,0,0.23329476010726358,32,Male,Izmir,25802.65,6450.6625,23502.89,11,2.75,941.0725,0.25,0.5,0.75,0.14588772856340138
CUST_04110,151.5,33.23401871576773,3,303,0.009868421052631578,43,0,0.21936645872212063,37,Female,Ankara,6315.3,2105.1,3425.36,12,4.0,0.0,0.3333333333333333,0.6666666666666666,0.6666666666666666,0.0
CUST_04111,25.5,16.263455967290593,3,51,0.057692307692307696,230,0,0.6377825619414914,48,Male,Izmir,668.08,222.69333333333336,578.23,5,1.6666666666666667,3.14,0.6666666666666666,0.6666666666666666,0.6666666666666666,0.014100107708208113
CUST_04112,70.5,54.44722215136416,3,141,0.02112676056338028,287,0,0.7723010124689809,25,Female,Ankara,1194.08,398.02666666666664,1030.86,8,2.6666666666666665,0.0,0.3333333333333333,1.0,0.3333333333333333,0.0
CUST_04113,208.0,220.61731573020282,3,416,0.007194244604316547,29,0,1.0606601666804936,53,Male,Izmir,1151.59,383.8633333333333,645.84,7,2.3333333333333335,0.0,0.3333333333333333,0.6666666666666666,0.6666666666666666,0.0
CUST_04114,87.0,51.08163401197473,5,348,0.014326647564469915,52,0,0.5871452117796496,18,Other,Ankara,4965.5,993.1,4062.4,12,2.4,8.831999999999999,0.4,0.4,0.4,0.008893364204115028
CUST_04115,49.5,34.64823227814083,3,99,0.03,318,0,0.6999642743065971,54,Female,Bursa,882.24,294.08,596.72,8,2.6666666666666665,0.0,0.3333333333333333,1.0,0.6666666666666666,0.0
CUST_04116,47.375,41.09201347498771,9,379,0.02368421052631579,71,0,0.8673775748308208,30,Female,Istanbul,7536.2699999999995,837.3633333333332,3194.16,28,3.111111111111111,25.932222222222222,0.3333333333333333,0.4444444444444444,0.5555555555555556,0.030968901024151195
CUST_04117,168.0,0.0,2,168,0.011834319526627219,189,1,0.0,32,Female,Eskisehir,1678.91,839.455,1340.98,5,2.5,111.89,0.5,1.0,1.0,0.13328885987540862
CUST_04118,39.0,24.041630560342615,3,78,0.0379746835443038,12,0,0.6164520498433479,18,Female,Izmir,6951.6,2317.2000000000003,6377.0,7,2.3333333333333335,11.736666666666666,0.3333333333333333,0.3333333333333333,0.6666666666666666,0.005065021000173332
CUST_04119,73.0,83.43860018001261,3,146,0.02040816326530612,185,0,1.1429945073564125,29,Female,Istanbul,3953.19,1317.73,3201.2,7,2.3333333333333335,26.973333333333333,1.0,1.0,0.6666666666666666,0.020469544833056685
CUST_04120,26.0,18.384776310850235,3,52,0.05660377358490566,165,0,0.7071067539901339,22,Male,Izmir,4748.25,1582.75,4262.19,7,2.3333333333333335,0.0,0.3333333333333333,1.0,0.6666666666666666,0.0
CUST_04121,73.0,74.95331880577403,3,146,0.02040816326530612,27,0,1.0267577777947432,27,Male,Konya,8818.08,2939.36,8164.84,9,3.0,36.10666666666666,0.6666666666666666,0.6666666666666666,0.6666666666666666,0.012283853170208076
CUST_04122,175.5,173.24116139070415,3,351,0.008522727272727272,98,0,0.9871291191086896,33,Male,Istanbul,1094.48,364.82666666666665,615.38,6,2.0,0.0,0.3333333333333333,0.3333333333333333,0.6666666666666666,0.0
CUST_04123,76.0,77.66917020285462,6,380,0.015748031496062992,16,0,1.0219627523801562,46,Male,Antalya,9302.22,1550.37,5042.48,15,2.5,18.518333333333334,0.16666666666666666,0.3333333333333333,0.8333333333333334,0.011944460561923201
CUST_04124,34.2,16.02186006679624,6,171,0.03488372093023256,196,0,0.46847542685148574,37,Female,Bursa,5682.04,947.0066666666667,3006.4,22,3.6666666666666665,14.266666666666666,0.3333333333333333,0.5,0.8333333333333334,0.015065011846028877
CUST_04125,6.0,0.0,2,6,0.2857142857142857,216,1,0.0,38,Female,Istanbul,832.9300000000001,416.46500000000003,593.82,5,2.5,111.46000000000001,0.5,0.5,0.5,0.2676335339881298
CUST_04126,72.33333333333333,67.65599258996451,4,217,0.01834862385321101,42,0,0.9353362901561506,21,Female,Gaziantep,944.97,236.2425,652.72,10,2.5,8.0975,0.5,0.5,1.0,0.03427622026402438
CUST_04127,35.0,37.05401462729781,6,175,0.03409090909090909,250,0,1.0586861019603346,24,Female,Ankara,3237.58,539.5966666666667,1856.04,14,2.3333333333333335,39.6,0.3333333333333333,0.3333333333333333,0.6666666666666666,0.07338814780165158
CUST_04128,118.0,103.23759005323593,3,236,0.012658227848101266,168,0,0.8748948235452637,56,Female,Ankara,1741.23,580.41,1323.97,9,3.0,111.75333333333333,0.3333333333333333,0.6666666666666666,1.0,0.19254205327404986
CUST_04129,65.33333333333333,51.5079281923343,7,392,0.017811704834605598,8,0,0.7883866439379744,26,Male,Gaziantep,4991.45,713.0642857142857,2313.48,17,2.4285714285714284,17.141428571428573,0.2857142857142857,0.2857142857142857,0.5714285714285714,0.024039106839040012
CUST_04130,62.8,36.53354622809015,6,314,0.01904761904761905,31,0,0.5817443574258885,54,Male,Antalya,2433.42,405.57,878.19,16,2.6666666666666665,58.02,0.16666666666666666,0.5,0.6666666666666666,0.14305791813236207
CUST_04131,53.5,37.887992820945264,7,321,0.021739130434782608,88,0,0.7081867684627756,32,Male,Konya,3283.48,469.06857142857143,1138.13,17,2.4285714285714284,22.06714285714286,0.14285714285714285,0.42857142857142855,0.5714285714285714,0.04704459892269416
CUST_04132,68.75,73.50453500748554,5,275,0.018115942028985508,97,0,1.069156857284781,35,Male,Antalya,4650.01,930.0020000000001,2843.05,21,4.2,12.742,0.2,0.4,1.0,0.013701045789470297
CUST_04133,65.2,56.20676115913459,6,326,0.01834862385321101,113,0,0.8620668757218974,47,Female,Adana,4088.81,681.4683333333334,3236.97,15,2.5,8.763333333333334,0.3333333333333333,0.5,0.6666666666666666,0.012859487215801928
CUST_04134,146.0,154.14927829866735,3,292,0.010238907849829351,81,0,1.0558169674167834,50,Female,Gaziantep,1619.6000000000001,539.8666666666667,1173.93,3,1.0,101.70333333333333,0.6666666666666666,0.6666666666666666,0.3333333333333333,0.18838602089086315
CUST_04135,53.75,55.656471835204,9,430,0.02088167053364269,8,0,1.035469224181112,33,Female,Istanbul,13317.93,1479.77,6733.07,25,2.7777777777777777,110.80777777777777,0.3333333333333333,0.3333333333333333,0.4444444444444444,0.07488175709934382
CUST_04136,105.66666666666667,98.08329793259061,4,317,0.012578616352201259,123,0,0.9282330946784623,30,Female,Adana,1151.0700000000002,287.76750000000004,479.22,8,2.0,37.754999999999995,0.5,0.75,0.5,0.13119966594142954
CUST_04137,55.0,0.0,2,55,0.03571428571428571,203,1,0.0,34,Female,Bursa,1399.32,699.66,894.76,5,2.5,68.695,0.5,0.5,1.0,0.09818340322701968
CUST_04138,93.0,62.22539674441618,3,186,0.016042780748663103,211,0,0.6690902803798484,39,Male,Istanbul,723.25,241.08333333333334,459.93,8,2.6666666666666665,3.6666666666666665,0.3333333333333333,0.3333333333333333,1.0,0.01520912541219858
CUST_04139,71.66666666666667,65.57692683660416,4,215,0.018518518518518517,152,0,0.9150268733243342,45,Female,Izmir,8961.2,2240.3,7420.8,13,3.25,297.7175,0.25,0.75,0.5,0.13289180014601087
CUST_04140,89.5,17.67766952966369,3,179,0.016666666666666666,59,0,0.1975158584597523,35,Male,Istanbul,5863.92,1954.64,3352.45,13,4.333333333333333,406.09999999999997,0.3333333333333333,0.3333333333333333,0.6666666666666666,0.20776204303208667
CUST_04141,40.25,21.894226244769253,9,322,0.02786377708978328,85,0,0.5439559180326294,42,Male,Adana,5266.2,585.1333333333333,1568.0,28,3.111111111111111,57.556666666666665,0.3333333333333333,0.4444444444444444,0.4444444444444444,0.09836504483588063
CUST_04142,66.0,0.0,2,66,0.029850746268656716,325,1,0.0,54,Male,Bursa,598.65,299.325,351.2,6,3.0,33.41,0.5,0.5,0.5,0.11161780635891487
CUST_04143,76.2,72.3443156025406,6,381,0.015706806282722512,25,0,0.9494004547656187,39,Female,Kayseri,9626.580000000002,1604.4300000000003,8017.6,16,2.6666666666666665,274.7316666666667,0.16666666666666666,0.3333333333333333,0.6666666666666666,0.17123318966575882
CUST_04144,91.25,92.76987657639737,5,365,0.01366120218579235,54,0,1.0166561705177117,38,Male,Istanbul,8786.560000000001,1757.3120000000004,5730.04,18,3.6,114.982,0.4,0.6,0.4,0.06543061217050208
CUST_04145,51.2,35.3157188798416,6,256,0.023346303501945526,128,0,0.6897601209000288,18,Male,Bursa,2887.08,481.18,1373.52,22,3.6666666666666665,42.43833333333333,0.3333333333333333,0.5,0.5,0.08819637816438122
CUST_04146,133.0,0.0,2,133,0.014925373134328358,139,1,0.0,18,Female,Istanbul,345.54,172.77,260.79,2,1.0,39.05,0.5,1.0,1.0,0.22602303509855276
CUST_04147,69.33333333333333,57.01169470672954,4,208,0.019138755980861243,192,0,0.8222840464102716,39,Female,Bursa,7361.98,1840.495,5709.75,11,2.75,31.2525,0.5,0.5,0.75,0.016980486218663736
CUST_04148,51.142857142857146,41.70303175001617,8,358,0.022284122562674095,63,0,0.815422392575856,33,Male,Adana,5551.0599999999995,693.8824999999999,3555.35,13,1.625,4.8975,0.25,0.625,0.625,0.007058111413592199
CUST_04149,27.666666666666668,17.243356208503418,4,83,0.047619047619047616,177,0,0.6232538163343229,28,Male,Adana,1393.0,348.25,401.33,10,2.5,0.0,0.5,0.5,0.75,0.0
CUST_04150,64.4,55.28833511691232,6,322,0.018575851393188854,49,0,0.8585145071179785,37,Female,Gaziantep,4287.16,714.5266666666666,1908.4,21,3.5,4.46,0.3333333333333333,0.5,0.8333333333333334,0.006241894392219706
CUST_04151,126.0,157.83852508180632,4,378,0.010554089709762533,38,0,1.252686697056505,34,Male,Konya,3207.12,801.78,1348.58,15,3.75,62.9675,0.5,0.5,0.5,0.0785346353382042
CUST_04152,86.8,91.02032739998246,6,434,0.013793103448275862,11,0,1.0486212713290461,48,Female,Istanbul,2906.46,484.41,2096.15,16,2.6666666666666665,5.873333333333334,0.3333333333333333,0.3333333333333333,0.6666666666666666,0.012124715264359981
CUST_04153,126.0,32.526911934581186,3,252,0.011857707509881422,100,0,0.25815009267008804,36,Female,Ankara,1650.64,550.2133333333334,927.24,9,3.0,34.48,0.3333333333333333,0.3333333333333333,0.6666666666666666,0.06266660193137218
CUST_04154,67.0,41.91260749066642,5,268,0.01858736059479554,157,0,0.6255612964941063,26,Male,Antalya,21128.73,4225.746,14819.3,20,4.0,4.644,0.6,0.4,0.4,0.001098977553052413
CUST_04155,48.8,18.48512915832616,6,244,0.024489795918367346,130,0,0.3787936225314045,46,Male,Izmir,6262.7699999999995,1043.7949999999998,3001.24,13,2.1666666666666665,81.24,0.3333333333333333,0.5,0.5,0.07783137486016758
CUST_04156,79.0,54.38749856354859,5,316,0.015772870662460567,85,0,0.6884493401911298,32,Male,Istanbul,6227.339999999999,1245.4679999999998,5596.95,10,2.0,2.074,0.2,0.6,0.8,0.0016652374836886715
CUST_04157,94.66666666666667,71.50058274820796,4,284,0.014035087719298246,117,0,0.7552878379533816,41,Male,Bursa,7539.41,1884.8525,6799.39,13,3.25,121.3275,0.25,0.5,0.75,0.06436975834216749
CUST_04158,98.0,57.688820407423826,4,294,0.013559322033898305,81,0,0.5886614267220653,29,Male,Izmir,8666.16,2166.54,4501.75,13,3.25,24.0775,0.25,0.75,0.5,0.011113342005634172
CUST_04159,65.33333333333333,41.8505276748892,7,392,0.017811704834605598,53,0,0.6405692913416313,27,Female,Ankara,11263.49,1609.07,5834.91,28,4.0,58.527142857142856,0.2857142857142857,0.42857142857142855,0.7142857142857143,0.036373273270130936
CUST_04160,53.166666666666664,67.47863859523743,7,319,0.021875,37,0,1.2691906707093434,36,Male,Gaziantep,14661.779999999999,2094.54,7115.08,21,3.0,134.78285714285715,0.42857142857142855,0.5714285714285714,0.8571428571428571,0.06434962191149729
CUST_04161,33.666666666666664,41.58525379666852,4,101,0.0392156862745098,267,0,1.2352055216276139,35,Female,Izmir,7166.139999999999,1791.5349999999999,6147.24,11,2.75,4.4825,0.5,0.25,0.75,0.0025020443348848643
CUST_04162,139.5,133.64318164425748,3,279,0.010714285714285714,137,0,0.9580156321594397,40,Female,Istanbul,3412.6800000000003,1137.5600000000002,3287.4,8,2.6666666666666665,5.526666666666666,0.6666666666666666,0.6666666666666666,1.0,0.004858351789627196
CUST_04163,270.0,0.0,2,270,0.007380073800738007,27,1,0.0,31,Male,Istanbul,588.7,294.35,437.35,6,3.0,18.4,1.0,0.5,1.0,0.0625106164005075
CUST_04164,213.5,168.99852070358486,3,427,0.007009345794392523,1,0,0.7915621541546731,18,Male,Konya,4928.91,1642.97,3962.6,10,3.3333333333333335,81.81333333333333,0.3333333333333333,0.6666666666666666,0.3333333333333333,0.04979599949088378
CUST_04165,197.5,34.64823227814083,3,395,0.007575757575757576,36,0,0.17543408659598353,29,Male,Eskisehir,1777.98,592.66,1252.25,9,3.0,49.126666666666665,0.3333333333333333,0.3333333333333333,1.0,0.08289182091549092
CUST_04166,163.0,192.33304448274092,3,326,0.009174311926605505,60,0,1.179957320875973,44,Male,Antalya,910.1999999999999,303.4,575.56,7,2.3333333333333335,25.51,0.3333333333333333,0.3333333333333333,1.0,0.08408042160817265
CUST_04167,73.2,47.515260706429885,6,366,0.01634877384196185,32,0,0.6491155745534741,31,Female,Ankara,3742.25,623.7083333333334,3172.5,14,2.3333333333333335,10.593333333333334,0.3333333333333333,0.5,0.6666666666666666,0.016984434470731082
CUST_04168,1.0,0.0,2,1,1.0,438,1,0.0,32,Male,Kayseri,1954.73,977.365,1740.75,2,1.0,85.695,0.5,1.0,0.5,0.08767962829886518
CUST_04169,63.6,44.51179618932491,6,318,0.018808777429467086,16,0,0.699870998261854,46,Female,Antalya,3987.14,664.5233333333333,1615.1,22,3.6666666666666665,13.306666666666667,0.3333333333333333,0.6666666666666666,0.5,0.02002437834634694
CUST_04170,59.8,68.46312876286038,6,299,0.02,127,0,1.1448683548159202,26,Male,Gaziantep,1714.04,285.67333333333335,914.68,16,2.6666666666666665,0.0,0.3333333333333333,0.3333333333333333,0.6666666666666666,0.0
CUST_04171,74.0,48.73191972413974,7,444,0.015730337078651686,1,0,0.6585394468324365,18,Male,Adana,13318.900000000001,1902.7000000000003,7032.56,19,2.7142857142857144,22.16714285714286,0.2857142857142857,0.42857142857142855,0.7142857142857143,0.01165036151021837
CUST_04172,125.0,82.92767933567175,4,375,0.010638297872340425,20,0,0.6634214293780026,33,Female,Ankara,24090.440000000002,6022.610000000001,18306.52,14,3.5,689.4825,0.25,0.75,0.75,0.11448234235414836
CUST_04173,65.5,31.585861816114292,5,262,0.019011406844106463,66,0,0.48222689059370083,29,Female,Izmir,1899.05,379.81,1011.59,11,2.2,7.4159999999999995,0.4,0.4,0.6,0.019525552198400378
CUST_04174,62.0,42.720018726587654,6,310,0.01929260450160772,41,0,0.6890325489928243,23,Male,Istanbul,8544.58,1424.0966666666666,5333.46,18,3.0,0.89,0.5,0.5,0.6666666666666666,0.0006249575750066422
CUST_04175,136.0,0.0,2,136,0.014598540145985401,230,1,0.0,32,Male,Ankara,1600.77,800.385,1579.76,2,1.0,79.695,0.5,0.5,0.5,0.09957083141291899
CUST_04176,55.75,29.364093720052047,5,223,0.022321428571428572,24,0,0.5267101918088225,40,Female,Adana,7357.71,1471.542,2802.42,17,3.4,141.074,0.4,0.6,0.8,0.09586814369153708
CUST_04177,70.4,62.14740541647736,6,352,0.0169971671388102,87,0,0.8827756325809905,34,Male,Konya,1376.9299999999998,229.48833333333332,756.24,14,2.3333333333333335,35.233333333333334,0.3333333333333333,0.3333333333333333,0.6666666666666666,0.1535299536496556
CUST_04178,82.75,48.753632343310244,5,331,0.015060240963855422,74,0,0.5891677553370693,38,Male,Adana,5231.08,1046.216,4227.91,17,3.4,203.178,0.4,0.4,0.4,0.19420272659354978
CUST_04179,31.4,33.71844203597392,11,314,0.03492063492063492,57,0,1.0738356994311535,56,Female,Izmir,18365.239999999998,1669.5672727272724,5248.69,27,2.4545454545454546,142.22181818181818,0.2727272727272727,0.45454545454545453,0.5454545454545454,0.0851848382630974
CUST_04180,117.33333333333333,27.30079363925769,4,352,0.0113314447592068,80,0,0.23267721653335632,30,Female,Istanbul,6289.41,1572.3525,3432.63,12,3.0,27.1975,0.5,0.5,0.75,0.017297329945227084
CUST_04181,99.0,0.0,2,99,0.02,270,1,0.0,38,Female,Istanbul,491.27,245.635,407.53,3,1.5,3.05,0.5,0.5,0.5,0.012416797229968054
CUST_04182,92.0,0.0,2,92,0.021505376344086023,189,1,0.0,28,Female,Ankara,167.95,83.975,125.89,7,3.5,5.48,1.0,0.5,1.0,0.06525751634108347
CUST_04183,98.0,90.50966799187809,3,196,0.015228426395939087,2,0,0.9235680313092863,24,Female,Izmir,3093.09,1031.03,2271.51,5,1.6666666666666667,45.98,0.3333333333333333,0.3333333333333333,1.0,0.0445961804752566
CUST_04184,64.0,53.27663653047178,7,384,0.01818181818181818,7,0,0.8324474327816304,27,Female,Bursa,7907.25,1129.607142857143,3787.36,17,2.4285714285714284,97.16142857142857,0.2857142857142857,0.42857142857142855,0.5714285714285714,0.08601346857604168
CUST_04185,53.666666666666664,54.448752664011195,7,322,0.021671826625386997,52,0,1.0145730121013328,29,Female,Istanbul,11768.36,1681.1942857142858,6705.82,23,3.2857142857142856,90.73571428571428,0.42857142857142855,0.42857142857142855,0.7142857142857143,0.053970986579455676
CUST_04186,47.75,58.00215513237418,5,191,0.026041666666666668,177,0,1.214704794087317,39,Female,Eskisehir,5128.26,1025.652,3273.13,15,3.0,65.734,0.4,0.8,0.6,0.0640899641748956
CUST_04187,40.0,0.0,2,40,0.04878048780487805,42,1,0.0,63,Female,Ankara,6774.85,3387.425,4900.71,3,1.5,0.0,0.5,0.5,1.0,0.0
CUST_04188,104.5,78.48885271170677,3,209,0.014285714285714285,34,0,0.7510894924460984,26,Male,Gaziantep,1185.1799999999998,395.05999999999995,969.15,8,2.6666666666666665,0.0,0.6666666666666666,0.3333333333333333,1.0,0.0
CUST_04189,124.0,72.12489168102785,3,248,0.012048192771084338,128,0,0.5816523475756089,30,Male,Bursa,1770.85,590.2833333333333,1589.83,4,1.3333333333333333,70.17666666666666,0.3333333333333333,0.3333333333333333,0.6666666666666666,0.11888641027943686
CUST_04190,8.0,0.0,2,8,0.2222222222222222,348,1,0.0,34,Female,Istanbul,1440.32,720.16,1093.05,6,3.0,0.0,0.5,0.5,0.5,0.0
CUST_04191,99.5,14.849242404917497,3,199,0.015,156,0,0.14923861563496363,39,Female,Gaziantep,1796.82,598.9399999999999,1080.74,14,4.666666666666667,25.926666666666666,0.6666666666666666,0.6666666666666666,0.6666666666666666,0.043287585773832245
CUST_04192,61.25,42.33497372149887,5,245,0.02032520325203252,10,0,0.6911832331480104,38,Male,Adana,10854.26,2170.852,8412.19,14,2.8,448.572,0.2,0.4,0.6,0.2066340772163952
CUST_04193,42.833333333333336,31.018811496681604,7,257,0.027131782945736434,12,0,0.7241745705643665,50,Female,Bursa,7166.84,1023.8342857142858,3195.06,22,3.142857142857143,121.24714285714286,0.42857142857142855,0.7142857142857143,0.5714285714285714,0.11842457752245451
CUST_04194,119.0,0.0,2,119,0.016666666666666666,110,1,0.0,18,Male,Izmir,4410.03,2205.015,3968.2,6,3.0,20.06,0.5,0.5,0.5,0.009097443777435781
CUST_04195,209.5,33.23401871576773,3,419,0.007142857142857143,15,0,0.1586349334469346,18,Female,Istanbul,1446.4099999999999,482.1366666666666,932.25,8,2.6666666666666665,0.0,0.3333333333333333,0.6666666666666666,0.6666666666666666,0.0
CUST_04196,263.0,0.0,2,263,0.007575757575757576,173,1,0.0,29,Female,Antalya,184.93,92.465,102.98,5,2.5,5.55,0.5,0.5,1.0,0.06002271064702632
CUST_04197,73.0,0.0,2,73,0.02702702702702703,73,1,0.0,48,Female,Kayseri,703.37,351.685,367.64,2,1.0,45.325,0.5,1.0,0.5,0.12887953671928137
CUST_04198,33.25,32.540999779765016,5,133,0.03731343283582089,3,0,0.9786766556718305,18,Male,Istanbul,1790.6,358.12,1146.45,17,3.4,0.366,0.8,0.4,0.6,0.0010220037947559371
CUST_04199,51.0,42.41226237776051,7,306,0.02280130293159609,134,0,0.8316129714930891,18,Female,Ankara,15571.14,2224.4485714285715,7982.08,20,2.857142857142857,45.21857142857143,0.42857142857142855,0.5714285714285714,0.5714285714285714,0.020327991390335202
CUST_04200,50.142857142857146,38.21181567451169,8,351,0.022727272727272728,73,0,0.7620589868580311,41,Male,Konya,5014.37,626.79625,1752.95,18,2.25,6.685,0.375,0.5,0.5,0.010665347773434593
CUST_04201,34.5,4.949747468305833,3,69,0.04285714285714286,147,0,0.14347093695173613,37,Male,Ankara,287.78999999999996,95.92999999999999,118.3,4,1.3333333333333333,13.053333333333333,0.6666666666666666,0.6666666666666666,1.0,0.13607143956282597
CUST_04202,81.0,0.0,2,81,0.024390243902439025,231,1,0.0,21,Male,Antalya,6361.42,3180.71,4633.58,6,3.0,106.435,1.0,0.5,1.0,0.03346265455402641
CUST_04203,72.0,57.982756057296896,3,144,0.020689655172413793,251,0,0.8053160451664008,23,Female,Bursa,273.92,91.30666666666667,192.12,4,1.3333333333333333,11.973333333333334,0.6666666666666666,0.6666666666666666,1.0,0.13113317613390943
CUST_04204,152.5,116.67261889578035,3,305,0.00980392156862745,143,0,0.7650663483981246,23,Male,Bursa,6862.67,2287.556666666667,3518.89,9,3.0,89.77,0.3333333333333333,0.6666666666666666,0.6666666666666666,0.03924274369629776
CUST_04205,81.0,102.13961033800746,6,405,0.014778325123152709,1,0,1.2609828281114153,36,Male,Izmir,11023.09,1837.1816666666666,3734.92,14,2.3333333333333335,21.35166666666667,0.6666666666666666,0.5,0.6666666666666666,0.011621968062518605
CUST_04206,143.0,96.16652224137046,3,286,0.010452961672473868,130,0,0.6724931578243168,27,Female,Ankara,2034.3,678.1,1387.32,7,2.3333333333333335,109.15333333333332,0.3333333333333333,0.6666666666666666,0.6666666666666666,0.16096937497767871
CUST_04207,74.66666666666667,65.45481902299733,4,224,0.017777777777777778,214,0,0.8766270287460307,40,Female,Istanbul,4081.1099999999997,1020.2774999999999,3335.75,13,3.25,29.57,0.5,0.5,0.75,0.028982311156540933
CUST_04208,69.0,65.05894762956643,5,276,0.018050541516245487,83,0,0.9428832853142486,18,Female,Adana,4770.7,954.14,1623.36,11,2.2,104.91600000000001,0.2,0.6,0.6,0.10995870615427643
CUST_04209,86.75,110.34906735748457,5,347,0.014367816091954023,63,0,1.272035343924487,24,Female,Adana,3631.48,726.296,1600.5,10,2.0,1.182,0.2,0.4,0.6,0.0016274356438319422
CUST_04210,129.0,173.9482681718907,3,258,0.011583011583011582,90,0,1.348436176926004,21,Male,Antalya,2518.77,839.59,1459.31,10,3.3333333333333335,124.86,0.6666666666666666,0.3333333333333333,0.6666666666666666,0.1487154442659924
CUST_04211,64.4,57.9292672144228,6,322,0.018575851393188854,36,0,0.8995227688649072,31,Female,Antalya,2589.95,431.6583333333333,1191.0,14,2.3333333333333335,15.39,0.3333333333333333,0.3333333333333333,0.6666666666666666,0.035653197855588264
CUST_04212,150.0,19.79898987322333,3,300,0.009966777408637873,43,0,0.13199326494153377,28,Female,Istanbul,3246.51,1082.17,1444.92,9,3.0,115.59333333333332,0.3333333333333333,0.6666666666666666,0.6666666666666666,0.10681624257419542
CUST_04213,60.142857142857146,47.13253855327751,8,421,0.018957345971563982,14,0,0.7836763999696147,44,Male,Istanbul,4508.4400000000005,563.5550000000001,2107.75,24,3.0,81.8575,0.375,0.5,0.5,0.14525201596072784
CUST_04214,47.0,39.7844190607328,7,282,0.024734982332155476,132,0,0.8464769832820387,18,Male,Gaziantep,13206.150000000001,1886.5928571428574,10855.7,19,2.7142857142857144,3.6014285714285714,0.2857142857142857,0.42857142857142855,0.7142857142857143,0.001908959082445473
CUST_04215,138.33333333333334,139.84396066092143,4,415,0.009615384615384616,27,0,1.0109201902409728,35,Male,Izmir,2273.71,568.4275,1287.24,8,2.0,13.76,0.5,0.5,0.75,0.024207132793175677
CUST_04216,91.0,0.0,2,91,0.021739130434782608,41,1,0.0,41,Male,Ankara,313.64,156.82,209.97,4,2.0,19.085,0.5,0.5,1.0,0.12170003748437677
CUST_04217,116.33333333333333,63.947895456639806,4,349,0.011428571428571429,4,0,0.5496953716929321,57,Female,Istanbul,8806.8,2201.7,3917.0,11,2.75,19.0825,0.5,0.5,0.5,0.008667166276664775
CUST_04218,93.66666666666667,77.02164198024691,4,281,0.014184397163120567,164,0,0.8222951013304464,29,Female,Istanbul,2446.11,611.5275,1213.6,15,3.75,11.9425,0.5,0.25,0.75,0.019528966367777467
CUST_04219,46.625,30.033017544981107,9,373,0.02406417112299465,46,0,0.6441397726722002,38,Female,Ankara,41213.12,4579.235555555556,15338.7,26,2.888888888888889,34.00555555555556,0.5555555555555556,0.4444444444444444,0.5555555555555556,0.007426033261572181
CUST_04220,116.0,121.62236636408618,3,232,0.012875536480686695,31,0,1.048468666513944,18,Female,Gaziantep,4255.38,1418.46,2477.45,13,4.333333333333333,110.35000000000001,0.6666666666666666,0.6666666666666666,0.6666666666666666,0.07779563746753829
CUST_04221,65.33333333333333,73.75816339000495,7,392,0.017811704834605598,28,0,1.1289514631793902,18,Male,Kayseri,6652.1,950.3000000000001,1608.69,22,3.142857142857143,18.997142857142855,0.42857142857142855,0.5714285714285714,0.7142857142857143,0.0199906796139663
CUST_04222,66.0,53.247848156834785,5,264,0.018867924528301886,86,0,0.8067855659098366,45,Female,Konya,2748.26,549.652,1044.39,16,3.2,56.846000000000004,0.4,0.4,0.6,0.10342180124256474
CUST_04223,53.833333333333336,57.672928369094166,7,323,0.021604938271604937,21,0,1.0713237268935685,34,Male,Kayseri,3474.43,496.34714285714284,1284.24,17,2.4285714285714284,2.7728571428571427,0.2857142857142857,0.2857142857142857,0.5714285714285714,0.005586527850868863
CUST_04224,39.5,48.424626425450555,11,395,0.027777777777777776,13,0,1.2259398784686248,49,Female,Konya,6936.11,630.5554545454545,2402.65,29,2.6363636363636362,36.99090909090909,0.2727272727272727,0.45454545454545453,0.6363636363636364,0.05866400610063796
CUST_04225,43.75,37.54140571232173,9,350,0.02564102564102564,68,0,0.8580892538110282,18,Male,Bursa,15235.119999999999,1692.791111111111,11426.75,31,3.4444444444444446,43.36222222222222,0.2222222222222222,0.5555555555555556,0.7777777777777778,0.0256158139725488
CUST_04226,150.5,103.94469683442249,3,301,0.009933774834437087,107,0,0.690662432848904,41,Female,Istanbul,5547.59,1849.1966666666667,2440.71,6,2.0,0.0,0.6666666666666666,0.3333333333333333,1.0,0.0
CUST_04227,56.833333333333336,54.806629769277606,7,341,0.02046783625730994,9,0,0.9643395097643067,57,Male,Gaziantep,15703.55,2243.3642857142854,13214.32,24,3.4285714285714284,1.6742857142857144,0.42857142857142855,0.5714285714285714,0.5714285714285714,0.0007463280592462027
CUST_04228,177.0,0.0,2,177,0.011235955056179775,200,1,0.0,40,Male,Istanbul,956.69,478.345,653.64,9,4.5,0.0,0.5,0.5,0.5,0.0
CUST_04229,41.714285714285715,43.130477567934435,8,292,0.027303754266211604,34,0,1.0339497799242896,38,Male,Ankara,21521.09,2690.13625,15809.85,24,3.0,27.82375,0.25,0.375,0.75,0.01034287761062553
CUST_04230,77.33333333333333,108.52342297095744,4,232,0.017167381974248927,123,0,1.4033201064780692,35,Female,Istanbul,5840.37,1460.0925,5408.3,11,2.75,151.03,0.5,0.5,0.75,0.10343865193236822
CUST_04231,69.33333333333333,13.576941236277534,4,208,0.019138755980861243,228,0,0.1958212650065808,18,Female,Izmir,7763.130000000001,1940.7825000000003,5217.52,15,3.75,0.0,0.5,0.5,0.75,0.0
CUST_04232,70.75,32.998737349581525,5,283,0.017605633802816902,87,0,0.46641324216492275,51,Male,Ankara,8056.669999999999,1611.3339999999998,4937.4,18,3.6,36.480000000000004,0.4,0.6,0.4,0.02263962653140837
CUST_04233,41.0,36.823905279043935,9,328,0.02735562310030395,19,0,0.8981440092902422,27,Female,Istanbul,7496.65,832.9611111111111,3408.78,27,3.0,41.18,0.3333333333333333,0.3333333333333333,0.6666666666666666,0.04943808228409453
CUST_04234,28.0,0.0,2,28,0.06896551724137931,138,1,0.0,41,Female,Izmir,715.95,357.975,397.65,10,5.0,10.575,0.5,1.0,0.5,0.0295411689935298
CUST_04235,72.0,46.216880033165374,6,360,0.01662049861495845,26,0,0.6419011026564483,18,Female,Konya,6845.46,1140.91,4890.7,15,2.5,94.53333333333335,0.3333333333333333,0.5,0.6666666666666666,0.08285783563162344
CUST_04236,96.66666666666667,66.66583332812493,4,290,0.013745704467353952,9,0,0.6896465445359833,20,Female,Bursa,3748.37,937.0925,2689.9,11,2.75,159.6725,0.5,0.5,0.5,0.17039139661197653
CUST_04237,101.75,80.40055969954437,5,407,0.012254901960784314,41,0,0.7901774831387409,52,Male,Konya,5830.75,1166.15,3820.3,15,3.0,9.202,0.4,0.4,0.6,0.007890923116330726
CUST_04238,46.25,54.05167280790978,5,185,0.026881720430107527,97,0,1.1686847921994592,30,Male,Istanbul,2160.9500000000003,432.19000000000005,1207.15,16,3.2,6.672,0.4,0.4,1.0,0.01543765469946631
CUST_04239,53.5,28.991378028648448,3,107,0.027777777777777776,270,0,0.5418949062944588,52,Female,Istanbul,5726.6900000000005,1908.8966666666668,3939.53,9,3.0,262.8066666666667,0.6666666666666666,1.0,1.0,0.1376746426970861
CUST_04240,49.285714285714285,56.09727945190178,8,345,0.023121387283236993,18,0,1.1382056469445592,34,Female,Bursa,5626.61,703.32625,3881.52,24,3.0,140.21375,0.25,0.375,0.625,0.19935805012345545
CUST_04241,148.0,9.899494936611665,3,296,0.010101010101010102,61,0,0.06688847884948099,18,Female,Izmir,3069.26,1023.0866666666667,2830.0,6,2.0,3.533333333333333,0.3333333333333333,0.3333333333333333,0.6666666666666666,0.0034536011903974232
CUST_04242,140.5,122.32947314527271,3,281,0.010638297872340425,134,0,0.8706724005309631,45,Female,Antalya,883.96,294.65333333333336,564.13,4,1.3333333333333333,25.3,0.3333333333333333,0.6666666666666666,0.6666666666666666,0.08586361344677265
CUST_04243,88.33333333333333,99.07741081262334,4,265,0.015037593984962405,98,0,1.121631053105573,27,Male,Gaziantep,27054.03,6763.5075,23792.35,14,3.5,84.7875,0.25,0.75,0.75,0.012536025130076955
CUST_04244,179.5,81.31727983645297,3,359,0.008333333333333333,34,0,0.453021055060902,43,Female,Adana,1042.09,347.3633333333333,424.4,13,4.333333333333333,37.17666666666667,0.3333333333333333,0.3333333333333333,0.6666666666666666,0.10702530460797446
CUST_04245,61.666666666666664,61.435060565337345,7,370,0.018867924528301886,29,0,0.9962442092285374,35,Male,Kayseri,6819.53,974.2185714285714,2565.93,20,2.857142857142857,44.62,0.2857142857142857,0.5714285714285714,0.42857142857142855,0.0458008102727599
CUST_04246,40.666666666666664,28.661821295933027,10,366,0.027247956403269755,4,0,0.7047988669951024,18,Other,Ankara,37838.7,3783.87,19694.16,30,3.0,147.651,0.3,0.5,0.7,0.039021160864664714
CUST_04247,47.6,26.17823523463719,6,238,0.02510460251046025,41,0,0.5499629135435772,36,Male,Istanbul,2810.9500000000003,468.49166666666673,1072.74,10,1.6666666666666667,12.893333333333333,0.3333333333333333,0.5,0.8333333333333334,0.02752094481754365
CUST_04248,135.5,23.33452377915607,3,271,0.011029411764705883,146,0,0.1722105063243215,61,Female,Bursa,1336.25,445.4166666666667,905.52,5,1.6666666666666667,0.0,0.3333333333333333,0.6666666666666666,0.6666666666666666,0.0
CUST_04249,79.5,64.34671708797582,3,159,0.01875,136,0,0.809392657592241,40,Female,Istanbul,4831.44,1610.4799999999998,2052.36,9,3.0,103.22666666666667,0.3333333333333333,0.3333333333333333,0.6666666666666666,0.06409683237455284
CUST_04250,63.25,49.748534316768236,5,253,0.01968503937007874,2,0,0.7865380795293305,34,Male,Ankara,5138.26,1027.652,2314.82,14,2.8,124.96199999999999,0.4,0.4,0.8,0.12159952968358982
CUST_04251,22.666666666666668,7.505553499465135,4,68,0.057971014492753624,339,0,0.3311273456619613,47,Male,Istanbul,1998.95,499.7375,1366.16,6,1.5,0.0,0.25,0.75,0.5,0.0
CUST_04252,66.5,10.606601717798213,3,133,0.022388059701492536,106,0,0.15949776779399166,37,Female,Ankara,5610.34,1870.1133333333335,4650.08,8,2.6666666666666665,38.73,0.6666666666666666,0.6666666666666666,0.3333333333333333,0.020709974785462208
CUST_04253,76.5,79.41662294507366,5,306,0.016286644951140065,76,0,1.0381257765614103,37,Female,Istanbul,4694.66,938.932,1998.25,18,3.6,0.0,0.2,0.4,0.6,0.0
CUST_04254,42.142857142857146,31.131059364288536,8,295,0.02702702702702703,154,0,0.7387030860308412,21,Male,Istanbul,4275.81,534.47625,1248.18,24,3.0,11.696250000000001,0.375,0.375,0.5,0.021883572896113583
CUST_04255,33.3,26.833022772529954,11,333,0.03293413173652695,57,0,0.8057964554574626,37,Female,Antalya,17319.43,1574.4936363636364,9787.92,34,3.090909090909091,91.58090909090909,0.36363636363636365,0.5454545454545454,0.7272727272727273,0.05816530909852007
CUST_04256,112.0,0.0,2,112,0.017699115044247787,328,1,0.0,47,Female,Bursa,2568.21,1284.105,1528.63,2,1.0,49.495,0.5,0.5,0.5,0.03854435576643315
CUST_04257,157.0,31.11269837220809,3,314,0.009523809523809525,115,0,0.19817005206393656,24,Male,Adana,883.4100000000001,294.47,643.32,8,2.6666666666666665,0.0,0.3333333333333333,0.6666666666666666,0.6666666666666666,0.0
CUST_04258,100.0,173.52233285660955,5,400,0.012468827930174564,32,0,1.7352233112138624,52,Male,Antalya,2910.54,582.108,2451.98,9,1.8,94.854,0.2,0.8,0.8,0.16294914317798564
CUST_04259,192.0,0.0,2,192,0.010362694300518135,165,1,0.0,33,Female,Istanbul,6657.71,3328.855,5905.25,6,3.0,0.0,1.0,0.5,1.0,0.0
CUST_04260,68.5,47.37615433949868,3,137,0.021739130434782608,122,0,0.6916226809908905,24,Female,Ankara,247.05,82.35000000000001,145.08,6,2.0,0.0,0.3333333333333333,0.6666666666666666,0.6666666666666666,0.0
CUST_04261,82.33333333333333,39.62743157628732,4,247,0.016129032258064516,9,0,0.4813048311131477,46,Female,Istanbul,2187.11,546.7775,922.45,9,2.25,61.1775,0.5,0.25,0.5,0.11188737628763551
CUST_04262,278.0,0.0,2,278,0.007168458781362007,100,1,0.0,31,Female,Gaziantep,6743.38,3371.69,6587.35,7,3.5,62.08,0.5,1.0,1.0,0.0184121315961989
CUST_04263,94.5,70.0035713374682,3,189,0.015789473684210527,189,0,0.740778524832695,44,Male,Adana,1849.45,616.4833333333333,938.08,13,4.333333333333333,0.0,0.3333333333333333,0.6666666666666666,0.3333333333333333,0.0
CUST_04264,47.0,32.90896534380867,4,141,0.028169014084507043,216,0,0.7001907370982539,31,Male,Istanbul,4879.610000000001,1219.9025000000001,2848.07,11,2.75,13.19,0.5,0.75,0.75,0.010812339501876303
CUST_04265,74.5,57.27564927611035,3,149,0.02,87,0,0.7688006511048282,34,Male,Ankara,3186.51,1062.17,2213.6,8,2.6666666666666665,180.86666666666667,0.6666666666666666,0.6666666666666666,0.6666666666666666,0.17028033788977875
CUST_04266,45.5,3.5355339059327378,3,91,0.03260869565217391,54,0,0.0777040401808505,40,Male,Eskisehir,2153.6,717.8666666666667,1587.51,9,3.0,137.68333333333334,0.6666666666666666,0.6666666666666666,0.6666666666666666,0.19179513346239535
CUST_04267,74.0,52.687759489277965,6,370,0.016172506738544475,10,0,0.7119967402335301,38,Female,Bursa,4108.17,684.695,1453.8,16,2.6666666666666665,20.294999999999998,0.3333333333333333,0.5,0.5,0.029640934971569912
CUST_04268,25.375,24.51202328887368,9,203,0.04411764705882353,69,0,0.9659910275027647,18,Female,Gaziantep,14225.71,1580.6344444444444,5001.36,27,3.0,250.18333333333334,0.2222222222222222,0.5555555555555556,0.7777777777777778,0.15828032474832376
CUST_04269,56.333333333333336,40.515017791760464,7,338,0.02064896755162242,2,0,0.7192014864951298,21,Male,Ankara,12259.33,1751.3328571428572,10565.7,20,2.857142857142857,21.284285714285716,0.2857142857142857,0.42857142857142855,0.42857142857142855,0.012153192704244658
CUST_04270,121.33333333333333,90.52255704150946,4,364,0.010958904109589041,38,0,0.7460650244130036,46,Male,Istanbul,3702.1,925.525,1808.18,9,2.25,112.195,0.5,0.5,0.5,0.12122308946681819
CUST_04271,110.0,122.64990827554662,4,330,0.012084592145015106,53,0,1.114999156004977,33,Female,Gaziantep,3560.2,890.05,1694.12,13,3.25,114.2,0.5,0.5,0.5,0.12830739831660312
CUST_04272,209.0,0.0,2,209,0.009523809523809525,201,1,0.0,28,Female,Antalya,2229.35,1114.675,2186.41,2,1.0,0.0,0.5,0.5,0.5,0.0
CUST_04273,307.0,0.0,2,307,0.006493506493506494,125,1,0.0,18,Female,Antalya,208.02,104.01,153.9,5,2.5,6.36,0.5,1.0,1.0,0.061147965953774
CUST_04274,82.5,14.849242404917497,3,165,0.018072289156626505,10,0,0.17999081484759616,22,Female,Bursa,1003.1800000000001,334.3933333333334,653.71,5,1.6666666666666667,22.75,0.3333333333333333,0.3333333333333333,1.0,0.06803365278005845
CUST_04275,36.875,37.658000477986086,9,295,0.030405405405405407,95,0,1.021233883572941,18,Female,Bursa,17878.79,1986.5322222222223,6943.88,28,3.111111111111111,138.57888888888888,0.3333333333333333,0.3333333333333333,0.4444444444444444,0.06975919507819976
CUST_04276,78.5,20.506096654409877,3,157,0.0189873417721519,120,0,0.2612241578749773,33,Female,Adana,599.12,199.70666666666668,342.84,7,2.3333333333333335,2.85,0.6666666666666666,0.6666666666666666,1.0,0.01427093062689813
CUST_04277,39.57142857142857,65.36272419571965,8,277,0.02877697841726619,85,0,1.6517655516522698,27,Male,Ankara,2544.2599999999998,318.03249999999997,774.12,21,2.625,25.975,0.375,0.625,0.5,0.08167404249039316
CUST_04278,63.5,71.4177848998413,3,127,0.0234375,166,0,1.124689508270107,23,Male,Ankara,4717.53,1572.51,2858.5,9,3.0,214.82000000000002,0.3333333333333333,0.3333333333333333,0.6666666666666666,0.13660962401726565
CUST_04279,97.5,134.10070842467613,5,390,0.01278772378516624,7,0,1.3753918671721463,34,Male,Konya,2174.49,434.89799999999997,943.5,18,3.6,0.0,0.4,0.6,0.6,0.0
CUST_04280,153.5,115.25840533340725,3,307,0.00974025974025974,128,0,0.7508690852282617,39,Female,Ankara,7042.71,2347.57,6743.4,8,2.6666666666666665,13.583333333333334,0.3333333333333333,0.3333333333333333,1.0,0.00578612494091644
CUST_04281,44.333333333333336,38.76854394996026,10,399,0.025,44,0,0.8744784152364327,60,Female,Bursa,6449.4,644.9399999999999,2054.66,21,2.1,46.247,0.3,0.4,0.8,0.07170744554267461
CUST_04282,38.75,29.736341402398512,5,155,0.03205128205128205,224,0,0.7673894357421698,18,Female,Adana,2271.0499999999997,454.2099999999999,956.52,15,3.0,7.651999999999999,0.4,0.4,0.6,0.016846832925636088
CUST_04283,253.0,0.0,2,253,0.007874015748031496,102,1,0.0,48,Male,Eskisehir,1532.4299999999998,766.2149999999999,1517.86,3,1.5,102.5,0.5,0.5,1.0,0.13377446260674294
CUST_04284,66.5,49.02720333311565,5,266,0.018726591760299626,182,0,0.7372511668551051,46,Male,Izmir,6308.639999999999,1261.7279999999998,2156.08,14,2.8,114.904,0.4,0.4,0.8,0.09106875642684575
CUST_04285,29.0,0.0,2,29,0.06666666666666667,19,1,0.0,25,Male,Izmir,1188.71,594.355,899.86,10,5.0,101.995,0.5,0.5,1.0,0.17160619466210228
CUST_04286,70.66666666666667,74.28503662694571,7,424,0.01647058823529412,1,0,1.0512033336189959,37,Male,Gaziantep,4452.22,636.0314285714286,1579.44,26,3.7142857142857144,61.917142857142856,0.42857142857142855,0.42857142857142855,0.5714285714285714,0.09734918744324307
CUST_04287,148.0,199.4041122946064,3,296,0.010101010101010102,133,0,1.347325073968117,29,Female,Gaziantep,3633.7200000000003,1211.24,2607.84,5,1.6666666666666667,0.0,0.6666666666666666,0.6666666666666666,0.6666666666666666,0.0
CUST_04288,70.2,60.37135082139541,6,351,0.017045454545454544,72,0,0.8599907401909497,37,Female,Adana,11261.990000000002,1876.9983333333337,4934.8,18,3.0,157.13000000000002,0.5,0.6666666666666666,0.5,0.0837134466908352
CUST_04289,138.33333333333334,214.07786745325478,4,415,0.009615384615384616,6,0,1.5475508378725586,53,Female,Izmir,8321.7,2080.425,4099.0,17,4.25,0.0,0.5,0.5,0.5,0.0
CUST_04290,57.5,58.786903303371915,7,345,0.02023121387283237,84,0,1.0223809092346263,42,Female,Ankara,13761.4,1965.9142857142856,6958.24,23,3.2857142857142856,248.97857142857146,0.2857142857142857,0.42857142857142855,0.5714285714285714,0.12664772473102054
CUST_04291,168.5,111.01576464628796,3,337,0.008875739644970414,109,0,0.6588472640204196,41,Female,Bursa,3967.5,1322.5,2208.27,10,3.3333333333333335,146.94333333333336,1.0,0.6666666666666666,1.0,0.11111027086746546
CUST_04292,47.125,48.89767011685876,9,377,0.023809523809523808,25,0,1.0376163199839246,29,Female,Konya,9501.14,1055.6822222222222,4665.6,24,2.6666666666666665,16.13222222222222,0.4444444444444444,0.7777777777777778,0.7777777777777778,0.015281324121365233
CUST_04293,279.0,0.0,2,279,0.007142857142857143,102,1,0.0,18,Male,Konya,4664.21,2332.105,3336.76,9,4.5,0.0,0.5,1.0,0.5,0.0
CUST_04294,61.5,50.941142507800116,5,246,0.020242914979757085,105,0,0.8283112468209572,32,Female,Istanbul,11736.76,2347.352,6298.45,19,3.8,16.322,0.4,0.4,0.4,0.006953367025076185
CUST_04295,168.0,234.75945135393377,3,336,0.008902077151335312,33,0,1.397377678312834,49,Female,Izmir,2022.6399999999999,674.2133333333333,1859.79,9,3.0,1.24,0.6666666666666666,0.6666666666666666,1.0,0.0018391804742724652
CUST_04296,66.66666666666667,48.67579823005816,4,200,0.01990049751243781,54,0,0.730136962498818,18,Female,Izmir,1890.37,472.5925,964.16,9,2.25,88.745,0.5,0.5,0.5,0.1877833436040916
CUST_04297,162.5,40.30508652763321,3,325,0.009202453987730062,29,0,0.2480313001821656,22,Male,Eskisehir,4616.17,1538.7233333333334,2285.08,10,3.3333333333333335,0.0,0.3333333333333333,0.6666666666666666,0.6666666666666666,0.0
CUST_04298,68.0,0.0,2,68,0.028985507246376812,124,1,0.0,36,Male,Antalya,157.11,78.555,84.16,3,1.5,13.545,0.5,0.5,1.0,0.1724269598061618
CUST_04299,44.5,41.71930009000631,3,89,0.03333333333333333,27,0,0.9375123405054825,23,Male,Izmir,3769.53,1256.51,3420.61,4,1.3333333333333333,226.0533333333333,0.6666666666666666,0.3333333333333333,0.6666666666666666,0.17990571754576373
CUST_04300,93.0,0.0,2,93,0.02127659574468085,197,1,0.0,25,Female,Istanbul,212.55,106.275,122.83,5,2.5,13.77,0.5,0.5,0.5,0.12956951183656068
CUST_04301,94.5,98.35479991676394,5,378,0.013192612137203167,37,0,1.0407915224970625,29,Male,Bursa,7588.54,1517.708,2933.59,16,3.2,76.252,0.4,0.4,0.4,0.05024154840704433
CUST_04302,262.0,0.0,2,262,0.0076045627376425855,100,1,0.0,18,Female,Istanbul,3122.46,1561.23,3082.52,5,2.5,0.0,0.5,0.5,0.5,0.0
CUST_04303,37.333333333333336,8.386497083606084,4,112,0.035398230088495575,119,0,0.22463830872235113,23,Female,Gaziantep,2033.85,508.4625,1306.5,11,2.75,36.1525,0.5,0.5,0.5,0.07110160518995678
CUST_04304,12.0,0.0,2,12,0.15384615384615385,226,1,0.0,43,Male,Adana,2811.89,1405.945,2743.44,5,2.5,0.0,0.5,1.0,0.5,0.0
CUST_04305,51.0,41.09744517606904,6,255,0.0234375,87,0,0.8058322425536627,19,Female,Izmir,12670.8,2111.7999999999997,9609.4,18,3.0,66.325,0.3333333333333333,0.6666666666666666,0.6666666666666666,0.03140685669504364
CUST_04306,77.6,94.608667679024,6,388,0.015424164524421594,20,0,1.2191838461319608,18,Female,Izmir,9311.52,1551.92,3566.02,17,2.8333333333333335,252.875,0.3333333333333333,0.3333333333333333,0.5,0.1629433217157177
CUST_04307,47.25,41.832147583271066,9,378,0.023746701846965697,1,0,0.8853364380515266,27,Male,Konya,23663.66,2629.2955555555554,12148.55,29,3.2222222222222223,242.80777777777777,0.3333333333333333,0.4444444444444444,0.6666666666666666,0.09234708405922315
CUST_04308,65.0,56.42694391866354,4,195,0.02040816326530612,200,0,0.8681068161624111,43,Female,Ankara,2570.86,642.715,1422.42,14,3.5,0.0,0.25,0.5,0.5,0.0
CUST_04309,62.5,54.8604289690362,5,250,0.0199203187250996,115,0,0.8777668494603096,32,Male,Istanbul,1357.73,271.546,518.24,16,3.2,1.53,0.6,0.4,0.6,0.005634404463205481
CUST_04310,32.0,36.76955262170047,3,64,0.046153846153846156,344,0,1.1490484835203747,29,Male,Kayseri,1690.33,563.4433333333333,1040.59,8,2.6666666666666665,4.183333333333334,0.3333333333333333,0.6666666666666666,0.6666666666666666,0.007424585718603021
CUST_04311,43.4,21.349473061413015,6,217,0.027522935779816515,161,0,0.49192333109423236,35,Female,Gaziantep,6524.17,1087.3616666666667,2126.43,20,3.3333333333333335,107.19166666666666,0.3333333333333333,0.5,0.6666666666666666,0.09857958934370539
CUST_04312,59.75,102.23950638900143,5,239,0.020833333333333332,196,0,1.711121417203013,18,Female,Gaziantep,1948.49,389.698,865.29,16,3.2,65.75,0.2,0.6,0.8,0.1687203933078425
CUST_04313,113.0,73.53910524340094,3,226,0.013215859030837005,43,0,0.6507885362178089,40,Other,Istanbul,3425.84,1141.9466666666667,2903.25,10,3.3333333333333335,0.0,0.3333333333333333,0.3333333333333333,0.6666666666666666,0.0
CUST_04314,69.0,72.27032586061861,4,207,0.019230769230769232,41,0,1.0473960117858347,39,Female,Istanbul,2348.01,587.0025,1083.16,13,3.25,7.925,0.25,0.5,0.5,0.013500794266632945
CUST_04315,44.857142857142854,32.142539680971964,8,314,0.025396825396825397,24,0,0.7165534164042352,30,Female,Istanbul,3221.65,402.70625,724.65,26,3.25,14.62,0.375,0.625,0.875,0.03630437810114847
CUST_04316,141.5,36.062445840513924,3,283,0.01056338028169014,18,0,0.25485827269014594,47,Female,Istanbul,2242.3599999999997,747.4533333333333,1324.55,13,4.333333333333333,4.79,0.6666666666666666,0.6666666666666666,1.0,0.006408426827438378
CUST_04317,42.4,73.73465942146882,6,212,0.028169014084507043,222,0,1.7390249453406577,21,Female,Adana,4549.82,758.3033333333333,1354.86,18,3.0,17.17833333333333,0.5,0.3333333333333333,0.8333333333333334,0.022653643410965298
CUST_04318,110.0,0.0,2,110,0.018018018018018018,310,1,0.0,48,Female,Istanbul,319.33000000000004,159.66500000000002,263.67,2,1.0,3.23,0.5,0.5,0.5,0.02022985613484573
CUST_04319,34.0,24.020824298928627,4,102,0.038834951456310676,286,0,0.7064948115421711,36,Male,Adana,1810.66,452.665,1394.73,9,2.25,10.13,0.5,0.75,0.5,0.022378580136793037
CUST_04320,222.0,0.0,2,222,0.008968609865470852,175,1,0.0,30,Female,Ankara,671.92,335.96,544.42,3,1.5,0.0,0.5,0.5,1.0,0.0
CUST_04321,97.66666666666667,118.93835938557977,4,293,0.013605442176870748,38,0,1.2177988890899065,34,Male,Ankara,2321.23,580.3075,761.05,10,2.5,52.445,0.5,0.5,0.5,0.09037449957070261
CUST_04322,54.0,0.0,2,54,0.03636363636363636,310,1,0.0,33,Female,Eskisehir,435.61,217.805,342.96,4,2.0,0.0,0.5,1.0,0.5,0.0
CUST_04323,70.0,0.0,2,70,0.028169014084507043,51,1,0.0,49,Male,Istanbul,405.18,202.59,338.35,6,3.0,0.0,1.0,0.5,1.0,0.0
CUST_04324,42.333333333333336,25.166114784235834,4,127,0.03125,177,0,0.5944751383408038,22,Female,Ankara,8806.39,2201.5975,6628.99,16,4.0,169.85750000000002,0.25,0.5,1.0,0.07715193168726259
CUST_04325,122.0,161.22034611053283,3,244,0.012244897959183673,153,0,1.3214782359758575,25,Male,Ankara,797.87,265.95666666666665,378.84,8,2.6666666666666665,15.356666666666667,0.3333333333333333,1.0,0.6666666666666666,0.05774123582385138
CUST_04326,79.2,93.14343777207282,6,396,0.015113350125944584,13,0,1.1760534923739814,47,Male,Istanbul,6202.27,1033.7116666666668,2869.35,15,2.5,137.6833333333333,0.3333333333333333,0.6666666666666666,0.3333333333333333,0.13319316946873333
CUST_04327,143.0,142.50614021858848,4,429,0.009302325581395349,18,0,0.9965464281261682,27,Female,Izmir,16155.579999999998,4038.8949999999995,10193.38,10,2.5,0.0,0.5,0.5,0.5,0.0
CUST_04328,87.0,0.0,2,87,0.022727272727272728,58,1,0.0,45,Male,Ankara,1390.07,695.035,1324.78,4,2.0,67.25500000000001,0.5,0.5,1.0,0.09676491098036084
CUST_04329,66.0,0.0,2,66,0.029850746268656716,131,1,0.0,55,Female,Antalya,448.88,224.44,272.11,6,3.0,44.445,0.5,0.5,1.0,0.19802619765627252
CUST_04330,109.0,38.18376618407357,3,218,0.0136986301369863,33,0,0.3503097782914109,30,Male,Gaziantep,508.09999999999997,169.36666666666665,240.39,7,2.3333333333333335,19.116666666666667,0.6666666666666666,1.0,0.6666666666666666,0.11287148132530125
CUST_04331,69.66666666666667,8.736894948054104,4,209,0.01904761904761905,117,0,0.12540997353077699,43,Male,Bursa,2319.46,579.865,1266.88,13,3.25,0.0,0.25,0.25,0.75,0.0
CUST_04332,126.33333333333333,71.03754875650857,4,379,0.010526315789473684,14,0,0.5623024923024228,21,Male,Istanbul,7953.22,1988.305,6960.72,11,2.75,0.7025,0.5,0.5,0.5,0.0003533160152223547
CUST_04333,266.0,0.0,2,266,0.00749063670411985,157,1,0.0,44,Female,Bursa,2462.77,1231.385,2211.0,9,4.5,31.435,0.5,1.0,1.0,0.02552816541899717
CUST_04334,53.666666666666664,51.829849829353485,4,161,0.024691358024691357,231,0,0.9657735813089424,37,Male,Istanbul,2952.0499999999997,738.0124999999999,2467.16,12,3.0,6.31,0.5,0.75,0.75,0.00854999067285447
CUST_04335,127.0,0.0,2,127,0.015625,313,1,0.0,40,Female,Bursa,564.5799999999999,282.28999999999996,461.77,3,1.5,20.165,0.5,1.0,0.5,0.07143363182743409
CUST_04336,97.33333333333333,43.84442191811101,4,292,0.013651877133105802,54,0,0.45045638494165713,27,Male,Antalya,3964.53,991.1325,2061.75,11,2.75,0.0,0.5,0.5,0.75,0.0
CUST_04337,224.0,0.0,2,224,0.008888888888888889,172,1,0.0,18,Male,Istanbul,8417.29,4208.645,6876.09,8,4.0,155.37,1.0,0.5,0.5,0.03691686991016897
CUST_04338,206.0,120.20815280171308,3,412,0.007263922518159807,29,0,0.5835347195057202,41,Male,Gaziantep,830.66,276.88666666666666,720.56,7,2.3333333333333335,1.99,0.3333333333333333,0.3333333333333333,0.6666666666666666,0.00718705604993479
CUST_04339,38.8,22.796929617823537,6,194,0.03076923076923077,69,0,0.5875497172750985,18,Male,Kayseri,17785.06,2964.1766666666667,11804.41,17,2.8333333333333335,306.96833333333336,0.6666666666666666,0.6666666666666666,0.6666666666666666,0.10355939194912156
CUST_04340,82.5,74.24621202458749,3,165,0.018072289156626505,173,0,0.8999540742379809,31,Female,Gaziantep,5101.63,1700.5433333333333,2833.09,5,1.6666666666666667,0.0,0.3333333333333333,0.6666666666666666,0.6666666666666666,0.0
CUST_04341,67.66666666666667,78.47504911329035,4,203,0.0196078431372549,29,0,1.1597297727127178,46,Female,Ankara,1636.96,409.24,843.08,14,3.5,0.0,0.5,0.5,0.5,0.0
CUST_04342,69.0,52.5642464038057,4,207,0.019230769230769232,63,0,0.7618006614783339,37,Female,Bursa,23247.39,5811.8475,22409.45,16,4.0,307.8075,0.25,0.5,0.5,0.052962074443116056
CUST_04343,109.0,33.94112549695428,3,218,0.0136986301369863,211,0,0.3113864695923652,58,Male,Kayseri,586.45,195.48333333333335,324.82,6,2.0,4.016666666666667,0.3333333333333333,0.6666666666666666,0.6666666666666666,0.020547361136256995
CUST_04344,28.5,16.263455967290593,3,57,0.05172413793103448,4,0,0.5706475577769485,47,Male,Ankara,8260.67,2753.556666666667,8101.14,5,1.6666666666666667,5.086666666666667,0.3333333333333333,0.6666666666666666,0.3333333333333333,0.001847307784290872
CUST_04345,47.625,45.156671710833606,9,381,0.02356020942408377,45,0,0.9481715645703317,27,Male,Gaziantep,2418.54,268.7266666666667,1179.12,16,1.7777777777777777,5.54,0.3333333333333333,0.5555555555555556,0.6666666666666666,0.020615743305654778
CUST_04346,89.33333333333333,113.77756076368193,4,268,0.01486988847583643,7,0,1.2736293972767077,35,Female,Istanbul,3775.44,943.86,1689.2,12,3.0,146.6325,0.25,0.5,0.75,0.1553540777706926
CUST_04347,72.0,5.656854249492381,3,144,0.020689655172413793,171,0,0.07856741904062448,34,Male,Istanbul,11148.08,3716.0266666666666,10831.43,10,3.3333333333333335,819.71,0.3333333333333333,0.6666666666666666,1.0,0.22058776034422403
CUST_04348,158.5,45.96194077712559,3,317,0.009433962264150943,22,0,0.2899806970797785,18,Female,Adana,3829.4900000000002,1276.4966666666667,2349.15,8,2.6666666666666665,16.37,1.0,1.0,1.0,0.012824161954079398
CUST_04349,89.0,34.46737587922817,5,356,0.014005602240896359,7,0,0.3872738819320707,23,Male,Adana,1556.5700000000002,311.314,427.35,19,3.8,34.652,0.4,0.8,0.8,0.11130883894939245
CUST_04350,137.0,214.923242112155,4,411,0.009708737864077669,8,0,1.5687827776888483,28,Male,Gaziantep,1615.0900000000001,403.77250000000004,599.2,14,3.5,0.0,0.5,0.5,0.5,0.0
CUST_04351,68.8,85.71580951026479,6,344,0.017391304347826087,25,0,1.245869306168539,18,Male,Kayseri,12700.91,2116.818333333333,7627.66,18,3.0,25.936666666666667,0.5,0.5,0.5,0.012252665354410356
CUST_04352,99.0,107.69865365917997,4,297,0.013422818791946308,26,0,1.0878651774880281,35,Male,Istanbul,1301.58,325.395,841.38,8,2.0,2.4425,0.5,0.5,0.5,0.007506261597423865
CUST_04353,50.666666666666664,56.439938577807354,7,304,0.022950819672131147,22,0,1.1139461341551558,32,Female,Istanbul,3802.03,543.1471428571429,1876.48,18,2.5714285714285716,62.73571428571428,0.2857142857142857,0.2857142857142857,0.8571428571428571,0.11550408576246672
CUST_04354,63.833333333333336,88.06228856137379,7,383,0.018229166666666668,66,0,1.379565856634067,18,Male,Konya,1733.51,247.6442857142857,457.48,13,1.8571428571428572,12.438571428571427,0.42857142857142855,0.42857142857142855,0.5714285714285714,0.0502275727560885
CUST_04355,107.0,0.0,2,107,0.018518518518518517,217,1,0.0,39,Female,Istanbul,3463.18,1731.59,3127.58,7,3.5,0.0,0.5,0.5,0.5,0.0
CUST_04356,45.25,49.62934040032598,9,362,0.024793388429752067,67,0,1.0967809790838674,43,Male,Antalya,2414.73,268.30333333333334,541.6,30,3.3333333333333335,15.667777777777777,0.2222222222222222,0.5555555555555556,0.7777777777777778,0.05839576245561124
CUST_04357,93.5,61.518289963229634,3,187,0.015957446808510637,3,0,0.6579496182382889,37,Female,Bursa,2780.52,926.84,1251.34,8,2.6666666666666665,0.0,0.6666666666666666,0.6666666666666666,0.6666666666666666,0.0
CUST_04358,194.5,38.890872965260115,3,389,0.007692307692307693,45,0,0.19995307334348095,31,Male,Istanbul,1583.14,527.7133333333334,1397.66,4,1.3333333333333333,0.0,0.3333333333333333,0.6666666666666666,0.6666666666666666,0.0
CUST_04359,3.0,0.0,2,3,0.5,220,1,0.0,42,Female,Ankara,7084.6900000000005,3542.3450000000003,3595.6,5,2.5,0.0,0.5,1.0,0.5,0.0
CUST_04360,90.0,70.14983962918234,4,270,0.014760147601476014,56,0,0.7794426538859965,43,Female,Bursa,999.17,249.7925,549.65,13,3.25,4.864999999999999,0.25,0.5,0.75,0.019476165139160843
CUST_04361,72.5,24.748737341529164,3,145,0.02054794520547945,127,0,0.34136188965747966,38,Female,Konya,2900.63,966.8766666666667,1900.19,9,3.0,129.16333333333333,0.3333333333333333,0.6666666666666666,0.6666666666666666,0.13358822035186677
CUST_04362,133.0,91.92388155425118,3,266,0.011235955056179775,9,0,0.691156998970633,25,Male,Adana,3690.9,1230.3,2791.48,9,3.0,151.14,0.3333333333333333,0.6666666666666666,0.6666666666666666,0.12284808573287156
CUST_04363,226.0,0.0,2,226,0.00881057268722467,32,1,0.0,38,Female,Antalya,244.28,122.14,160.4,5,2.5,0.0,0.5,1.0,0.5,0.0
CUST_04364,22.666666666666668,18.717193521821944,4,68,0.057971014492753624,338,0,0.8257585012969165,49,Male,Izmir,1584.75,396.1875,775.27,7,1.75,17.2425,0.25,0.5,1.0,0.04352105999426771
CUST_04365,47.77777777777778,45.4168960238857,10,430,0.02320185614849188,9,0,0.9505861759527807,27,Male,Ankara,7034.02,703.402,2400.01,21,2.1,56.515,0.2,0.5,0.6,0.08034523632240846
CUST_04366,101.66666666666667,79.1980639494005,4,305,0.013071895424836602,7,0,0.7789973426597032,60,Male,Istanbul,663.5,165.875,291.31,10,2.5,10.92,0.5,0.75,0.75,0.06583270495353305
CUST_04367,109.33333333333333,75.29497548530934,4,328,0.0121580547112462,62,0,0.6886735499692298,28,Male,Izmir,9926.449999999999,2481.6124999999997,8089.23,12,3.0,35.595,0.5,0.5,0.75,0.014343496410360807
CUST_04368,73.0,67.19002902216965,6,365,0.01639344262295082,41,0,0.9204113438597029,35,Other,Istanbul,5727.7,954.6166666666667,4577.16,17,2.8333333333333335,55.15,0.3333333333333333,0.3333333333333333,0.6666666666666666,0.05777188044998319
CUST_04369,50.42857142857143,48.058496102344364,8,353,0.022598870056497175,14,0,0.9530013202419301,26,Male,Istanbul,22778.940000000002,2847.3675000000003,15726.0,16,2.0,47.275,0.25,0.5,0.625,0.01660305527242161
CUST_04370,101.0,0.0,2,101,0.0196078431372549,329,1,0.0,37,Female,Izmir,5767.84,2883.92,4611.52,6,3.0,0.0,1.0,0.5,1.0,0.0
CUST_04371,147.0,41.012193308819754,3,294,0.010169491525423728,49,0,0.2789945104069744,18,Female,Izmir,3364.13,1121.3766666666668,2542.03,7,2.3333333333333335,50.09666666666667,0.3333333333333333,0.6666666666666666,0.6666666666666666,0.04467425452226199
CUST_04372,198.0,22.627416997969522,3,396,0.007556675062972292,35,0,0.11427988325095778,28,Female,Istanbul,1124.1,374.7,597.16,10,3.3333333333333335,0.0,0.3333333333333333,0.6666666666666666,1.0,0.0
CUST_04373,105.5,99.7020561473032,3,211,0.014150943396226415,73,0,0.9450431772726068,21,Female,Bursa,8490.599999999999,2830.1999999999994,4124.7,9,3.0,35.61333333333334,0.3333333333333333,0.6666666666666666,0.6666666666666666,0.012583327440021913
CUST_04374,24.0,33.8673884437522,4,72,0.0547945205479452,142,0,1.4111411263587945,36,Male,Bursa,10450.210000000001,2612.5525000000002,8793.68,13,3.25,30.244999999999997,0.25,0.5,0.75,0.01157680084454693
CUST_04375,115.33333333333333,91.24326459160334,4,346,0.011527377521613832,88,0,0.7911265647440183,46,Female,Istanbul,3555.09,888.7725,2363.61,8,2.0,154.6775,0.5,0.5,0.5,0.17403497500875087
CUST_04376,47.0,29.246082358725133,8,329,0.024242424242424242,25,0,0.622257058222725,42,Male,Kayseri,20484.5,2560.5625,8366.48,29,3.625,28.634999999999998,0.25,0.5,0.625,0.011183089648784948
CUST_04377,93.25,79.23961551311734,5,373,0.013368983957219251,10,0,0.8497545808403514,18,Female,Istanbul,18585.3,3717.06,14395.36,17,3.4,99.218,0.4,0.4,0.4,0.02669260113458147
CUST_04378,38.6,36.292637759682826,11,386,0.028423772609819122,38,0,0.9402237517994579,59,Female,Konya,10504.56,954.9599999999999,5107.6,32,2.909090909090909,14.99818181818182,0.36363636363636365,0.36363636363636365,0.6363636363636364,0.015705560235482387
CUST_04379,36.4,11.970797801316335,6,182,0.03278688524590164,33,0,0.32886806242989763,38,Female,Istanbul,20566.93,3427.8216666666667,11351.97,25,4.166666666666667,356.51,0.3333333333333333,0.5,0.5,0.10400482713637724
CUST_04380,78.6,66.65058139281307,6,393,0.015228426395939087,26,0,0.8479717626570141,25,Male,Konya,4058.64,676.4399999999999,1417.32,15,2.5,145.50166666666667,0.3333333333333333,0.6666666666666666,0.6666666666666666,0.21509914619414514
CUST_04381,93.5,16.263455967290593,3,187,0.015957446808510637,231,0,0.17394070367219133,36,Male,Istanbul,316.72,105.57333333333334,218.67,9,3.0,0.0,0.3333333333333333,0.6666666666666666,0.6666666666666666,0.0
CUST_04382,39.0,0.0,2,39,0.05,327,1,0.0,37,Male,Adana,245.36,122.68,177.08,3,1.5,0.0,1.0,0.5,0.5,0.0
CUST_04383,53.4,19.07354188398159,6,267,0.022388059701492536,77,0,0.35718242559549,26,Male,Ankara,15884.449999999999,2647.4083333333333,11238.15,20,3.3333333333333335,13.556666666666667,0.16666666666666666,0.3333333333333333,0.6666666666666666,0.005120731279287329
CUST_04384,39.75,48.314076623692195,5,159,0.03125,220,0,1.2154484379432393,37,Male,Adana,5590.79,1118.158,2486.46,11,2.2,45.553999999999995,0.2,0.4,0.6,0.040740217356813414
CUST_04385,62.5,57.47608198198621,7,375,0.018617021276595744,17,0,0.9196172969979027,27,Female,Izmir,8325.99,1189.4271428571428,4903.28,16,2.2857142857142856,0.0,0.2857142857142857,0.2857142857142857,0.5714285714285714,0.0
CUST_04386,81.25,36.83634980106833,5,325,0.015337423312883436,20,0,0.4533704535101277,30,Male,Istanbul,13337.83,2667.566,7272.85,18,3.6,19.552,0.2,0.4,0.6,0.007329528113895017
CUST_04387,31.88888888888889,30.47312112520001,10,287,0.034722222222222224,32,0,0.9556030715204614,26,Female,Adana,20415.14,2041.514,11071.4,28,2.8,17.126,0.3,0.4,0.7,0.008388872176047349
CUST_04388,133.0,90.50966799187809,3,266,0.011235955056179775,79,0,0.6805238143710848,18,Female,Istanbul,4423.04,1474.3466666666666,3687.47,6,2.0,91.03666666666668,0.6666666666666666,0.6666666666666666,0.6666666666666666,0.061747124108024944
CUST_04389,54.75,48.44953191576924,9,438,0.02050113895216401,3,0,0.8849229412026722,36,Female,Kayseri,6031.5599999999995,670.1733333333333,2456.54,25,2.7777777777777777,24.115555555555556,0.3333333333333333,0.6666666666666666,0.7777777777777778,0.035984057138807125
CUST_04390,115.5,113.84419177103415,3,231,0.01293103448275862,189,0,0.9856639894837244,42,Male,Istanbul,10399.45,3466.4833333333336,9486.35,13,4.333333333333333,15.68,0.3333333333333333,0.6666666666666666,0.6666666666666666,0.004523316135606215
CUST_04391,59.42857142857143,44.46293266252667,8,416,0.019184652278177457,32,0,0.7481743350972748,41,Male,Izmir,3906.08,488.26,2462.1,26,3.25,3.0162500000000003,0.375,0.5,0.5,0.006177548834273648
CUST_04392,161.0,0.0,2,161,0.012345679012345678,110,1,0.0,44,Male,Adana,12080.019999999999,6040.009999999999,11748.89,8,4.0,185.01,0.5,1.0,1.0,0.03063074398376315
CUST_04393,51.0,38.58756276314948,4,153,0.025974025974025976,79,0,0.7566188628731494,38,Male,Ankara,1935.9099999999999,483.97749999999996,1469.62,5,1.25,0.0,0.25,0.25,0.5,0.0
CUST_04394,73.25,47.38055156566528,5,293,0.017006802721088437,128,0,0.6468334596427552,28,Female,Istanbul,2526.9,505.38,1144.16,18,3.6,26.512,1.0,0.6,0.6,0.052459535295303464
CUST_04395,48.6,63.40977842572863,6,243,0.02459016393442623,129,0,1.3047279243004262,45,Male,Adana,5380.030000000001,896.6716666666667,1907.68,22,3.6666666666666665,94.77833333333332,0.3333333333333333,0.6666666666666666,0.5,0.10570015397047952
CUST_04396,40.5,45.98852513882615,11,405,0.027093596059113302,36,0,1.1355191111927665,18,Female,Gaziantep,13474.91,1224.9918181818182,9447.85,35,3.1818181818181817,29.35272727272727,0.2727272727272727,0.45454545454545453,0.7272727272727273,0.023961570039163355
CUST_04397,321.0,0.0,2,321,0.006211180124223602,43,1,0.0,24,Female,Kayseri,2063.43,1031.715,2008.87,9,4.5,38.065,0.5,1.0,0.5,0.036894878879443566
CUST_04398,24.0,23.065125189341593,4,72,0.0547945205479452,261,0,0.9610468428456146,23,Female,Ankara,4206.1,1051.525,2149.93,9,2.25,85.94749999999999,0.5,0.75,0.75,0.08173604994485525
CUST_04399,53.6,61.100736493106204,6,268,0.022304832713754646,69,0,1.1399390924098343,47,Male,Izmir,4484.97,747.495,1654.71,16,2.6666666666666665,71.19500000000001,0.3333333333333333,0.3333333333333333,0.5,0.09524478411862985
CUST_04400,35.2,46.964880495962085,6,176,0.03389830508474576,133,0,1.3342295216401296,46,Male,Ankara,5653.7699999999995,942.295,2032.37,19,3.1666666666666665,88.34833333333331,0.5,0.8333333333333334,0.5,0.09375867773847324
CUST_04401,69.0,89.28605714219886,4,207,0.019230769230769232,100,0,1.2940008093941746,40,Female,Ankara,4244.76,1061.19,2205.24,13,3.25,14.975,0.75,0.5,0.75,0.014111516303290156
CUST_04402,26.0,0.0,2,26,0.07407407407407407,131,1,0.0,47,Female,Adana,2520.88,1260.44,2274.76,3,1.5,0.0,0.5,1.0,0.5,0.0
CUST_04403,101.66666666666667,70.08803987367126,4,305,0.013071895424836602,9,0,0.6893905493535808,24,Male,Ankara,1610.1399999999999,402.53499999999997,648.1,7,1.75,5.57,0.25,0.75,0.75,0.01383730603838845
CUST_04404,107.75,95.55583010296476,5,431,0.011574074074074073,11,0,0.8868290414490554,39,Male,Izmir,5854.94,1170.9879999999998,2470.56,14,2.8,0.0,0.2,0.6,0.4,0.0
CUST_04405,56.333333333333336,19.731531449264992,4,169,0.023529411764705882,144,0,0.35026386566274187,33,Male,Izmir,3247.93,811.9825,1953.97,13,3.25,106.55250000000001,0.5,0.5,0.5,0.13122511860634298
CUST_04406,94.66666666666667,96.36562319278246,4,284,0.014035087719298246,103,0,1.0179467131144622,45,Female,Adana,4666.62,1166.655,4230.72,10,2.5,12.967500000000001,0.25,0.75,0.5,0.011115111141584177
CUST_04407,79.2,66.76226479082327,6,396,0.015113350125944584,33,0,0.8429578781296135,33,Male,Kayseri,18021.77,3003.6283333333336,15609.92,15,2.5,26.268333333333334,0.3333333333333333,0.5,0.6666666666666666,0.008745533870842143
CUST_04408,153.0,138.59292911256333,3,306,0.009771986970684038,96,0,0.9058361320701124,30,Female,Antalya,662.72,220.90666666666667,410.23,9,3.0,10.963333333333333,0.3333333333333333,0.3333333333333333,0.6666666666666666,0.04962880228620472
CUST_04409,73.2,62.247088285316615,6,366,0.01634877384196185,83,0,0.8503700469254996,41,Male,Izmir,11443.77,1907.295,9979.5,18,3.0,20.846666666666668,0.3333333333333333,0.3333333333333333,0.6666666666666666,0.010929964507712074
CUST_04410,37.75,38.854122781795716,9,302,0.0297029702970297,66,0,1.0292482583456282,45,Female,Adana,1330.1599999999999,147.79555555555555,377.36,20,2.2222222222222223,1.9377777777777776,0.3333333333333333,0.4444444444444444,0.4444444444444444,0.01311120457839595
CUST_04411,115.66666666666667,94.79627278186275,4,347,0.011494252873563218,8,0,0.819564310913243,26,Female,Antalya,1967.3500000000001,491.83750000000003,1761.04,14,3.5,11.812500000000002,0.5,0.5,0.75,0.024017078762768033
CUST_04412,94.0,63.63961030678928,3,188,0.015873015873015872,240,0,0.6770171237209804,34,Female,Istanbul,6590.83,2196.943333333333,3268.48,12,4.0,54.19,0.3333333333333333,0.6666666666666666,0.3333333333333333,0.02466608908528998
CUST_04413,52.0,0.0,2,52,0.03773584905660377,368,1,0.0,22,Male,Istanbul,2503.73,1251.865,2017.9,6,3.0,0.0,0.5,1.0,1.0,0.0
CUST_04414,88.0,36.15936946352909,6,440,0.013605442176870748,10,0,0.41090192105258144,18,Male,Istanbul,8127.9800000000005,1354.6633333333334,6960.26,13,2.1666666666666665,14.735,0.3333333333333333,0.5,0.5,0.010877241323765134
CUST_04415,137.33333333333334,116.43166808619267,4,412,0.009685230024213076,7,0,0.847803402221281,37,Male,Izmir,2037.62,509.405,762.23,10,2.5,13.8075,0.25,0.75,0.5,0.027105152035992675
CUST_04416,216.0,0.0,2,216,0.009216589861751152,115,1,0.0,42,Female,Gaziantep,1304.54,652.27,682.81,2,1.0,72.285,0.5,0.5,0.5,0.11082067225102998
CUST_04417,90.0,93.73366524360391,5,360,0.013850415512465374,26,0,1.0414851578013196,38,Female,Ankara,2611.7999999999997,522.3599999999999,1967.84,17,3.4,7.56,0.4,0.4,0.4,0.014472777367193553
CUST_04418,104.0,60.81118318204309,3,208,0.014354066985645933,91,0,0.5847229095896171,18,Female,Ankara,4567.91,1522.6366666666665,3072.5,11,3.6666666666666665,44.093333333333334,0.3333333333333333,1.0,0.6666666666666666,0.028958539006487514
CUST_04419,70.66666666666667,105.25904553370539,7,424,0.01647058823529412,7,0,1.4895147742102446,30,Male,Konya,14617.96,2088.2799999999997,4949.75,22,3.142857142857143,84.01142857142858,0.42857142857142855,0.42857142857142855,0.5714285714285714,0.0402299636692391
CUST_04420,23.0,0.0,2,23,0.08333333333333333,383,1,0.0,18,Female,Gaziantep,131.12,65.56,80.84,6,3.0,4.64,0.5,1.0,1.0,0.07077486164162809
CUST_04421,13.333333333333334,16.441816606851365,4,40,0.0975609756097561,283,0,1.2331361530286409,51,Male,Antalya,16047.29,4011.8225,8474.75,12,3.0,2.7525,0.25,0.75,0.75,0.0006860971539278975
CUST_04422,138.5,115.25840533340725,3,277,0.01079136690647482,99,0,0.8321906462181705,21,Female,Ankara,2728.12,909.3733333333333,1953.38,8,2.6666666666666665,0.0,0.3333333333333333,0.3333333333333333,1.0,0.0
CUST_04423,54.333333333333336,42.77694082875336,7,326,0.021406727828746176,24,0,0.7873056449346205,50,Male,Istanbul,10323.3,1474.7571428571428,6880.31,19,2.7142857142857144,123.73857142857143,0.2857142857142857,0.5714285714285714,0.42857142857142855,0.08390437160720597
CUST_04424,112.66666666666667,119.87632515777806,4,338,0.011799410029498525,7,0,1.0639910422525474,46,Female,Istanbul,8191.58,2047.895,7186.88,14,3.5,0.0,0.25,0.5,0.75,0.0
CUST_04425,84.4,57.7174150495325,6,422,0.014184397163120567,26,0,0.6838556204464085,24,Male,Istanbul,8535.09,1422.515,4144.5,21,3.5,30.481666666666666,0.3333333333333333,0.5,0.8333333333333334,0.021428010703042604
CUST_04426,154.5,34.64823227814083,3,309,0.00967741935483871,15,0,0.22426040164323904,21,Male,Ankara,5823.280000000001,1941.0933333333335,4959.72,7,2.3333333333333335,0.0,0.3333333333333333,0.6666666666666666,1.0,0.0
CUST_04427,179.5,81.31727983645297,3,359,0.008333333333333333,61,0,0.453021055060902,39,Female,Bursa,950.45,316.81666666666666,716.32,6,2.0,8.073333333333332,0.3333333333333333,0.3333333333333333,0.6666666666666666,0.025482666025095482
CUST_04428,84.2,62.95792245619291,6,421,0.014218009478672985,19,0,0.7477187851362723,24,Male,Istanbul,7382.55,1230.425,2595.53,18,3.0,123.03666666666668,0.3333333333333333,0.3333333333333333,0.5,0.09999525900942471
CUST_04429,88.0,57.982756057296896,3,176,0.01694915254237288,104,0,0.658894947709113,36,Female,Istanbul,925.14,308.38,567.12,8,2.6666666666666665,6.93,0.3333333333333333,0.6666666666666666,1.0,0.0224722743936952
CUST_04430,58.833333333333336,45.49468833464701,7,353,0.01977401129943503,16,0,0.7732808084084907,29,Female,Istanbul,20480.23,2925.747142857143,11717.4,22,3.142857142857143,145.56571428571428,0.42857142857142855,0.42857142857142855,0.5714285714285714,0.04975334747958038
CUST_04431,24.5,33.23401871576773,3,49,0.06,200,0,1.3564905044602948,18,Female,Antalya,3549.71,1183.2366666666667,2705.92,7,2.3333333333333335,121.66333333333334,0.3333333333333333,0.6666666666666666,1.0,0.10282248400335028
CUST_04432,36.142857142857146,22.131640784395625,8,253,0.031496062992125984,186,0,0.6123378703731395,18,Male,Bursa,16673.29,2084.16125,6215.34,31,3.875,4.4175,0.25,0.375,0.5,0.002119557686757895
CUST_04433,65.66666666666667,30.23794525647094,4,197,0.020202020202020204,155,0,0.46047631669027345,37,Female,Bursa,4740.45,1185.1125,1736.26,11,2.75,63.2475,0.5,0.5,0.5,0.053368351060875355
CUST_04434,91.33333333333333,118.42437812094829,4,274,0.014545454545454545,127,0,1.296617264499975,28,Female,Ankara,984.49,246.1225,604.34,9,2.25,12.094999999999999,0.5,0.5,0.5,0.049142195251786425
CUST_04435,69.5,34.63379852109786,7,417,0.01674641148325359,19,0,0.4983280291046019,28,Male,Ankara,3263.01,466.14428571428573,931.2,23,3.2857142857142856,1.1842857142857142,0.5714285714285714,0.2857142857142857,0.42857142857142855,0.0025405990120213563
CUST_04436,69.25,52.30917701512804,5,277,0.017985611510791366,2,0,0.7553671662059332,43,Female,Istanbul,4131.9,826.3799999999999,1609.6,23,4.6,3.4539999999999997,0.2,0.6,0.6,0.004179675204894026
CUST_04437,38.5,41.783968217487434,7,231,0.03017241379310345,7,0,1.08529784758934,49,Male,Istanbul,4255.76,607.9657142857143,2403.5,15,2.142857142857143,1.5942857142857143,0.42857142857142855,0.42857142857142855,0.42857142857142855,0.002622328322472062
CUST_04438,40.375,43.39498818988202,9,323,0.027777777777777776,13,0,1.0747984424788504,31,Male,Konya,8953.609999999999,994.8455555555554,3151.68,20,2.2222222222222223,94.20777777777778,0.3333333333333333,0.5555555555555556,1.0,0.09469588234776109
CUST_04439,124.33333333333333,45.62163229580167,4,373,0.0106951871657754,54,0,0.366930015513713,30,Male,Eskisehir,7579.639999999999,1894.9099999999999,4798.23,14,3.5,126.455,0.25,0.5,1.0,0.06673404010389199
CUST_04440,42.77777777777778,33.04079969438458,10,385,0.025906735751295335,27,0,0.7723823124623908,41,Male,Antalya,12253.62,1225.362,4771.0,28,2.8,6.148999999999999,0.3,0.6,0.7,0.005018108930244196
CUST_04441,70.0,0.0,2,70,0.028169014084507043,56,1,0.0,18,Male,Kayseri,2986.9199999999996,1493.4599999999998,2868.72,8,4.0,5.4,0.5,0.5,0.5,0.003615764731820227
CUST_04442,23.0,0.0,2,23,0.08333333333333333,21,1,0.0,37,Female,Antalya,186.42,93.21,108.1,6,3.0,6.645,0.5,0.5,0.5,0.07129063328730144
CUST_04443,81.0,83.51846103307538,5,324,0.015384615384615385,0,0,1.031092098789917,41,Female,Istanbul,8745.49,1749.098,7920.4,15,3.0,24.125999999999998,0.4,0.6,0.6,0.013793395216395308
CUST_04444,65.5,67.17514421272202,3,131,0.022727272727272728,39,0,1.0255747051472872,43,Male,Eskisehir,1466.5900000000001,488.8633333333334,793.34,6,2.0,35.473333333333336,0.3333333333333333,0.6666666666666666,0.3333333333333333,0.0725628838205029
CUST_04445,133.66666666666666,78.00213672287019,4,401,0.009950248756218905,2,0,0.5835571282242873,18,Female,Istanbul,1095.24,273.81,478.93,8,2.0,22.042499999999997,0.25,0.5,1.0,0.08050290317920125
CUST_04446,232.0,0.0,2,232,0.008583690987124463,12,1,0.0,25,Female,Antalya,4941.2300000000005,2470.6150000000002,4699.85,8,4.0,0.0,0.5,0.5,1.0,0.0
CUST_04447,98.0,81.92679659305617,5,392,0.01272264631043257,11,0,0.835987711806821,24,Female,Ankara,1000.24,200.048,433.94,9,1.8,8.218,0.4,0.6,0.4,0.04108014056086469
CUST_04448,265.0,0.0,2,265,0.007518796992481203,67,1,0.0,36,Female,Ankara,546.89,273.445,439.21,3,1.5,8.74,0.5,0.5,1.0,0.031962551767402765
CUST_04449,68.0,55.641710972974224,6,340,0.017595307917888565,1,0,0.8182604434516733,40,Female,Antalya,5684.42,947.4033333333333,3568.0,16,2.6666666666666665,15.181666666666667,0.3333333333333333,0.3333333333333333,0.8333333333333334,0.01602450204310255
CUST_04450,82.0,40.00833246545858,5,328,0.015197568389057751,95,0,0.4879064875311231,52,Male,Izmir,7354.03,1470.806,6807.75,7,1.4,4.482,0.2,0.4,0.6,0.0030473087524477676
CUST_04451,397.0,0.0,2,397,0.005025125628140704,1,1,0.0,29,Male,Ankara,1045.32,522.66,630.87,10,5.0,51.565,0.5,0.5,0.5,0.09865878372429729
CUST_04452,87.6,60.89581266392624,6,438,0.01366742596810934,4,0,0.6951576708763536,29,Male,Ankara,6214.3099999999995,1035.7183333333332,2318.18,14,2.3333333333333335,0.0,0.5,0.3333333333333333,0.6666666666666666,0.0
CUST_04453,22.75,17.44276354251241,5,91,0.05434782608695652,211,0,0.7667148472878049,48,Female,Ankara,3588.28,717.6560000000001,1639.04,14,2.8,10.798,0.2,0.4,0.6,0.0150462059607302
CUST_04454,62.0,37.89019222261437,8,434,0.01839080459770115,4,0,0.6111321227658427,38,Male,Kayseri,4458.6,557.325,1069.4,23,2.875,7.56125,0.375,0.75,0.625,0.013567038956502868
CUST_04455,62.666666666666664,32.00520790954706,4,188,0.021164021164021163,198,0,0.5107213946621117,50,Female,Gaziantep,8111.0,2027.75,7546.88,14,3.5,209.3425,0.5,0.5,0.75,0.10323881143965537
CUST_04456,41.5,38.05653688921261,7,249,0.028,153,0,0.9170249631852445,38,Male,Izmir,2986.6099999999997,426.6585714285714,1221.65,22,3.142857142857143,13.912857142857144,0.2857142857142857,0.42857142857142855,1.0,0.032608877547365696
CUST_04457,194.5,116.67261889578035,3,389,0.007692307692307693,60,0,0.5998592200304428,21,Female,Istanbul,2756.92,918.9733333333334,1461.29,6,2.0,103.41333333333334,0.6666666666666666,0.6666666666666666,0.3333333333333333,0.11253137547059976
CUST_04458,148.0,0.0,2,148,0.013422818791946308,6,1,0.0,19,Male,Gaziantep,290.1,145.05,229.36,7,3.5,16.645,0.5,0.5,1.0,0.11475353247326071
CUST_04459,36.888888888888886,42.10535727328663,10,332,0.03003003003003003,22,0,1.1414102565870103,18,Male,Istanbul,9231.38,923.1379999999999,2795.64,22,2.2,0.0,0.3,0.4,0.7,0.0
CUST_04460,84.0,55.910642993977454,5,336,0.01483679525222552,17,0,0.665602884861602,42,Male,Istanbul,2252.94,450.588,883.5,15,3.0,16.125999999999998,0.4,0.4,0.4,0.03578879145519012
CUST_04461,87.33333333333333,117.71717518413926,4,262,0.015209125475285171,39,0,1.347906570643886,49,Male,Ankara,4822.15,1205.5375,3605.22,10,2.5,0.0,0.25,0.5,0.5,0.0
CUST_04462,91.5,88.38834764831844,3,183,0.016304347826086956,220,0,0.9659928599161266,57,Male,Konya,4956.43,1652.1433333333334,2343.15,9,3.0,0.0,0.6666666666666666,0.3333333333333333,0.6666666666666666,0.0
CUST_04463,176.5,3.5355339059327378,3,353,0.00847457627118644,76,0,0.020031353461197644,45,Female,Istanbul,1361.46,453.82,867.25,12,4.0,0.0,0.3333333333333333,1.0,0.3333333333333333,0.0
CUST_04464,110.66666666666667,10.263202878893768,4,332,0.012012012012012012,108,0,0.09273978421223479,48,Male,Istanbul,6003.44,1500.86,4683.36,12,3.0,105.6575,0.25,0.25,0.5,0.07039797178257934
CUST_04465,94.0,144.63402089411744,4,282,0.014134275618374558,113,0,1.5386597803772093,28,Male,Izmir,14282.81,3570.7025,10968.41,13,3.25,269.09000000000003,0.25,0.5,0.75,0.07536052077277217
CUST_04466,190.0,0.0,2,190,0.010471204188481676,110,1,0.0,21,Female,Ankara,1173.51,586.755,1105.45,6,3.0,0.0,1.0,1.0,0.5,0.0
CUST_04467,43.666666666666664,12.323419438884107,7,262,0.026615969581749048,93,0,0.28221570587790235,45,Male,Bursa,18202.33,2600.3328571428574,9272.85,24,3.4285714285714284,158.12142857142857,0.2857142857142857,0.42857142857142855,0.7142857142857143,0.06080814926299781
CUST_04468,113.33333333333333,70.23769168568494,4,340,0.011730205278592375,107,0,0.61974433293477,40,Female,Izmir,4769.55,1192.3875,2213.12,11,2.75,106.39999999999999,0.5,0.5,0.5,0.0892327367661664
CUST_04469,86.0,2.8284271247461903,3,172,0.017341040462427744,15,0,0.03288868711462213,36,Other,Izmir,10018.970000000001,3339.656666666667,5472.24,10,3.3333333333333335,0.0,0.6666666666666666,0.3333333333333333,0.6666666666666666,0.0
CUST_04470,174.5,96.87362902255701,3,349,0.008571428571428572,69,0,0.5551497333375776,39,Male,Istanbul,387.33000000000004,129.11,308.22,6,2.0,0.6733333333333333,0.6666666666666666,0.6666666666666666,1.0,0.005215191140253599
CUST_04471,244.0,0.0,2,244,0.00816326530612245,43,1,0.0,38,Male,Istanbul,544.16,272.08,532.5,4,2.0,0.0,0.5,1.0,0.5,0.0
CUST_04472,80.5,31.81980515339464,3,161,0.018518518518518517,119,0,0.39527707774059084,50,Male,Gaziantep,1112.96,370.9866666666667,484.28,8,2.6666666666666665,15.116666666666667,0.3333333333333333,0.3333333333333333,1.0,0.04074719655491519
CUST_04473,37.5,20.506096654409877,3,75,0.039473684210526314,247,0,0.546829229535484,50,Female,Konya,4714.49,1571.4966666666667,3809.87,3,1.0,0.0,0.6666666666666666,0.3333333333333333,0.6666666666666666,0.0
CUST_04474,164.5,126.572113832392,3,329,0.00909090909090909,10,0,0.7694353377687335,41,Female,Istanbul,3322.09,1107.3633333333335,2754.42,7,2.3333333333333335,0.0,0.3333333333333333,0.3333333333333333,0.6666666666666666,0.0
CUST_04475,50.5,65.01538279515087,5,202,0.024630541871921183,77,0,1.2874332971825262,45,Female,Istanbul,5894.63,1178.926,2768.37,9,1.8,257.356,0.4,0.4,0.6,0.21829699216210602
CUST_04476,149.0,147.07821048680188,3,298,0.010033444816053512,28,0,0.9871020771791933,41,Female,Istanbul,17857.6,5952.533333333333,16986.22,10,3.3333333333333335,1417.4733333333334,0.3333333333333333,0.6666666666666666,0.6666666666666666,0.2381294238467438
CUST_04477,169.0,31.11269837220809,3,338,0.008849557522123894,4,0,0.1840988058468005,29,Male,Bursa,2911.4399999999996,970.4799999999999,2554.18,4,1.3333333333333333,6.526666666666666,0.3333333333333333,0.3333333333333333,0.6666666666666666,0.006725194398587784
CUST_04478,41.2,41.0170696174166,11,412,0.026634382566585957,12,0,0.9955599180062302,44,Female,Adana,14506.48,1318.770909090909,5241.15,34,3.090909090909091,40.41181818181818,0.2727272727272727,0.6363636363636364,0.6363636363636364,0.030643546860638894
CUST_04479,52.8,48.080141430740404,6,264,0.022641509433962263,81,0,0.910608721972191,18,Female,Ankara,4420.95,736.8249999999999,1813.27,16,2.6666666666666665,35.281666666666666,0.5,0.5,0.6666666666666666,0.04788337341808882
CUST_04480,123.5,133.64318164425748,3,247,0.012096774193548387,38,0,1.0821310166973803,47,Female,Antalya,3219.32,1073.1066666666668,2964.36,6,2.0,0.0,0.6666666666666666,1.0,1.0,0.0
CUST_04481,321.0,0.0,2,321,0.006211180124223602,26,1,0.0,20,Female,Adana,2038.4699999999998,1019.2349999999999,1328.34,4,2.0,0.0,0.5,1.0,1.0,0.0
CUST_04482,57.0,0.0,3,114,0.02608695652173913,305,0,0.0,38,Female,Kayseri,1643.23,547.7433333333333,724.29,8,2.6666666666666665,58.89000000000001,0.3333333333333333,0.6666666666666666,0.6666666666666666,0.10751385970159895
CUST_04483,118.0,97.58073580374356,3,236,0.012658227848101266,42,0,0.826955381159222,24,Male,Istanbul,7950.820000000001,2650.2733333333335,7166.35,10,3.3333333333333335,168.47,0.6666666666666666,0.3333333333333333,1.0,0.0635670282825292
CUST_04484,117.0,80.876448982383,4,351,0.011363636363636364,33,0,0.691251694795994,41,Male,Istanbul,12909.08,3227.27,10732.1,10,2.5,32.28,0.5,0.5,0.75,0.010002261970643219
CUST_04485,95.5,2.1213203435596424,3,191,0.015625,155,0,0.022212778233998576,34,Female,Istanbul,3531.84,1177.28,3007.3,11,3.6666666666666665,0.0,0.3333333333333333,1.0,0.6666666666666666,0.0
CUST_04486,138.0,0.0,2,138,0.014388489208633094,246,1,0.0,18,Male,Konya,1610.52,805.26,1491.62,3,1.5,59.13,0.5,0.5,0.5,0.07342969963312508
CUST_04487,121.0,137.17871555019022,3,242,0.012345679012345678,137,0,1.1337083836072879,40,Female,Gaziantep,3183.44,1061.1466666666668,1723.24,9,3.0,63.413333333333334,0.3333333333333333,0.6666666666666666,0.6666666666666666,0.05975925408385966
CUST_04488,46.22222222222222,29.02489353028611,10,416,0.023980815347721823,14,0,0.6279423945218593,28,Male,Bursa,20998.57,2099.857,12347.7,33,3.3,16.093,0.3,0.5,0.5,0.0076638552017285685
CUST_04489,40.0,0.0,2,40,0.04878048780487805,162,1,0.0,45,Female,Istanbul,409.71000000000004,204.85500000000002,240.61,6,3.0,28.885,0.5,0.5,1.0,0.14100217157988737
CUST_04490,49.625,33.17028575612301,9,397,0.022613065326633167,12,0,0.668418843077162,35,Female,Ankara,19684.51,2187.1677777777777,5997.66,18,2.0,15.07,0.3333333333333333,0.6666666666666666,0.5555555555555556,0.006890189287820135
CUST_04491,55.166666666666664,37.67448296482205,7,331,0.02108433734939759,115,0,0.682921128977056,39,Male,Ankara,4772.320000000001,681.7600000000001,2757.69,21,3.0,81.17142857142856,0.2857142857142857,0.5714285714285714,0.42857142857142855,0.11906158831900811
CUST_04492,73.75,79.62987295397794,5,295,0.016891891891891893,101,0,1.0797270762610287,23,Female,Bursa,4591.65,918.3299999999999,2856.11,9,1.8,29.646000000000004,0.2,0.4,0.6,0.03228251278703461
CUST_04493,149.0,0.0,2,149,0.013333333333333334,60,1,0.0,27,Female,Ankara,892.35,446.175,828.88,5,2.5,0.0,0.5,0.5,1.0,0.0
CUST_04494,64.66666666666667,87.007662497813,4,194,0.020512820512820513,251,0,1.3454792961701088,29,Female,Istanbul,1575.48,393.87,974.95,7,1.75,36.8875,0.25,0.5,0.75,0.09365399727409045
CUST_04495,137.5,171.82694782833104,3,275,0.010869565217391304,152,0,1.249650520572222,45,Male,Adana,276.77,92.25666666666666,132.2,12,4.0,2.23,0.6666666666666666,0.6666666666666666,0.6666666666666666,0.024171694647125472
CUST_04496,76.2,31.807231882073612,6,381,0.015706806282722512,19,0,0.4174177357566388,55,Male,Ankara,5382.879999999999,897.1466666666665,2807.04,13,2.1666666666666665,93.395,0.3333333333333333,0.5,0.5,0.10410226484249815
CUST_04497,62.0,35.67445397853577,8,434,0.01839080459770115,8,0,0.5753944097280865,25,Male,Izmir,4202.45,525.30625,1724.95,25,3.125,45.51125,0.375,0.375,0.5,0.08663755649844722
CUST_04498,144.5,193.04015126392747,3,289,0.010344827586206896,49,0,1.3359179925813804,47,Male,Istanbul,3639.0,1213.0,3375.04,12,4.0,0.0,0.3333333333333333,0.3333333333333333,0.6666666666666666,0.0
CUST_04499,61.285714285714285,59.96864259959613,8,429,0.018604651162790697,7,0,0.9785093038405777,18,Female,Gaziantep,11255.31,1406.91375,5345.7,28,3.5,30.04875,0.25,0.375,0.5,0.021357919047021952
CUST_04500,50.2,51.73200170107474,6,251,0.023809523809523808,175,0,1.0305179416445578,20,Female,Bursa,5962.1,993.6833333333334,2597.08,15,2.5,82.75166666666667,0.3333333333333333,0.3333333333333333,0.6666666666666666,0.08327770408083289
CUST_04501,85.4,70.03784691150922,6,427,0.014018691588785047,15,0,0.8201152938102333,23,Female,Konya,24589.0,4098.166666666667,21365.25,17,2.8333333333333335,9.611666666666666,0.5,0.5,1.0,0.0023453576796912375
CUST_04502,161.0,57.982756057296896,3,322,0.009287925696594427,65,0,0.36014133973388546,18,Female,Izmir,10117.4,3372.4666666666667,9291.6,9,3.0,479.72333333333336,0.3333333333333333,0.6666666666666666,0.3333333333333333,0.14224701994319283
CUST_04503,61.857142857142854,47.28434755613663,8,433,0.018433179723502304,7,0,0.7644120728454317,18,Female,Kayseri,3534.23,441.77875,831.18,21,2.625,4.135,0.25,0.5,0.5,0.009359888837206658
CUST_04504,130.0,96.59710140578754,4,390,0.010230179028132993,39,0,0.743054620482561,39,Male,Konya,13019.279999999999,3254.8199999999997,11178.9,9,2.25,0.0,0.5,0.5,0.5,0.0
CUST_04505,139.0,53.74011537017761,3,278,0.010752688172043012,124,0,0.3866195322558135,32,Female,Bursa,1447.97,482.6566666666667,586.05,11,3.6666666666666665,0.0,0.3333333333333333,0.6666666666666666,0.6666666666666666,0.0
CUST_04506,80.0,91.2414379544733,4,240,0.016597510373443983,12,0,1.1405179601744417,39,Male,Kayseri,6208.0,1552.0,3361.3,17,4.25,44.425,0.5,0.5,1.0,0.02862435565165956
CUST_04507,31.4,27.31849190566712,6,157,0.0379746835443038,293,0,0.8700156380780727,43,Female,Ankara,1968.56,328.0933333333333,633.68,23,3.8333333333333335,8.361666666666666,0.3333333333333333,0.3333333333333333,0.6666666666666666,0.025485634091460863
CUST_04508,125.0,88.89881888979178,4,375,0.010638297872340425,22,0,0.7111905454288099,38,Male,Ankara,2173.98,543.495,1381.14,8,2.0,64.7625,0.25,0.75,0.5,0.11915932967339289
CUST_04509,48.8,31.075713990188543,6,244,0.024489795918367346,103,0,0.6367974047826054,42,Male,Istanbul,6395.01,1065.835,2733.84,17,2.8333333333333335,56.49166666666667,0.3333333333333333,0.5,0.5,0.05300226265197183
CUST_04510,60.5,42.00833250677775,7,363,0.019230769230769232,65,0,0.6943525919409117,34,Female,Bursa,4982.59,711.7985714285714,1482.09,21,3.0,42.32285714285714,0.2857142857142857,0.42857142857142855,0.5714285714285714,0.05945903628108809
CUST_04511,32.0,0.0,2,32,0.06060606060606061,383,1,0.0,20,Female,Adana,3540.62,1770.31,2824.42,10,5.0,39.29,0.5,0.5,0.5,0.022193853041448188
CUST_04512,34.333333333333336,32.020826556060875,4,103,0.038461538461538464,118,0,0.9326454065072467,47,Female,Adana,1558.78,389.695,870.66,10,2.5,4.74,0.25,0.5,0.75,0.012163358492761369
CUST_04513,43.6,42.10357598958919,11,436,0.02517162471395881,10,0,0.9656783262364876,27,Female,Istanbul,13986.76,1271.5236363636363,9619.49,32,2.909090909090909,135.44272727272727,0.18181818181818182,0.6363636363636364,0.8181818181818182,0.1065200231381878
CUST_04514,352.0,0.0,2,352,0.0056657223796034,17,1,0.0,23,Male,Izmir,139.59,69.795,123.52,5,2.5,4.6899999999999995,1.0,0.5,1.0,0.06719678963827222
CUST_04515,152.0,137.17871555019022,3,304,0.009836065573770493,3,0,0.9024915437348597,32,Female,Istanbul,1653.26,551.0866666666667,815.44,9,3.0,5.216666666666667,0.3333333333333333,1.0,0.6666666666666666,0.00946614565863903
CUST_04516,274.0,0.0,2,274,0.007272727272727273,2,1,0.0,24,Male,Antalya,2130.72,1065.36,1956.35,6,3.0,34.3,0.5,0.5,0.5,0.032195689689686405
CUST_04517,98.0,65.10760324263211,4,294,0.013559322033898305,147,0,0.664363291614988,29,Female,Istanbul,6709.16,1677.29,3101.02,10,2.5,204.64999999999998,0.75,0.5,0.75,0.12201229356759277
CUST_04518,62.714285714285715,62.353065376970534,8,439,0.01818181818181818,3,0,0.9942402065583423,39,Female,Konya,27649.93,3456.24125,13797.56,29,3.625,75.99000000000001,0.375,0.375,0.625,0.021986312436382646
CUST_04519,74.33333333333333,80.7547728207648,4,223,0.017857142857142856,115,0,1.0863870636911803,39,Male,Istanbul,8982.35,2245.5875,6659.84,10,2.5,42.6175,0.5,0.5,0.75,0.018978329715952584
CUST_04520,107.0,74.95331880577403,3,214,0.013953488372093023,52,0,0.7004983000493059,24,Female,Ankara,1810.91,603.6366666666667,1324.73,11,3.6666666666666665,149.35,0.3333333333333333,0.6666666666666666,0.6666666666666666,0.24741704405947776
CUST_04521,139.0,117.37972567696688,3,278,0.010752688172043012,100,0,0.8444584520324347,29,Female,Konya,8010.75,2670.25,5389.48,9,3.0,0.0,0.6666666666666666,0.6666666666666666,0.6666666666666666,0.0
CUST_04522,71.5,60.04720365401428,5,286,0.017421602787456445,122,0,0.8398210183803254,47,Male,Izmir,5546.28,1109.2559999999999,2663.72,17,3.4,0.0,0.4,0.4,0.6,0.0
CUST_04523,48.4,37.28672686090856,6,242,0.024691358024691357,18,0,0.7703869026967285,40,Female,Istanbul,28081.5,4680.25,16546.64,18,3.0,0.0,0.3333333333333333,0.5,0.6666666666666666,0.0
CUST_04524,52.0,68.07055163578447,7,312,0.022364217252396165,44,0,1.3090490447449121,59,Female,Izmir,3277.67,468.23857142857145,1301.24,19,2.7142857142857144,12.738571428571428,0.42857142857142855,0.2857142857142857,0.5714285714285714,0.027205301268755817
CUST_04525,29.0,17.08800749063506,4,87,0.045454545454545456,105,0,0.589241617289429,49,Female,Istanbul,8578.02,2144.505,4338.15,15,3.75,80.375,0.75,0.25,0.5,0.037479511571444454
CUST_04526,71.0,0.0,2,71,0.027777777777777776,295,1,0.0,48,Male,Eskisehir,3065.46,1532.73,2897.88,6,3.0,7.185,0.5,1.0,0.5,0.0046877140757421625
CUST_04527,269.0,0.0,2,269,0.007407407407407408,155,1,0.0,18,Male,Bursa,634.65,317.325,350.28,6,3.0,0.0,0.5,0.5,1.0,0.0
CUST_04528,96.5,88.38834764831844,3,193,0.015463917525773196,55,0,0.9159414169158241,44,Female,Ankara,540.28,180.09333333333333,221.58,9,3.0,13.020000000000001,0.6666666666666666,0.6666666666666666,0.3333333333333333,0.07229584619662484
CUST_04529,41.75,31.58454263296104,5,167,0.02976190476190476,130,0,0.7565159730885046,34,Male,Bursa,1962.3500000000001,392.47,1326.18,12,2.4,62.176,0.4,0.6,0.6,0.15842229938996025
CUST_04530,80.5,33.23401871576773,3,161,0.018518518518518517,133,0,0.41284494786239484,28,Female,Istanbul,548.41,182.8033333333333,385.53,3,1.0,0.0,0.6666666666666666,0.6666666666666666,1.0,0.0
CUST_04531,57.0,59.75784467331465,4,171,0.023255813953488372,79,0,1.048383221490025,37,Male,Gaziantep,1366.42,341.605,527.19,6,1.5,19.4525,0.5,0.5,0.5,0.05694442394887538
CUST_04532,149.0,0.0,2,149,0.013333333333333334,92,1,0.0,46,Female,Kayseri,3035.28,1517.64,2854.32,4,2.0,32.21,0.5,1.0,1.0,0.021223742111947663
CUST_04533,66.66666666666667,57.434020115839594,7,400,0.017456359102244388,11,0,0.8615102888149395,41,Female,Konya,8314.22,1187.7457142857143,3792.56,20,2.857142857142857,34.394285714285715,0.42857142857142855,0.42857142857142855,0.7142857142857143,0.028957617166408475
CUST_04534,134.33333333333334,118.87107862442123,4,403,0.009900990099009901,18,0,0.8848963603438575,24,Male,Ankara,1144.45,286.1125,817.54,6,1.5,0.0,0.5,0.25,1.0,0.0
CUST_04535,64.5,35.57948847299522,7,387,0.01804123711340206,23,0,0.5516199677732598,43,Male,Ankara,6314.5599999999995,902.0799999999999,2134.08,19,2.7142857142857144,66.04714285714286,0.2857142857142857,0.7142857142857143,0.7142857142857143,0.07321650273138343
CUST_04536,65.6,66.60180177742942,6,328,0.0182370820668693,60,0,1.015271353081678,27,Female,Istanbul,7822.44,1303.74,4525.54,10,1.6666666666666667,52.00833333333333,0.3333333333333333,0.5,0.5,0.03989164503155666
CUST_04537,29.1,40.073404868787705,11,291,0.03767123287671233,116,0,1.3770929034946666,37,Female,Antalya,5410.61,491.8736363636363,1303.1,35,3.1818181818181817,21.285454545454545,0.2727272727272727,0.2727272727272727,0.9090909090909091,0.04327423331638826
CUST_04538,10.0,0.0,2,10,0.18181818181818182,90,1,0.0,31,Male,Bursa,696.95,348.475,369.6,6,3.0,25.175,0.5,0.5,0.5,0.07224334580029171
CUST_04539,279.0,0.0,2,279,0.007142857142857143,123,1,0.0,32,Female,Izmir,228.77,114.385,142.77,7,3.5,0.0,1.0,1.0,1.0,0.0
CUST_04540,58.0,19.79898987322333,3,116,0.02564102564102564,334,0,0.3413618884803697,44,Male,Konya,2942.64,980.88,2162.6,11,3.6666666666666665,0.0,0.6666666666666666,1.0,0.3333333333333333,0.0
CUST_04541,156.0,0.0,2,156,0.012738853503184714,185,1,0.0,22,Male,Istanbul,7520.19,3760.095,6211.2,6,3.0,61.865,0.5,1.0,1.0,0.016453041740580217
CUST_04542,183.5,41.71930009000631,3,367,0.008152173913043478,52,0,0.22735313276650232,58,Female,Istanbul,8056.92,2685.64,6735.87,12,4.0,152.64333333333332,0.3333333333333333,0.6666666666666666,0.6666666666666666,0.05683685575002475
CUST_04543,55.4,40.7345062569807,6,277,0.02158273381294964,134,0,0.7352798830631917,18,Male,Istanbul,3981.34,663.5566666666667,1895.34,15,2.5,36.968333333333334,0.3333333333333333,0.3333333333333333,0.5,0.05571239825428765
CUST_04544,36.5,18.57417562100671,5,146,0.034013605442176874,237,0,0.5088815099212384,27,Female,Istanbul,4933.89,986.778,2078.3,15,3.0,28.689999999999998,0.4,0.6,0.6,0.02907442197832296
CUST_04545,50.0,46.50806381693394,8,350,0.022792022792022793,29,0,0.9301612577354537,39,Male,Istanbul,15112.61,1889.07625,9652.35,29,3.625,126.15625,0.25,0.375,0.75,0.06678197872278475
CUST_04546,50.6,54.33967243184301,6,253,0.023622047244094488,82,0,1.0739065485758195,42,Male,Izmir,4442.32,740.3866666666667,1695.42,18,3.0,0.0,0.6666666666666666,0.6666666666666666,0.5,0.0
CUST_04547,114.0,93.33809511662427,3,228,0.013100436681222707,185,0,0.8187552131392023,33,Male,Ankara,1794.1799999999998,598.06,980.28,8,2.6666666666666665,29.233333333333334,0.3333333333333333,0.6666666666666666,0.6666666666666666,0.0488802683417267
CUST_04548,149.5,51.61879502661797,3,299,0.01,102,0,0.34527621860429264,34,Female,Istanbul,8454.3,2818.1,5156.84,10,3.3333333333333335,82.44666666666667,1.0,0.3333333333333333,0.6666666666666666,0.02925611817799601
CUST_04549,87.6,43.58095914502112,6,438,0.01366742596810934,9,0,0.4974995279397442,39,Female,Adana,8892.57,1482.095,5152.32,14,2.3333333333333335,120.86,0.3333333333333333,0.5,0.6666666666666666,0.08154672940564084
CUST_04550,202.0,140.0071426749364,3,404,0.007407407407407408,42,0,0.6931046632763948,32,Female,Istanbul,1619.95,539.9833333333333,909.37,10,3.3333333333333335,60.656666666666666,0.3333333333333333,0.6666666666666666,0.6666666666666666,0.11233062728047663
CUST_04551,58.0,76.21679604916491,4,174,0.022857142857142857,275,0,1.3140826678462456,51,Male,Antalya,2623.01,655.7525,2047.38,12,3.0,161.3,0.25,1.0,0.75,0.24597694976995596
CUST_04552,150.5,111.01576464628796,3,301,0.009933774834437087,94,0,0.7376462718182172,45,Male,Ankara,1391.57,463.8566666666666,1241.48,5,1.6666666666666667,39.96666666666667,0.3333333333333333,0.6666666666666666,1.0,0.08616167331971442
CUST_04553,103.0,100.40916292848975,3,206,0.014492753623188406,69,0,0.9748462325596459,45,Female,Izmir,353.34999999999997,117.78333333333332,190.92,6,2.0,0.0,0.6666666666666666,0.3333333333333333,1.0,0.0
CUST_04554,87.0,96.16998838861667,5,348,0.014326647564469915,32,0,1.1054021526806268,23,Male,Kayseri,2546.01,509.20200000000006,1092.92,17,3.4,51.782000000000004,0.2,0.8,0.6,0.1016924519116334
CUST_04555,95.5,74.24621202458749,3,191,0.015625,198,0,0.7774472381899503,34,Female,Istanbul,2140.58,713.5266666666666,890.68,10,3.3333333333333335,0.0,0.6666666666666666,0.6666666666666666,1.0,0.0
CUST_04556,200.5,273.6503243191939,3,401,0.007462686567164179,10,0,1.3648395159818174,31,Male,Izmir,815.4499999999999,271.81666666666666,408.4,11,3.6666666666666665,5.226666666666667,0.3333333333333333,0.6666666666666666,0.6666666666666666,0.01922864668871673
CUST_04557,19.0,0.0,2,19,0.1,215,1,0.0,22,Female,Konya,1063.93,531.965,991.51,3,1.5,87.45,0.5,0.5,0.5,0.1643905141045172
CUST_04558,69.83333333333333,66.32470630667478,7,419,0.016666666666666666,8,0,0.9497571172828306,39,Male,Bursa,3412.5,487.5,1121.61,21,3.0,26.48428571428571,0.2857142857142857,0.5714285714285714,0.42857142857142855,0.05432673981530046
CUST_04559,68.0,62.625873247404705,5,272,0.018315018315018316,111,0,0.9209687106828823,28,Female,Ankara,2338.1800000000003,467.6360000000001,1684.14,14,2.8,100.716,0.4,0.4,0.8,0.2153726397981065
CUST_04560,198.0,0.0,2,198,0.010050251256281407,8,1,0.0,42,Male,Ankara,7176.59,3588.295,6980.05,8,4.0,8.62,0.5,0.5,1.0,0.0024022551093479615
CUST_04561,30.0,0.0,2,30,0.06451612903225806,384,1,0.0,22,Male,Antalya,128.12,64.06,64.1,3,1.5,0.0,1.0,0.5,1.0,0.0
CUST_04562,64.4,36.94996617048519,6,322,0.018575851393188854,11,0,0.5737572297628565,55,Male,Konya,1560.3300000000002,260.055,980.69,8,1.3333333333333333,0.0,0.3333333333333333,0.6666666666666666,0.6666666666666666,0.0
CUST_04563,68.25,74.59836906170716,5,273,0.01824817518248175,138,0,1.093016380493638,24,Male,Istanbul,16079.099999999999,3215.8199999999997,13725.55,16,3.2,35.438,0.2,0.4,0.6,0.01101989538872826
CUST_04564,109.66666666666667,132.28882542880683,4,329,0.012121212121212121,92,0,1.2062810719379249,37,Male,Istanbul,8848.32,2212.08,6055.75,13,3.25,82.5925,0.25,0.25,0.5,0.037337031193565774
CUST_04565,54.333333333333336,42.72391992003231,4,163,0.024390243902439025,76,0,0.7863298000067946,44,Female,Ankara,3562.79,890.6975,1780.04,8,2.0,6.445,0.25,0.75,0.75,0.007235902192118085
CUST_04566,1.0,0.0,2,1,1.0,37,1,0.0,28,Female,Istanbul,600.06,300.03,456.77,4,2.0,48.01,0.5,0.5,1.0,0.16001733106683555
CUST_04567,60.0,38.67815921162743,6,300,0.019933554817275746,98,0,0.6446359761165242,45,Female,Ankara,6312.67,1052.1116666666667,4949.96,12,2.0,2.44,0.3333333333333333,0.5,0.6666666666666666,0.002319145462393112
CUST_04568,94.0,118.29201156460228,4,282,0.014134275618374558,116,0,1.2584256415550705,20,Female,Istanbul,2816.59,704.1475,1766.6,13,3.25,36.4075,0.25,0.5,0.5,0.051704365844223873
CUST_04569,37.9,39.36284203831494,11,379,0.02894736842105263,48,0,1.0385973878553445,52,Female,Istanbul,12955.44,1177.7672727272727,5737.56,26,2.3636363636363638,16.279999999999998,0.18181818181818182,0.45454545454545453,0.5454545454545454,0.013822764788224062
CUST_04570,92.0,45.254833995939045,3,184,0.016216216216216217,262,0,0.49190036417433347,35,Male,Istanbul,13239.529999999999,4413.176666666666,9202.41,11,3.6666666666666665,0.0,0.3333333333333333,0.6666666666666666,0.6666666666666666,0.0
CUST_04571,88.66666666666667,63.579346751388805,4,266,0.0149812734082397,31,0,0.7170602936202464,27,Male,Kayseri,2494.8900000000003,623.7225000000001,1478.29,9,2.25,17.8675,0.25,0.5,0.75,0.028646553509539006
CUST_04572,85.33333333333333,104.33280085061138,4,256,0.01556420233463035,124,0,1.2226499956401726,31,Male,Istanbul,3895.96,973.99,2188.63,12,3.0,159.7525,0.5,0.75,0.5,0.16401862425279662
CUST_04573,93.0,0.0,2,93,0.02127659574468085,162,1,0.0,44,Female,Istanbul,603.9,301.95,457.18,5,2.5,0.0,0.5,0.5,0.5,0.0
CUST_04574,155.5,14.849242404917497,3,311,0.009615384615384616,54,0,0.09549351967475227,27,Male,Istanbul,10218.93,3406.31,6533.2,9,3.0,78.89666666666666,0.3333333333333333,0.6666666666666666,1.0,0.023161916162505687
CUST_04575,57.57142857142857,81.80842895215044,8,403,0.019801980198019802,34,0,1.4209900563725129,26,Male,Kayseri,2814.8,351.85,1061.28,27,3.375,11.3575,0.5,0.875,0.5,0.03227938032604979
CUST_04576,147.0,55.154328932550705,3,294,0.010169491525423728,65,0,0.3751995139955863,32,Female,Adana,5364.36,1788.12,5051.42,6,2.0,169.62,0.3333333333333333,0.6666666666666666,1.0,0.09485940535598315
CUST_04577,169.5,139.30003589374985,3,339,0.008823529411764706,3,0,0.821829115468559,20,Male,Gaziantep,2657.59,885.8633333333333,1622.98,6,2.0,113.36000000000001,0.3333333333333333,0.6666666666666666,1.0,0.12796556263987424
CUST_04578,8.0,0.0,2,8,0.2222222222222222,374,1,0.0,56,Female,Istanbul,857.0899999999999,428.54499999999996,480.38,5,2.5,0.0,0.5,1.0,1.0,0.0
CUST_04579,139.0,45.254833995939045,3,278,0.010752688172043012,15,0,0.32557434295226406,28,Female,Gaziantep,1409.36,469.78666666666663,1050.32,7,2.3333333333333335,0.0,0.3333333333333333,1.0,0.6666666666666666,0.0
CUST_04580,64.0,82.39538822045807,4,192,0.02072538860103627,104,0,1.2874279208285961,44,Male,Izmir,11002.8,2750.7,8081.32,11,2.75,0.0,0.25,0.5,0.5,0.0
CUST_04581,51.5,45.96194077712559,3,103,0.028846153846153848,293,0,0.8924648521293348,37,Male,Ankara,1948.06,649.3533333333334,800.05,6,2.0,69.67666666666666,0.3333333333333333,0.6666666666666666,0.6666666666666666,0.10730162298804714
CUST_04582,79.0,35.35533905932738,3,158,0.018867924528301886,257,0,0.4475359317948284,23,Female,Bursa,8698.419999999998,2899.473333333333,8394.8,7,2.3333333333333335,11.753333333333332,0.3333333333333333,0.3333333333333333,0.3333333333333333,0.004053609734622974
CUST_04583,161.5,119.50104602052653,3,323,0.009259259259259259,102,0,0.7399445528209411,34,Female,Gaziantep,3271.26,1090.42,2418.85,11,3.6666666666666665,116.89666666666666,0.3333333333333333,0.6666666666666666,0.6666666666666666,0.10720334051050356
CUST_04584,74.0,62.22539674441618,3,148,0.020134228187919462,162,0,0.8408837284261143,44,Male,Adana,292.08000000000004,97.36000000000001,145.8,6,2.0,0.0,0.3333333333333333,0.6666666666666666,0.6666666666666666,0.0
CUST_04585,199.5,43.1335136523794,3,399,0.0075,47,0,0.21620808739935496,32,Female,Konya,2527.68,842.56,2225.62,7,2.3333333333333335,0.0,0.3333333333333333,0.3333333333333333,0.3333333333333333,0.0
CUST_04586,39.714285714285715,48.20689537716322,8,278,0.02867383512544803,117,0,1.2138426587886473,49,Female,Kayseri,9098.09,1137.26125,5692.69,21,2.625,58.7275,0.375,0.5,0.5,0.05163940998461047
CUST_04587,53.166666666666664,54.08665886026485,7,319,0.021875,108,0,1.0173039092719927,47,Male,Istanbul,2335.45,333.63571428571424,1152.04,17,2.4285714285714284,51.278571428571425,0.2857142857142857,0.5714285714285714,0.5714285714285714,0.1536962893335871
CUST_04588,68.5,77.06923294458474,5,274,0.01818181818181818,166,0,1.1250982747370288,46,Male,Izmir,4739.0,947.8,2559.04,12,2.4,53.056,0.4,0.6,0.6,0.05597805438280433
CUST_04589,101.0,11.313708498984761,3,202,0.014778325123152709,225,0,0.11201691472245393,29,Female,Istanbul,5186.09,1728.6966666666667,4828.78,6,2.0,0.0,0.3333333333333333,0.3333333333333333,1.0,0.0
CUST_04590,106.0,4.242640687119285,3,212,0.014084507042253521,162,0,0.040024911765041256,22,Male,Konya,1726.29,575.43,833.04,8,2.6666666666666665,0.0,0.3333333333333333,0.3333333333333333,1.0,0.0
CUST_04591,47.5,33.35116189880047,7,285,0.024475524475524476,81,0,0.702129709403595,27,Female,Istanbul,16075.510000000002,2296.5014285714287,11577.04,17,2.4285714285714284,49.59428571428571,0.42857142857142855,0.5714285714285714,0.8571428571428571,0.021595582339150106
CUST_04592,104.33333333333333,28.023799409311607,4,313,0.012738853503184714,131,0,0.2685987138087498,37,Male,Konya,5938.39,1484.5975,5423.18,11,2.75,152.9325,0.25,0.5,0.75,0.10301276938495937
CUST_04593,70.0,83.43860018001261,3,140,0.02127659574468085,129,0,1.1919799855433233,41,Female,Ankara,1750.17,583.39,869.5,9,3.0,40.946666666666665,0.3333333333333333,0.6666666666666666,0.6666666666666666,0.07018746738284715
CUST_04594,70.5,42.439368515565825,7,423,0.01650943396226415,17,0,0.6019768498381415,18,Female,Ankara,8824.380000000001,1260.6257142857144,4374.24,22,3.142857142857143,22.150000000000002,0.2857142857142857,0.5714285714285714,0.8571428571428571,0.017570639509745217
CUST_04595,98.66666666666667,134.5523442134448,4,296,0.013468013468013467,114,0,1.3637061775311345,34,Female,Istanbul,4113.05,1028.2625,3248.77,12,3.0,142.9025,0.25,0.5,0.75,0.13897472664910493
CUST_04596,95.0,12.727922061357855,3,190,0.015706806282722512,240,0,0.13397812555136557,36,Male,Ankara,1788.8300000000002,596.2766666666668,1459.28,11,3.6666666666666665,55.876666666666665,0.3333333333333333,0.3333333333333333,1.0,0.09370929586314634
CUST_04597,64.66666666666667,13.650396819628845,4,194,0.020512820512820513,12,0,0.2110886073485604,31,Male,Konya,4290.8,1072.7,2429.46,14,3.5,0.0,0.5,0.5,0.5,0.0
CUST_04598,73.75,77.59886167549968,5,295,0.016891891891891893,82,0,1.0521879406550745,50,Female,Istanbul,7369.07,1473.8139999999999,3647.37,14,2.8,162.33200000000002,0.4,0.4,0.8,0.11014415651490342
CUST_04599,49.6,50.132823578968704,6,248,0.024096385542168676,16,0,1.0107423904884338,40,Male,Izmir,3375.2400000000002,562.5400000000001,1256.09,15,2.5,64.575,0.3333333333333333,0.6666666666666666,0.5,0.1147918368208628
CUST_04600,49.0,0.0,2,49,0.04,10,1,0.0,50,Male,Istanbul,208.46,104.23,176.0,5,2.5,0.0,1.0,0.5,1.0,0.0
CUST_04601,90.66666666666667,50.08326400438906,4,272,0.014652014652014652,67,0,0.5523889351323543,32,Female,Ankara,8166.6900000000005,2041.6725000000001,4040.4,14,3.5,0.0,0.5,1.0,1.0,0.0
CUST_04602,168.5,79.90306627407988,3,337,0.008875739644970414,69,0,0.4742021709191555,46,Male,Istanbul,2415.5,805.1666666666666,1206.16,7,2.3333333333333335,9.166666666666666,0.6666666666666666,0.3333333333333333,0.6666666666666666,0.01138480644415052
CUST_04603,83.0,86.2670273047588,3,166,0.017964071856287425,255,0,1.0393617622336992,54,Male,Ankara,955.39,318.4633333333333,506.15,8,2.6666666666666665,0.0,0.3333333333333333,0.6666666666666666,0.6666666666666666,0.0
CUST_04604,98.5,115.25840533340725,3,197,0.015151515151515152,182,0,1.1701360828758496,50,Male,Konya,1194.76,398.25333333333333,995.27,7,2.3333333333333335,72.38,0.3333333333333333,0.3333333333333333,0.6666666666666666,0.18174361332382163
CUST_04605,190.0,0.0,2,190,0.010471204188481676,65,1,0.0,21,Female,Izmir,134.82,67.41,107.1,6,3.0,5.635,0.5,0.5,0.5,0.08359293749305834
CUST_04606,52.0,42.07136793592526,5,208,0.023923444976076555,179,0,0.8090647524396252,31,Female,Ankara,4484.0599999999995,896.8119999999999,2122.22,10,2.0,80.322,0.2,0.4,0.6,0.08956392188154941
CUST_04607,103.66666666666667,126.05686547480597,4,311,0.01282051282051282,87,0,1.2159826134291642,30,Male,Bursa,11915.73,2978.9325,9686.91,10,2.5,0.0,0.25,0.5,0.5,0.0
CUST_04608,69.5,57.27564927611035,3,139,0.02142857142857143,77,0,0.8241100496690691,40,Male,Istanbul,1206.1000000000001,402.03333333333336,1055.65,7,2.3333333333333335,0.0,0.3333333333333333,0.6666666666666666,0.6666666666666666,0.0
CUST_04609,47.666666666666664,26.590725200089352,7,286,0.024390243902439025,9,0,0.5578473701169647,43,Male,Ankara,18430.890000000003,2632.984285714286,11841.54,17,2.4285714285714284,20.701428571428576,0.2857142857142857,0.42857142857142855,0.7142857142857143,0.007862344137747206
CUST_04610,103.5,129.4005409571382,3,207,0.014423076923076924,64,0,1.2502467604530574,24,Female,Bursa,4370.18,1456.7266666666667,3473.12,8,2.6666666666666665,312.1466666666667,0.3333333333333333,0.3333333333333333,1.0,0.21427950321432104
CUST_04611,70.0,66.20422947214173,4,210,0.018957345971563982,98,0,0.9457746932338149,35,Male,Istanbul,5805.48,1451.37,2512.78,11,2.75,0.0,0.5,0.5,0.75,0.0
CUST_04612,107.33333333333333,126.09652387490044,4,322,0.01238390092879257,38,0,1.1748123232927465,18,Female,Antalya,1658.4899999999998,414.62249999999995,1056.86,12,3.0,4.555,0.25,0.5,0.75,0.010985896783252486
CUST_04613,98.25,65.95137097387236,5,393,0.012690355329949238,45,0,0.6712607664387948,52,Male,Izmir,6212.78,1242.556,3295.72,15,3.0,4.8100000000000005,0.4,0.4,0.6,0.003871052891080118
CUST_04614,53.333333333333336,43.84442191811102,4,160,0.024844720496894408,239,0,0.8220828955505273,28,Other,Adana,14554.029999999999,3638.5074999999997,11128.52,12,3.0,366.2175,0.25,0.5,0.5,0.10065047272799342
CUST_04615,92.0,0.0,2,92,0.021505376344086023,324,1,0.0,35,Male,Kayseri,1982.17,991.085,1247.67,8,4.0,93.295,1.0,0.5,1.0,0.0941342063555253
CUST_04616,56.42857142857143,47.176467095566274,8,395,0.020202020202020204,20,0,0.8360386425739074,31,Female,Istanbul,5232.03,654.00375,3107.48,22,2.75,12.940000000000001,0.375,0.25,0.5,0.019785819240660595
CUST_04617,32.75,29.713913688147287,5,131,0.03787878787878788,51,0,0.9072950467435799,48,Male,Ankara,11335.89,2267.178,7513.95,16,3.2,71.494,0.4,0.6,0.8,0.031534356794422694
CUST_04618,98.75,85.17188503256224,5,395,0.012626262626262626,12,0,0.8625000928613888,18,Male,Ankara,5259.94,1051.9879999999998,2279.34,17,3.4,100.978,0.6,0.4,0.6,0.09598778684168661
CUST_04619,131.0,134.5362404707371,4,393,0.01015228426395939,42,0,1.0269941942270453,34,Female,Istanbul,5775.2699999999995,1443.8174999999999,4515.84,11,2.75,248.67249999999999,0.25,0.5,0.75,0.17223264008627637
CUST_04620,99.33333333333333,90.11844058422967,4,298,0.013377926421404682,61,0,0.9072326141979571,33,Female,Gaziantep,757.55,189.3875,317.54,16,4.0,15.0675,0.5,0.5,0.5,0.07955910458948398
CUST_04621,101.0,62.960304954788775,4,303,0.013157894736842105,94,0,0.623369349816034,29,Male,Adana,3210.06,802.515,2338.45,7,1.75,13.92,0.25,0.75,0.75,0.017345470156513623
CUST_04622,105.0,144.2497833620557,3,210,0.014218009478672985,143,0,1.3738074475071262,55,Female,Izmir,1028.74,342.91333333333336,830.56,4,1.3333333333333333,49.77333333333333,0.3333333333333333,0.3333333333333333,0.6666666666666666,0.14514843358336868
CUST_04623,79.75,62.248828636904214,5,319,0.015625,66,0,0.7805495655969236,24,Female,Bursa,22976.07,4595.214,11619.52,17,3.4,630.07,0.6,0.6,1.0,0.13711439768917957
CUST_04624,57.0,88.38551917593742,4,171,0.023255813953488372,139,0,1.5506231162335844,44,Female,Istanbul,4578.6,1144.65,2058.58,19,4.75,128.54250000000002,0.25,0.5,0.5,0.11229851909990082
CUST_04625,78.0,101.29659421717987,4,234,0.01702127659574468,73,0,1.2986742681859693,39,Male,Bursa,1522.72,380.68,642.67,12,3.0,10.3025,0.25,0.5,0.75,0.02706341276908844
CUST_04626,99.66666666666667,60.45108215187991,4,299,0.013333333333333334,52,0,0.6065325907559932,50,Female,Gaziantep,5585.41,1396.3525,4619.8,11,2.75,5.5025,0.25,0.75,0.5,0.003940623872596193
CUST_04627,46.0,46.31954231207386,6,230,0.025974025974025976,97,0,1.0069465501114632,26,Female,Bursa,7600.55,1266.7583333333334,3781.69,11,1.8333333333333333,62.79833333333334,0.3333333333333333,0.3333333333333333,0.5,0.049574043944524505
CUST_04628,6.0,0.0,2,6,0.2857142857142857,437,1,0.0,26,Male,Ankara,1948.56,974.28,1802.8,6,3.0,26.955,0.5,1.0,0.5,0.027666584526351165
CUST_04629,142.66666666666666,35.10460558578224,4,428,0.009324009324009324,16,0,0.2460603178017892,48,Female,Antalya,2433.0699999999997,608.2674999999999,1671.85,10,2.5,0.0,0.25,0.25,0.75,0.0
CUST_04630,18.0,0.0,2,18,0.10526315789473684,17,1,0.0,40,Male,Ankara,1111.53,555.765,993.21,4,2.0,0.0,0.5,1.0,0.5,0.0
CUST_04631,102.66666666666667,75.97587336341277,4,308,0.012944983818770227,113,0,0.7400247333446887,18,Male,Bursa,1655.6000000000001,413.90000000000003,597.72,12,3.0,0.0,0.5,0.5,0.75,0.0
CUST_04632,44.75,47.71704796680812,5,179,0.027777777777777776,2,0,1.0663027240336402,28,Female,Izmir,2965.3599999999997,593.0719999999999,2408.64,11,2.2,10.376,0.4,0.8,0.6,0.01749534623537219
CUST_04633,89.5,48.79036790187178,3,179,0.016666666666666666,117,0,0.5451437693489164,39,Female,Ankara,236.43,78.81,103.45,4,1.3333333333333333,3.5033333333333334,0.6666666666666666,0.3333333333333333,0.3333333333333333,0.04445290304378163
CUST_04634,63.0,30.43024810940588,5,252,0.019762845849802372,143,0,0.48301980359342983,45,Male,Adana,2161.8900000000003,432.37800000000004,747.12,15,3.0,33.414,0.6,0.4,0.6,0.07727960239124192
CUST_04635,76.66666666666667,28.919428302325297,4,230,0.017316017316017316,185,0,0.3772099294580265,26,Male,Konya,1775.44,443.86,951.65,9,2.25,20.73,0.25,0.25,0.75,0.04670391554385636
CUST_04636,89.0,0.0,2,89,0.022222222222222223,140,1,0.0,18,Female,Istanbul,1737.8200000000002,868.9100000000001,1354.15,4,2.0,0.0,0.5,0.5,1.0,0.0
CUST_04637,67.0,0.0,2,67,0.029411764705882353,123,1,0.0,41,Male,Kayseri,1222.3200000000002,611.1600000000001,693.74,4,2.0,0.0,0.5,0.5,0.5,0.0
CUST_04638,101.33333333333333,140.17607974734253,4,304,0.013114754098360656,50,0,1.3833165628028878,20,Female,Izmir,881.55,220.3875,590.43,4,1.0,27.86,0.25,0.5,0.5,0.12641370256292347
CUST_04639,47.714285714285715,35.91988439900796,8,334,0.023880597014925373,68,0,0.7528119327047073,18,Female,Adana,5297.17,662.14625,1556.74,18,2.25,51.58,0.25,0.75,0.5,0.0778981983543693
CUST_04640,88.5,75.87050371081857,5,354,0.014084507042253521,63,0,0.857293817553952,18,Male,Konya,3527.42,705.484,1841.52,13,2.6,0.0,0.4,0.4,0.4,0.0
CUST_04641,108.0,122.19929077808375,5,432,0.011547344110854504,13,0,1.1314749041352672,44,Female,Izmir,2345.52,469.104,861.7,16,3.2,9.0,0.4,0.6,0.6,0.019185511061117554
CUST_04642,136.0,108.51267207105353,4,408,0.009779951100244499,39,0,0.7978872887732812,36,Female,Gaziantep,8494.84,2123.71,3698.55,17,4.25,0.0,0.5,0.5,0.5,0.0
CUST_04643,49.833333333333336,25.748139091333698,7,299,0.023333333333333334,124,0,0.5166850550096718,32,Male,Istanbul,30597.1,4371.0142857142855,18763.45,29,4.142857142857143,0.89,0.2857142857142857,0.42857142857142855,0.5714285714285714,0.00020361406795332568
CUST_04644,164.0,0.0,2,164,0.012121212121212121,49,1,0.0,51,Female,Istanbul,650.9300000000001,325.46500000000003,592.85,8,4.0,0.0,0.5,0.5,0.5,0.0
CUST_04645,141.5,137.88582233137677,3,283,0.01056338028169014,44,0,0.9744581014623228,42,Female,Antalya,1599.23,533.0766666666667,835.24,7,2.3333333333333335,32.876666666666665,0.6666666666666666,0.3333333333333333,0.6666666666666666,0.061673430222656964
CUST_04646,172.5,191.6259377015544,3,345,0.008670520231213872,20,0,1.1108749947285763,54,Female,Konya,1881.8600000000001,627.2866666666667,1332.53,8,2.6666666666666665,16.543333333333333,0.3333333333333333,0.6666666666666666,0.3333333333333333,0.026372843846450566
CUST_04647,44.0,31.427164470671972,8,308,0.025889967637540454,113,0,0.7142537217367785,18,Female,Konya,3769.54,471.1925,988.32,24,3.0,29.8725,0.25,0.375,0.5,0.06339765581286277
CUST_04648,61.6,49.69205167831169,6,308,0.019417475728155338,92,0,0.8066891375263402,34,Male,Antalya,6797.54,1132.9233333333334,2726.76,15,2.5,9.575000000000001,0.3333333333333333,0.5,0.6666666666666666,0.008451586890152978
CUST_04649,238.0,0.0,2,238,0.008368200836820083,155,1,0.0,18,Male,Bursa,2218.54,1109.27,2130.57,4,2.0,123.935,0.5,0.5,0.5,0.11172663092689189
CUST_04650,30.0,0.0,2,30,0.06451612903225806,327,1,0.0,32,Male,Ankara,3133.67,1566.835,2322.71,7,3.5,165.57999999999998,0.5,0.5,0.5,0.10567800687010563
CUST_04651,99.0,86.15683373940804,4,297,0.013422818791946308,80,0,0.8702710390821919,32,Male,Eskisehir,3283.6,820.9,1940.73,12,3.0,13.805,0.5,0.5,0.5,0.01681690825092349
CUST_04652,58.25,72.87603629909263,5,233,0.021367521367521368,96,0,1.251090730437801,42,Male,Ankara,9610.289999999999,1922.0579999999998,4009.12,13,2.6,190.99200000000002,0.4,0.4,0.6,0.09936848934872493
CUST_04653,70.25,37.303931874982474,5,281,0.01773049645390071,71,0,0.5310168162842087,35,Female,Adana,14235.93,2847.186,6806.45,17,3.4,160.73399999999998,0.4,0.6,1.0,0.05645363525373697
CUST_04654,131.66666666666666,79.09698687897873,4,395,0.010101010101010102,19,0,0.6007366046448769,42,Female,Bursa,865.11,216.2775,508.64,10,2.5,0.0,0.5,0.5,0.5,0.0
CUST_04655,60.4,23.733941939762133,6,302,0.019801980198019802,148,0,0.39294605209960404,43,Female,Bursa,10827.14,1804.5233333333333,7067.07,17,2.8333333333333335,89.25166666666667,0.3333333333333333,0.3333333333333333,0.8333333333333334,0.04945996816363695
CUST_04656,114.33333333333333,85.675745303635,4,343,0.011627906976744186,101,0,0.749350535460214,60,Female,Ankara,2905.3599999999997,726.3399999999999,1439.34,11,2.75,28.919999999999998,0.25,0.75,0.75,0.0398160640473937
CUST_04657,51.857142857142854,41.97391480204728,8,363,0.02197802197802198,32,0,0.8094143194171647,31,Female,Eskisehir,6525.58,815.6975,2165.58,22,2.75,98.65125,0.25,0.375,0.5,0.12094097368087929
CUST_04658,47.833333333333336,35.656229002330946,7,287,0.024305555555555556,147,0,0.7454263747088063,23,Female,Bursa,7346.32,1049.4742857142858,3435.76,18,2.5714285714285716,122.51142857142858,0.2857142857142857,0.5714285714285714,0.7142857142857143,0.11673599832063508
CUST_04659,186.0,80.61017305526642,3,372,0.00804289544235925,11,0,0.43338802484880856,37,Female,Kayseri,583.1,194.36666666666667,476.68,5,1.6666666666666667,14.386666666666665,0.3333333333333333,0.6666666666666666,0.6666666666666666,0.0740181783192342
CUST_04660,98.5,98.2878425849301,3,197,0.015151515151515152,55,0,0.9978461074830863,25,Male,Istanbul,4765.57,1588.5233333333333,2684.22,6,2.0,0.5533333333333333,0.3333333333333333,0.6666666666666666,0.6666666666666666,0.00034833188872579864
CUST_04661,71.0,64.09368143584827,4,213,0.018691588785046728,10,0,0.9027278948326813,52,Female,Bursa,6359.54,1589.885,3909.29,14,3.5,178.8125,0.5,0.5,0.75,0.11246882629091486
CUST_04662,69.33333333333333,10.598742063723098,4,208,0.019138755980861243,21,0,0.15286646986812447,31,Female,Adana,6355.69,1588.9225,3520.5,12,3.0,0.0,0.5,0.5,0.5,0.0
CUST_04663,41.0,2.8284271247461903,3,82,0.03614457831325301,116,0,0.06898602575024793,28,Male,Adana,10389.71,3463.236666666666,9636.25,12,4.0,5.096666666666667,0.3333333333333333,0.3333333333333333,0.6666666666666666,0.0014716483901461212
CUST_04664,33.0,0.0,2,33,0.058823529411764705,235,1,0.0,29,Female,Konya,609.0500000000001,304.52500000000003,547.07,2,1.0,0.0,0.5,0.5,0.5,0.0
CUST_04665,96.75,98.35776532638387,5,387,0.01288659793814433,53,0,1.0166177189639913,43,Female,Istanbul,4247.82,849.564,1331.8,15,3.0,64.21799999999999,0.6,0.6,0.4,0.07558936104214707
CUST_04666,36.0,21.130546609115438,6,180,0.03314917127071823,155,0,0.5869596117265508,33,Male,Istanbul,8152.860000000001,1358.8100000000002,2987.26,17,2.8333333333333335,44.385,0.3333333333333333,0.3333333333333333,0.8333333333333334,0.03266461092230362
CUST_04667,55.5,71.42428558570657,9,444,0.020224719101123594,2,0,1.2869240414195051,27,Female,Izmir,6363.76,707.0844444444444,2490.48,29,3.2222222222222223,5.168888888888889,0.3333333333333333,0.3333333333333333,0.7777777777777778,0.007310143678298475
CUST_04668,87.0,67.88225099390856,3,174,0.017142857142857144,188,0,0.7802557495822162,54,Male,Istanbul,1015.61,338.5366666666667,775.12,6,2.0,20.19333333333333,0.3333333333333333,0.6666666666666666,1.0,0.059648880791891914
CUST_04669,62.0,58.49786320883866,6,310,0.01929260450160772,60,0,0.943513907505238,24,Male,Eskisehir,6937.54,1156.2566666666667,3363.7,19,3.1666666666666665,154.20166666666668,0.3333333333333333,0.3333333333333333,0.6666666666666666,0.1333628345493969
CUST_04670,143.0,32.526911934581186,3,286,0.010452961672473868,89,0,0.22746092102881305,35,Female,Istanbul,3122.99,1040.9966666666667,1566.79,9,3.0,139.02,0.3333333333333333,0.3333333333333333,0.6666666666666666,0.13354509607759382
CUST_04671,66.6,75.42744858471616,6,333,0.017964071856287425,54,0,1.1325442560386174,42,Female,Izmir,4021.98,670.33,2615.52,16,2.6666666666666665,17.62666666666667,0.5,0.3333333333333333,0.5,0.026295506154239198
CUST_04672,71.0,99.20181449953424,6,355,0.016853932584269662,58,0,1.3972086352440225,18,Female,Istanbul,23099.350000000002,3849.891666666667,18676.2,23,3.8333333333333335,1.3383333333333332,0.3333333333333333,0.5,0.5,0.00034762882929234915
CUST_04673,120.33333333333333,74.62796616104002,4,361,0.011049723756906077,81,0,0.6201769989545404,40,Female,Bursa,5752.3,1438.075,3815.56,15,3.75,0.0,0.25,0.5,0.75,0.0
CUST_04674,59.0,41.012193308819754,3,118,0.025210084033613446,120,0,0.6951219087067432,22,Male,Ankara,4949.53,1649.8433333333332,4446.65,6,2.0,404.5466666666666,0.3333333333333333,0.6666666666666666,0.6666666666666666,0.24520307973977137
CUST_04675,49.4,58.68815894198761,6,247,0.024193548387096774,171,0,1.1880193877321503,44,Female,Istanbul,1936.23,322.705,684.32,15,2.5,3.688333333333333,0.3333333333333333,0.5,0.6666666666666666,0.011429427253695808
CUST_04676,152.0,172.5340546095176,3,304,0.009836065573770493,139,0,1.1350924570685865,23,Female,Ankara,575.4,191.79999999999998,287.12,6,2.0,0.0,0.6666666666666666,0.6666666666666666,0.6666666666666666,0.0
CUST_04677,73.25,76.15937237136346,5,293,0.017006802721088437,23,0,1.0397183799541991,43,Female,Ankara,6934.42,1386.884,4844.1,19,3.8,152.714,0.4,0.6,0.8,0.11011303028219156
CUST_04678,80.8,37.83120405168199,6,404,0.014814814814814815,36,0,0.46820796514200536,48,Male,Eskisehir,7352.84,1225.4733333333334,2497.56,12,2.0,23.488333333333333,0.5,0.3333333333333333,0.6666666666666666,0.019166743718753505
CUST_04679,96.0,0.0,2,96,0.020618556701030927,334,1,0.0,45,Female,Istanbul,225.66,112.83,120.24,4,2.0,12.51,0.5,0.5,0.5,0.11087476636643831
CUST_04680,76.25,71.94152718238148,5,305,0.016339869281045753,115,0,0.9434954260837515,38,Female,Bursa,3109.19,621.838,1178.42,16,3.2,43.18,0.4,0.4,0.8,0.06943930723204547
CUST_04681,86.5,89.6418800933284,5,346,0.01440922190201729,46,0,1.0363223012370648,32,Female,Eskisehir,570.76,114.152,184.65,14,2.8,5.532,0.6,0.4,0.6,0.04846169976468481
CUST_04682,55.57142857142857,51.67480734638219,8,389,0.020512820512820513,17,0,0.9298808352583792,28,Female,Gaziantep,4057.1200000000003,507.14000000000004,2060.88,19,2.375,28.77,0.25,0.375,0.625,0.056729896957980246
CUST_04683,66.5,51.61879502661797,3,133,0.022388059701492536,191,0,0.7762224699307594,52,Male,Eskisehir,2643.35,881.1166666666667,1787.0,10,3.3333333333333335,40.88333333333333,0.3333333333333333,0.6666666666666666,0.6666666666666666,0.04639945518406629
CUST_04684,194.0,0.0,2,194,0.010256410256410256,110,1,0.0,26,Female,Eskisehir,791.4100000000001,395.70500000000004,466.49,4,2.0,8.855,1.0,0.5,1.0,0.022377781371532374
CUST_04685,36.6,32.82224855185884,6,183,0.03260869565217391,129,0,0.8967827228162875,22,Female,Izmir,7610.18,1268.3633333333335,4251.21,17,2.8333333333333335,28.688333333333333,0.3333333333333333,0.3333333333333333,0.3333333333333333,0.022618387457890566
CUST_04686,336.0,0.0,2,336,0.005934718100890208,86,1,0.0,42,Male,Antalya,224.23,112.115,144.57,3,1.5,3.58,0.5,0.5,0.5,0.03193149862256167
CUST_04687,58.666666666666664,22.501851775650227,4,176,0.022598870056497175,93,0,0.3835542850925445,25,Female,Istanbul,1958.86,489.715,1375.83,15,3.75,112.20750000000001,0.25,0.5,0.75,0.22912816591460716
CUST_04688,40.875,16.957404619474392,9,327,0.027439024390243903,2,0,0.4148600417031034,23,Female,Izmir,5376.49,597.3877777777777,1253.06,32,3.5555555555555554,35.8811111111111,0.2222222222222222,0.5555555555555556,0.5555555555555556,0.06006334978014091
CUST_04689,77.0,89.09545442950498,3,154,0.01935483870967742,238,0,1.1570838087327426,18,Male,Gaziantep,1234.68,411.56,811.73,9,3.0,75.64333333333333,0.6666666666666666,0.6666666666666666,1.0,0.18379661082111168
CUST_04690,45.5,34.1425582772335,9,364,0.024657534246575342,86,0,0.7503858797109367,29,Female,Izmir,22667.870000000003,2518.6522222222225,8033.0,24,2.6666666666666665,139.27222222222224,0.5555555555555556,0.3333333333333333,0.5555555555555556,0.05529632909939633
CUST_04691,129.33333333333334,74.09678355592322,4,388,0.010282776349614395,46,0,0.5729132704871903,34,Male,Adana,4206.95,1051.7375,3456.04,7,1.75,0.0,0.25,0.5,0.75,0.0
CUST_04692,86.5,76.77021992066108,5,346,0.01440922190201729,50,0,0.8875169830421282,37,Male,Adana,2814.62,562.924,1358.92,11,2.2,17.066,0.2,0.4,0.8,0.030316703444307397
CUST_04693,29.0,0.0,2,29,0.06666666666666667,408,1,0.0,46,Female,Ankara,3121.02,1560.51,1838.82,8,4.0,0.0,0.5,0.5,1.0,0.0
CUST_04694,215.0,0.0,2,215,0.009259259259259259,123,1,0.0,41,Male,Konya,574.38,287.19,502.89,4,2.0,0.0,0.5,0.5,1.0,0.0
CUST_04695,60.142857142857146,44.860630740953596,8,421,0.018957345971563982,4,0,0.7459012113191608,32,Male,Izmir,3487.2400000000002,435.90500000000003,1482.6,27,3.375,0.96875,0.375,0.375,0.5,0.0022223879005233067
CUST_04696,98.5,112.5892238774801,5,394,0.012658227848101266,47,0,1.1430377942582974,32,Male,Istanbul,6778.6900000000005,1355.738,4123.46,12,2.4,202.952,0.4,0.8,0.4,0.14969854046305514
CUST_04697,69.5,47.28988616325201,5,278,0.017921146953405017,6,0,0.6804300069470791,41,Male,Konya,8195.05,1639.0099999999998,4474.44,14,2.8,21.266,0.4,0.6,0.8,0.012974905575332117
CUST_04698,272.0,0.0,2,272,0.007326007326007326,100,1,0.0,50,Female,Izmir,1094.36,547.18,764.06,7,3.5,0.0,0.5,0.5,0.5,0.0
CUST_04699,46.166666666666664,27.823850680067032,7,277,0.025179856115107913,31,0,0.6026826731563399,36,Female,Adana,11748.61,1678.3728571428571,10405.27,10,1.4285714285714286,218.8342857142857,0.2857142857142857,0.2857142857142857,0.7142857142857143,0.13038478586720526
CUST_04700,143.0,199.4041122946064,3,286,0.010452961672473868,122,0,1.394434341959245,29,Female,Bursa,343.45000000000005,114.48333333333335,201.27,7,2.3333333333333335,17.016666666666666,0.6666666666666666,0.6666666666666666,0.6666666666666666,0.14863881075581178
CUST_04701,61.142857142857146,50.611028348337186,8,428,0.018648018648018648,6,0,0.827750450103054,23,Female,Ankara,33304.59,4163.07375,17035.5,28,3.5,139.98,0.25,0.75,0.625,0.0336241941345324
CUST_04702,28.5,19.091883092036785,3,57,0.05172413793103448,368,0,0.6698906113033745,18,Male,Gaziantep,579.48,193.16,287.02,3,1.0,19.973333333333333,0.3333333333333333,0.3333333333333333,0.6666666666666666,0.10340305047592815
CUST_04703,118.5,3.5355339059327378,3,237,0.012605042016806723,73,0,0.029835728912211045,42,Female,Bursa,24366.06,8122.02,23325.5,12,4.0,79.98,0.3333333333333333,0.6666666666666666,1.0,0.00984730399459158
CUST_04704,35.285714285714285,29.590056244816918,8,247,0.03225806451612903,99,0,0.8385845661685283,41,Female,Ankara,12610.73,1576.34125,10283.24,28,3.5,132.85375,0.25,0.375,0.5,0.08427981562730796
CUST_04705,197.0,277.18585822512665,3,394,0.007594936708860759,37,0,1.4070348061832074,41,Female,Istanbul,25699.33,8566.443333333335,22023.9,13,4.333333333333333,34.31666666666667,0.3333333333333333,1.0,0.6666666666666666,0.004005941010445882
CUST_04706,58.8,77.7348055892597,6,294,0.020338983050847456,96,0,1.3220204807353608,33,Female,Konya,10633.67,1772.2783333333334,4219.04,17,2.8333333333333335,26.88,0.3333333333333333,0.5,0.6666666666666666,0.015166917904072486
CUST_04707,115.33333333333333,118.74482444861896,4,346,0.011527377521613832,76,0,1.0295793938067015,51,Female,Istanbul,2439.42,609.855,1256.24,12,3.0,56.550000000000004,0.5,0.5,0.5,0.0927269595350912
CUST_04708,85.0,36.71511950137164,4,255,0.015625,156,0,0.43194257728740076,29,Female,Konya,1464.94,366.235,786.15,12,3.0,29.927500000000002,0.25,0.5,0.75,0.08171665711437559
CUST_04709,36.5,31.649117944528356,5,146,0.034013605442176874,250,0,0.8670990980117605,46,Male,Ankara,2390.0,478.0,636.88,17,3.4,6.986,0.4,0.2,0.8,0.014615062730930831
CUST_04710,46.714285714285715,23.492653360247793,8,327,0.024390243902439025,99,0,0.5029008256924428,34,Female,Antalya,13363.189999999999,1670.3987499999998,4678.09,30,3.75,168.865,0.375,0.625,0.5,0.1010926282714875
CUST_04711,160.5,200.11121907579295,3,321,0.009316770186335404,126,0,1.2467988649781563,27,Male,Kayseri,1139.69,379.8966666666667,593.03,7,2.3333333333333335,55.919999999999995,0.3333333333333333,1.0,1.0,0.14719792185454483
CUST_04712,54.285714285714285,30.71760779376266,8,380,0.02099737532808399,23,0,0.5658506594615369,42,Male,Istanbul,13806.669999999998,1725.8337499999998,11649.05,19,2.375,4.80375,0.25,0.375,0.75,0.002783437279063851
CUST_04713,147.5,197.28279195104676,3,295,0.010135135135135136,23,0,1.3375104448375343,39,Male,Bursa,3095.95,1031.9833333333333,1527.25,6,2.0,81.86333333333333,0.6666666666666666,0.6666666666666666,0.6666666666666666,0.0793262164317968
CUST_04714,28.0,32.526911934581186,3,56,0.05263157894736842,67,0,1.1616753847466357,39,Male,Adana,1593.0,531.0,1035.7,9,3.0,7.903333333333333,0.6666666666666666,0.3333333333333333,0.6666666666666666,0.014883866889735342
CUST_04715,37.8,13.881642554107206,6,189,0.031578947368421054,39,0,0.3672392112928041,35,Male,Adana,4527.96,754.66,1980.71,17,2.8333333333333335,65.455,0.3333333333333333,0.5,0.3333333333333333,0.08673442333403861
CUST_04716,38.4,26.14000765110829,6,192,0.031088082901554404,97,0,0.6807293481869517,34,Male,Bursa,1937.49,322.915,699.39,23,3.8333333333333335,29.021666666666665,0.5,0.3333333333333333,0.5,0.08987401197464549
CUST_04717,38.5,28.44585499974762,11,385,0.02849740932642487,46,0,0.738853357425825,63,Female,Antalya,10300.15,936.3772727272727,5036.16,36,3.272727272727273,20.234545454545454,0.36363636363636365,0.36363636363636365,0.7272727272727273,0.021609394014873246
CUST_04718,132.66666666666666,50.658990646610135,4,398,0.010025062656641603,47,0,0.38185168541275216,49,Female,Adana,3082.87,770.7175,1828.05,11,2.75,0.93,0.5,0.75,0.75,0.001206667811219198
CUST_04719,92.0,18.027756377319946,4,276,0.01444043321299639,93,0,0.19595387153658778,43,Other,Gaziantep,9287.77,2321.9425,4645.2,9,2.25,189.285,0.5,0.5,0.5,0.08152010651361086
CUST_04720,39.0,14.142135623730951,3,78,0.0379746835443038,227,0,0.3626188528490282,36,Male,Adana,992.6300000000001,330.8766666666667,607.14,7,2.3333333333333335,9.843333333333334,0.3333333333333333,0.3333333333333333,0.6666666666666666,0.02974925189723486
CUST_04721,53.75,74.71804142431542,9,430,0.02088167053364269,2,0,1.3901030704039508,47,Female,Ankara,4905.5599999999995,545.0622222222222,1486.3,22,2.4444444444444446,2.9000000000000004,0.2222222222222222,0.3333333333333333,0.5555555555555556,0.005320493471105351
CUST_04722,99.5,83.06021911842033,5,398,0.012531328320802004,17,0,0.8347760631522038,41,Female,Eskisehir,5068.04,1013.608,2018.6,18,3.6,36.514,0.4,0.6,0.8,0.03602378825342363
CUST_04723,31.666666666666668,16.74315780649915,4,95,0.041666666666666664,255,0,0.5287312824558273,35,Male,Izmir,6082.33,1520.5825,5003.97,12,3.0,347.0,0.5,0.5,0.75,0.2282020211148017
CUST_04724,46.25,39.611506264864865,9,370,0.02425876010781671,67,0,0.8564649818032407,31,Female,Istanbul,8342.36,926.928888888889,3911.91,24,2.6666666666666665,36.245555555555555,0.2222222222222222,0.4444444444444444,0.4444444444444444,0.039102843757410896
CUST_04725,58.714285714285715,40.7582886691541,8,411,0.019417475728155338,17,0,0.6941800871650075,34,Female,Ankara,8480.039999999999,1060.0049999999999,4650.5,18,2.25,112.08999999999999,0.5,0.375,0.5,0.10574478412295717
CUST_04726,106.5,105.35891039679558,3,213,0.014018691588785047,193,0,0.9892855343428173,18,Male,Istanbul,11292.38,3764.1266666666666,9812.56,13,4.333333333333333,0.0,0.3333333333333333,1.0,0.6666666666666666,0.0
CUST_04727,113.0,46.66904755831214,3,226,0.013215859030837005,2,0,0.41300041721514796,37,Female,Istanbul,3585.48,1195.16,1652.48,10,3.3333333333333335,99.5,0.6666666666666666,0.6666666666666666,1.0,0.08325245148494556
CUST_04728,105.33333333333333,112.30464519926738,4,316,0.012618296529968454,75,0,1.0661833303773802,29,Female,Ankara,14660.02,3665.005,5301.81,13,3.25,0.0,0.5,0.5,0.5,0.0
CUST_04729,13.0,0.0,2,13,0.14285714285714285,205,1,0.0,54,Male,Istanbul,3570.88,1785.44,1991.83,5,2.5,244.645,0.5,0.5,0.5,0.13702224654033612
CUST_04730,93.0,112.74307074051158,4,279,0.014285714285714285,103,0,1.2122910701959195,35,Male,Antalya,1955.68,488.92,1091.48,12,3.0,15.302499999999998,0.25,0.5,0.5,0.031298576390209894
CUST_04731,87.5,62.932503525602726,3,175,0.017045454545454544,96,0,0.7192286035014186,20,Male,Istanbul,3878.3300000000004,1292.7766666666669,2847.03,10,3.3333333333333335,31.473333333333333,0.3333333333333333,0.6666666666666666,0.6666666666666666,0.024345530144924073
CUST_04732,37.111111111111114,25.126900149264554,10,334,0.029850746268656716,88,0,0.6770721414662626,34,Male,Istanbul,9487.93,948.793,5231.36,24,2.4,42.755,0.2,0.5,0.6,0.04506251622317775
CUST_04733,156.0,0.0,2,156,0.012738853503184714,136,1,0.0,22,Female,Istanbul,2261.61,1130.805,1901.65,9,4.5,0.0,0.5,0.5,0.5,0.0
CUST_04734,46.75,50.155591246971994,5,187,0.026595744680851064,42,0,1.0728468486443883,40,Female,Istanbul,4402.5199999999995,880.5039999999999,1561.1,14,2.8,49.410000000000004,0.4,0.4,0.8,0.05611558828112583
CUST_04735,321.0,0.0,2,321,0.006211180124223602,71,1,0.0,38,Male,Ankara,950.59,475.295,828.99,3,1.5,42.66,0.5,0.5,0.5,0.08975478368222937
CUST_04736,47.5,50.52062285179522,5,190,0.02617801047120419,114,0,1.0635920376463828,46,Female,Bursa,4036.02,807.204,1903.28,8,1.6,118.404,0.2,0.6,0.6,0.14668410941139526
CUST_04737,75.0,49.63365793491348,6,375,0.015957446808510637,71,0,0.6617820969750852,25,Male,Eskisehir,8319.029999999999,1386.5049999999999,4276.61,23,3.8333333333333335,206.54166666666666,0.3333333333333333,0.3333333333333333,0.8333333333333334,0.14896568459378146
CUST_04738,146.5,139.30003589374985,3,293,0.01020408163265306,116,0,0.9508534808388831,35,Male,Konya,4906.45,1635.4833333333333,2590.32,9,3.0,56.65,0.6666666666666666,0.3333333333333333,1.0,0.034638078426578435
CUST_04739,130.33333333333334,98.45980567385521,4,391,0.01020408163265306,19,0,0.755446073542781,18,Male,Konya,901.9100000000001,225.47750000000002,688.1,10,2.5,0.7725,0.25,0.5,0.5,0.0034260624522355334
CUST_04740,116.0,52.20153254455275,4,348,0.011461318051575931,96,0,0.4500132077115478,43,Female,Istanbul,3633.0,908.25,2456.66,11,2.75,0.8425,0.25,0.5,0.5,0.0009276080364133135
CUST_04741,79.8,47.49421017345167,6,399,0.015,48,0,0.5951655335624829,41,Male,Ankara,1603.6100000000001,267.2683333333334,568.25,19,3.1666666666666665,8.023333333333333,0.5,0.5,0.8333333333333334,0.030019767786357898
CUST_04742,103.5,112.42997820866105,3,207,0.014423076923076924,197,0,1.0862799721969187,40,Male,Istanbul,3287.6800000000003,1095.8933333333334,2838.05,9,3.0,31.246666666666666,0.3333333333333333,1.0,0.6666666666666666,0.028512507273962935
CUST_04743,73.75,45.39732003837524,5,295,0.016891891891891893,82,0,0.6155568735297406,35,Male,Adana,4353.88,870.7760000000001,1324.07,16,3.2,123.428,0.4,0.4,0.8,0.1417448343296728
CUST_04744,309.0,0.0,2,309,0.0064516129032258064,136,1,0.0,39,Female,Istanbul,77.4,38.7,44.85,2,1.0,4.395,1.0,1.0,1.0,0.11356588853834912
CUST_04745,174.0,0.0,2,174,0.011428571428571429,193,1,0.0,54,Other,Bursa,1204.95,602.475,1086.3,6,3.0,0.0,0.5,0.5,0.5,0.0
CUST_04746,49.0,20.503658210182884,7,294,0.023728813559322035,129,0,0.41844199574981406,31,Male,Istanbul,5271.8099999999995,753.1157142857143,3329.6,18,2.5714285714285716,9.684285714285716,0.42857142857142855,0.8571428571428571,0.7142857142857143,0.012858961136684988
CUST_04747,103.0,69.29646455628166,3,206,0.014492753623188406,219,0,0.6727812027524317,36,Male,Istanbul,3163.05,1054.3500000000001,1959.12,8,2.6666666666666665,74.29666666666667,0.6666666666666666,0.3333333333333333,0.6666666666666666,0.07046679622155817
CUST_04748,72.5,76.86134702610062,5,290,0.01718213058419244,79,0,1.0601564960819878,21,Female,Eskisehir,5586.96,1117.392,3986.65,8,1.6,13.238,0.4,0.4,0.4,0.011847229967775649
CUST_04749,43.8,36.14830563110808,6,219,0.02727272727272727,133,0,0.8253037626895964,24,Female,Adana,6742.89,1123.815,3996.69,13,2.1666666666666665,77.84333333333333,0.5,0.5,0.5,0.06926703528967516
CUST_04750,72.33333333333333,58.054572027819944,4,217,0.01834862385321101,50,0,0.8025977588740395,36,Male,Gaziantep,7186.540000000001,1796.6350000000002,4768.0,16,4.0,0.0,0.5,0.5,0.5,0.0
CUST_04751,128.66666666666666,193.5389710971238,4,386,0.0103359173126615,19,0,1.5041888828466445,48,Female,Bursa,3606.8500000000004,901.7125000000001,1733.19,14,3.5,26.597499999999997,0.5,0.5,0.5,0.0294966521707344
CUST_04752,40.142857142857146,34.04618711607596,8,281,0.028368794326241134,73,0,0.8481256365681575,31,Female,Konya,2352.03,294.00375,790.92,23,2.875,18.71,0.375,0.5,0.625,0.06363864384845892
CUST_04753,99.75,118.32265210009452,5,399,0.0125,33,0,1.186191989111805,32,Male,Antalya,11183.84,2236.768,6365.41,16,3.2,61.06400000000001,0.4,0.6,0.6,0.02730010442419594
CUST_04754,88.25,40.475301110677364,5,353,0.014124293785310734,12,0,0.45864363345080716,30,Female,Kayseri,2417.73,483.546,1648.89,15,3.0,15.642,0.4,0.8,0.6,0.03234852520267249
CUST_04755,70.16666666666667,38.97392290579262,7,421,0.016587677725118485,9,0,0.5554478244704721,28,Female,Ankara,18214.34,2602.0485714285714,10013.25,23,3.2857142857142856,221.76142857142855,0.2857142857142857,0.42857142857142855,0.5714285714285714,0.08522570674553237
CUST_04756,172.5,171.82694782833104,3,345,0.008670520231213872,41,0,0.9960982425056975,38,Female,Bursa,12312.6,4104.2,12054.09,9,3.0,1094.0766666666666,0.3333333333333333,0.6666666666666666,0.6666666666666666,0.2665748906973568
CUST_04757,188.5,167.58430714121175,3,377,0.007936507936507936,67,0,0.8890414124783572,18,Male,Antalya,1150.6599999999999,383.5533333333333,896.18,6,2.0,0.0,0.3333333333333333,1.0,1.0,0.0
CUST_04758,136.0,107.67079455451233,4,408,0.009779951100244499,19,0,0.7916970129618773,50,Male,Ankara,16671.68,4167.92,13760.0,8,2.0,0.0,0.5,0.5,0.75,0.0
CUST_04759,73.2,118.18079370185326,6,366,0.01634877384196185,3,0,1.614491695182535,27,Male,Konya,3582.04,597.0066666666667,1603.7,21,3.5,77.78333333333333,0.3333333333333333,0.6666666666666666,0.5,0.13028888544468142
CUST_04760,46.5,42.4864684340791,7,279,0.025,34,0,0.9136874735568092,43,Male,Eskisehir,8054.9,1150.7,5142.16,13,1.8571428571428572,238.93285714285713,0.2857142857142857,0.5714285714285714,0.7142857142857143,0.20764131131938454
CUST_04761,37.0,22.172054483064937,7,222,0.03139013452914798,75,0,0.5992446995627092,19,Female,Izmir,16644.31,2377.7585714285715,9383.04,18,2.5714285714285716,27.445714285714285,0.2857142857142857,0.42857142857142855,0.5714285714285714,0.011542683350598566
CUST_04762,87.0,97.87236586493657,4,261,0.015267175572519083,129,0,1.1249697096547915,43,Female,Ankara,3970.21,992.5525,2542.04,11,2.75,43.9975,0.5,0.5,0.5,0.04432762997994803
CUST_04763,73.33333333333333,46.45786621588785,4,220,0.01809954751131222,56,0,0.6335163488505205,43,Female,Izmir,6262.78,1565.695,3635.2,10,2.5,53.275,0.25,0.75,0.5,0.034026422748985964
CUST_04764,29.166666666666668,21.42350733812432,7,175,0.03977272727272727,270,0,0.7345202264092832,39,Other,Konya,2003.31,286.1871428571429,578.18,17,2.4285714285714284,15.422857142857143,0.42857142857142855,0.5714285714285714,0.7142857142857143,0.05389081051997161
CUST_04765,80.6,62.151427980377086,6,403,0.01485148514851485,10,0,0.7711095187254041,23,Male,Antalya,11617.75,1936.2916666666667,8740.18,13,2.1666666666666665,225.52833333333334,0.3333333333333333,0.6666666666666666,0.6666666666666666,0.1164743602936157
CUST_04766,31.333333333333332,31.116983572747966,7,188,0.037037037037037035,28,0,0.9930951887123227,37,Female,Istanbul,20440.05,2920.0071428571428,11617.25,29,4.142857142857143,77.58714285714287,0.2857142857142857,0.42857142857142855,0.42857142857142855,0.026570874328291954
CUST_04767,47.875,57.84816949814155,9,383,0.0234375,48,0,1.2083168311190542,20,Female,Bursa,13945.949999999999,1549.55,10287.74,29,3.2222222222222223,221.55777777777777,0.3333333333333333,0.4444444444444444,0.6666666666666666,0.14298201260675406
CUST_04768,108.33333333333333,20.305992547357377,4,325,0.012269938650306749,71,0,0.18743992947616106,31,Male,Istanbul,745.3,186.325,454.6,12,3.0,8.805,0.75,0.5,0.5,0.04725613821410901
CUST_04769,112.0,82.02438661763951,3,224,0.013333333333333334,182,0,0.7323605882614189,47,Female,Adana,2970.3199999999997,990.1066666666666,2577.6,12,4.0,0.0,0.3333333333333333,0.6666666666666666,0.6666666666666666,0.0
CUST_04770,92.33333333333333,12.858201014657272,4,277,0.014388489208633094,141,0,0.13925849323536585,44,Male,Ankara,2146.2400000000002,536.5600000000001,1697.9,11,2.75,12.195,0.5,0.5,0.5,0.022728119832398763
CUST_04771,31.666666666666668,29.36551265231604,4,95,0.041666666666666664,221,0,0.9273319492100238,35,Female,Izmir,930.5600000000001,232.64000000000001,497.16,10,2.5,1.9425,0.5,0.5,0.5,0.008349810830683412
CUST_04772,67.6,49.39939270881779,6,338,0.017699115044247787,2,0,0.7307602363617982,23,Female,Gaziantep,778.35,129.725,362.45,16,2.6666666666666665,21.081666666666667,0.3333333333333333,0.3333333333333333,0.5,0.16251043749590466
CUST_04773,285.0,0.0,2,285,0.006993006993006993,155,1,0.0,42,Male,Istanbul,687.97,343.985,457.02,8,4.0,0.0,0.5,1.0,0.5,0.0
CUST_04774,80.8,56.71595895336691,6,404,0.014814814814814815,14,0,0.7019301763791675,35,Female,Istanbul,3638.91,606.485,1402.67,12,2.0,43.67666666666667,0.3333333333333333,0.3333333333333333,0.5,0.07201607062771642
CUST_04775,124.66666666666667,167.58977693562736,4,374,0.010666666666666666,37,0,1.3443030127646338,18,Female,Ankara,3437.54,859.385,2293.62,12,3.0,5.505,0.75,0.5,0.75,0.00640574363480193
CUST_04776,43.4,37.340326725940685,6,217,0.027522935779816515,77,0,0.8603761720176156,44,Male,Istanbul,3695.63,615.9383333333334,2218.9,18,3.0,41.218333333333334,0.3333333333333333,0.5,0.5,0.06691957787940961
CUST_04777,38.111111111111114,43.95009796474987,10,343,0.029069767441860465,76,0,1.1532095373290467,34,Male,Ankara,2007.4,200.74,551.96,25,2.5,10.706999999999999,0.3,0.4,0.6,0.05333765042673283
CUST_04778,61.333333333333336,77.11247197006028,4,184,0.021621621621621623,5,0,1.2572685442303002,49,Male,Eskisehir,12789.33,3197.3325,11157.58,14,3.5,684.405,0.5,0.75,0.5,0.21405499734104758
CUST_04779,87.33333333333333,62.93912402737532,4,262,0.015209125475285171,164,0,0.7206769844278436,21,Female,Gaziantep,11556.619999999999,2889.1549999999997,5250.08,11,2.75,140.495,0.5,0.5,0.5,0.04862840517430585
CUST_04780,38.0,0.0,2,38,0.05128205128205128,384,1,0.0,18,Female,Konya,639.55,319.775,482.02,6,3.0,18.88,0.5,0.5,1.0,0.059041513379590294
CUST_04781,230.0,0.0,2,230,0.008658008658008658,195,1,0.0,38,Female,Kayseri,1919.13,959.565,1803.9,6,3.0,0.0,0.5,0.5,1.0,0.0
CUST_04782,80.25,65.58137438836324,5,321,0.015527950310559006,11,0,0.8172133778336432,38,Female,Ankara,4843.02,968.604,1704.75,18,3.6,0.0,0.2,0.2,0.6,0.0
CUST_04783,64.6,25.95765782962708,6,323,0.018518518518518517,86,0,0.4018213224118539,18,Female,Ankara,2890.77,481.795,1353.28,16,2.6666666666666665,11.221666666666666,0.16666666666666666,0.3333333333333333,0.6666666666666666,0.023291372146608605
CUST_04784,105.0,0.0,2,105,0.018867924528301886,260,1,0.0,23,Male,Istanbul,1379.53,689.765,1131.33,9,4.5,105.275,0.5,0.5,0.5,0.15262444433593406
CUST_04785,106.33333333333333,25.106440076867393,4,319,0.0125,77,0,0.23611071950554868,68,Female,Gaziantep,6457.700000000001,1614.4250000000002,2637.92,10,2.5,36.4675,0.5,0.75,0.5,0.022588537700674517
CUST_04786,85.0,0.0,2,85,0.023255813953488372,285,1,0.0,31,Male,Antalya,3055.48,1527.74,2882.32,7,3.5,0.0,0.5,0.5,0.5,0.0
CUST_04787,41.57142857142857,29.921325409909805,8,291,0.0273972602739726,59,0,0.7197569513095189,43,Male,Istanbul,11574.3,1446.7875,3510.16,17,2.125,119.13250000000001,0.375,0.375,0.375,0.08234277661208521
CUST_04788,55.5,48.79036790187178,3,111,0.026785714285714284,55,0,0.8791057121219112,27,Female,Ankara,2719.83,906.61,1467.52,11,3.6666666666666665,159.53333333333333,0.3333333333333333,0.6666666666666666,1.0,0.1759668800888656
CUST_04789,65.0,54.283207962192755,5,260,0.019157088122605363,138,0,0.8351262634933306,18,Male,Izmir,2349.3199999999997,469.8639999999999,973.17,13,2.6,72.21000000000001,0.4,0.4,0.4,0.15368276745253362
CUST_04790,110.0,0.0,2,110,0.018018018018018018,47,1,0.0,32,Female,Bursa,931.4100000000001,465.70500000000004,609.09,6,3.0,0.0,0.5,0.5,1.0,0.0
CUST_04791,31.0,14.142135623730951,3,62,0.047619047619047616,84,0,0.4561979086300981,31,Female,Konya,4909.5,1636.5,2321.49,10,3.3333333333333335,40.0,1.0,0.3333333333333333,0.6666666666666666,0.024442407562210566
CUST_04792,73.0,25.93581821856921,5,292,0.017064846416382253,80,0,0.35528517620937033,30,Male,Ankara,7431.09,1486.218,2685.95,20,4.0,0.0,0.4,0.6,0.6,0.0
CUST_04793,42.333333333333336,25.672293755460704,7,254,0.027450980392156862,137,0,0.6064321216305965,33,Male,Konya,2767.62,395.3742857142857,1740.87,18,2.5714285714285716,27.754285714285714,0.2857142857142857,0.42857142857142855,0.8571428571428571,0.07019749803391272
CUST_04794,33.1,26.838819314981468,11,331,0.03313253012048193,3,0,0.8108404381915719,38,Female,Izmir,24153.69,2195.79,12655.5,36,3.272727272727273,128.26727272727274,0.2727272727272727,0.5454545454545454,0.6363636363636364,0.058415091000896105
CUST_04795,98.33333333333333,107.43525181863414,4,295,0.013513513513513514,71,0,1.0925618717905656,33,Female,Adana,7222.28,1805.57,4403.48,11,2.75,0.0,0.25,0.25,0.5,0.0
CUST_04796,39.0,0.0,2,39,0.05,151,1,0.0,19,Male,Kayseri,1705.29,852.645,1657.85,2,1.0,0.0,0.5,0.5,0.5,0.0
CUST_04797,44.625,35.75287201250911,9,357,0.025139664804469275,92,0,0.8011847890492845,40,Male,Konya,5306.29,589.5877777777778,2185.34,26,2.888888888888889,56.74555555555556,0.2222222222222222,0.5555555555555556,0.7777777777777778,0.09624615298707472
CUST_04798,40.9,38.17634520659794,11,409,0.026829268292682926,19,0,0.9334069504447675,18,Female,Istanbul,26755.190000000002,2432.2900000000004,12755.18,42,3.8181818181818183,125.5281818181818,0.36363636363636365,0.5454545454545454,0.5454545454545454,0.0516090522785411
CUST_04799,42.7,28.394248243849198,11,427,0.02570093457943925,11,0,0.6649706692945792,18,Female,Istanbul,4756.6,432.41818181818184,1188.88,23,2.090909090909091,10.7,0.2727272727272727,0.45454545454545453,0.5454545454545454,0.024744565388683044
CUST_04800,55.666666666666664,43.32974344104367,7,334,0.020895522388059702,8,0,0.778378610706558,43,Male,Izmir,23184.29,3312.0414285714287,13773.52,28,4.0,0.9542857142857143,0.42857142857142855,0.5714285714285714,0.5714285714285714,0.0002881261405021727
CUST_04801,207.0,0.0,2,207,0.009615384615384616,237,1,0.0,41,Male,Izmir,3061.21,1530.605,2032.6,5,2.5,43.755,0.5,0.5,0.5,0.02858673529187038
CUST_04802,66.66666666666667,65.24824390995771,4,200,0.01990049751243781,125,0,0.978723643968511,34,Female,Antalya,988.7099999999999,247.17749999999998,449.32,7,1.75,29.815,0.5,0.5,0.75,0.12062181986377475
CUST_04803,105.25,37.77455051574627,5,421,0.011848341232227487,6,0,0.35890308937618226,18,Female,Kayseri,2863.94,572.788,1425.99,16,3.2,99.708,0.4,0.6,0.6,0.1740748755663965
CUST_04804,91.0,0.0,2,91,0.021739130434782608,209,1,0.0,26,Other,Istanbul,205.14,102.57,106.02,3,1.5,4.065,0.5,0.5,0.5,0.039631470804021934
CUST_04805,80.0,110.39474625180313,4,240,0.016597510373443983,24,0,1.3799343108983602,31,Female,Izmir,2592.3,648.075,2205.28,9,2.25,75.4675,0.5,0.75,0.75,0.11644871331798215
CUST_04806,77.0,50.08991914547278,4,231,0.017241379310344827,45,0,0.6505184220123943,18,Female,Istanbul,2085.28,521.32,1748.24,10,2.5,10.260000000000002,0.25,0.5,0.75,0.01968081021314968
CUST_04807,164.0,110.30865786510141,3,328,0.00911854103343465,46,0,0.6726137633688272,26,Male,Konya,8700.49,2900.1633333333334,6515.0,9,3.0,0.0,0.3333333333333333,0.6666666666666666,0.6666666666666666,0.0
CUST_04808,32.0,0.0,2,32,0.06060606060606061,327,1,0.0,42,Female,Eskisehir,544.6899999999999,272.34499999999997,483.95,6,3.0,0.0,1.0,0.5,1.0,0.0
CUST_04809,137.0,76.36753236814714,3,274,0.01090909090909091,11,0,0.5574272394943058,52,Male,Izmir,692.5,230.83333333333334,337.05,3,1.0,4.003333333333333,0.3333333333333333,0.6666666666666666,0.6666666666666666,0.017342960213676706
CUST_04810,34.333333333333336,3.214550253664319,4,103,0.038461538461538464,329,0,0.0936276745641741,29,Female,Istanbul,2222.37,555.5925,1085.86,8,2.0,13.7575,0.5,0.5,0.5,0.024761853292184735
CUST_04811,60.666666666666664,51.07184482014854,4,182,0.02185792349726776,167,0,0.8418435820599719,44,Male,Gaziantep,1589.1,397.275,1031.75,11,2.75,71.3775,0.5,0.5,0.75,0.17966773600234665
CUST_04812,78.4,77.15115034787232,6,392,0.015267175572519083,39,0,0.9840707827015501,18,Male,Antalya,1830.11,305.0183333333333,772.55,21,3.5,25.75,0.5,0.5,0.6666666666666666,0.0844211547357662
CUST_04813,98.5,17.67766952966369,3,197,0.015151515151515152,85,0,0.17946872436746159,42,Female,Ankara,2172.71,724.2366666666667,1104.69,7,2.3333333333333335,58.10333333333333,0.3333333333333333,0.3333333333333333,0.6666666666666666,0.08022699750970862
CUST_04814,203.0,0.0,2,203,0.00980392156862745,71,1,0.0,25,Female,Konya,3064.88,1532.44,2068.58,6,3.0,0.0,0.5,0.5,1.0,0.0
CUST_04815,70.66666666666667,58.38093296045665,4,212,0.018779342723004695,115,0,0.8261452660515761,38,Male,Eskisehir,1747.48,436.87,1188.18,15,3.75,6.827500000000001,0.5,0.75,0.75,0.015628218885187315
CUST_04816,94.5,108.18733752154178,3,189,0.015789473684210527,47,0,1.1448395383778016,32,Female,Bursa,2986.75,995.5833333333334,1525.76,6,2.0,0.0,0.6666666666666666,0.6666666666666666,0.6666666666666666,0.0
CUST_04817,40.0,29.785902705810344,7,240,0.029045643153526972,149,0,0.7446475490290699,50,Male,Bursa,16456.26,2350.8942857142856,9200.41,26,3.7142857142857144,442.04285714285714,0.2857142857142857,0.42857142857142855,0.5714285714285714,0.18803178843089363
CUST_04818,55.5,29.091808698211487,5,222,0.02242152466367713,228,0,0.5241767238564823,24,Male,Ankara,4855.5,971.1,3537.72,8,1.6,3.274,0.4,0.6,0.6,0.0033714344523000364
CUST_04819,121.66666666666667,80.78572481158619,4,365,0.01092896174863388,22,0,0.6639922532678953,42,Female,Bursa,6447.52,1611.88,3539.4,7,1.75,131.525,0.5,0.5,0.75,0.08159726525448713
CUST_04820,79.0,29.698484809834994,3,158,0.018867924528301886,179,0,0.3759301827076559,31,Male,Izmir,610.16,203.38666666666666,251.52,10,3.3333333333333335,10.633333333333333,0.3333333333333333,0.6666666666666666,0.6666666666666666,0.05228136856423871
CUST_04821,103.66666666666667,82.34277948510928,4,311,0.01282051282051282,56,0,0.7943033314225654,33,Female,Ankara,12228.36,3057.09,8182.52,10,2.5,2.34,0.25,0.5,0.75,0.0007654337946329896
CUST_04822,66.5,17.67766952966369,3,133,0.022388059701492536,287,0,0.2658296129899861,32,Male,Istanbul,3602.4,1200.8,2805.3,7,2.3333333333333335,253.46333333333334,0.3333333333333333,0.3333333333333333,0.6666666666666666,0.2110787251184665
CUST_04823,140.0,197.9898987322333,3,280,0.010676156583629894,32,0,1.4142135522715698,24,Female,Ankara,1161.1,387.0333333333333,875.72,4,1.3333333333333333,7.31,0.3333333333333333,0.3333333333333333,0.6666666666666666,0.018887262030262867
CUST_04824,52.857142857142854,37.91845887967394,8,370,0.0215633423180593,28,0,0.7173762355029296,34,Female,Istanbul,6302.5599999999995,787.8199999999999,2245.12,31,3.875,60.7675,0.25,0.375,0.5,0.07713373603471131
CUST_04825,112.66666666666667,130.72617692464402,4,338,0.011799410029498525,73,0,1.1602915008670343,34,Male,Bursa,561.62,140.405,318.77,8,2.0,19.970000000000002,0.5,0.5,0.5,0.14223140100258966
CUST_04826,195.0,101.82337649086284,3,390,0.0076726342710997444,35,0,0.5221711588138035,37,Male,Bursa,2124.9,708.3000000000001,1317.68,3,1.0,75.18666666666667,0.3333333333333333,0.6666666666666666,1.0,0.10615087753849468
CUST_04827,107.66666666666667,35.90728802532062,4,323,0.012345679012345678,4,0,0.3335042200478303,36,Female,Bursa,10085.95,2521.4875,4883.52,12,3.0,41.3475,0.5,0.25,0.5,0.01639805867909396
CUST_04828,57.166666666666664,92.77158329287404,7,343,0.020348837209302327,46,0,1.6228265015168668,44,Female,Ankara,2355.94,336.5628571428571,917.52,20,2.857142857142857,9.608571428571429,0.42857142857142855,0.2857142857142857,0.5714285714285714,0.02854911406918521
CUST_04829,59.0,76.36753236814714,3,118,0.025210084033613446,193,0,1.2943649334539358,46,Male,Izmir,714.72,238.24,494.05,8,2.6666666666666665,9.796666666666667,0.3333333333333333,0.6666666666666666,0.6666666666666666,0.04112099826034951
CUST_04830,83.0,53.68426212587819,5,332,0.015015015015015015,106,0,0.6467983310732514,22,Female,Gaziantep,3981.04,796.208,1562.19,9,1.8,32.174,0.4,0.6,0.4,0.040409038793369274
CUST_04831,101.5,54.44722215136416,3,203,0.014705882352941176,221,0,0.5364258287186042,45,Male,Izmir,1702.48,567.4933333333333,1168.95,4,1.3333333333333333,0.0,0.3333333333333333,1.0,0.6666666666666666,0.0
CUST_04832,65.0,50.34381789256751,6,325,0.018404907975460124,34,0,0.774520263354573,20,Male,Eskisehir,1868.8000000000002,311.4666666666667,770.2,21,3.5,25.23,0.3333333333333333,0.5,0.6666666666666666,0.08100385247965372
CUST_04833,37.9,23.61473174854111,11,379,0.02894736842105263,59,0,0.623079976925096,42,Female,Izmir,7208.139999999999,655.2854545454545,1651.59,36,3.272727272727273,48.63272727272727,0.2727272727272727,0.5454545454545454,0.5454545454545454,0.07421609446870107
CUST_04834,187.0,1.4142135623730951,3,374,0.008,39,0,0.007562639330537197,42,Male,Antalya,1061.3,353.76666666666665,452.52,7,2.3333333333333335,39.32,0.6666666666666666,0.6666666666666666,0.6666666666666666,0.11114670655475349
CUST_04835,75.5,67.70770512529081,5,302,0.0165016501650165,105,0,0.8967907844834442,18,Female,Istanbul,1271.04,254.208,335.17,10,2.0,28.762,0.6,0.4,0.6,0.11314356702722352
CUST_04836,47.22222222222222,45.64476360377436,10,425,0.023474178403755867,8,0,0.9665949734932106,36,Female,Antalya,12059.5,1205.95,7921.26,28,2.8,49.971999999999994,0.3,0.4,0.8,0.04143787052411967
CUST_04837,79.2,49.17519700011378,6,396,0.015113350125944584,47,0,0.6208989441820055,29,Female,Konya,1519.03,253.17166666666665,618.1,15,2.5,7.491666666666666,0.3333333333333333,0.5,0.8333333333333334,0.029591252195448732
CUST_04838,80.8,85.53771098176523,6,404,0.014814814814814815,11,0,1.0586350238011164,25,Female,Kayseri,4320.17,720.0283333333333,2264.27,16,2.6666666666666665,110.59666666666668,0.3333333333333333,0.5,0.6666666666666666,0.15360043680651397
CUST_04839,77.2,68.39005775695763,6,386,0.015503875968992248,1,0,0.8858815656875138,51,Female,Eskisehir,7052.69,1175.4483333333333,2950.25,15,2.5,0.0,0.3333333333333333,0.5,0.5,0.0
CUST_04840,105.66666666666667,37.20663023351259,4,317,0.012578616352201259,33,0,0.35211321654321176,27,Female,Ankara,6161.94,1540.485,3743.91,12,3.0,190.3325,0.5,0.5,0.5,0.12355362101964407
CUST_04841,136.5,187.3832970144351,3,273,0.010948905109489052,7,0,1.372771396642225,25,Female,Bursa,4174.16,1391.3866666666665,3012.69,9,3.0,0.0,0.3333333333333333,0.6666666666666666,1.0,0.0
CUST_04842,106.0,49.49747468305833,3,212,0.014084507042253521,94,0,0.46695730392548135,35,Female,Izmir,451.82,150.60666666666665,355.6,9,3.0,2.4966666666666666,0.6666666666666666,0.3333333333333333,0.3333333333333333,0.01657739796881016
CUST_04843,65.0,63.05156619783524,6,325,0.018404907975460124,1,0,0.970024080427864,43,Female,Bursa,2123.82,353.97,708.18,18,3.0,44.185,0.3333333333333333,0.5,0.5,0.12482696238430668
CUST_04844,284.0,0.0,2,284,0.007017543859649123,18,1,0.0,33,Male,Istanbul,976.11,488.055,587.1,8,4.0,15.8,0.5,0.5,0.5,0.03237340047254223
CUST_04845,82.0,133.32916660156044,5,328,0.015197568389057751,10,0,1.6259654265316466,48,Female,Konya,7657.13,1531.426,3755.41,17,3.4,151.37,0.2,0.6,0.8,0.09884251664863825
CUST_04846,73.0,41.15823125451335,5,292,0.017064846416382253,15,0,0.5638113793246846,41,Female,Konya,2044.09,408.818,605.97,10,2.0,33.839999999999996,0.4,0.6,0.4,0.08277522006669173
CUST_04847,54.714285714285715,26.361046297610454,8,383,0.020833333333333332,23,0,0.4817945710462433,18,Female,Izmir,6605.43,825.67875,3165.88,23,2.875,18.2225,0.25,0.5,0.625,0.022069721399430805
CUST_04848,89.0,21.213203435596427,3,178,0.01675977653631285,167,0,0.23835059772186326,28,Female,Ankara,823.95,274.65000000000003,675.84,6,2.0,0.9700000000000001,0.3333333333333333,0.3333333333333333,0.6666666666666666,0.003531767691491834
CUST_04849,105.5,0.7071067811865476,3,211,0.014150943396226415,6,0,0.006702433881366007,28,Female,Istanbul,2459.6600000000003,819.8866666666668,1402.92,7,2.3333333333333335,54.73000000000001,0.3333333333333333,0.6666666666666666,0.6666666666666666,0.0667531283997547
CUST_04850,95.25,56.87632782332793,5,381,0.013089005235602094,65,0,0.5971267950257336,40,Other,Antalya,1387.03,277.406,780.17,13,2.6,14.278,0.4,0.6,0.6,0.051469686843580574
CUST_04851,187.0,0.0,2,187,0.010638297872340425,262,1,0.0,18,Male,Ankara,773.91,386.955,551.05,7,3.5,0.0,0.5,0.5,1.0,0.0
CUST_04852,40.44444444444444,44.44409722086588,10,364,0.0273972602739726,51,0,1.0988924865323093,65,Female,Konya,16065.27,1606.527,12553.09,28,2.8,245.80300000000003,0.3,0.6,0.7,0.15300271943577498
CUST_04853,22.5,2.1213203435596424,3,45,0.06521739130434782,277,0,0.0942808999679441,41,Male,Antalya,13992.99,4664.33,9077.99,8,2.6666666666666665,268.95666666666665,0.6666666666666666,0.3333333333333333,0.6666666666666666,0.057662443825587856
CUST_04854,115.5,65.76093065034893,3,231,0.01293103448275862,93,0,0.5693587019999153,36,Female,Antalya,1487.28,495.76,975.09,7,2.3333333333333335,79.25,0.3333333333333333,0.3333333333333333,0.6666666666666666,0.15985557495591501
CUST_04855,52.857142857142854,47.89721137125686,8,370,0.0215633423180593,49,0,0.9061634412314972,49,Female,Bursa,5783.349999999999,722.9187499999999,1926.61,19,2.375,98.63499999999999,0.25,0.5,0.75,0.13643995243388007
CUST_04856,44.75,29.81470554385313,5,179,0.027777777777777776,186,0,0.6662503883263183,63,Male,Istanbul,1786.1200000000001,357.22400000000005,558.98,12,2.4,32.47,0.4,0.4,0.8,0.09089534832235417
CUST_04857,106.0,8.48528137423857,3,212,0.014084507042253521,72,0,0.08004982353008251,45,Male,Kayseri,9152.49,3050.83,5080.8,7,2.3333333333333335,54.43,0.6666666666666666,0.3333333333333333,1.0,0.017841046529029462
CUST_04858,63.8,74.11949810947183,6,319,0.01875,83,0,1.1617476010615084,46,Female,Antalya,3519.82,586.6366666666667,1535.56,17,2.8333333333333335,30.201666666666664,0.5,0.3333333333333333,0.6666666666666666,0.05148274618903907
CUST_04859,88.66666666666667,29.70409623828561,4,266,0.0149812734082397,182,0,0.3350086004128986,36,Male,Eskisehir,5871.65,1467.9125,2628.76,11,2.75,62.9625,0.25,0.25,0.75,0.04289254295273557
CUST_04860,38.0,30.449020626989913,9,304,0.029508196721311476,140,0,0.8012899954131558,33,Male,Bursa,3095.58,343.9533333333333,978.1,29,3.2222222222222223,0.8999999999999999,0.2222222222222222,0.4444444444444444,0.5555555555555556,0.0026166340318939563
CUST_04861,65.6,44.28656681207068,6,328,0.0182370820668693,22,0,0.675100093551381,29,Female,Adana,4454.25,742.375,1136.45,18,3.0,50.17499999999999,0.3333333333333333,0.5,0.5,0.06758713579041974
CUST_04862,73.25,86.70784278253034,5,293,0.017006802721088437,148,0,1.1837247999836933,25,Male,Istanbul,4625.3,925.0600000000001,2765.1,18,3.6,9.79,0.4,0.6,0.8,0.010583097301166303
CUST_04863,100.75,82.63725955443263,5,403,0.012376237623762377,18,0,0.8202209303643841,26,Female,Antalya,1934.15,386.83000000000004,788.9,11,2.2,1.592,0.2,0.4,1.0,0.004115502923466373
CUST_04864,158.5,221.32442251138937,3,317,0.009433962264150943,55,0,1.3963685874764717,18,Female,Adana,18160.04,6053.346666666667,12395.08,8,2.6666666666666665,0.0,0.6666666666666666,0.6666666666666666,0.3333333333333333,0.0
CUST_04865,122.0,0.0,2,122,0.016260162601626018,53,1,0.0,34,Male,Adana,5905.97,2952.985,5599.85,5,2.5,428.765,0.5,0.5,0.5,0.14519714792144317
CUST_04866,110.0,52.028838157314254,4,330,0.012084592145015106,20,0,0.472989433493862,18,Male,Adana,20016.23,5004.0575,10141.41,14,3.5,275.53999999999996,0.25,0.75,0.75,0.055063316107965714
CUST_04867,100.0,79.89993742175271,4,300,0.013289036544850499,75,0,0.7989993662275334,37,Female,Istanbul,9265.529999999999,2316.3824999999997,4738.28,13,3.25,21.82,0.75,0.5,0.75,0.009419860489612637
CUST_04868,73.0,0.0,2,73,0.02702702702702703,98,1,0.0,34,Female,Eskisehir,5324.92,2662.46,5238.95,7,3.5,57.335,0.5,0.5,0.5,0.02153459581682557
CUST_04869,60.666666666666664,55.536774603260255,4,182,0.02185792349726776,57,0,0.9154413245244879,36,Female,Eskisehir,4241.02,1060.255,3854.9,12,3.0,7.705,0.25,0.5,0.75,0.007267119695481633
CUST_04870,68.75,59.56718895499434,5,275,0.018115942028985508,43,0,0.8664318267427276,28,Female,Istanbul,8934.11,1786.8220000000001,4804.1,19,3.8,7.696,0.4,0.4,0.8,0.004307088224620534
CUST_04871,30.4,24.037470748812158,6,152,0.0392156862745098,209,0,0.790706248621905,71,Female,Kayseri,6801.17,1133.5283333333334,3634.88,18,3.0,41.75333333333333,0.3333333333333333,0.6666666666666666,0.8333333333333334,0.03683483867907888
CUST_04872,23.666666666666668,19.347695814575268,4,71,0.05555555555555555,361,0,0.8175082393126912,51,Male,Ankara,5364.29,1341.0725,3889.5,14,3.5,0.0,0.25,0.5,1.0,0.0
CUST_04873,52.5,33.8188451268562,9,420,0.021377672209026127,27,0,0.6441684663369093,20,Male,Antalya,11625.6,1291.7333333333333,3428.1,27,3.0,46.52111111111111,0.4444444444444444,0.4444444444444444,0.5555555555555556,0.03601448524599759
CUST_04874,54.666666666666664,48.95235779136009,4,164,0.024242424242424242,77,0,0.8954699432175028,37,Male,Ankara,980.7700000000001,245.19250000000002,793.35,11,2.75,5.637499999999999,0.5,0.25,0.5,0.022992138735923245
CUST_04875,82.0,37.77565353504821,6,410,0.014598540145985401,28,0,0.4606786960288965,27,Male,Eskisehir,5863.34,977.2233333333334,2120.34,21,3.5,43.553333333333335,0.5,0.5,0.5,0.04456845411192073
CUST_04876,45.666666666666664,19.03505538035898,4,137,0.028985507246376812,284,0,0.4168260210992619,22,Female,Istanbul,4458.63,1114.6575,2971.55,14,3.5,0.0,0.25,0.25,0.5,0.0
CUST_04877,62.833333333333336,47.80132494676969,7,377,0.018518518518518517,48,0,0.7607637801486352,18,Female,Izmir,8611.29,1230.1842857142858,4794.28,18,2.5714285714285716,74.70285714285716,0.2857142857142857,0.7142857142857143,0.5714285714285714,0.06072493198753328
CUST_04878,194.0,0.0,2,194,0.010256410256410256,79,1,0.0,40,Male,Izmir,4683.820000000001,2341.9100000000003,4545.6,6,3.0,0.0,0.5,0.5,1.0,0.0
CUST_04879,56.0,91.0,4,168,0.023668639053254437,125,0,1.6249999709821434,26,Female,Ankara,1916.1799999999998,479.04499999999996,965.4,13,3.25,7.96,0.75,0.75,0.5,0.01661639299728336
CUST_04880,85.8,30.44174765022534,6,429,0.013953488372093023,21,0,0.3547989195271145,46,Male,Antalya,13322.77,2220.4616666666666,7054.56,15,2.5,24.136666666666667,0.3333333333333333,0.6666666666666666,0.5,0.010870111841214654
CUST_04881,83.33333333333333,115.81162866194973,4,250,0.01593625498007968,95,0,1.3897395272665225,46,Male,Istanbul,1706.48,426.62,713.2,12,3.0,0.0,0.5,0.5,0.75,0.0
CUST_04882,182.0,141.4213562373095,3,364,0.00821917808219178,1,0,0.7770404146168631,51,Female,Adana,4606.5599999999995,1535.5199999999998,2762.44,11,3.6666666666666665,71.57333333333334,0.3333333333333333,0.3333333333333333,0.3333333333333333,0.04661178837574343
CUST_04883,108.0,0.0,2,108,0.01834862385321101,338,1,0.0,24,Male,Eskisehir,625.8100000000001,312.90500000000003,412.6,7,3.5,0.0,1.0,1.0,0.5,0.0
CUST_04884,74.0,5.656854249492381,3,148,0.020134228187919462,131,0,0.07644397531146493,40,Male,Gaziantep,2290.51,763.5033333333334,2182.57,8,2.6666666666666665,173.92666666666665,0.3333333333333333,0.6666666666666666,0.6666666666666666,0.2278007951576712
CUST_04885,187.0,125.86500705120545,3,374,0.008,76,0,0.6730749004178105,42,Male,Konya,6729.4,2243.133333333333,6384.48,6,2.0,367.9166666666667,0.6666666666666666,0.6666666666666666,0.6666666666666666,0.16401908037981736
CUST_04886,377.0,0.0,2,377,0.005291005291005291,62,1,0.0,29,Male,Ankara,683.12,341.56,590.88,5,2.5,7.85,0.5,0.5,1.0,0.022982784802134955
CUST_04887,51.0,35.795716689756794,5,204,0.024390243902439025,94,0,0.7018767840760787,25,Female,Ankara,4013.06,802.612,1985.75,17,3.4,129.244,0.6,0.8,0.8,0.16102923933229352
CUST_04888,27.0,0.0,2,27,0.07142857142857142,231,1,0.0,54,Female,Izmir,688.5,344.25,561.61,4,2.0,34.295,0.5,0.5,0.5,0.09962236717611514
CUST_04889,262.0,0.0,2,262,0.0076045627376425855,16,1,0.0,37,Male,Istanbul,800.05,400.025,626.64,3,1.5,0.0,1.0,0.5,0.5,0.0
CUST_04890,174.0,0.0,2,174,0.011428571428571429,73,1,0.0,42,Male,Kayseri,112.44999999999999,56.224999999999994,82.41,4,2.0,3.535,1.0,0.5,1.0,0.06287238660965076
CUST_04891,108.0,96.16652224137046,3,216,0.013824884792626729,78,0,0.8904307532494418,25,Female,Istanbul,1720.1799999999998,573.3933333333333,1030.1,11,3.6666666666666665,39.84666666666667,0.3333333333333333,0.3333333333333333,0.6666666666666666,0.06949272738406552
CUST_04892,70.0,79.19595949289332,3,140,0.02127659574468085,167,0,1.1313708337360355,20,Female,Konya,1732.38,577.46,957.56,8,2.6666666666666665,21.819999999999997,0.6666666666666666,0.3333333333333333,0.6666666666666666,0.037786166941803465
CUST_04893,82.33333333333333,94.99649116327052,4,247,0.016129032258064516,150,0,1.1538035223821903,28,Male,Istanbul,5839.15,1459.7875,3798.65,13,3.25,24.5425,0.25,0.5,0.75,0.01681237850247904
CUST_04894,46.333333333333336,35.20037878584073,7,278,0.025089605734767026,123,0,0.759720389052957,33,Male,Gaziantep,7494.24,1070.6057142857142,2475.93,21,3.0,84.17571428571429,0.42857142857142855,0.5714285714285714,0.42857142857142855,0.07862438345310924
CUST_04895,72.33333333333333,11.846237095944575,4,217,0.01834862385321101,27,0,0.16377286081343387,22,Female,Istanbul,3912.59,978.1475,1982.1,10,2.5,143.465,0.25,1.0,0.5,0.146670108397077
CUST_04896,115.0,147.07821048680188,3,230,0.012987012987012988,99,0,1.2789409496335733,34,Female,Istanbul,3666.62,1222.2066666666667,2791.98,9,3.0,155.79333333333332,0.6666666666666666,0.6666666666666666,0.6666666666666666,0.1274688949543703
CUST_04897,48.42857142857143,21.46980160486773,8,339,0.023529411764705882,21,0,0.44332922752439385,18,Male,Adana,17568.789999999997,2196.0987499999997,14980.47,24,3.0,349.14250000000004,0.25,0.625,0.625,0.15898306022942596
CUST_04898,149.5,31.81980515339464,3,299,0.01,27,0,0.21284150461908452,21,Female,Ankara,1848.02,616.0066666666667,1064.3,12,4.0,17.71,0.3333333333333333,0.6666666666666666,1.0,0.028749688809510145
CUST_04899,142.0,0.0,2,142,0.013986013986013986,278,1,0.0,43,Male,Adana,2295.2799999999997,1147.6399999999999,2225.7,4,2.0,3.46,0.5,1.0,0.5,0.0030148827132072055
CUST_04900,62.0,68.11020481543129,6,310,0.01929260450160772,78,0,1.098551672852897,42,Female,Bursa,8703.0,1450.5,7259.35,17,2.8333333333333335,0.0,0.3333333333333333,0.3333333333333333,0.6666666666666666,0.0
CUST_04901,258.0,0.0,2,258,0.007722007722007722,86,1,0.0,30,Female,Istanbul,105.37,52.685,71.64,2,1.0,14.675,0.5,0.5,1.0,0.278542274299283
CUST_04902,32.2,22.072607458114234,6,161,0.037037037037037035,224,0,0.6854846823797998,22,Female,Kayseri,17841.73,2973.6216666666664,12761.23,20,3.3333333333333335,204.16833333333332,0.3333333333333333,0.3333333333333333,0.6666666666666666,0.0686598216421861
CUST_04903,173.5,132.22896808188437,3,347,0.008620689655172414,56,0,0.7621266127939929,22,Male,Izmir,2346.7400000000002,782.2466666666668,1326.64,5,1.6666666666666667,19.926666666666666,0.3333333333333333,1.0,0.6666666666666666,0.025473635734499383
CUST_04904,79.0,98.73196037757987,4,237,0.01680672268907563,191,0,1.2497716345292182,30,Male,Adana,2453.94,613.485,946.24,7,1.75,46.47,0.5,0.75,0.75,0.07574757316682955
CUST_04905,69.33333333333333,96.92436914075496,4,208,0.019138755980861243,151,0,1.3979476116751062,42,Male,Izmir,9105.52,2276.38,7037.8,10,2.5,64.83500000000001,0.5,0.5,0.75,0.028481624320859603
CUST_04906,429.0,0.0,2,429,0.004651162790697674,18,1,0.0,46,Female,Bursa,190.76999999999998,95.38499999999999,106.35,4,2.0,0.0,0.5,1.0,0.5,0.0
CUST_04907,53.0,4.242640687119285,3,106,0.028037383177570093,128,0,0.08004982277489552,29,Male,Ankara,2569.17,856.39,2112.6,14,4.666666666666667,6.609999999999999,0.3333333333333333,0.6666666666666666,1.0,0.00771844602608806
CUST_04908,229.0,0.0,2,229,0.008695652173913044,10,1,0.0,21,Male,Istanbul,4333.639999999999,2166.8199999999997,3697.64,3,1.5,0.0,0.5,0.5,0.5,0.0
CUST_04909,46.0,0.0,2,46,0.0425531914893617,46,1,0.0,38,Male,Bursa,1899.25,949.625,1550.15,6,3.0,0.0,1.0,0.5,0.5,0.0
CUST_04910,49.0,0.0,2,49,0.04,211,1,0.0,25,Female,Izmir,983.96,491.98,608.57,4,2.0,38.105,0.5,0.5,1.0,0.07745233530336124
CUST_04911,98.0,115.96551211459379,3,196,0.015228426395939087,36,0,1.183321540115023,28,Male,Ankara,783.37,261.12333333333333,301.62,9,3.0,28.703333333333333,0.6666666666666666,0.6666666666666666,1.0,0.10992251384432958
CUST_04912,114.0,0.0,2,114,0.017391304347826087,68,1,0.0,50,Male,Antalya,136.35,68.175,83.59,2,1.0,3.85,0.5,0.5,1.0,0.05647231306971305
CUST_04913,363.0,0.0,2,363,0.005494505494505495,44,1,0.0,44,Male,Antalya,4799.36,2399.68,4540.08,5,2.5,12.72,0.5,0.5,0.5,0.005300706758692532
CUST_04914,65.25,63.020499310409576,5,261,0.019083969465648856,83,0,0.9658313922540718,36,Female,Istanbul,2955.01,591.0020000000001,909.03,12,2.4,22.396,0.4,0.8,0.6,0.03789496475833421
CUST_04915,108.0,28.284271247461902,3,216,0.013824884792626729,186,0,0.2618913980145417,19,Female,Ankara,4960.08,1653.36,3634.0,9,3.0,3.2066666666666666,0.6666666666666666,0.6666666666666666,1.0,0.0019394848458455399
CUST_04916,53.0,60.81118318204309,3,106,0.028037383177570093,96,0,1.1473807931068358,37,Female,Izmir,162.82999999999998,54.276666666666664,63.42,10,3.3333333333333335,1.19,0.6666666666666666,0.6666666666666666,0.6666666666666666,0.021924706345427016
CUST_04917,29.5,21.920310216782973,3,59,0.05,382,0,0.7430613380922588,47,Female,Istanbul,3149.09,1049.6966666666667,2374.61,7,2.3333333333333335,42.61333333333334,0.3333333333333333,0.6666666666666666,0.6666666666666666,0.040595854636803784
CUST_04918,57.857142857142854,55.48702121946648,8,405,0.019704433497536946,19,0,0.9590349180815332,30,Female,Istanbul,6758.01,844.75125,2548.0,20,2.5,0.0,0.25,0.375,0.5,0.0
CUST_04919,277.0,0.0,2,277,0.007194244604316547,31,1,0.0,51,Male,Istanbul,44.730000000000004,22.365000000000002,23.37,2,1.0,0.0,1.0,0.5,1.0,0.0
CUST_04920,125.0,0.0,2,125,0.015873015873015872,124,1,0.0,50,Female,Eskisehir,201.0,100.5,131.67,4,2.0,4.955,0.5,0.5,0.5,0.04930348209648277
CUST_04921,124.0,130.77079184588584,4,372,0.010723860589812333,55,0,1.0546031515426024,54,Male,Adana,11612.85,2903.2125,5452.44,11,2.75,2.555,0.5,0.5,0.5,0.0008800595888588729
CUST_04922,198.0,0.0,2,198,0.010050251256281407,147,1,0.0,38,Male,Istanbul,775.46,387.73,692.78,4,2.0,0.0,0.5,0.5,0.5,0.0
CUST_04923,26.333333333333332,16.50252505931542,4,79,0.05,152,0,0.6266781430115422,42,Female,Istanbul,2189.67,547.4175,1641.93,8,2.0,0.0,0.25,0.5,0.5,0.0
CUST_04924,145.0,45.254833995939045,3,290,0.010309278350515464,129,0,0.3121023012678396,51,Male,Adana,746.49,248.83,433.44,6,2.0,38.67,0.3333333333333333,0.6666666666666666,0.6666666666666666,0.15540730556843105
CUST_04925,41.7,34.05893584818984,11,417,0.02631578947368421,19,0,0.8167610319287484,40,Male,Izmir,11877.14,1079.74,2059.44,32,2.909090909090909,6.300909090909091,0.36363636363636365,0.36363636363636365,0.5454545454545454,0.005835579940609323
CUST_04926,91.66666666666667,68.14934580268056,4,275,0.014492753623188406,65,0,0.7434474006461799,28,Male,Gaziantep,9410.55,2352.6375,4667.95,13,3.25,295.0,0.25,0.5,0.75,0.1253911832462965
CUST_04927,335.0,0.0,2,335,0.005952380952380952,49,1,0.0,29,Female,Kayseri,932.03,466.015,750.84,7,3.5,9.92,0.5,0.5,1.0,0.021286868402761998
CUST_04928,106.0,96.34832639957997,4,318,0.012539184952978056,11,0,0.9089464668927689,37,Male,Bursa,1480.4,370.1,569.08,8,2.0,23.31,0.5,0.5,0.75,0.06298297740345048
CUST_04929,24.0,15.620499351813308,4,72,0.0547945205479452,301,0,0.6508541125399665,19,Female,Istanbul,1201.93,300.4825,648.34,13,3.25,18.517500000000002,0.5,0.5,0.5,0.06162588482981244
CUST_04930,66.0,48.12483766206386,5,264,0.018867924528301886,53,0,0.7291641959530253,33,Female,Gaziantep,6240.64,1248.1280000000002,2098.14,11,2.2,135.976,0.4,0.6,0.8,0.10894395437892268
CUST_04931,110.66666666666667,117.50035460939398,4,332,0.012012012012012012,15,0,1.061750182659432,48,Female,Kayseri,1044.65,261.1625,316.82,14,3.5,22.795,0.5,0.5,0.5,0.08728282166358944
CUST_04932,91.75,49.97582749023105,5,367,0.01358695652173913,3,0,0.5446956615317209,18,Male,Bursa,8145.62,1629.124,6009.0,16,3.2,2.758,0.4,0.4,0.8,0.0016929343612315977
CUST_04933,14.0,19.79898987322333,3,28,0.10344827586206896,40,0,1.4142134613578479,53,Female,Antalya,1053.99,351.33,598.76,6,2.0,23.5,0.3333333333333333,0.3333333333333333,0.6666666666666666,0.06688867996786874
CUST_04934,95.0,0.0,2,95,0.020833333333333332,249,1,0.0,48,Male,Ankara,431.63,215.815,276.98,2,1.0,0.0,0.5,0.5,1.0,0.0
CUST_04935,110.66666666666667,65.85843403341241,4,332,0.012012012012012012,10,0,0.5951063262497538,29,Male,Ankara,3466.62,866.655,3011.37,10,2.5,4.0425,0.25,1.0,0.5,0.004664485862696822
CUST_04936,125.33333333333333,98.15463989712016,4,376,0.010610079575596816,25,0,0.7831487163348786,41,Male,Adana,3460.8199999999997,865.2049999999999,1692.6,12,3.0,6.6975,0.25,0.5,0.5,0.007740939999490364
CUST_04937,170.5,190.21172413918129,3,341,0.008771929824561403,74,0,1.1156112787306158,35,Female,Kayseri,758.1,252.70000000000002,401.84,6,2.0,0.0,0.3333333333333333,0.6666666666666666,0.6666666666666666,0.0
CUST_04938,30.1,20.305718953590937,11,301,0.03642384105960265,8,0,0.6746085806970882,49,Male,Antalya,22571.66,2051.969090909091,10976.3,35,3.1818181818181817,39.196363636363635,0.2727272727272727,0.45454545454545453,0.6363636363636364,0.01910182945294586
CUST_04939,101.5,77.07463914933368,3,203,0.014705882352941176,85,0,0.7593560432510111,46,Male,Gaziantep,1655.51,551.8366666666667,982.15,10,3.3333333333333335,38.026666666666664,0.3333333333333333,1.0,0.6666666666666666,0.06890927858682348
CUST_04940,44.0,60.81118318204309,3,88,0.033707865168539325,218,0,1.3820723136356996,18,Male,Istanbul,22243.47,7414.490000000001,19323.9,12,4.0,60.53333333333333,0.3333333333333333,0.6666666666666666,0.6666666666666666,0.00816419380499119
CUST_04941,87.33333333333333,23.18045153428495,4,262,0.015209125475285171,115,0,0.2654250145289306,42,Male,Istanbul,4074.14,1018.535,1935.62,9,2.25,74.88,0.25,0.5,0.75,0.07351735573788101
CUST_04942,87.33333333333333,80.45081313034277,4,262,0.015209125475285171,88,0,0.9211925062116443,32,Female,Bursa,2582.91,645.7275,836.13,9,2.25,8.5125,0.75,0.5,0.5,0.01318280541995996
CUST_04943,51.0,45.77273049691112,9,408,0.022004889975550123,4,0,0.8975045019491494,35,Female,Istanbul,12033.82,1337.091111111111,6754.3,33,3.6666666666666665,1.9100000000000001,0.3333333333333333,0.4444444444444444,0.5555555555555556,0.0014284740828052716
CUST_04944,103.33333333333333,110.85726558657909,4,310,0.012861736334405145,37,0,1.072812237230002,26,Female,Antalya,5828.66,1457.165,4032.03,13,3.25,54.015,0.25,0.5,0.75,0.037068554324960756
CUST_04945,111.33333333333333,156.27006537828458,4,334,0.011940298507462687,83,0,1.403623329113724,55,Male,Ankara,1842.9699999999998,460.74249999999995,1025.04,16,4.0,1.3275,0.5,0.5,0.5,0.002881218895844818
CUST_04946,173.5,105.35891039679558,3,347,0.008620689655172414,51,0,0.6072559642048393,47,Male,Gaziantep,1136.73,378.91,865.33,8,2.6666666666666665,15.31,0.3333333333333333,0.6666666666666666,0.6666666666666666,0.04040537320100981
CUST_04947,268.0,0.0,2,268,0.007434944237918215,56,1,0.0,26,Female,Gaziantep,656.78,328.39,575.93,4,2.0,73.74,0.5,0.5,0.5,0.22455007696778198
CUST_04948,46.8,68.25467016988654,6,234,0.02553191489361702,122,0,1.4584330921250739,18,Male,Izmir,14057.25,2342.875,4595.47,17,2.8333333333333335,156.09833333333333,0.3333333333333333,0.8333333333333334,0.5,0.06662682954349101
CUST_04949,72.0,71.7530487157166,6,360,0.01662049861495845,35,0,0.996570107210368,30,Female,Istanbul,4704.76,784.1266666666667,2246.38,12,2.0,69.42666666666666,0.3333333333333333,0.5,0.6666666666666666,0.08854011670494548
CUST_04950,43.0,56.568542494923804,3,86,0.034482758620689655,285,0,1.3155474692878217,40,Male,Antalya,1723.8899999999999,574.63,844.88,8,2.6666666666666665,0.0,0.6666666666666666,0.6666666666666666,1.0,0.0
CUST_04951,177.5,239.7091988222396,3,355,0.008426966292134831,41,0,1.350474351953607,37,Female,Eskisehir,4766.84,1588.9466666666667,3929.24,10,3.3333333333333335,0.0,0.3333333333333333,0.6666666666666666,0.3333333333333333,0.0
CUST_04952,101.5,2.1213203435596424,3,203,0.014705882352941176,163,0,0.02089970761241315,50,Male,Antalya,1035.21,345.07,644.45,10,3.3333333333333335,57.57,0.6666666666666666,1.0,0.6666666666666666,0.16683571400922795
CUST_04953,105.66666666666667,72.77591176573011,4,317,0.012578616352201259,35,0,0.6887310196561428,44,Male,Istanbul,801.69,200.4225,439.2,8,2.0,1.3725,0.5,0.5,1.0,0.006848033495001641
CUST_04954,98.5,130.8147545195113,3,197,0.015151515151515152,15,0,1.3280685603192157,46,Female,Istanbul,2931.04,977.0133333333333,2038.2,8,2.6666666666666665,39.5,0.3333333333333333,0.6666666666666666,0.6666666666666666,0.040429335621046454
CUST_04955,85.0,100.40916292848975,3,170,0.017543859649122806,276,0,1.1812842558494765,38,Female,Ankara,1982.92,660.9733333333334,749.46,8,2.6666666666666665,14.226666666666667,0.3333333333333333,0.3333333333333333,0.6666666666666666,0.021523813333583077
CUST_04956,84.75,76.29056298127574,5,339,0.014705882352941176,60,0,0.9001836233757182,18,Male,Istanbul,1598.72,319.744,728.76,20,4.0,0.0,0.4,0.4,0.6,0.0
CUST_04957,89.0,0.0,2,89,0.022222222222222223,300,1,0.0,32,Female,Gaziantep,534.45,267.225,315.24,4,2.0,38.96,0.5,0.5,0.5,0.1457947417128085
CUST_04958,105.0,29.698484809834994,3,210,0.014218009478672985,50,0,0.2828427097808789,47,Female,Gaziantep,1036.6100000000001,345.5366666666667,630.33,6,2.0,0.0,0.3333333333333333,0.3333333333333333,0.3333333333333333,0.0
CUST_04959,70.8,65.46525796176167,6,354,0.016901408450704224,71,0,0.9246505231230387,34,Male,Ankara,7156.59,1192.765,5033.35,15,2.5,89.35333333333334,0.3333333333333333,0.5,0.5,0.07491277264039484
CUST_04960,106.0,120.20815280171308,3,212,0.014084507042253521,35,0,1.134039166676169,41,Male,Ankara,10945.699999999999,3648.566666666666,8919.8,11,3.6666666666666665,36.03,0.3333333333333333,0.6666666666666666,0.6666666666666666,0.009875110771387367
CUST_04961,51.6,39.53858874567983,6,258,0.023166023166023165,132,0,0.7662517050276769,31,Male,Istanbul,3814.78,635.7966666666667,2499.78,20,3.3333333333333335,7.3066666666666675,0.5,0.6666666666666666,0.6666666666666666,0.011492143696634443
CUST_04962,66.16666666666667,46.66226169686449,7,397,0.017587939698492462,15,0,0.7052230880348827,22,Male,Konya,4237.900000000001,605.4142857142858,2549.84,20,2.857142857142857,25.521428571428572,0.2857142857142857,0.8571428571428571,0.8571428571428571,0.04215531270320508
CUST_04963,101.0,57.253820833198546,5,404,0.012345679012345678,38,0,0.5668695075874163,33,Female,Izmir,1767.6000000000001,353.52000000000004,1261.7,14,2.8,11.624,0.6,0.6,0.8,0.03288074215636812
CUST_04964,68.33333333333333,52.65295180076169,4,205,0.019417475728155338,16,0,0.770530990686303,38,Male,Antalya,1671.4099999999999,417.85249999999996,1464.8,5,1.25,0.0,0.25,0.5,0.5,0.0
CUST_04965,65.66666666666667,69.09896284798106,7,394,0.017721518987341773,41,0,1.0522684537418163,27,Male,Izmir,4883.52,697.6457142857143,1738.1,20,2.857142857142857,43.10285714285715,0.42857142857142855,0.5714285714285714,0.7142857142857143,0.06178330375784616
CUST_04966,27.0,0.0,2,27,0.07142857142857142,14,1,0.0,32,Male,Antalya,6256.13,3128.065,4745.89,7,3.5,242.37,1.0,0.5,1.0,0.07748240523215394
CUST_04967,68.0,78.30708780180757,4,204,0.01951219512195122,191,0,1.1515748036798936,23,Female,Ankara,1398.5700000000002,349.64250000000004,780.32,12,3.0,39.504999999999995,0.5,0.75,0.75,0.11298683623133102
CUST_04968,137.5,20.506096654409877,3,275,0.010869565217391304,129,0,0.1491352473110882,48,Male,Ankara,775.23,258.41,453.16,11,3.6666666666666665,23.74,0.3333333333333333,1.0,0.6666666666666666,0.09186950933837888
CUST_04969,57.0,77.78174593052023,3,114,0.02608695652173913,256,0,1.3645920099285653,31,Male,Antalya,417.19,139.06333333333333,197.09,9,3.0,25.126666666666665,1.0,0.3333333333333333,0.6666666666666666,0.18068505826588563
CUST_04970,32.0,0.0,2,32,0.06060606060606061,37,1,0.0,52,Male,Bursa,2557.76,1278.88,2129.52,4,2.0,13.6,0.5,0.5,0.5,0.01063430500857445
CUST_04971,65.83333333333333,56.54526210626905,7,395,0.017676767676767676,30,0,0.8589153607192966,53,Female,Ankara,24521.8,3503.1142857142854,11485.5,24,3.4285714285714284,16.897142857142857,0.14285714285714285,0.5714285714285714,0.7142857142857143,0.004823463202792444
CUST_04972,29.0,0.0,2,29,0.06666666666666667,295,1,0.0,34,Male,Istanbul,3924.13,1962.065,3805.42,5,2.5,0.0,0.5,0.5,1.0,0.0
CUST_04973,28.25,43.26179993173346,5,113,0.043859649122807015,17,0,1.5313910938174287,22,Female,Ankara,5541.08,1108.216,2403.2,13,2.6,0.0,0.4,0.6,0.6,0.0
CUST_04974,60.8,63.04918714781341,6,304,0.019672131147540985,90,0,1.0369931926121747,18,Male,Izmir,21633.850000000002,3605.641666666667,10029.37,18,3.0,490.7316666666666,0.3333333333333333,0.3333333333333333,0.6666666666666666,0.1361010638043341
CUST_04975,129.33333333333334,140.15824390071865,4,388,0.010282776349614395,52,0,1.0836977537398522,18,Male,Antalya,27076.81,6769.2025,26005.25,10,2.5,0.0,0.25,0.25,0.5,0.0
CUST_04976,74.0,32.78210894171799,5,296,0.016835016835016835,42,0,0.443001466198872,18,Female,Kayseri,7752.780000000001,1550.556,6916.84,11,2.2,25.754,0.4,0.4,0.8,0.01660952586258766
CUST_04977,406.0,0.0,2,406,0.004914004914004914,24,1,0.0,51,Male,Istanbul,9003.810000000001,4501.905000000001,8943.12,4,2.0,0.0,0.5,1.0,0.5,0.0
CUST_04978,225.0,0.0,2,225,0.008849557522123894,115,1,0.0,36,Female,Istanbul,1026.72,513.36,968.34,5,2.5,74.08,0.5,0.5,1.0,0.14430419170892902
CUST_04979,70.33333333333333,115.94596442596297,7,422,0.016548463356973995,23,0,1.648520797783538,39,Female,Istanbul,3717.21,531.03,2866.54,15,2.142857142857143,17.93,0.2857142857142857,0.7142857142857143,0.5714285714285714,0.0337645706762997
CUST_04980,69.0,48.662100242385755,4,207,0.019230769230769232,12,0,0.7052478193788106,18,Female,Izmir,642.6800000000001,160.67000000000002,289.31,6,1.5,11.745,0.5,0.5,0.5,0.07310014269558633
CUST_04981,43.5,10.606601717798213,3,87,0.03409090909090909,196,0,0.2438299189417999,20,Female,Izmir,8685.8,2895.2666666666664,6371.8,11,3.6666666666666665,119.75,0.3333333333333333,1.0,1.0,0.04136061155862652
CUST_04982,130.0,159.80613254815975,3,260,0.011494252873563218,115,0,1.229277933222168,45,Male,Adana,3256.79,1085.5966666666666,1682.53,6,2.0,99.66000000000001,0.3333333333333333,0.3333333333333333,1.0,0.09180205040073013
CUST_04983,77.66666666666667,66.3048515067588,4,233,0.017094017094017096,171,0,0.853710523429806,38,Male,Istanbul,3922.5499999999997,980.6374999999999,3047.0,13,3.25,0.0,0.5,0.5,0.5,0.0
CUST_04984,89.33333333333333,52.27172594561359,4,268,0.01486988847583643,86,0,0.58513125403525,33,Female,Bursa,3071.8500000000004,767.9625000000001,1685.77,6,1.5,69.41749999999999,0.25,0.5,0.5,0.09039178333526468
CUST_04985,56.42857142857143,48.04462211617149,8,395,0.020202020202020204,16,0,0.8514236679828728,41,Female,Konya,3056.56,382.07,737.87,24,3.0,53.6925,0.5,0.75,0.625,0.14053053068670524
CUST_04986,79.0,73.13685801290619,4,237,0.01680672268907563,31,0,0.9257830011028252,54,Female,Kayseri,1857.34,464.335,1119.06,8,2.0,10.99,0.25,0.5,0.75,0.023668256703310634
CUST_04987,91.0,0.0,2,91,0.021739130434782608,157,1,0.0,32,Male,Kayseri,1848.77,924.385,1609.28,4,2.0,240.115,1.0,0.5,1.0,0.25975648646423677
CUST_04988,50.0,0.0,2,50,0.0392156862745098,138,1,0.0,35,Male,Adana,3410.0499999999997,1705.0249999999999,3355.7,3,1.5,3.96,0.5,0.5,1.0,0.0023225465888637724
CUST_04989,98.75,131.42900491646938,5,395,0.012626262626262626,43,0,1.3309266185877748,37,Female,Konya,6843.1,1368.6200000000001,4111.22,13,2.6,148.364,0.4,0.4,0.6,0.10840408578830932
CUST_04990,99.33333333333333,86.3095205254515,4,298,0.013377926421404682,104,0,0.8688877817774872,63,Male,Istanbul,13022.53,3255.6325,8297.18,14,3.5,260.21500000000003,0.75,0.25,0.75,0.07992763308514471
CUST_04991,73.33333333333333,18.58314648635514,4,220,0.01809954751131222,129,0,0.2534065395402082,18,Male,Istanbul,1125.6000000000001,281.40000000000003,701.76,11,2.75,0.0,0.5,0.5,0.75,0.0
CUST_04992,152.0,166.87720036002523,3,304,0.009836065573770493,47,0,1.0978763109351903,43,Male,Istanbul,8248.8,2749.6,7877.12,12,4.0,0.0,0.6666666666666666,0.6666666666666666,0.6666666666666666,0.0
CUST_04993,46.333333333333336,42.638011210655684,10,417,0.023923444976076555,9,0,0.9202448264117451,33,Female,Adana,16793.27,1679.327,8030.88,19,1.9,106.52099999999999,0.4,0.6,0.7,0.0634307671683771
CUST_04994,35.666666666666664,18.90326250501043,4,107,0.037037037037037035,332,0,0.529997999299414,41,Male,Kayseri,3241.59,810.3975,1969.14,11,2.75,212.6625,0.5,0.5,0.5,0.26241751700564536
CUST_04995,68.0,70.79548008171143,6,340,0.017595307917888565,95,0,1.0411099858911979,27,Female,Istanbul,4082.3599999999997,680.3933333333333,3066.18,18,3.0,95.50333333333333,0.3333333333333333,0.6666666666666666,0.3333333333333333,0.14036488677084105
CUST_04996,57.5,47.176971783558415,5,230,0.021645021645021644,33,0,0.820469060227641,34,Male,Antalya,3131.33,626.266,1606.2,15,3.0,3.5740000000000003,0.4,0.6,0.6,0.005706840215328886
CUST_04997,101.75,95.27285377622876,5,407,0.012254901960784314,13,0,0.9363425340529359,43,Female,Adana,18101.09,3620.218,12439.88,16,3.2,1.524,0.4,0.6,0.6,0.0004209691238425506
CUST_04998,115.0,0.0,2,115,0.017241379310344827,219,1,0.0,72,Female,Kayseri,533.9399999999999,266.96999999999997,482.9,6,3.0,0.0,0.5,1.0,0.5,0.0
CUST_04999,96.0,0.0,2,96,0.020618556701030927,70,1,0.0,44,Male,Antalya,6174.0,3087.0,6036.7,7,3.5,0.0,0.5,1.0,0.5,0.0
CUST_05000,82.75,86.92669325356854,5,331,0.015060240963855422,67,0,1.0504736217896669,24,Female,Eskisehir,7310.509999999999,1462.1019999999999,3843.91,11,2.2,45.694,0.4,1.0,0.6,0.03125226555243597
